{
"type": "FeatureCollection",
"name": "17000_石川県",
"features": [
{ "type": "Feature", "properties": { "NO": "1", "施設・場所名": "かほく市宇ノ気保健福祉センター", "住所": "石川県かほく市宇野気ニ71-2", "受入対象者": "妊産婦及びその家族" }, "geometry": { "type": "Point", "coordinates": [ 136.706215, 36.719421 ] } },
{ "type": "Feature", "properties": { "NO": "2", "施設・場所名": "宇ノ気小学校", "住所": "石川県かほく市宇野気リ147", "受入対象者": "指定なし" }, "geometry": { "type": "Point", "coordinates": [ 136.704057, 36.719726 ] } },
{ "type": "Feature", "properties": { "NO": "3", "施設・場所名": "河北台中学校", "住所": "石川県かほく市遠塚ロ47-1", "受入対象者": "指定なし" }, "geometry": { "type": "Point", "coordinates": [ 136.703124, 36.734794 ] } },
{ "type": "Feature", "properties": { "NO": "4", "施設・場所名": "かほく市七塚健康福祉センター", "住所": "石川県かほく市遠塚ロ52-10", "受入対象者": "妊産婦及びその家族" }, "geometry": { "type": "Point", "coordinates": [ 136.700625, 36.73477 ] } },
{ "type": "Feature", "properties": { "NO": "5", "施設・場所名": "大海小学校", "住所": "石川県かほく市夏栗ロ10", "受入対象者": "指定なし" }, "geometry": { "type": "Point", "coordinates": [ 136.747583, 36.77858 ] } },
{ "type": "Feature", "properties": { "NO": "6", "施設・場所名": "外日角小学校", "住所": "石川県かほく市外日角ニ52", "受入対象者": "指定なし" }, "geometry": { "type": "Point", "coordinates": [ 136.691862, 36.723648 ] } },
{ "type": "Feature", "properties": { "NO": "7", "施設・場所名": "石川県立看護大学", "住所": "石川県かほく市学園台1-1", "受入対象者": "妊産婦及びその家族" }, "geometry": { "type": "Point", "coordinates": [ 136.733821, 36.780851 ] } },
{ "type": "Feature", "properties": { "NO": "8", "施設・場所名": "社会福祉法人芙蓉会", "住所": "石川県かほく市学園台5-19-1", "受入対象者": "高齢者・要介護認定者及びその介助者となる家族1名" }, "geometry": { "type": "Point", "coordinates": [ 136.73045, 36.779768 ] } },
{ "type": "Feature", "properties": { "NO": "9", "施設・場所名": "高松小学校", "住所": "石川県かほく市高松ヤ10", "受入対象者": "指定なし" }, "geometry": { "type": "Point", "coordinates": [ 136.719295, 36.769075 ] } },
{ "type": "Feature", "properties": { "NO": "10", "施設・場所名": "高松中学校", "住所": "石川県かほく市高松ヤ42", "受入対象者": "指定なし" }, "geometry": { "type": "Point", "coordinates": [ 136.721035, 36.767294 ] } },
{ "type": "Feature", "properties": { "NO": "11", "施設・場所名": "社会福祉法人四恩会ライフクリエートかほく", "住所": "石川県かほく市七窪ハ7-1", "受入対象者": "障がい者及びその介助者となる家族" }, "geometry": { "type": "Point", "coordinates": [ 136.709413, 36.723506 ] } },
{ "type": "Feature", "properties": { "NO": "12", "施設・場所名": "社会福祉法人眉丈会", "住所": "石川県かほく市秋浜へ20-1-2", "受入対象者": "障がい者、障がい児及びその介助者となる家族、保護者" }, "geometry": { "type": "Point", "coordinates": [ 136.692755, 36.728371 ] } },
{ "type": "Feature", "properties": { "NO": "13", "施設・場所名": "宇ノ気中学校", "住所": "石川県かほく市森レ1", "受入対象者": "指定なし" }, "geometry": { "type": "Point", "coordinates": [ 136.706561, 36.723279 ] } },
{ "type": "Feature", "properties": { "NO": "14", "施設・場所名": "金津小学校", "住所": "石川県かほく市谷カ30", "受入対象者": "指定なし" }, "geometry": { "type": "Point", "coordinates": [ 136.725296, 36.741566 ] } },
{ "type": "Feature", "properties": { "NO": "15", "施設・場所名": "社会福祉法人白千鳥会", "住所": "石川県かほく市内高松ヤ36", "受入対象者": "障がい者及びその介助者となる家族" }, "geometry": { "type": "Point", "coordinates": [ 136.737455, 36.763956 ] } },
{ "type": "Feature", "properties": { "NO": "16", "施設・場所名": "社会福祉法人相生会", "住所": "石川県かほく市白尾タ220", "受入対象者": "高齢者・要介護認定者及びその介護者となる家族" }, "geometry": { "type": "Point", "coordinates": [ 136.696022, 36.717666 ] } },
{ "type": "Feature", "properties": { "NO": "17", "施設・場所名": "七塚小学校", "住所": "石川県かほく市木津ホ61-1", "受入対象者": "指定なし" }, "geometry": { "type": "Point", "coordinates": [ 136.70174, 36.747906 ] } },
{ "type": "Feature", "properties": { "NO": "18", "施設・場所名": "粟ノ保小学校", "住所": "石川県羽咋市粟生町キ1-2", "受入対象者": "指定なし" }, "geometry": { "type": "Point", "coordinates": [ 136.778141, 36.880648 ] } },
{ "type": "Feature", "properties": { "NO": "19", "施設・場所名": "一ノ宮公民館", "住所": "石川県羽咋市一ノ宮町レ86-1", "受入対象者": "指定なし" }, "geometry": { "type": "Point", "coordinates": [ 136.762753, 36.924721 ] } },
{ "type": "Feature", "properties": { "NO": "20", "施設・場所名": "西北台保育所", "住所": "石川県羽咋市一ノ宮町伊9-3", "受入対象者": "指定なし" }, "geometry": { "type": "Point", "coordinates": [ 136.761051, 36.936877 ] } },
{ "type": "Feature", "properties": { "NO": "21", "施設・場所名": "羽松高校", "住所": "石川県羽咋市吉崎町ラ1-2", "受入対象者": "指定なし" }, "geometry": { "type": "Point", "coordinates": [ 136.793359, 36.897879 ] } },
{ "type": "Feature", "properties": { "NO": "22", "施設・場所名": "鹿島路公民館", "住所": "石川県羽咋市鹿島路町1788", "受入対象者": "指定なし" }, "geometry": { "type": "Point", "coordinates": [ 136.812412, 36.93534 ] } },
{ "type": "Feature", "properties": { "NO": "23", "施設・場所名": "国立能登青少年交流の家", "住所": "石川県羽咋市柴垣町14-5-6", "受入対象者": "指定なし" }, "geometry": { "type": "Point", "coordinates": [ 136.769643, 36.935054 ] } },
{ "type": "Feature", "properties": { "NO": "24", "施設・場所名": "上甘田公民館", "住所": "石川県羽咋市柴垣町３６字19-1", "受入対象者": "指定なし" }, "geometry": { "type": "Point", "coordinates": [ 136.766277, 36.952939 ] } },
{ "type": "Feature", "properties": { "NO": "25", "施設・場所名": "富永公民館", "住所": "石川県羽咋市深江町ト108", "受入対象者": "指定なし" }, "geometry": { "type": "Point", "coordinates": [ 136.801569, 36.902878 ] } },
{ "type": "Feature", "properties": { "NO": "26", "施設・場所名": "瑞穂小学校", "住所": "石川県羽咋市深江町ル61-1", "受入対象者": "指定なし" }, "geometry": { "type": "Point", "coordinates": [ 136.800445, 36.902676 ] } },
{ "type": "Feature", "properties": { "NO": "27", "施設・場所名": "神子原公民館", "住所": "石川県羽咋市神子原町チ18", "受入対象者": "指定なし" }, "geometry": { "type": "Point", "coordinates": [ 136.862128, 36.883979 ] } },
{ "type": "Feature", "properties": { "NO": "28", "施設・場所名": "神子原スポーツセンター", "住所": "石川県羽咋市神子原町チ22", "受入対象者": "指定なし" }, "geometry": { "type": "Point", "coordinates": [ 136.861835, 36.884214 ] } },
{ "type": "Feature", "properties": { "NO": "29", "施設・場所名": "羽咋工業高校", "住所": "石川県羽咋市西釜屋町ク21", "受入対象者": "指定なし" }, "geometry": { "type": "Point", "coordinates": [ 136.775079, 36.908384 ] } },
{ "type": "Feature", "properties": { "NO": "30", "施設・場所名": "勤労者総合福祉センター", "住所": "石川県羽咋市千里浜町カ1-20", "受入対象者": "指定なし" }, "geometry": { "type": "Point", "coordinates": [ 136.770882, 36.885408 ] } },
{ "type": "Feature", "properties": { "NO": "31", "施設・場所名": "千里浜児童センター", "住所": "石川県羽咋市千里浜町タ118-2", "受入対象者": "指定なし" }, "geometry": { "type": "Point", "coordinates": [ 136.77042, 36.892044 ] } },
{ "type": "Feature", "properties": { "NO": "32", "施設・場所名": "千里浜公民館", "住所": "石川県羽咋市千里浜町ハ140-2", "受入対象者": "指定なし" }, "geometry": { "type": "Point", "coordinates": [ 136.771312, 36.895024 ] } },
{ "type": "Feature", "properties": { "NO": "33", "施設・場所名": "千里浜保育所", "住所": "石川県羽咋市千里浜町ロ39-1", "受入対象者": "指定なし" }, "geometry": { "type": "Point", "coordinates": [ 136.773074, 36.894442 ] } },
{ "type": "Feature", "properties": { "NO": "34", "施設・場所名": "とき保育園", "住所": "石川県羽咋市千路町は10", "受入対象者": "指定なし" }, "geometry": { "type": "Point", "coordinates": [ 136.805047, 36.927175 ] } },
{ "type": "Feature", "properties": { "NO": "35", "施設・場所名": "越路野公民館", "住所": "石川県羽咋市千路町も30", "受入対象者": "指定なし" }, "geometry": { "type": "Point", "coordinates": [ 136.793291, 36.924497 ] } },
{ "type": "Feature", "properties": { "NO": "36", "施設・場所名": "ＬＡＫＵＮＡはくい", "住所": "石川県羽咋市川原町テ43", "受入対象者": "指定なし" }, "geometry": { "type": "Point", "coordinates": [ 136.782349, 36.894939 ] } },
{ "type": "Feature", "properties": { "NO": "37", "施設・場所名": "余喜公民館（よき交流センター）", "住所": "石川県羽咋市大町コ部42", "受入対象者": "指定なし" }, "geometry": { "type": "Point", "coordinates": [ 136.846031, 36.932796 ] } },
{ "type": "Feature", "properties": { "NO": "38", "施設・場所名": "西北台小学校", "住所": "石川県羽咋市滝町ケ14-2", "受入対象者": "指定なし" }, "geometry": { "type": "Point", "coordinates": [ 136.762508, 36.935189 ] } },
{ "type": "Feature", "properties": { "NO": "39", "施設・場所名": "羽咋中学校", "住所": "石川県羽咋市中央町キ59", "受入対象者": "指定なし" }, "geometry": { "type": "Point", "coordinates": [ 136.775457, 36.891498 ] } },
{ "type": "Feature", "properties": { "NO": "40", "施設・場所名": "羽咋市民体育館", "住所": "石川県羽咋市中央町キ59", "受入対象者": "指定なし" }, "geometry": { "type": "Point", "coordinates": [ 136.776432, 36.891903 ] } },
{ "type": "Feature", "properties": { "NO": "41", "施設・場所名": "羽咋小学校", "住所": "石川県羽咋市中央町サ90", "受入対象者": "指定なし" }, "geometry": { "type": "Point", "coordinates": [ 136.775347, 36.894076 ] } },
{ "type": "Feature", "properties": { "NO": "42", "施設・場所名": "羽咋公民館", "住所": "石川県羽咋市中央町フ169-2", "受入対象者": "指定なし" }, "geometry": { "type": "Point", "coordinates": [ 136.775322, 36.89698 ] } },
{ "type": "Feature", "properties": { "NO": "43", "施設・場所名": "羽咋体育館", "住所": "石川県羽咋市鶴多町亀田17", "受入対象者": "指定なし" }, "geometry": { "type": "Point", "coordinates": [ 136.790318, 36.898344 ] } },
{ "type": "Feature", "properties": { "NO": "44", "施設・場所名": "老人福祉センター", "住所": "石川県羽咋市鶴多町亀田17", "受入対象者": "指定なし" }, "geometry": { "type": "Point", "coordinates": [ 136.793778, 36.898592 ] } },
{ "type": "Feature", "properties": { "NO": "45", "施設・場所名": "羽咋すこやかセンター", "住所": "石川県羽咋市鶴多町亀田17", "受入対象者": "指定なし" }, "geometry": { "type": "Point", "coordinates": [ 136.791327, 36.89809 ] } },
{ "type": "Feature", "properties": { "NO": "46", "施設・場所名": "羽咋市武道館", "住所": "石川県羽咋市鶴多町鶴多田12", "受入対象者": "指定なし" }, "geometry": { "type": "Point", "coordinates": [ 136.790002, 36.898781 ] } },
{ "type": "Feature", "properties": { "NO": "47", "施設・場所名": "コスモアイル羽咋", "住所": "石川県羽咋市鶴多町免田25", "受入対象者": "指定なし" }, "geometry": { "type": "Point", "coordinates": [ 136.78818, 36.898359 ] } },
{ "type": "Feature", "properties": { "NO": "48", "施設・場所名": "こすもす保育園", "住所": "石川県羽咋市東的場町古川田15-1", "受入対象者": "指定なし" }, "geometry": { "type": "Point", "coordinates": [ 136.786921, 36.898205 ] } },
{ "type": "Feature", "properties": { "NO": "49", "施設・場所名": "邑知保育園", "住所": "石川県羽咋市飯山町ト8-1", "受入対象者": "指定なし" }, "geometry": { "type": "Point", "coordinates": [ 136.824826, 36.902247 ] } },
{ "type": "Feature", "properties": { "NO": "50", "施設・場所名": "邑知中学校", "住所": "石川県羽咋市飯山町ホ57", "受入対象者": "指定なし" }, "geometry": { "type": "Point", "coordinates": [ 136.830151, 36.905905 ] } },
{ "type": "Feature", "properties": { "NO": "51", "施設・場所名": "邑知公民館（邑知ふれあいセンター）", "住所": "石川県羽咋市飯山町ル78-1", "受入対象者": "指定なし" }, "geometry": { "type": "Point", "coordinates": [ 136.828021, 36.902067 ] } },
{ "type": "Feature", "properties": { "NO": "52", "施設・場所名": "邑知小学校", "住所": "石川県羽咋市飯山町ロ20", "受入対象者": "指定なし" }, "geometry": { "type": "Point", "coordinates": [ 136.822997, 36.900281 ] } },
{ "type": "Feature", "properties": { "NO": "53", "施設・場所名": "粟ノ保放課後児童クラブ（粟ノ保公民館）", "住所": "石川県羽咋市兵庫町タ56-1", "受入対象者": "指定なし" }, "geometry": { "type": "Point", "coordinates": [ 136.778999, 36.882282 ] } },
{ "type": "Feature", "properties": { "NO": "54", "施設・場所名": "羽咋高等学校", "住所": "石川県羽咋市柳橋町1", "受入対象者": "指定なし" }, "geometry": { "type": "Point", "coordinates": [ 136.789258, 36.893497 ] } },
{ "type": "Feature", "properties": { "NO": "55", "施設・場所名": "加賀市立塩屋地区会館", "住所": "石川県加賀市塩屋町イ29-1", "受入対象者": "指定なし" }, "geometry": { "type": "Point", "coordinates": [ 136.253023, 36.294665 ] } },
{ "type": "Feature", "properties": { "NO": "56", "施設・場所名": "加賀市立金明小学校", "住所": "石川県加賀市塩浜町104", "受入対象者": "指定なし" }, "geometry": { "type": "Point", "coordinates": [ 136.333805, 36.350195 ] } },
{ "type": "Feature", "properties": { "NO": "57", "施設・場所名": "加賀市立金明地区会館", "住所": "石川県加賀市塩浜町105", "受入対象者": "指定なし" }, "geometry": { "type": "Point", "coordinates": [ 136.334488, 36.350077 ] } },
{ "type": "Feature", "properties": { "NO": "58", "施設・場所名": "加賀市立南郷地区会館", "住所": "石川県加賀市下河崎町ヘ102", "受入対象者": "指定なし" }, "geometry": { "type": "Point", "coordinates": [ 136.333418, 36.307366 ] } },
{ "type": "Feature", "properties": { "NO": "59", "施設・場所名": "加賀市立南郷小学校", "住所": "石川県加賀市吸坂町ヤ26", "受入対象者": "指定なし" }, "geometry": { "type": "Point", "coordinates": [ 136.337716, 36.304214 ] } },
{ "type": "Feature", "properties": { "NO": "60", "施設・場所名": "加賀市立橋立地区会館", "住所": "石川県加賀市橋立町ロ357", "受入対象者": "指定なし" }, "geometry": { "type": "Point", "coordinates": [ 136.311378, 36.350815 ] } },
{ "type": "Feature", "properties": { "NO": "61", "施設・場所名": "石川県立大聖寺実業高等学校", "住所": "石川県加賀市熊坂町ヲ77", "受入対象者": "指定なし" }, "geometry": { "type": "Point", "coordinates": [ 136.304597, 36.298245 ] } },
{ "type": "Feature", "properties": { "NO": "62", "施設・場所名": "旧加賀市立黒崎小学校", "住所": "石川県加賀市黒崎町め23", "受入対象者": "指定なし" }, "geometry": { "type": "Point", "coordinates": [ 136.295456, 36.335131 ] } },
{ "type": "Feature", "properties": { "NO": "63", "施設・場所名": "加賀市立作見小学校", "住所": "石川県加賀市作見町ナ154", "受入対象者": "指定なし" }, "geometry": { "type": "Point", "coordinates": [ 136.353852, 36.323547 ] } },
{ "type": "Feature", "properties": { "NO": "64", "施設・場所名": "加賀市立作見地区会館", "住所": "石川県加賀市作見町ヨ36-1", "受入対象者": "指定なし" }, "geometry": { "type": "Point", "coordinates": [ 136.353091, 36.324125 ] } },
{ "type": "Feature", "properties": { "NO": "65", "施設・場所名": "加賀市立三木地区会館", "住所": "石川県加賀市三木町ニ126-1", "受入対象者": "指定なし" }, "geometry": { "type": "Point", "coordinates": [ 136.284458, 36.293034 ] } },
{ "type": "Feature", "properties": { "NO": "66", "施設・場所名": "旧加賀市立三木小学校", "住所": "石川県加賀市三木町ニ98-1", "受入対象者": "指定なし" }, "geometry": { "type": "Point", "coordinates": [ 136.285469, 36.293419 ] } },
{ "type": "Feature", "properties": { "NO": "67", "施設・場所名": "山代老人福祉センター（山代児童センター）", "住所": "石川県加賀市山代温泉ヨ22-2", "受入対象者": "指定なし" }, "geometry": { "type": "Point", "coordinates": [ 136.358497, 36.289012 ] } },
{ "type": "Feature", "properties": { "NO": "68", "施設・場所名": "山代温泉第一区区民会館", "住所": "石川県加賀市山代温泉リ35-3", "受入対象者": "指定なし" }, "geometry": { "type": "Point", "coordinates": [ 136.357917, 36.282496 ] } },
{ "type": "Feature", "properties": { "NO": "69", "施設・場所名": "加賀市立山代地区会館", "住所": "石川県加賀市山代温泉山背台1-60", "受入対象者": "指定なし" }, "geometry": { "type": "Point", "coordinates": [ 136.359277, 36.291591 ] } },
{ "type": "Feature", "properties": { "NO": "70", "施設・場所名": "加賀市立山代小学校", "住所": "石川県加賀市山代温泉山背台2-44-1", "受入対象者": "指定なし" }, "geometry": { "type": "Point", "coordinates": [ 136.357798, 36.292042 ] } },
{ "type": "Feature", "properties": { "NO": "71", "施設・場所名": "加賀市文化会館", "住所": "石川県加賀市山代温泉北部2-68", "受入対象者": "指定なし" }, "geometry": { "type": "Point", "coordinates": [ 136.357667, 36.296904 ] } },
{ "type": "Feature", "properties": { "NO": "72", "施設・場所名": "加賀市立山中中学校", "住所": "石川県加賀市山中温泉上原町ト甲1-1", "受入対象者": "指定なし" }, "geometry": { "type": "Point", "coordinates": [ 136.364134, 36.254004 ] } },
{ "type": "Feature", "properties": { "NO": "73", "施設・場所名": "加賀市立山中小学校", "住所": "石川県加賀市山中温泉上野町ル15-9", "受入対象者": "指定なし" }, "geometry": { "type": "Point", "coordinates": [ 136.368351, 36.253391 ] } },
{ "type": "Feature", "properties": { "NO": "74", "施設・場所名": "加賀市立東谷地区会館", "住所": "石川県加賀市山中温泉中津原町ハ124-1", "受入対象者": "指定なし" }, "geometry": { "type": "Point", "coordinates": [ 136.398238, 36.261728 ] } },
{ "type": "Feature", "properties": { "NO": "75", "施設・場所名": "加賀市立河南小学校", "住所": "石川県加賀市山中温泉中田町ニ25-1", "受入対象者": "指定なし" }, "geometry": { "type": "Point", "coordinates": [ 136.356456, 36.27013 ] } },
{ "type": "Feature", "properties": { "NO": "76", "施設・場所名": "加賀市立河南地区会館", "住所": "石川県加賀市山中温泉長谷田町リ391", "受入対象者": "指定なし" }, "geometry": { "type": "Point", "coordinates": [ 136.361145, 36.265 ] } },
{ "type": "Feature", "properties": { "NO": "77", "施設・場所名": "山中総合福祉センター", "住所": "石川県加賀市山中温泉湯の出町レ11", "受入対象者": "指定なし" }, "geometry": { "type": "Point", "coordinates": [ 136.372868, 36.246781 ] } },
{ "type": "Feature", "properties": { "NO": "78", "施設・場所名": "加賀市スポーツセンター", "住所": "石川県加賀市山田町リ245-2", "受入対象者": "指定なし" }, "geometry": { "type": "Point", "coordinates": [ 136.330083, 36.327722 ] } },
{ "type": "Feature", "properties": { "NO": "79", "施設・場所名": "加賀市立湖北小学校", "住所": "石川県加賀市柴山町ひ92-1", "受入対象者": "指定なし" }, "geometry": { "type": "Point", "coordinates": [ 136.367683, 36.357894 ] } },
{ "type": "Feature", "properties": { "NO": "80", "施設・場所名": "加賀市立湖北地区会館", "住所": "石川県加賀市柴山町も33", "受入対象者": "指定なし" }, "geometry": { "type": "Point", "coordinates": [ 136.366406, 36.358154 ] } },
{ "type": "Feature", "properties": { "NO": "81", "施設・場所名": "加賀市立橋立海青学園", "住所": "石川県加賀市小塩町ろ1", "受入対象者": "指定なし" }, "geometry": { "type": "Point", "coordinates": [ 136.313888, 36.348121 ] } },
{ "type": "Feature", "properties": { "NO": "82", "施設・場所名": "加賀市立庄小学校", "住所": "石川県加賀市庄町ワ101-1", "受入対象者": "指定なし" }, "geometry": { "type": "Point", "coordinates": [ 136.374336, 36.312895 ] } },
{ "type": "Feature", "properties": { "NO": "83", "施設・場所名": "加賀市立庄地区会館", "住所": "石川県加賀市庄町ワ142-1", "受入対象者": "指定なし" }, "geometry": { "type": "Point", "coordinates": [ 136.374634, 36.312467 ] } },
{ "type": "Feature", "properties": { "NO": "84", "施設・場所名": "作見児童センター", "住所": "石川県加賀市松が丘1-8-1", "受入対象者": "指定なし" }, "geometry": { "type": "Point", "coordinates": [ 136.346952, 36.323264 ] } },
{ "type": "Feature", "properties": { "NO": "85", "施設・場所名": "加賀市立山代中学校", "住所": "石川県加賀市上野町エ45-2", "受入対象者": "指定なし" }, "geometry": { "type": "Point", "coordinates": [ 136.373483, 36.298096 ] } },
{ "type": "Feature", "properties": { "NO": "86", "施設・場所名": "加賀市立東谷口地区会館", "住所": "石川県加賀市水田丸町チ12", "受入対象者": "指定なし" }, "geometry": { "type": "Point", "coordinates": [ 136.391178, 36.284255 ] } },
{ "type": "Feature", "properties": { "NO": "87", "施設・場所名": "加賀市立東谷口小学校", "住所": "石川県加賀市水田丸町ヌ36-1", "受入対象者": "指定なし" }, "geometry": { "type": "Point", "coordinates": [ 136.390191, 36.284683 ] } },
{ "type": "Feature", "properties": { "NO": "88", "施設・場所名": "加賀市立西谷地区会館", "住所": "石川県加賀市菅谷町45", "受入対象者": "指定なし" }, "geometry": { "type": "Point", "coordinates": [ 136.366338, 36.229276 ] } },
{ "type": "Feature", "properties": { "NO": "89", "施設・場所名": "加賀市立三谷地区会館", "住所": "石川県加賀市曽宇町ホ7", "受入対象者": "指定なし" }, "geometry": { "type": "Point", "coordinates": [ 136.321103, 36.285751 ] } },
{ "type": "Feature", "properties": { "NO": "90", "施設・場所名": "加賀市立分校小学校", "住所": "石川県加賀市打越町ニ22", "受入対象者": "指定なし" }, "geometry": { "type": "Point", "coordinates": [ 136.400733, 36.329348 ] } },
{ "type": "Feature", "properties": { "NO": "91", "施設・場所名": "石川県立大聖寺高等学校", "住所": "石川県加賀市大聖寺永町33-1", "受入対象者": "指定なし" }, "geometry": { "type": "Point", "coordinates": [ 136.319004, 36.309664 ] } },
{ "type": "Feature", "properties": { "NO": "92", "施設・場所名": "加賀市立大聖寺地区会館", "住所": "石川県加賀市大聖寺京町1", "受入対象者": "指定なし" }, "geometry": { "type": "Point", "coordinates": [ 136.310466, 36.307282 ] } },
{ "type": "Feature", "properties": { "NO": "93", "施設・場所名": "旧加賀市立緑丘小学校", "住所": "石川県加賀市大聖寺瀬越町塩屋境山1-1", "受入対象者": "指定なし" }, "geometry": { "type": "Point", "coordinates": [ 136.255684, 36.295066 ] } },
{ "type": "Feature", "properties": { "NO": "94", "施設・場所名": "大聖寺老人福祉センター（大聖寺児童センター）", "住所": "石川県加賀市大聖寺鷹匠町57-1", "受入対象者": "指定なし" }, "geometry": { "type": "Point", "coordinates": [ 136.313476, 36.306816 ] } },
{ "type": "Feature", "properties": { "NO": "95", "施設・場所名": "加賀市立錦城中学校", "住所": "石川県加賀市大聖寺地方町６乙74-1", "受入対象者": "指定なし" }, "geometry": { "type": "Point", "coordinates": [ 136.302715, 36.300049 ] } },
{ "type": "Feature", "properties": { "NO": "96", "施設・場所名": "加賀体育館", "住所": "石川県加賀市大聖寺東町2-3-1", "受入対象者": "指定なし" }, "geometry": { "type": "Point", "coordinates": [ 136.318359, 36.303771 ] } },
{ "type": "Feature", "properties": { "NO": "97", "施設・場所名": "加賀市武道館", "住所": "石川県加賀市大聖寺東町2-3-1", "受入対象者": "指定なし" }, "geometry": { "type": "Point", "coordinates": [ 136.31868, 36.304039 ] } },
{ "type": "Feature", "properties": { "NO": "98", "施設・場所名": "石川県立加賀聖城高等学校", "住所": "石川県加賀市大聖寺馬場町28", "受入対象者": "指定なし" }, "geometry": { "type": "Point", "coordinates": [ 136.307376, 36.305895 ] } },
{ "type": "Feature", "properties": { "NO": "99", "施設・場所名": "加賀市立錦城小学校", "住所": "石川県加賀市大聖寺八間道57", "受入対象者": "指定なし" }, "geometry": { "type": "Point", "coordinates": [ 136.308189, 36.307739 ] } },
{ "type": "Feature", "properties": { "NO": "100", "施設・場所名": "かが交流プラザさくら", "住所": "石川県加賀市大聖寺八間道65", "受入対象者": "指定なし" }, "geometry": { "type": "Point", "coordinates": [ 136.309735, 36.307926 ] } },
{ "type": "Feature", "properties": { "NO": "101", "施設・場所名": "加賀市立錦城東小学校", "住所": "石川県加賀市大聖寺敷地ワ13", "受入対象者": "指定なし" }, "geometry": { "type": "Point", "coordinates": [ 136.322752, 36.3121 ] } },
{ "type": "Feature", "properties": { "NO": "102", "施設・場所名": "加賀市立片山津中学校", "住所": "石川県加賀市潮津町レ1-1", "受入対象者": "指定なし" }, "geometry": { "type": "Point", "coordinates": [ 136.349218, 36.35127 ] } },
{ "type": "Feature", "properties": { "NO": "103", "施設・場所名": "加賀市立勅使小学校", "住所": "石川県加賀市勅使町24", "受入対象者": "指定なし" }, "geometry": { "type": "Point", "coordinates": [ 136.389071, 36.303147 ] } },
{ "type": "Feature", "properties": { "NO": "104", "施設・場所名": "加賀市立勅使地区会館", "住所": "石川県加賀市勅使町ヌ24-1", "受入対象者": "指定なし" }, "geometry": { "type": "Point", "coordinates": [ 136.389697, 36.303728 ] } },
{ "type": "Feature", "properties": { "NO": "105", "施設・場所名": "加賀市立三谷小学校", "住所": "石川県加賀市直下町ニ丙73", "受入対象者": "指定なし" }, "geometry": { "type": "Point", "coordinates": [ 136.324778, 36.283407 ] } },
{ "type": "Feature", "properties": { "NO": "106", "施設・場所名": "加賀市立東和中学校", "住所": "石川県加賀市動橋町ネ54-1", "受入対象者": "指定なし" }, "geometry": { "type": "Point", "coordinates": [ 136.381678, 36.325239 ] } },
{ "type": "Feature", "properties": { "NO": "107", "施設・場所名": "加賀市立動橋小学校", "住所": "石川県加賀市動橋町ヘ1-1", "受入対象者": "指定なし" }, "geometry": { "type": "Point", "coordinates": [ 136.389084, 36.329656 ] } },
{ "type": "Feature", "properties": { "NO": "108", "施設・場所名": "加賀市立動橋地区会館", "住所": "石川県加賀市動橋町ホ15-1", "受入対象者": "指定なし" }, "geometry": { "type": "Point", "coordinates": [ 136.389599, 36.33049 ] } },
{ "type": "Feature", "properties": { "NO": "109", "施設・場所名": "動橋児童センター", "住所": "石川県加賀市動橋町ホ15-1", "受入対象者": "指定なし" }, "geometry": { "type": "Point", "coordinates": [ 136.389304, 36.33052 ] } },
{ "type": "Feature", "properties": { "NO": "110", "施設・場所名": "石川県立加賀高等学校", "住所": "石川県加賀市動橋町ム53", "受入対象者": "指定なし" }, "geometry": { "type": "Point", "coordinates": [ 136.378002, 36.330946 ] } },
{ "type": "Feature", "properties": { "NO": "111", "施設・場所名": "加賀市立分校地区会館", "住所": "石川県加賀市分校町68-2", "受入対象者": "指定なし" }, "geometry": { "type": "Point", "coordinates": [ 136.400775, 36.328864 ] } },
{ "type": "Feature", "properties": { "NO": "112", "施設・場所名": "加賀市立別所地区会館", "住所": "石川県加賀市別所町漆器団地10-3", "受入対象者": "指定なし" }, "geometry": { "type": "Point", "coordinates": [ 136.359136, 36.276229 ] } },
{ "type": "Feature", "properties": { "NO": "113", "施設・場所名": "加賀市立片山津地区会館", "住所": "石川県加賀市片山津温泉7-1-1", "受入対象者": "指定なし" }, "geometry": { "type": "Point", "coordinates": [ 136.364889, 36.344815 ] } },
{ "type": "Feature", "properties": { "NO": "114", "施設・場所名": "片山津老人福祉センター（片山津児童センター）", "住所": "石川県加賀市片山津温泉ヒ19-1", "受入対象者": "指定なし" }, "geometry": { "type": "Point", "coordinates": [ 136.365477, 36.345156 ] } },
{ "type": "Feature", "properties": { "NO": "115", "施設・場所名": "加賀市立片山津小学校", "住所": "石川県加賀市片山津町ス丙21", "受入対象者": "指定なし" }, "geometry": { "type": "Point", "coordinates": [ 136.366549, 36.33985 ] } },
{ "type": "Feature", "properties": { "NO": "116", "施設・場所名": "石川県立錦城特別支援学校", "住所": "石川県加賀市豊町イ120-1", "受入対象者": "指定なし" }, "geometry": { "type": "Point", "coordinates": [ 136.310759, 36.325282 ] } },
{ "type": "Feature", "properties": { "NO": "117", "施設・場所名": "緑小学校", "住所": "石川県金沢市みどり1-166", "受入対象者": "指定なし" }, "geometry": { "type": "Point", "coordinates": [ 136.590705, 36.570128 ] } },
{ "type": "Feature", "properties": { "NO": "118", "施設・場所名": "緑中学校", "住所": "石川県金沢市みどり2-3", "受入対象者": "指定なし" }, "geometry": { "type": "Point", "coordinates": [ 136.584446, 36.570517 ] } },
{ "type": "Feature", "properties": { "NO": "119", "施設・場所名": "粟崎公民館", "住所": "石川県金沢市粟崎町1-3", "受入対象者": "指定なし" }, "geometry": { "type": "Point", "coordinates": [ 136.627898, 36.625611 ] } },
{ "type": "Feature", "properties": { "NO": "120", "施設・場所名": "ものづくり会館", "住所": "石川県金沢市粟崎町4-80-1", "受入対象者": "指定なし" }, "geometry": { "type": "Point", "coordinates": [ 136.620354, 36.628561 ] } },
{ "type": "Feature", "properties": { "NO": "121", "施設・場所名": "粟崎小学校", "住所": "石川県金沢市粟崎町ヘ78", "受入対象者": "指定なし" }, "geometry": { "type": "Point", "coordinates": [ 136.624568, 36.621233 ] } },
{ "type": "Feature", "properties": { "NO": "122", "施設・場所名": "金沢プール", "住所": "石川県金沢市磯部町ハ55", "受入対象者": "指定なし" }, "geometry": { "type": "Point", "coordinates": [ 136.659839, 36.597067 ] } },
{ "type": "Feature", "properties": { "NO": "123", "施設・場所名": "西小学校", "住所": "石川県金沢市駅西新町3-15-1", "受入対象者": "指定なし" }, "geometry": { "type": "Point", "coordinates": [ 136.636561, 36.592168 ] } },
{ "type": "Feature", "properties": { "NO": "124", "施設・場所名": "浅野町公民館", "住所": "石川県金沢市乙丸町甲161", "受入対象者": "指定なし" }, "geometry": { "type": "Point", "coordinates": [ 136.665312, 36.586739 ] } },
{ "type": "Feature", "properties": { "NO": "125", "施設・場所名": "金沢歌劇座", "住所": "石川県金沢市下本多町6-27", "受入対象者": "指定なし" }, "geometry": { "type": "Point", "coordinates": [ 136.658605, 36.558994 ] } },
{ "type": "Feature", "properties": { "NO": "126", "施設・場所名": "旧朝日小学校", "住所": "石川県金沢市加賀朝日町ホ33", "受入対象者": "指定なし" }, "geometry": { "type": "Point", "coordinates": [ 136.755605, 36.622686 ] } },
{ "type": "Feature", "properties": { "NO": "127", "施設・場所名": "金沢大学（角間キャンパス）", "住所": "石川県金沢市角間町", "受入対象者": "指定なし" }, "geometry": { "type": "Point", "coordinates": [ 136.707372, 36.547097 ] } },
{ "type": "Feature", "properties": { "NO": "128", "施設・場所名": "額中学校", "住所": "石川県金沢市額乙丸町イ1", "受入対象者": "指定なし" }, "geometry": { "type": "Point", "coordinates": [ 136.622989, 36.5107 ] } },
{ "type": "Feature", "properties": { "NO": "129", "施設・場所名": "額小学校", "住所": "石川県金沢市額乙丸町イ55", "受入対象者": "指定なし" }, "geometry": { "type": "Point", "coordinates": [ 136.621582, 36.510303 ] } },
{ "type": "Feature", "properties": { "NO": "130", "施設・場所名": "額公民館", "住所": "石川県金沢市額谷3-1-1", "受入対象者": "指定なし" }, "geometry": { "type": "Point", "coordinates": [ 136.624178, 36.510883 ] } },
{ "type": "Feature", "properties": { "NO": "131", "施設・場所名": "鶴寿園", "住所": "石川県金沢市額谷町ヌ1", "受入対象者": "高齢者（65歳以上）及び障害のある方のうち、指定一般避難所において市が特定し、環境調整を事前に行った者及びその家族等" }, "geometry": { "type": "Point", "coordinates": [ 136.629495, 36.509812 ] } },
{ "type": "Feature", "properties": { "NO": "132", "施設・場所名": "額谷ふれあい体育館", "住所": "石川県金沢市額谷町ヌ16", "受入対象者": "指定なし" }, "geometry": { "type": "Point", "coordinates": [ 136.629936, 36.509409 ] } },
{ "type": "Feature", "properties": { "NO": "133", "施設・場所名": "大徳中学校", "住所": "石川県金沢市観音堂町ト35", "受入対象者": "指定なし" }, "geometry": { "type": "Point", "coordinates": [ 136.607238, 36.590106 ] } },
{ "type": "Feature", "properties": { "NO": "134", "施設・場所名": "米丸公民館", "住所": "石川県金沢市間明町2-72", "受入対象者": "指定なし" }, "geometry": { "type": "Point", "coordinates": [ 136.618287, 36.565123 ] } },
{ "type": "Feature", "properties": { "NO": "135", "施設・場所名": "石川県立医王特別支援学校", "住所": "石川県金沢市岩出町ホ1", "受入対象者": "指定なし" }, "geometry": { "type": "Point", "coordinates": [ 136.702387, 36.611581 ] } },
{ "type": "Feature", "properties": { "NO": "136", "施設・場所名": "犀桜小学校", "住所": "石川県金沢市菊川1-2-15", "受入対象者": "指定なし" }, "geometry": { "type": "Point", "coordinates": [ 136.661687, 36.550046 ] } },
{ "type": "Feature", "properties": { "NO": "137", "施設・場所名": "菊川町公民館", "住所": "石川県金沢市菊川2-3-3", "受入対象者": "指定なし" }, "geometry": { "type": "Point", "coordinates": [ 136.659954, 36.551348 ] } },
{ "type": "Feature", "properties": { "NO": "138", "施設・場所名": "金沢北陵高校", "住所": "石川県金沢市吉原町ワ21", "受入対象者": "指定なし" }, "geometry": { "type": "Point", "coordinates": [ 136.692754, 36.607319 ] } },
{ "type": "Feature", "properties": { "NO": "139", "施設・場所名": "国際高等専門学校", "住所": "石川県金沢市久安2-270", "受入対象者": "指定なし" }, "geometry": { "type": "Point", "coordinates": [ 136.628171, 36.531711 ] } },
{ "type": "Feature", "properties": { "NO": "140", "施設・場所名": "三馬小学校", "住所": "石川県金沢市久安6-154", "受入対象者": "指定なし" }, "geometry": { "type": "Point", "coordinates": [ 136.633738, 36.543557 ] } },
{ "type": "Feature", "properties": { "NO": "141", "施設・場所名": "三馬公民館", "住所": "石川県金沢市久安6-59-1", "受入対象者": "指定なし" }, "geometry": { "type": "Point", "coordinates": [ 136.634608, 36.542084 ] } },
{ "type": "Feature", "properties": { "NO": "142", "施設・場所名": "旧三谷小学校", "住所": "石川県金沢市宮野町ニ277", "受入対象者": "指定なし" }, "geometry": { "type": "Point", "coordinates": [ 136.736539, 36.596003 ] } },
{ "type": "Feature", "properties": { "NO": "143", "施設・場所名": "三谷公民館", "住所": "石川県金沢市宮野町ホ79", "受入対象者": "指定なし" }, "geometry": { "type": "Point", "coordinates": [ 136.737754, 36.59681 ] } },
{ "type": "Feature", "properties": { "NO": "144", "施設・場所名": "浅野町小学校", "住所": "石川県金沢市京町35-1", "受入対象者": "指定なし" }, "geometry": { "type": "Point", "coordinates": [ 136.658873, 36.58208 ] } },
{ "type": "Feature", "properties": { "NO": "145", "施設・場所名": "中央小学校", "住所": "石川県金沢市玉川町2-1", "受入対象者": "指定なし" }, "geometry": { "type": "Point", "coordinates": [ 136.650809, 36.569978 ] } },
{ "type": "Feature", "properties": { "NO": "146", "施設・場所名": "港中学校", "住所": "石川県金沢市近岡町217", "受入対象者": "指定なし" }, "geometry": { "type": "Point", "coordinates": [ 136.628096, 36.609826 ] } },
{ "type": "Feature", "properties": { "NO": "147", "施設・場所名": "金石町公民館", "住所": "石川県金沢市金石通町3-14", "受入対象者": "指定なし" }, "geometry": { "type": "Point", "coordinates": [ 136.594308, 36.60431 ] } },
{ "type": "Feature", "properties": { "NO": "148", "施設・場所名": "金石中学校", "住所": "石川県金沢市金石東1-13-1", "受入対象者": "指定なし" }, "geometry": { "type": "Point", "coordinates": [ 136.597261, 36.600266 ] } },
{ "type": "Feature", "properties": { "NO": "149", "施設・場所名": "松寿荘", "住所": "石川県金沢市金石北3-3-33", "受入対象者": "高齢者（65歳以上）及び障害のある方のうち、指定一般避難所において市が特定し、環境調整を事前に行った者及びその家族等" }, "geometry": { "type": "Point", "coordinates": [ 136.599387, 36.607933 ] } },
{ "type": "Feature", "properties": { "NO": "150", "施設・場所名": "金石町小学校", "住所": "石川県金沢市金石北4-1-1", "受入対象者": "指定なし" }, "geometry": { "type": "Point", "coordinates": [ 136.598654, 36.608937 ] } },
{ "type": "Feature", "properties": { "NO": "151", "施設・場所名": "駒帰資料保管所（旧駒帰小学校）", "住所": "石川県金沢市駒帰町ヌ40-1", "受入対象者": "指定なし" }, "geometry": { "type": "Point", "coordinates": [ 136.727926, 36.48328 ] } },
{ "type": "Feature", "properties": { "NO": "152", "施設・場所名": "伏見台小学校", "住所": "石川県金沢市窪5-335", "受入対象者": "指定なし" }, "geometry": { "type": "Point", "coordinates": [ 136.638004, 36.526654 ] } },
{ "type": "Feature", "properties": { "NO": "153", "施設・場所名": "伏見台公民館", "住所": "石川県金沢市窪5-675", "受入対象者": "指定なし" }, "geometry": { "type": "Point", "coordinates": [ 136.638072, 36.525918 ] } },
{ "type": "Feature", "properties": { "NO": "154", "施設・場所名": "金沢錦丘高校・中学校", "住所": "石川県金沢市窪6-218", "受入対象者": "指定なし" }, "geometry": { "type": "Point", "coordinates": [ 136.641369, 36.530028 ] } },
{ "type": "Feature", "properties": { "NO": "155", "施設・場所名": "兼六小学校", "住所": "石川県金沢市兼六元町7-15", "受入対象者": "指定なし" }, "geometry": { "type": "Point", "coordinates": [ 136.66613, 36.565527 ] } },
{ "type": "Feature", "properties": { "NO": "156", "施設・場所名": "味噌蔵町公民館", "住所": "石川県金沢市兼六元町7-19", "受入対象者": "指定なし" }, "geometry": { "type": "Point", "coordinates": [ 136.665305, 36.566445 ] } },
{ "type": "Feature", "properties": { "NO": "157", "施設・場所名": "戸板小学校", "住所": "石川県金沢市戸板1-1", "受入対象者": "指定なし" }, "geometry": { "type": "Point", "coordinates": [ 136.622761, 36.579268 ] } },
{ "type": "Feature", "properties": { "NO": "158", "施設・場所名": "戸板公民館", "住所": "石川県金沢市戸板1-2", "受入対象者": "指定なし" }, "geometry": { "type": "Point", "coordinates": [ 136.62263, 36.579886 ] } },
{ "type": "Feature", "properties": { "NO": "159", "施設・場所名": "金沢星稜大学", "住所": "石川県金沢市御所町丑10-1", "受入対象者": "指定なし" }, "geometry": { "type": "Point", "coordinates": [ 136.682087, 36.583602 ] } },
{ "type": "Feature", "properties": { "NO": "160", "施設・場所名": "文化ホール", "住所": "石川県金沢市高岡町15-1", "受入対象者": "指定なし" }, "geometry": { "type": "Point", "coordinates": [ 136.652371, 36.566617 ] } },
{ "type": "Feature", "properties": { "NO": "161", "施設・場所名": "松ヶ枝公民館", "住所": "石川県金沢市高岡町7-23", "受入対象者": "指定なし" }, "geometry": { "type": "Point", "coordinates": [ 136.652854, 36.569846 ] } },
{ "type": "Feature", "properties": { "NO": "162", "施設・場所名": "高尾台中学校", "住所": "石川県金沢市高尾台1-128", "受入対象者": "指定なし" }, "geometry": { "type": "Point", "coordinates": [ 136.634383, 36.522915 ] } },
{ "type": "Feature", "properties": { "NO": "163", "施設・場所名": "此花町公民館", "住所": "石川県金沢市此花町2-7", "受入対象者": "指定なし" }, "geometry": { "type": "Point", "coordinates": [ 136.651915, 36.577175 ] } },
{ "type": "Feature", "properties": { "NO": "164", "施設・場所名": "花園公民館", "住所": "石川県金沢市今町チ41", "受入対象者": "指定なし" }, "geometry": { "type": "Point", "coordinates": [ 136.707622, 36.633474 ] } },
{ "type": "Feature", "properties": { "NO": "165", "施設・場所名": "花園小学校", "住所": "石川県金沢市今町ヌ34", "受入対象者": "指定なし" }, "geometry": { "type": "Point", "coordinates": [ 136.708229, 36.632622 ] } },
{ "type": "Feature", "properties": { "NO": "166", "施設・場所名": "材木公民館", "住所": "石川県金沢市材木町13-11", "受入対象者": "指定なし" }, "geometry": { "type": "Point", "coordinates": [ 136.667591, 36.566929 ] } },
{ "type": "Feature", "properties": { "NO": "167", "施設・場所名": "旧材木町小学校体育館", "住所": "石川県金沢市材木町13-12", "受入対象者": "指定なし" }, "geometry": { "type": "Point", "coordinates": [ 136.668018, 36.566764 ] } },
{ "type": "Feature", "properties": { "NO": "168", "施設・場所名": "女性センター", "住所": "石川県金沢市三社町1-44", "受入対象者": "指定なし" }, "geometry": { "type": "Point", "coordinates": [ 136.645548, 36.570507 ] } },
{ "type": "Feature", "properties": { "NO": "169", "施設・場所名": "内川公民館", "住所": "石川県金沢市三小牛町20-1-10", "受入対象者": "指定なし" }, "geometry": { "type": "Point", "coordinates": [ 136.674971, 36.509805 ] } },
{ "type": "Feature", "properties": { "NO": "170", "施設・場所名": "北陸学院大学", "住所": "石川県金沢市三小牛町イ11", "受入対象者": "指定なし" }, "geometry": { "type": "Point", "coordinates": [ 136.670431, 36.517752 ] } },
{ "type": "Feature", "properties": { "NO": "171", "施設・場所名": "北陸学院小学校", "住所": "石川県金沢市三小牛町イ11", "受入対象者": "指定なし" }, "geometry": { "type": "Point", "coordinates": [ 136.67196, 36.518045 ] } },
{ "type": "Feature", "properties": { "NO": "172", "施設・場所名": "富樫公民館", "住所": "石川県金沢市山科1-6-8", "受入対象者": "指定なし" }, "geometry": { "type": "Point", "coordinates": [ 136.64727, 36.528382 ] } },
{ "type": "Feature", "properties": { "NO": "173", "施設・場所名": "富樫小学校", "住所": "石川県金沢市山科3-6-60", "受入対象者": "指定なし" }, "geometry": { "type": "Point", "coordinates": [ 136.645737, 36.529503 ] } },
{ "type": "Feature", "properties": { "NO": "174", "施設・場所名": "四十万小学校", "住所": "石川県金沢市四十万3-186", "受入対象者": "指定なし" }, "geometry": { "type": "Point", "coordinates": [ 136.617563, 36.50277 ] } },
{ "type": "Feature", "properties": { "NO": "175", "施設・場所名": "四十万公民館", "住所": "石川県金沢市四十万3-90", "受入対象者": "指定なし" }, "geometry": { "type": "Point", "coordinates": [ 136.618832, 36.503597 ] } },
{ "type": "Feature", "properties": { "NO": "176", "施設・場所名": "金沢海みらい図書館", "住所": "石川県金沢市寺中町イ1-1", "受入対象者": "指定なし" }, "geometry": { "type": "Point", "coordinates": [ 136.604374, 36.594282 ] } },
{ "type": "Feature", "properties": { "NO": "177", "施設・場所名": "杜の里小学校", "住所": "石川県金沢市若松町3-282", "受入対象者": "指定なし" }, "geometry": { "type": "Point", "coordinates": [ 136.686422, 36.557361 ] } },
{ "type": "Feature", "properties": { "NO": "178", "施設・場所名": "野田中学校", "住所": "石川県金沢市若草町1-23", "受入対象者": "指定なし" }, "geometry": { "type": "Point", "coordinates": [ 136.657608, 36.54415 ] } },
{ "type": "Feature", "properties": { "NO": "179", "施設・場所名": "城南市民体育館", "住所": "石川県金沢市若草町1-60", "受入対象者": "指定なし" }, "geometry": { "type": "Point", "coordinates": [ 136.656789, 36.544331 ] } },
{ "type": "Feature", "properties": { "NO": "180", "施設・場所名": "城南公民館", "住所": "石川県金沢市若草町22-12", "受入対象者": "指定なし" }, "geometry": { "type": "Point", "coordinates": [ 136.6612, 36.541724 ] } },
{ "type": "Feature", "properties": { "NO": "181", "施設・場所名": "十一屋小学校", "住所": "石川県金沢市十一屋町3-45", "受入対象者": "指定なし" }, "geometry": { "type": "Point", "coordinates": [ 136.66099, 36.545011 ] } },
{ "type": "Feature", "properties": { "NO": "182", "施設・場所名": "諸江公民館", "住所": "石川県金沢市諸江町29-1", "受入対象者": "指定なし" }, "geometry": { "type": "Point", "coordinates": [ 136.641536, 36.59063 ] } },
{ "type": "Feature", "properties": { "NO": "183", "施設・場所名": "浅野川中学校", "住所": "石川県金沢市諸江町下丁388", "受入対象者": "指定なし" }, "geometry": { "type": "Point", "coordinates": [ 136.649154, 36.602614 ] } },
{ "type": "Feature", "properties": { "NO": "184", "施設・場所名": "城北児童会館", "住所": "石川県金沢市小坂町西8-11", "受入対象者": "指定なし" }, "geometry": { "type": "Point", "coordinates": [ 136.671896, 36.589573 ] } },
{ "type": "Feature", "properties": { "NO": "185", "施設・場所名": "小坂小学校", "住所": "石川県金沢市小坂町中142", "受入対象者": "指定なし" }, "geometry": { "type": "Point", "coordinates": [ 136.677671, 36.590102 ] } },
{ "type": "Feature", "properties": { "NO": "186", "施設・場所名": "星稜高校", "住所": "石川県金沢市小坂町南206", "受入対象者": "指定なし" }, "geometry": { "type": "Point", "coordinates": [ 136.682443, 36.584959 ] } },
{ "type": "Feature", "properties": { "NO": "187", "施設・場所名": "小坂公民館", "住所": "石川県金沢市小坂町北312", "受入対象者": "指定なし" }, "geometry": { "type": "Point", "coordinates": [ 136.675689, 36.593443 ] } },
{ "type": "Feature", "properties": { "NO": "188", "施設・場所名": "北鳴中学校", "住所": "石川県金沢市小坂町北95", "受入対象者": "指定なし" }, "geometry": { "type": "Point", "coordinates": [ 136.676499, 36.595124 ] } },
{ "type": "Feature", "properties": { "NO": "189", "施設・場所名": "キゴ山ふれあい研修センター青少年交流棟", "住所": "石川県金沢市小豆沢町ヲ4", "受入対象者": "指定なし" }, "geometry": { "type": "Point", "coordinates": [ 136.74595, 36.523756 ] } },
{ "type": "Feature", "properties": { "NO": "190", "施設・場所名": "金沢美術工芸大学", "住所": "石川県金沢市小立野2-40-1", "受入対象者": "指定なし" }, "geometry": { "type": "Point", "coordinates": [ 136.681877, 36.547561 ] } },
{ "type": "Feature", "properties": { "NO": "191", "施設・場所名": "崎浦公民館", "住所": "石川県金沢市小立野2-41-36", "受入対象者": "指定なし" }, "geometry": { "type": "Point", "coordinates": [ 136.680498, 36.546804 ] } },
{ "type": "Feature", "properties": { "NO": "192", "施設・場所名": "小立野公民館", "住所": "石川県金沢市小立野4-7-51", "受入対象者": "指定なし" }, "geometry": { "type": "Point", "coordinates": [ 136.679032, 36.550971 ] } },
{ "type": "Feature", "properties": { "NO": "193", "施設・場所名": "小立野小学校", "住所": "石川県金沢市小立野4-7-7", "受入対象者": "指定なし" }, "geometry": { "type": "Point", "coordinates": [ 136.678373, 36.551585 ] } },
{ "type": "Feature", "properties": { "NO": "194", "施設・場所名": "金沢大学（鶴間キャンパス）", "住所": "石川県金沢市小立野5-11-80", "受入対象者": "指定なし" }, "geometry": { "type": "Point", "coordinates": [ 136.676566, 36.554903 ] } },
{ "type": "Feature", "properties": { "NO": "195", "施設・場所名": "金沢商業高校", "住所": "石川県金沢市小立野5-4-1", "受入対象者": "指定なし" }, "geometry": { "type": "Point", "coordinates": [ 136.679287, 36.553156 ] } },
{ "type": "Feature", "properties": { "NO": "196", "施設・場所名": "松寺公民館", "住所": "石川県金沢市松寺町丑42", "受入対象者": "指定なし" }, "geometry": { "type": "Point", "coordinates": [ 136.651904, 36.603861 ] } },
{ "type": "Feature", "properties": { "NO": "197", "施設・場所名": "大徳小学校", "住所": "石川県金沢市松村町6-200", "受入対象者": "指定なし" }, "geometry": { "type": "Point", "coordinates": [ 136.610039, 36.591433 ] } },
{ "type": "Feature", "properties": { "NO": "198", "施設・場所名": "金沢龍谷高校", "住所": "石川県金沢市上安原町169-1", "受入対象者": "指定なし" }, "geometry": { "type": "Point", "coordinates": [ 136.586218, 36.566041 ] } },
{ "type": "Feature", "properties": { "NO": "199", "施設・場所名": "三和公民館", "住所": "石川県金沢市上荒屋4-82", "受入対象者": "指定なし" }, "geometry": { "type": "Point", "coordinates": [ 136.593355, 36.553753 ] } },
{ "type": "Feature", "properties": { "NO": "200", "施設・場所名": "東浅川公民館", "住所": "石川県金沢市上中町ニ14", "受入対象者": "指定なし" }, "geometry": { "type": "Point", "coordinates": [ 136.705495, 36.520432 ] } },
{ "type": "Feature", "properties": { "NO": "201", "施設・場所名": "湖南学院", "住所": "石川県金沢市上中町ロ11-1", "受入対象者": "指定なし" }, "geometry": { "type": "Point", "coordinates": [ 136.703246, 36.51739 ] } },
{ "type": "Feature", "properties": { "NO": "202", "施設・場所名": "旧上平小学校", "住所": "石川県金沢市上平町ハ25", "受入対象者": "指定なし" }, "geometry": { "type": "Point", "coordinates": [ 136.773865, 36.627759 ] } },
{ "type": "Feature", "properties": { "NO": "203", "施設・場所名": "城南中学校", "住所": "石川県金沢市城南1-24-1", "受入対象者": "指定なし" }, "geometry": { "type": "Point", "coordinates": [ 136.674374, 36.543669 ] } },
{ "type": "Feature", "properties": { "NO": "204", "施設・場所名": "石川県青少年総合研修センター", "住所": "石川県金沢市常盤町212-1", "受入対象者": "指定なし" }, "geometry": { "type": "Point", "coordinates": [ 136.676437, 36.56553 ] } },
{ "type": "Feature", "properties": { "NO": "205", "施設・場所名": "新神田公民館", "住所": "石川県金沢市新神田1-1-18", "受入対象者": "指定なし" }, "geometry": { "type": "Point", "coordinates": [ 136.635612, 36.563973 ] } },
{ "type": "Feature", "properties": { "NO": "206", "施設・場所名": "高岡中学校", "住所": "石川県金沢市新神田1-10-1", "受入対象者": "指定なし" }, "geometry": { "type": "Point", "coordinates": [ 136.635691, 36.565437 ] } },
{ "type": "Feature", "properties": { "NO": "207", "施設・場所名": "新神田小学校", "住所": "石川県金沢市新神田1-10-58", "受入対象者": "指定なし" }, "geometry": { "type": "Point", "coordinates": [ 136.634775, 36.564999 ] } },
{ "type": "Feature", "properties": { "NO": "208", "施設・場所名": "旧新竪町小学校", "住所": "石川県金沢市新竪町3-25", "受入対象者": "指定なし" }, "geometry": { "type": "Point", "coordinates": [ 136.656868, 36.555708 ] } },
{ "type": "Feature", "properties": { "NO": "209", "施設・場所名": "西南部中学校", "住所": "石川県金沢市新保本1-149", "受入対象者": "指定なし" }, "geometry": { "type": "Point", "coordinates": [ 136.60621, 36.552764 ] } },
{ "type": "Feature", "properties": { "NO": "210", "施設・場所名": "森山公民館", "住所": "石川県金沢市森山2-11-13", "受入対象者": "指定なし" }, "geometry": { "type": "Point", "coordinates": [ 136.669043, 36.57941 ] } },
{ "type": "Feature", "properties": { "NO": "211", "施設・場所名": "森山町小学校", "住所": "石川県金沢市森山2-13-50", "受入対象者": "指定なし" }, "geometry": { "type": "Point", "coordinates": [ 136.668183, 36.578354 ] } },
{ "type": "Feature", "properties": { "NO": "212", "施設・場所名": "浅野川小学校", "住所": "石川県金沢市須崎町チ42", "受入対象者": "指定なし" }, "geometry": { "type": "Point", "coordinates": [ 136.641655, 36.62107 ] } },
{ "type": "Feature", "properties": { "NO": "213", "施設・場所名": "大徳公民館", "住所": "石川県金沢市畝田西1-201-1", "受入対象者": "指定なし" }, "geometry": { "type": "Point", "coordinates": [ 136.609961, 36.592321 ] } },
{ "type": "Feature", "properties": { "NO": "214", "施設・場所名": "市立工業高校", "住所": "石川県金沢市畝田東1-1-1", "受入対象者": "指定なし" }, "geometry": { "type": "Point", "coordinates": [ 136.615675, 36.591793 ] } },
{ "type": "Feature", "properties": { "NO": "215", "施設・場所名": "金沢西高校", "住所": "石川県金沢市畝田東3-526", "受入対象者": "指定なし" }, "geometry": { "type": "Point", "coordinates": [ 136.618019, 36.596212 ] } },
{ "type": "Feature", "properties": { "NO": "216", "施設・場所名": "西南部公民館", "住所": "石川県金沢市西金沢3-684", "受入対象者": "指定なし" }, "geometry": { "type": "Point", "coordinates": [ 136.612213, 36.554731 ] } },
{ "type": "Feature", "properties": { "NO": "217", "施設・場所名": "西公民館", "住所": "石川県金沢市西念2-34-9", "受入対象者": "指定なし" }, "geometry": { "type": "Point", "coordinates": [ 136.640583, 36.586902 ] } },
{ "type": "Feature", "properties": { "NO": "218", "施設・場所名": "近江町いちば館", "住所": "石川県金沢市青草町88", "受入対象者": "指定なし" }, "geometry": { "type": "Point", "coordinates": [ 136.655908, 36.571513 ] } },
{ "type": "Feature", "properties": { "NO": "219", "施設・場所名": "千坂公民館", "住所": "石川県金沢市千木1-119", "受入対象者": "指定なし" }, "geometry": { "type": "Point", "coordinates": [ 136.674169, 36.605781 ] } },
{ "type": "Feature", "properties": { "NO": "220", "施設・場所名": "千坂小学校", "住所": "石川県金沢市千木1-125", "受入対象者": "指定なし" }, "geometry": { "type": "Point", "coordinates": [ 136.675322, 36.60575 ] } },
{ "type": "Feature", "properties": { "NO": "221", "施設・場所名": "金沢高校", "住所": "石川県金沢市泉本町3-111", "受入対象者": "指定なし" }, "geometry": { "type": "Point", "coordinates": [ 136.635343, 36.550616 ] } },
{ "type": "Feature", "properties": { "NO": "222", "施設・場所名": "清泉中学校", "住所": "石川県金沢市泉本町3-3", "受入対象者": "指定なし" }, "geometry": { "type": "Point", "coordinates": [ 136.636293, 36.548055 ] } },
{ "type": "Feature", "properties": { "NO": "223", "施設・場所名": "金沢中央高校", "住所": "石川県金沢市泉本町6-105", "受入対象者": "指定なし" }, "geometry": { "type": "Point", "coordinates": [ 136.638876, 36.554056 ] } },
{ "type": "Feature", "properties": { "NO": "224", "施設・場所名": "金沢泉丘高校", "住所": "石川県金沢市泉野出町3-10-10", "受入対象者": "指定なし" }, "geometry": { "type": "Point", "coordinates": [ 136.648931, 36.538141 ] } },
{ "type": "Feature", "properties": { "NO": "225", "施設・場所名": "市総合体育館", "住所": "石川県金沢市泉野出町3-8-1", "受入対象者": "指定なし" }, "geometry": { "type": "Point", "coordinates": [ 136.650208, 36.539945 ] } },
{ "type": "Feature", "properties": { "NO": "226", "施設・場所名": "旧東浅川小学校", "住所": "石川県金沢市浅川町イ140-1", "受入対象者": "指定なし" }, "geometry": { "type": "Point", "coordinates": [ 136.706788, 36.518645 ] } },
{ "type": "Feature", "properties": { "NO": "227", "施設・場所名": "北陸大学", "住所": "石川県金沢市太陽が丘1-1", "受入対象者": "指定なし" }, "geometry": { "type": "Point", "coordinates": [ 136.707487, 36.525454 ] } },
{ "type": "Feature", "properties": { "NO": "228", "施設・場所名": "大浦小学校", "住所": "石川県金沢市大浦町ヌ87", "受入対象者": "指定なし" }, "geometry": { "type": "Point", "coordinates": [ 136.653178, 36.623324 ] } },
{ "type": "Feature", "properties": { "NO": "229", "施設・場所名": "大浦公民館", "住所": "石川県金沢市大浦町ヌ93-1", "受入対象者": "指定なし" }, "geometry": { "type": "Point", "coordinates": [ 136.653159, 36.624406 ] } },
{ "type": "Feature", "properties": { "NO": "230", "施設・場所名": "浅野川公民館", "住所": "石川県金沢市大河端西1-96", "受入対象者": "指定なし" }, "geometry": { "type": "Point", "coordinates": [ 136.639604, 36.615328 ] } },
{ "type": "Feature", "properties": { "NO": "231", "施設・場所名": "浅野川市民体育館", "住所": "石川県金沢市大河端西1-96", "受入対象者": "指定なし" }, "geometry": { "type": "Point", "coordinates": [ 136.639943, 36.614792 ] } },
{ "type": "Feature", "properties": { "NO": "232", "施設・場所名": "大桑防災拠点広場", "住所": "石川県金沢市大桑3-80", "受入対象者": "指定なし" }, "geometry": { "type": "Point", "coordinates": [ 136.676679, 36.536458 ] } },
{ "type": "Feature", "properties": { "NO": "233", "施設・場所名": "万寿苑", "住所": "石川県金沢市大桑町ヤ1-4", "受入対象者": "高齢者（65歳以上）及び障害のある方のうち、指定一般避難所において市が特定し、環境調整を事前に行った者及びその家族等" }, "geometry": { "type": "Point", "coordinates": [ 136.677165, 36.525324 ] } },
{ "type": "Feature", "properties": { "NO": "234", "施設・場所名": "金沢向陽高校", "住所": "石川県金沢市大場町東590", "受入対象者": "指定なし" }, "geometry": { "type": "Point", "coordinates": [ 136.687387, 36.624009 ] } },
{ "type": "Feature", "properties": { "NO": "235", "施設・場所名": "金沢桜丘高校", "住所": "石川県金沢市大樋町16-1", "受入対象者": "指定なし" }, "geometry": { "type": "Point", "coordinates": [ 136.678993, 36.583365 ] } },
{ "type": "Feature", "properties": { "NO": "236", "施設・場所名": "大野町小学校", "住所": "石川県金沢市大野町1-15", "受入対象者": "指定なし" }, "geometry": { "type": "Point", "coordinates": [ 136.603321, 36.610353 ] } },
{ "type": "Feature", "properties": { "NO": "237", "施設・場所名": "大野町公民館", "住所": "石川県金沢市大野町1-8-5", "受入対象者": "指定なし" }, "geometry": { "type": "Point", "coordinates": [ 136.6029, 36.61083 ] } },
{ "type": "Feature", "properties": { "NO": "238", "施設・場所名": "いしかわ総合スポーツセンター", "住所": "石川県金沢市稚日野町北222", "受入対象者": "指定なし" }, "geometry": { "type": "Point", "coordinates": [ 136.598409, 36.579353 ] } },
{ "type": "Feature", "properties": { "NO": "239", "施設・場所名": "中村町公民館", "住所": "石川県金沢市中村町10-35", "受入対象者": "指定なし" }, "geometry": { "type": "Point", "coordinates": [ 136.641928, 36.559435 ] } },
{ "type": "Feature", "properties": { "NO": "240", "施設・場所名": "中村町小学校", "住所": "石川県金沢市中村町26-12", "受入対象者": "指定なし" }, "geometry": { "type": "Point", "coordinates": [ 136.642004, 36.560862 ] } },
{ "type": "Feature", "properties": { "NO": "241", "施設・場所名": "長坂台小学校", "住所": "石川県金沢市長坂3-14-1", "受入対象者": "指定なし" }, "geometry": { "type": "Point", "coordinates": [ 136.657361, 36.534988 ] } },
{ "type": "Feature", "properties": { "NO": "242", "施設・場所名": "金沢市立長町中学校", "住所": "石川県金沢市長町1-10-35", "受入対象者": "指定なし" }, "geometry": { "type": "Point", "coordinates": [ 136.650269, 36.567365 ] } },
{ "type": "Feature", "properties": { "NO": "243", "施設・場所名": "長町公民館", "住所": "石川県金沢市長町2-2-16", "受入対象者": "指定なし" }, "geometry": { "type": "Point", "coordinates": [ 136.64924, 36.563351 ] } },
{ "type": "Feature", "properties": { "NO": "244", "施設・場所名": "中央公民館長町館", "住所": "石川県金沢市長町2-2-43", "受入対象者": "指定なし" }, "geometry": { "type": "Point", "coordinates": [ 136.650077, 36.563171 ] } },
{ "type": "Feature", "properties": { "NO": "245", "施設・場所名": "長土塀公民館", "住所": "石川県金沢市長町3-3-3", "受入対象者": "指定なし" }, "geometry": { "type": "Point", "coordinates": [ 136.645355, 36.567178 ] } },
{ "type": "Feature", "properties": { "NO": "246", "施設・場所名": "長土塀青少年交流センター", "住所": "石川県金沢市長町3-3-3", "受入対象者": "指定なし" }, "geometry": { "type": "Point", "coordinates": [ 136.645366, 36.56704 ] } },
{ "type": "Feature", "properties": { "NO": "247", "施設・場所名": "中央市民体育館", "住所": "石川県金沢市長町3-3-3", "受入対象者": "指定なし" }, "geometry": { "type": "Point", "coordinates": [ 136.645565, 36.566511 ] } },
{ "type": "Feature", "properties": { "NO": "248", "施設・場所名": "長田町小学校", "住所": "石川県金沢市長田1-5-40", "受入対象者": "指定なし" }, "geometry": { "type": "Point", "coordinates": [ 136.642228, 36.575372 ] } },
{ "type": "Feature", "properties": { "NO": "249", "施設・場所名": "長田町公民館", "住所": "石川県金沢市長田1-5-50", "受入対象者": "指定なし" }, "geometry": { "type": "Point", "coordinates": [ 136.642992, 36.575857 ] } },
{ "type": "Feature", "properties": { "NO": "250", "施設・場所名": "鞍月公民館", "住所": "石川県金沢市直江南1-1", "受入対象者": "指定なし" }, "geometry": { "type": "Point", "coordinates": [ 136.632916, 36.602974 ] } },
{ "type": "Feature", "properties": { "NO": "251", "施設・場所名": "金沢工業大学天池自然学苑体育館", "住所": "石川県金沢市天池町3", "受入対象者": "指定なし" }, "geometry": { "type": "Point", "coordinates": [ 136.694038, 36.503804 ] } },
{ "type": "Feature", "properties": { "NO": "252", "施設・場所名": "兼六中学校", "住所": "石川県金沢市田井町12-12", "受入対象者": "指定なし" }, "geometry": { "type": "Point", "coordinates": [ 136.680178, 36.5595 ] } },
{ "type": "Feature", "properties": { "NO": "253", "施設・場所名": "田上小学校", "住所": "石川県金沢市田上の里2-1", "受入対象者": "指定なし" }, "geometry": { "type": "Point", "coordinates": [ 136.693189, 36.54622 ] } },
{ "type": "Feature", "properties": { "NO": "254", "施設・場所名": "田上公民館", "住所": "石川県金沢市田上の里2-3", "受入対象者": "指定なし" }, "geometry": { "type": "Point", "coordinates": [ 136.692064, 36.54544 ] } },
{ "type": "Feature", "properties": { "NO": "255", "施設・場所名": "金沢市立朝霧台小学校", "住所": "石川県金沢市田上本町4-28", "受入対象者": "指定なし" }, "geometry": { "type": "Point", "coordinates": [ 136.694923, 36.537398 ] } },
{ "type": "Feature", "properties": { "NO": "256", "施設・場所名": "城東市民体育館", "住所": "石川県金沢市土清水2-346", "受入対象者": "指定なし" }, "geometry": { "type": "Point", "coordinates": [ 136.691267, 36.524789 ] } },
{ "type": "Feature", "properties": { "NO": "257", "施設・場所名": "金沢大学附属特別支援学校", "住所": "石川県金沢市東兼六町2-10", "受入対象者": "指定なし" }, "geometry": { "type": "Point", "coordinates": [ 136.666054, 36.562729 ] } },
{ "type": "Feature", "properties": { "NO": "258", "施設・場所名": "旧馬場小学校", "住所": "石川県金沢市東山3-9-30", "受入対象者": "指定なし" }, "geometry": { "type": "Point", "coordinates": [ 136.665489, 36.574697 ] } },
{ "type": "Feature", "properties": { "NO": "259", "施設・場所名": "馬場公民館", "住所": "石川県金沢市東山3-9-35", "受入対象者": "指定なし" }, "geometry": { "type": "Point", "coordinates": [ 136.665081, 36.574447 ] } },
{ "type": "Feature", "properties": { "NO": "260", "施設・場所名": "夕日寺小学校", "住所": "石川県金沢市東長江町に17", "受入対象者": "指定なし" }, "geometry": { "type": "Point", "coordinates": [ 136.69238, 36.577568 ] } },
{ "type": "Feature", "properties": { "NO": "261", "施設・場所名": "千寿閣", "住所": "石川県金沢市東長江辺2-1", "受入対象者": "指定なし" }, "geometry": { "type": "Point", "coordinates": [ 136.689251, 36.567396 ] } },
{ "type": "Feature", "properties": { "NO": "262", "施設・場所名": "米丸小学校", "住所": "石川県金沢市東力町ニ155", "受入対象者": "指定なし" }, "geometry": { "type": "Point", "coordinates": [ 136.620003, 36.565659 ] } },
{ "type": "Feature", "properties": { "NO": "263", "施設・場所名": "西部市民体育会館", "住所": "石川県金沢市東力町ハ250", "受入対象者": "指定なし" }, "geometry": { "type": "Point", "coordinates": [ 136.619845, 36.56299 ] } },
{ "type": "Feature", "properties": { "NO": "264", "施設・場所名": "西部市民憩いの家", "住所": "石川県金沢市東力町ハ256", "受入対象者": "指定なし" }, "geometry": { "type": "Point", "coordinates": [ 136.619287, 36.563202 ] } },
{ "type": "Feature", "properties": { "NO": "265", "施設・場所名": "湯涌小学校", "住所": "石川県金沢市湯涌荒屋町23", "受入対象者": "指定なし" }, "geometry": { "type": "Point", "coordinates": [ 136.753537, 36.491665 ] } },
{ "type": "Feature", "properties": { "NO": "266", "施設・場所名": "芝原中学校", "住所": "石川県金沢市湯涌荒屋町23", "受入対象者": "指定なし" }, "geometry": { "type": "Point", "coordinates": [ 136.753448, 36.491789 ] } },
{ "type": "Feature", "properties": { "NO": "267", "施設・場所名": "鞍月小学校", "住所": "石川県金沢市南新保町リ27-1", "受入対象者": "指定なし" }, "geometry": { "type": "Point", "coordinates": [ 136.632538, 36.601733 ] } },
{ "type": "Feature", "properties": { "NO": "268", "施設・場所名": "森本小学校", "住所": "石川県金沢市南森本町イ24", "受入対象者": "指定なし" }, "geometry": { "type": "Point", "coordinates": [ 136.693158, 36.622773 ] } },
{ "type": "Feature", "properties": { "NO": "269", "施設・場所名": "森本公民館", "住所": "石川県金沢市南森本町チ103-1", "受入対象者": "指定なし" }, "geometry": { "type": "Point", "coordinates": [ 136.69335, 36.616662 ] } },
{ "type": "Feature", "properties": { "NO": "270", "施設・場所名": "長田中学校", "住所": "石川県金沢市二宮町1-1", "受入対象者": "指定なし" }, "geometry": { "type": "Point", "coordinates": [ 136.629075, 36.585152 ] } },
{ "type": "Feature", "properties": { "NO": "271", "施設・場所名": "医王山公民館", "住所": "石川県金沢市二俣町6-14-9", "受入対象者": "指定なし" }, "geometry": { "type": "Point", "coordinates": [ 136.761948, 36.562072 ] } },
{ "type": "Feature", "properties": { "NO": "272", "施設・場所名": "医王山中学校", "住所": "石川県金沢市二俣町さ21", "受入対象者": "指定なし" }, "geometry": { "type": "Point", "coordinates": [ 136.759819, 36.555661 ] } },
{ "type": "Feature", "properties": { "NO": "273", "施設・場所名": "医王山小学校", "住所": "石川県金沢市二俣町さ21", "受入対象者": "指定なし" }, "geometry": { "type": "Point", "coordinates": [ 136.759831, 36.555475 ] } },
{ "type": "Feature", "properties": { "NO": "274", "施設・場所名": "扇台公民館", "住所": "石川県金沢市馬替1-29-1", "受入対象者": "指定なし" }, "geometry": { "type": "Point", "coordinates": [ 136.624135, 36.522074 ] } },
{ "type": "Feature", "properties": { "NO": "275", "施設・場所名": "扇台小学校", "住所": "石川県金沢市馬替1-34", "受入対象者": "指定なし" }, "geometry": { "type": "Point", "coordinates": [ 136.625436, 36.522762 ] } },
{ "type": "Feature", "properties": { "NO": "276", "施設・場所名": "湖南公民館", "住所": "石川県金沢市八田町東1459-1", "受入対象者": "指定なし" }, "geometry": { "type": "Point", "coordinates": [ 136.686088, 36.633139 ] } },
{ "type": "Feature", "properties": { "NO": "277", "施設・場所名": "押野小学校", "住所": "石川県金沢市八日市1-175", "受入対象者": "指定なし" }, "geometry": { "type": "Point", "coordinates": [ 136.609351, 36.545862 ] } },
{ "type": "Feature", "properties": { "NO": "278", "施設・場所名": "押野公民館", "住所": "石川県金沢市八日市2-464", "受入対象者": "指定なし" }, "geometry": { "type": "Point", "coordinates": [ 136.608579, 36.546048 ] } },
{ "type": "Feature", "properties": { "NO": "279", "施設・場所名": "西南部小学校", "住所": "石川県金沢市八日市出町304", "受入対象者": "指定なし" }, "geometry": { "type": "Point", "coordinates": [ 136.608249, 36.555848 ] } },
{ "type": "Feature", "properties": { "NO": "280", "施設・場所名": "北陸学院高校", "住所": "石川県金沢市飛梅町1-10", "受入対象者": "指定なし" }, "geometry": { "type": "Point", "coordinates": [ 136.666968, 36.559313 ] } },
{ "type": "Feature", "properties": { "NO": "281", "施設・場所名": "紫錦台中学校", "住所": "石川県金沢市飛梅町3-30", "受入対象者": "指定なし" }, "geometry": { "type": "Point", "coordinates": [ 136.668781, 36.558003 ] } },
{ "type": "Feature", "properties": { "NO": "282", "施設・場所名": "瓢箪町公民館", "住所": "石川県金沢市彦三2-10-5", "受入対象者": "指定なし" }, "geometry": { "type": "Point", "coordinates": [ 136.657399, 36.575772 ] } },
{ "type": "Feature", "properties": { "NO": "283", "施設・場所名": "中央公民館彦三館", "住所": "石川県金沢市彦三町1-15-5", "受入対象者": "指定なし" }, "geometry": { "type": "Point", "coordinates": [ 136.659559, 36.574714 ] } },
{ "type": "Feature", "properties": { "NO": "284", "施設・場所名": "俵公民館", "住所": "石川県金沢市俵町ツ63-2", "受入対象者": "指定なし" }, "geometry": { "type": "Point", "coordinates": [ 136.725048, 36.534391 ] } },
{ "type": "Feature", "properties": { "NO": "285", "施設・場所名": "俵芸術交流スタジオ", "住所": "石川県金沢市俵町ヘ乙22", "受入対象者": "指定なし" }, "geometry": { "type": "Point", "coordinates": [ 136.72367, 36.534293 ] } },
{ "type": "Feature", "properties": { "NO": "286", "施設・場所名": "明成小学校", "住所": "石川県金沢市瓢箪町5-48", "受入対象者": "指定なし" }, "geometry": { "type": "Point", "coordinates": [ 136.657288, 36.576812 ] } },
{ "type": "Feature", "properties": { "NO": "287", "施設・場所名": "不動寺小学校", "住所": "石川県金沢市不動寺町イ33", "受入対象者": "指定なし" }, "geometry": { "type": "Point", "coordinates": [ 136.708371, 36.608563 ] } },
{ "type": "Feature", "properties": { "NO": "288", "施設・場所名": "薬師谷公民館", "住所": "石川県金沢市不動寺町イ34-1", "受入対象者": "指定なし" }, "geometry": { "type": "Point", "coordinates": [ 136.708683, 36.608055 ] } },
{ "type": "Feature", "properties": { "NO": "289", "施設・場所名": "安原公民館", "住所": "石川県金沢市福増町北1067", "受入対象者": "指定なし" }, "geometry": { "type": "Point", "coordinates": [ 136.580364, 36.567889 ] } },
{ "type": "Feature", "properties": { "NO": "290", "施設・場所名": "安原小学校", "住所": "石川県金沢市福増町北1087", "受入対象者": "指定なし" }, "geometry": { "type": "Point", "coordinates": [ 136.579381, 36.56697 ] } },
{ "type": "Feature", "properties": { "NO": "291", "施設・場所名": "キゴ山ふれあい研修センターこども交流棟", "住所": "石川県金沢市平等本町カ13-1", "受入対象者": "指定なし" }, "geometry": { "type": "Point", "coordinates": [ 136.742925, 36.517973 ] } },
{ "type": "Feature", "properties": { "NO": "292", "施設・場所名": "金沢大学附属中学校", "住所": "石川県金沢市平和町1-1-15", "受入対象者": "指定なし" }, "geometry": { "type": "Point", "coordinates": [ 136.665657, 36.537496 ] } },
{ "type": "Feature", "properties": { "NO": "293", "施設・場所名": "金沢大学附属小学校", "住所": "石川県金沢市平和町1-1-15", "受入対象者": "指定なし" }, "geometry": { "type": "Point", "coordinates": [ 136.665952, 36.536719 ] } },
{ "type": "Feature", "properties": { "NO": "294", "施設・場所名": "金沢大学附属高校", "住所": "石川県金沢市平和町1-1-15", "受入対象者": "指定なし" }, "geometry": { "type": "Point", "coordinates": [ 136.664199, 36.538712 ] } },
{ "type": "Feature", "properties": { "NO": "295", "施設・場所名": "米泉小学校", "住所": "石川県金沢市米泉町4-133-2", "受入対象者": "指定なし" }, "geometry": { "type": "Point", "coordinates": [ 136.628178, 36.545744 ] } },
{ "type": "Feature", "properties": { "NO": "296", "施設・場所名": "金沢伏見高校", "住所": "石川県金沢市米泉町5-85", "受入対象者": "指定なし" }, "geometry": { "type": "Point", "coordinates": [ 136.627877, 36.549195 ] } },
{ "type": "Feature", "properties": { "NO": "297", "施設・場所名": "米泉公民館", "住所": "石川県金沢市米泉町8-126", "受入対象者": "指定なし" }, "geometry": { "type": "Point", "coordinates": [ 136.626489, 36.550538 ] } },
{ "type": "Feature", "properties": { "NO": "298", "施設・場所名": "内川小学校", "住所": "石川県金沢市別所町ヰ18", "受入対象者": "指定なし" }, "geometry": { "type": "Point", "coordinates": [ 136.676, 36.504468 ] } },
{ "type": "Feature", "properties": { "NO": "299", "施設・場所名": "内川中学校", "住所": "石川県金沢市別所町ヰ18", "受入対象者": "指定なし" }, "geometry": { "type": "Point", "coordinates": [ 136.676019, 36.504322 ] } },
{ "type": "Feature", "properties": { "NO": "300", "施設・場所名": "いしかわ子ども交流センター", "住所": "石川県金沢市法島町11-8", "受入対象者": "指定なし" }, "geometry": { "type": "Point", "coordinates": [ 136.663358, 36.545967 ] } },
{ "type": "Feature", "properties": { "NO": "301", "施設・場所名": "芳斎公民館", "住所": "石川県金沢市芳斉2-3-43", "受入対象者": "指定なし" }, "geometry": { "type": "Point", "coordinates": [ 136.648943, 36.572117 ] } },
{ "type": "Feature", "properties": { "NO": "302", "施設・場所名": "金沢市立長町中学校芳斎分校・中央小学校芳斎分校", "住所": "石川県金沢市芳斉2-3-8", "受入対象者": "指定なし" }, "geometry": { "type": "Point", "coordinates": [ 136.649421, 36.572497 ] } },
{ "type": "Feature", "properties": { "NO": "303", "施設・場所名": "諸江町小学校", "住所": "石川県金沢市北安江2-25-1", "受入対象者": "指定なし" }, "geometry": { "type": "Point", "coordinates": [ 136.647934, 36.588635 ] } },
{ "type": "Feature", "properties": { "NO": "304", "施設・場所名": "金沢勤労者プラザ", "住所": "石川県金沢市北安江3-2-20", "受入対象者": "指定なし" }, "geometry": { "type": "Point", "coordinates": [ 136.64658, 36.583145 ] } },
{ "type": "Feature", "properties": { "NO": "305", "施設・場所名": "二塚公民館", "住所": "石川県金沢市北塚町西98", "受入対象者": "指定なし" }, "geometry": { "type": "Point", "coordinates": [ 136.597175, 36.572746 ] } },
{ "type": "Feature", "properties": { "NO": "306", "施設・場所名": "遊学館高校", "住所": "石川県金沢市本多町2-2-3", "受入対象者": "指定なし" }, "geometry": { "type": "Point", "coordinates": [ 136.661214, 36.555488 ] } },
{ "type": "Feature", "properties": { "NO": "307", "施設・場所名": "県立工業高校", "住所": "石川県金沢市本多町2-3-6", "受入対象者": "指定なし" }, "geometry": { "type": "Point", "coordinates": [ 136.662283, 36.556093 ] } },
{ "type": "Feature", "properties": { "NO": "308", "施設・場所名": "金沢学院大学附属高校", "住所": "石川県金沢市末町10", "受入対象者": "指定なし" }, "geometry": { "type": "Point", "coordinates": [ 136.695483, 36.514198 ] } },
{ "type": "Feature", "properties": { "NO": "309", "施設・場所名": "金沢学院大学", "住所": "石川県金沢市末町10", "受入対象者": "指定なし" }, "geometry": { "type": "Point", "coordinates": [ 136.695453, 36.517349 ] } },
{ "type": "Feature", "properties": { "NO": "310", "施設・場所名": "犀生中学校", "住所": "石川県金沢市末町10-4", "受入対象者": "指定なし" }, "geometry": { "type": "Point", "coordinates": [ 136.699816, 36.514617 ] } },
{ "type": "Feature", "properties": { "NO": "311", "施設・場所名": "犀川小学校", "住所": "石川県金沢市末町2-148", "受入対象者": "指定なし" }, "geometry": { "type": "Point", "coordinates": [ 136.698063, 36.511485 ] } },
{ "type": "Feature", "properties": { "NO": "312", "施設・場所名": "犀川公民館", "住所": "石川県金沢市末町6-67-1", "受入対象者": "指定なし" }, "geometry": { "type": "Point", "coordinates": [ 136.688191, 36.516908 ] } },
{ "type": "Feature", "properties": { "NO": "313", "施設・場所名": "金沢辰巳丘高校", "住所": "石川県金沢市末町ニ18", "受入対象者": "指定なし" }, "geometry": { "type": "Point", "coordinates": [ 136.691366, 36.520313 ] } },
{ "type": "Feature", "properties": { "NO": "314", "施設・場所名": "城北市民体育館", "住所": "石川県金沢市鳴和2-10-44", "受入対象者": "指定なし" }, "geometry": { "type": "Point", "coordinates": [ 136.669912, 36.587494 ] } },
{ "type": "Feature", "properties": { "NO": "315", "施設・場所名": "鳴和中学校", "住所": "石川県金沢市鳴和2-10-60", "受入対象者": "指定なし" }, "geometry": { "type": "Point", "coordinates": [ 136.671463, 36.586737 ] } },
{ "type": "Feature", "properties": { "NO": "316", "施設・場所名": "鳴和台市民体育会館", "住所": "石川県金沢市鳴和台285", "受入対象者": "指定なし" }, "geometry": { "type": "Point", "coordinates": [ 136.679262, 36.577022 ] } },
{ "type": "Feature", "properties": { "NO": "317", "施設・場所名": "木曳野小学校", "住所": "石川県金沢市木曳野1-1", "受入対象者": "指定なし" }, "geometry": { "type": "Point", "coordinates": [ 136.603656, 36.597788 ] } },
{ "type": "Feature", "properties": { "NO": "318", "施設・場所名": "城西市民体育館", "住所": "石川県金沢市木曳野1-3", "受入対象者": "指定なし" }, "geometry": { "type": "Point", "coordinates": [ 136.602991, 36.597966 ] } },
{ "type": "Feature", "properties": { "NO": "319", "施設・場所名": "旧野町小学校", "住所": "石川県金沢市野町3-11-1", "受入対象者": "指定なし" }, "geometry": { "type": "Point", "coordinates": [ 136.648103, 36.552825 ] } },
{ "type": "Feature", "properties": { "NO": "320", "施設・場所名": "野町公民館", "住所": "石川県金沢市野町3-11-1", "受入対象者": "指定なし" }, "geometry": { "type": "Point", "coordinates": [ 136.647406, 36.553143 ] } },
{ "type": "Feature", "properties": { "NO": "321", "施設・場所名": "泉中学校", "住所": "石川県金沢市弥生1-26-1", "受入対象者": "指定なし" }, "geometry": { "type": "Point", "coordinates": [ 136.645438, 36.549234 ] } },
{ "type": "Feature", "properties": { "NO": "322", "施設・場所名": "泉小学校", "住所": "石川県金沢市弥生1-26-1", "受入対象者": "指定なし" }, "geometry": { "type": "Point", "coordinates": [ 136.646372, 36.549728 ] } },
{ "type": "Feature", "properties": { "NO": "323", "施設・場所名": "弥生公民館", "住所": "石川県金沢市弥生1-29-13", "受入対象者": "指定なし" }, "geometry": { "type": "Point", "coordinates": [ 136.644666, 36.549361 ] } },
{ "type": "Feature", "properties": { "NO": "324", "施設・場所名": "森本中学校", "住所": "石川県金沢市弥勒町ヨ22", "受入対象者": "指定なし" }, "geometry": { "type": "Point", "coordinates": [ 136.69156, 36.615851 ] } },
{ "type": "Feature", "properties": { "NO": "325", "施設・場所名": "森本市民体育館", "住所": "石川県金沢市弥勒町ヨ50-1", "受入対象者": "指定なし" }, "geometry": { "type": "Point", "coordinates": [ 136.692531, 36.615829 ] } },
{ "type": "Feature", "properties": { "NO": "326", "施設・場所名": "三和小学校", "住所": "石川県金沢市矢木1-74", "受入対象者": "指定なし" }, "geometry": { "type": "Point", "coordinates": [ 136.59675, 36.558 ] } },
{ "type": "Feature", "properties": { "NO": "327", "施設・場所名": "南小立野小学校", "住所": "石川県金沢市涌波2-5-1", "受入対象者": "指定なし" }, "geometry": { "type": "Point", "coordinates": [ 136.681568, 36.537336 ] } },
{ "type": "Feature", "properties": { "NO": "328", "施設・場所名": "夕日寺公民館", "住所": "石川県金沢市夕日寺町ロ35", "受入対象者": "指定なし" }, "geometry": { "type": "Point", "coordinates": [ 136.705598, 36.572642 ] } },
{ "type": "Feature", "properties": { "NO": "329", "施設・場所名": "金沢二水高校", "住所": "石川県金沢市緑が丘20-15", "受入対象者": "指定なし" }, "geometry": { "type": "Point", "coordinates": [ 136.658205, 36.541064 ] } },
{ "type": "Feature", "properties": { "NO": "330", "施設・場所名": "泉野小学校", "住所": "石川県金沢市緑が丘4-64", "受入対象者": "指定なし" }, "geometry": { "type": "Point", "coordinates": [ 136.654222, 36.542226 ] } },
{ "type": "Feature", "properties": { "NO": "331", "施設・場所名": "新竪町公民館", "住所": "石川県金沢市鱗町62", "受入対象者": "指定なし" }, "geometry": { "type": "Point", "coordinates": [ 136.6569, 36.555893 ] } },
{ "type": "Feature", "properties": { "NO": "332", "施設・場所名": "旭ヶ丘婦人ホーム", "住所": "石川県穴水町字旭ケ丘に17", "受入対象者": "指定なし" }, "geometry": { "type": "Point", "coordinates": [ 136.983302, 37.223915 ] } },
{ "type": "Feature", "properties": { "NO": "333", "施設・場所名": "伊久留集会所", "住所": "石川県穴水町字伊久留ヨ6", "受入対象者": "指定なし" }, "geometry": { "type": "Point", "coordinates": [ 136.98137, 37.278108 ] } },
{ "type": "Feature", "properties": { "NO": "334", "施設・場所名": "諸橋公民館", "住所": "石川県穴水町字宇加川イ142", "受入対象者": "指定なし" }, "geometry": { "type": "Point", "coordinates": [ 137.065758, 37.224706 ] } },
{ "type": "Feature", "properties": { "NO": "335", "施設・場所名": "宇加川集会所", "住所": "石川県穴水町字宇加川ル61", "受入対象者": "指定なし" }, "geometry": { "type": "Point", "coordinates": [ 137.06694, 37.225464 ] } },
{ "type": "Feature", "properties": { "NO": "336", "施設・場所名": "宇留地地区集会所", "住所": "石川県穴水町字宇留地ツ101-1", "受入対象者": "指定なし" }, "geometry": { "type": "Point", "coordinates": [ 136.879488, 37.230346 ] } },
{ "type": "Feature", "properties": { "NO": "337", "施設・場所名": "沖波集会所", "住所": "石川県穴水町字沖波ホ338", "受入対象者": "指定なし" }, "geometry": { "type": "Point", "coordinates": [ 137.056944, 37.208882 ] } },
{ "type": "Feature", "properties": { "NO": "338", "施設・場所名": "乙ヶ崎集会所", "住所": "石川県穴水町字乙ケ崎ホ43", "受入対象者": "指定なし" }, "geometry": { "type": "Point", "coordinates": [ 136.907378, 37.220635 ] } },
{ "type": "Feature", "properties": { "NO": "339", "施設・場所名": "下唐川集会所", "住所": "石川県穴水町字下唐川へ18-1", "受入対象者": "指定なし" }, "geometry": { "type": "Point", "coordinates": [ 136.859939, 37.247723 ] } },
{ "type": "Feature", "properties": { "NO": "340", "施設・場所名": "岩車集会所", "住所": "石川県穴水町字岩車チ141", "受入対象者": "指定なし" }, "geometry": { "type": "Point", "coordinates": [ 136.954283, 37.216277 ] } },
{ "type": "Feature", "properties": { "NO": "341", "施設・場所名": "古君集会所", "住所": "石川県穴水町字古君ハ47", "受入対象者": "指定なし" }, "geometry": { "type": "Point", "coordinates": [ 137.071726, 37.235846 ] } },
{ "type": "Feature", "properties": { "NO": "342", "施設・場所名": "甲地区生涯学習センター", "住所": "石川県穴水町字甲レ155", "受入対象者": "指定なし" }, "geometry": { "type": "Point", "coordinates": [ 137.024794, 37.205827 ] } },
{ "type": "Feature", "properties": { "NO": "343", "施設・場所名": "此木集会所", "住所": "石川県穴水町字此木10-75", "受入対象者": "指定なし" }, "geometry": { "type": "Point", "coordinates": [ 136.900802, 37.24402 ] } },
{ "type": "Feature", "properties": { "NO": "344", "施設・場所名": "島崎地区集会所", "住所": "石川県穴水町字根木イ103", "受入対象者": "指定なし" }, "geometry": { "type": "Point", "coordinates": [ 136.909035, 37.196465 ] } },
{ "type": "Feature", "properties": { "NO": "345", "施設・場所名": "山中集会所", "住所": "石川県穴水町字山中ル15", "受入対象者": "指定なし" }, "geometry": { "type": "Point", "coordinates": [ 137.012882, 37.233508 ] } },
{ "type": "Feature", "properties": { "NO": "346", "施設・場所名": "朱鷺の苑", "住所": "石川県穴水町字志ケ浦15-1-3", "受入対象者": "高齢者" }, "geometry": { "type": "Point", "coordinates": [ 136.899084, 37.202564 ] } },
{ "type": "Feature", "properties": { "NO": "347", "施設・場所名": "志ヶ浦コミュニティセンター", "住所": "石川県穴水町字志ケ浦い36", "受入対象者": "指定なし" }, "geometry": { "type": "Point", "coordinates": [ 136.907564, 37.204046 ] } },
{ "type": "Feature", "properties": { "NO": "348", "施設・場所名": "鹿島地区コミュニティセンター", "住所": "石川県穴水町字鹿島33-1", "受入対象者": "指定なし" }, "geometry": { "type": "Point", "coordinates": [ 136.898898, 37.184809 ] } },
{ "type": "Feature", "properties": { "NO": "349", "施設・場所名": "旧鹿波小学校", "住所": "石川県穴水町字鹿波54-95-1", "受入対象者": "指定なし" }, "geometry": { "type": "Point", "coordinates": [ 136.988191, 37.202334 ] } },
{ "type": "Feature", "properties": { "NO": "350", "施設・場所名": "鹿波集会所", "住所": "石川県穴水町字鹿波55-196", "受入対象者": "指定なし" }, "geometry": { "type": "Point", "coordinates": [ 136.985608, 37.20229 ] } },
{ "type": "Feature", "properties": { "NO": "351", "施設・場所名": "上中集会所", "住所": "石川県穴水町字上中7-60", "受入対象者": "指定なし" }, "geometry": { "type": "Point", "coordinates": [ 136.817533, 37.240341 ] } },
{ "type": "Feature", "properties": { "NO": "352", "施設・場所名": "新崎地区集会所", "住所": "石川県穴水町字新崎2-144", "受入対象者": "指定なし" }, "geometry": { "type": "Point", "coordinates": [ 136.92522, 37.202022 ] } },
{ "type": "Feature", "properties": { "NO": "353", "施設・場所名": "瑞鳳集会所", "住所": "石川県穴水町字瑞鳳い58", "受入対象者": "指定なし" }, "geometry": { "type": "Point", "coordinates": [ 136.953761, 37.248661 ] } },
{ "type": "Feature", "properties": { "NO": "354", "施設・場所名": "菅谷樟谷地区活性化施設", "住所": "石川県穴水町字菅谷い56", "受入対象者": "指定なし" }, "geometry": { "type": "Point", "coordinates": [ 136.98302, 37.292046 ] } },
{ "type": "Feature", "properties": { "NO": "355", "施設・場所名": "穴水町林業センター", "住所": "石川県穴水町字川島サ29", "受入対象者": "指定なし" }, "geometry": { "type": "Point", "coordinates": [ 136.909989, 37.231106 ] } },
{ "type": "Feature", "properties": { "NO": "356", "施設・場所名": "穴水町保健センター", "住所": "石川県穴水町字川島タ38", "受入対象者": "指定なし" }, "geometry": { "type": "Point", "coordinates": [ 136.91025, 37.233406 ] } },
{ "type": "Feature", "properties": { "NO": "357", "施設・場所名": "穴水町老人保健施設", "住所": "石川県穴水町字川島タ38", "受入対象者": "指定なし" }, "geometry": { "type": "Point", "coordinates": [ 136.910104, 37.233414 ] } },
{ "type": "Feature", "properties": { "NO": "358", "施設・場所名": "穴水町あすなろ広場", "住所": "石川県穴水町字川島ツ127-1", "受入対象者": "指定なし" }, "geometry": { "type": "Point", "coordinates": [ 136.913042, 37.226415 ] } },
{ "type": "Feature", "properties": { "NO": "359", "施設・場所名": "穴水町役場", "住所": "石川県穴水町字川島ラ174", "受入対象者": "指定なし" }, "geometry": { "type": "Point", "coordinates": [ 136.912393, 37.230956 ] } },
{ "type": "Feature", "properties": { "NO": "360", "施設・場所名": "歴史民俗資料館", "住所": "石川県穴水町字川島ラ197-15", "受入対象者": "指定なし" }, "geometry": { "type": "Point", "coordinates": [ 136.9159, 37.228078 ] } },
{ "type": "Feature", "properties": { "NO": "361", "施設・場所名": "キャッスル真名井", "住所": "石川県穴水町字川島井61-1", "受入対象者": "指定なし" }, "geometry": { "type": "Point", "coordinates": [ 136.917998, 37.222908 ] } },
{ "type": "Feature", "properties": { "NO": "362", "施設・場所名": "前波集会所", "住所": "石川県穴水町字前波ホ177-1", "受入対象者": "指定なし" }, "geometry": { "type": "Point", "coordinates": [ 137.067532, 37.219409 ] } },
{ "type": "Feature", "properties": { "NO": "363", "施設・場所名": "曽福集会所", "住所": "石川県穴水町字曽福チ71", "受入対象者": "指定なし" }, "geometry": { "type": "Point", "coordinates": [ 136.89363, 37.174551 ] } },
{ "type": "Feature", "properties": { "NO": "364", "施設・場所名": "旧兜小学校", "住所": "石川県穴水町字曽良4-7-1", "受入対象者": "指定なし" }, "geometry": { "type": "Point", "coordinates": [ 137.023453, 37.19451 ] } },
{ "type": "Feature", "properties": { "NO": "365", "施設・場所名": "曽良集会所", "住所": "石川県穴水町字曽良ヌ32", "受入対象者": "指定なし" }, "geometry": { "type": "Point", "coordinates": [ 137.019749, 37.191797 ] } },
{ "type": "Feature", "properties": { "NO": "366", "施設・場所名": "さわやか交流館プルート", "住所": "石川県穴水町字大町ト3-3", "受入対象者": "指定なし" }, "geometry": { "type": "Point", "coordinates": [ 136.905631, 37.228381 ] } },
{ "type": "Feature", "properties": { "NO": "367", "施設・場所名": "穴水中学校", "住所": "石川県穴水町字大町ヌ201", "受入対象者": "指定なし" }, "geometry": { "type": "Point", "coordinates": [ 136.899629, 37.230379 ] } },
{ "type": "Feature", "properties": { "NO": "368", "施設・場所名": "来迎寺地区集会所", "住所": "石川県穴水町字大町ヨ191", "受入対象者": "指定なし" }, "geometry": { "type": "Point", "coordinates": [ 136.894281, 37.226272 ] } },
{ "type": "Feature", "properties": { "NO": "369", "施設・場所名": "穴水町放課後児童福祉施設", "住所": "石川県穴水町字大町ロ140-1", "受入対象者": "指定なし" }, "geometry": { "type": "Point", "coordinates": [ 136.908306, 37.226992 ] } },
{ "type": "Feature", "properties": { "NO": "370", "施設・場所名": "穴水小学校", "住所": "石川県穴水町字大町ロ165-1", "受入対象者": "指定なし" }, "geometry": { "type": "Point", "coordinates": [ 136.907502, 37.227363 ] } },
{ "type": "Feature", "properties": { "NO": "371", "施設・場所名": "Ｂ＆Ｇ武道館", "住所": "石川県穴水町字大町ロ19", "受入対象者": "指定なし" }, "geometry": { "type": "Point", "coordinates": [ 136.908116, 37.227622 ] } },
{ "type": "Feature", "properties": { "NO": "372", "施設・場所名": "Ｂ＆Ｇ体育館", "住所": "石川県穴水町字大町ロ19", "受入対象者": "指定なし" }, "geometry": { "type": "Point", "coordinates": [ 136.908304, 37.227344 ] } },
{ "type": "Feature", "properties": { "NO": "373", "施設・場所名": "住吉農村環境改善センター", "住所": "石川県穴水町字中居ロ100", "受入対象者": "指定なし" }, "geometry": { "type": "Point", "coordinates": [ 136.946297, 37.232139 ] } },
{ "type": "Feature", "properties": { "NO": "374", "施設・場所名": "中居鋳物会館", "住所": "石川県穴水町字中居ロ110", "受入対象者": "指定なし" }, "geometry": { "type": "Point", "coordinates": [ 136.946467, 37.23233 ] } },
{ "type": "Feature", "properties": { "NO": "375", "施設・場所名": "中居地区活性化施設", "住所": "石川県穴水町字中居南1-150", "受入対象者": "指定なし" }, "geometry": { "type": "Point", "coordinates": [ 136.944676, 37.228679 ] } },
{ "type": "Feature", "properties": { "NO": "376", "施設・場所名": "のとふれあい文化センター", "住所": "石川県穴水町字内浦5-28-3", "受入対象者": "指定なし" }, "geometry": { "type": "Point", "coordinates": [ 136.922006, 37.223063 ] } },
{ "type": "Feature", "properties": { "NO": "377", "施設・場所名": "梶・波志借集会所", "住所": "石川県穴水町字波志借ロ11", "受入対象者": "指定なし" }, "geometry": { "type": "Point", "coordinates": [ 136.940538, 37.242509 ] } },
{ "type": "Feature", "properties": { "NO": "378", "施設・場所名": "比良地区集会所", "住所": "石川県穴水町字比良", "受入対象者": "指定なし" }, "geometry": { "type": "Point", "coordinates": [ 136.962881, 37.237131 ] } },
{ "type": "Feature", "properties": { "NO": "379", "施設・場所名": "旧向洋中学校", "住所": "石川県穴水町字比良い50", "受入対象者": "指定なし" }, "geometry": { "type": "Point", "coordinates": [ 136.966758, 37.234497 ] } },
{ "type": "Feature", "properties": { "NO": "380", "施設・場所名": "向洋小学校", "住所": "石川県穴水町字比良イ24", "受入対象者": "指定なし" }, "geometry": { "type": "Point", "coordinates": [ 136.951437, 37.234476 ] } },
{ "type": "Feature", "properties": { "NO": "381", "施設・場所名": "明千寺集会所", "住所": "石川県穴水町字明千寺カ70", "受入対象者": "指定なし" }, "geometry": { "type": "Point", "coordinates": [ 137.058551, 37.229503 ] } },
{ "type": "Feature", "properties": { "NO": "382", "施設・場所名": "木原地区集会所", "住所": "石川県穴水町字木原ろ159", "受入対象者": "指定なし" }, "geometry": { "type": "Point", "coordinates": [ 136.9602, 37.28302 ] } },
{ "type": "Feature", "properties": { "NO": "383", "施設・場所名": "藤巻集会所", "住所": "石川県穴水町字木原リ－３７甲", "受入対象者": "指定なし" }, "geometry": { "type": "Point", "coordinates": [ 136.956263, 37.276769 ] } },
{ "type": "Feature", "properties": { "NO": "384", "施設・場所名": "由比ヶ丘会館", "住所": "石川県穴水町字由比ケ丘は2-9", "受入対象者": "指定なし" }, "geometry": { "type": "Point", "coordinates": [ 136.920329, 37.231208 ] } },
{ "type": "Feature", "properties": { "NO": "385", "施設・場所名": "デイサービスセンター　アイリス", "住所": "石川県志賀町給分ニ27-1", "受入対象者": "要配慮者のうち、町が特定した者" }, "geometry": { "type": "Point", "coordinates": [ 136.725899, 37.150969 ] } },
{ "type": "Feature", "properties": { "NO": "386", "施設・場所名": "特別養護老人ホーム　アイリス", "住所": "石川県志賀町給分ニ27-1", "受入対象者": "要配慮者のうち、町が特定した者" }, "geometry": { "type": "Point", "coordinates": [ 136.725816, 37.150991 ] } },
{ "type": "Feature", "properties": { "NO": "387", "施設・場所名": "志賀町文化ホール", "住所": "石川県志賀町高浜町カ1-1", "受入対象者": "指定なし" }, "geometry": { "type": "Point", "coordinates": [ 136.775277, 37.010346 ] } },
{ "type": "Feature", "properties": { "NO": "388", "施設・場所名": "志賀町保健福祉センター", "住所": "石川県志賀町高浜町カ1-1", "受入対象者": "指定なし" }, "geometry": { "type": "Point", "coordinates": [ 136.774934, 37.010527 ] } },
{ "type": "Feature", "properties": { "NO": "389", "施設・場所名": "志賀高等学校", "住所": "石川県志賀町高浜町ノ170", "受入対象者": "指定なし" }, "geometry": { "type": "Point", "coordinates": [ 136.771627, 37.001336 ] } },
{ "type": "Feature", "properties": { "NO": "390", "施設・場所名": "志賀町デイサービスセンター", "住所": "石川県志賀町高浜町レ24-1", "受入対象者": "要配慮者のうち、町が特定した者" }, "geometry": { "type": "Point", "coordinates": [ 136.772269, 37.007515 ] } },
{ "type": "Feature", "properties": { "NO": "391", "施設・場所名": "稗造防災センター", "住所": "石川県志賀町今田2-15", "受入対象者": "指定なし" }, "geometry": { "type": "Point", "coordinates": [ 136.782792, 37.166641 ] } },
{ "type": "Feature", "properties": { "NO": "392", "施設・場所名": "西浦防災センター", "住所": "石川県志賀町鹿頭と122-1", "受入対象者": "指定なし" }, "geometry": { "type": "Point", "coordinates": [ 136.683079, 37.179771 ] } },
{ "type": "Feature", "properties": { "NO": "393", "施設・場所名": "はまなす園富来デイサービスセンター", "住所": "石川県志賀町酒見河原51", "受入対象者": "要配慮者のうち、町が特定した者" }, "geometry": { "type": "Point", "coordinates": [ 136.701443, 37.152591 ] } },
{ "type": "Feature", "properties": { "NO": "394", "施設・場所名": "地域交流センター", "住所": "石川県志賀町西山台1-1", "受入対象者": "指定なし" }, "geometry": { "type": "Point", "coordinates": [ 136.799611, 37.007195 ] } },
{ "type": "Feature", "properties": { "NO": "395", "施設・場所名": "はまなす園デイサービスセンター", "住所": "石川県志賀町赤住ハ4-1", "受入対象者": "要配慮者のうち、町が特定した者" }, "geometry": { "type": "Point", "coordinates": [ 136.740532, 37.049765 ] } },
{ "type": "Feature", "properties": { "NO": "396", "施設・場所名": "富来小学校", "住所": "石川県志賀町相神に80", "受入対象者": "指定なし" }, "geometry": { "type": "Point", "coordinates": [ 136.717614, 37.156349 ] } },
{ "type": "Feature", "properties": { "NO": "397", "施設・場所名": "志賀町総合武道館", "住所": "石川県志賀町町ヘ１の1", "受入対象者": "指定なし" }, "geometry": { "type": "Point", "coordinates": [ 136.763453, 37.024741 ] } },
{ "type": "Feature", "properties": { "NO": "398", "施設・場所名": "旧下甘田保育園", "住所": "石川県志賀町二所宮ノ59-2", "受入対象者": "指定なし" }, "geometry": { "type": "Point", "coordinates": [ 136.808117, 36.98413 ] } },
{ "type": "Feature", "properties": { "NO": "399", "施設・場所名": "富来防災センター", "住所": "石川県志賀町富来高田2-41", "受入対象者": "指定なし" }, "geometry": { "type": "Point", "coordinates": [ 136.734205, 37.143788 ] } },
{ "type": "Feature", "properties": { "NO": "400", "施設・場所名": "富来中学校", "住所": "石川県志賀町富来領家町ハ1", "受入対象者": "指定なし" }, "geometry": { "type": "Point", "coordinates": [ 136.728851, 37.144774 ] } },
{ "type": "Feature", "properties": { "NO": "401", "施設・場所名": "富来活性化センター", "住所": "石川県志賀町富来領家町甲10", "受入対象者": "指定なし" }, "geometry": { "type": "Point", "coordinates": [ 136.725376, 37.144163 ] } },
{ "type": "Feature", "properties": { "NO": "402", "施設・場所名": "旧福浦小学校", "住所": "石川県志賀町福浦港4-4-2", "受入対象者": "指定なし" }, "geometry": { "type": "Point", "coordinates": [ 136.723509, 37.077459 ] } },
{ "type": "Feature", "properties": { "NO": "403", "施設・場所名": "グループホーム　あじさい", "住所": "石川県志賀町仏木ク15-20", "受入対象者": "要配慮者のうち、町が特定した者" }, "geometry": { "type": "Point", "coordinates": [ 136.81804, 37.05291 ] } },
{ "type": "Feature", "properties": { "NO": "404", "施設・場所名": "介護老人保健施設　有縁の荘", "住所": "石川県志賀町仏木ク15-20", "受入対象者": "要配慮者のうち、町が特定した者" }, "geometry": { "type": "Point", "coordinates": [ 136.818056, 37.052692 ] } },
{ "type": "Feature", "properties": { "NO": "405", "施設・場所名": "旧土田小学校", "住所": "石川県志賀町仏木マ4", "受入対象者": "指定なし" }, "geometry": { "type": "Point", "coordinates": [ 136.824424, 37.054918 ] } },
{ "type": "Feature", "properties": { "NO": "406", "施設・場所名": "北大呑地区コミュニティセンター", "住所": "石川県七尾市庵町ウ23-2", "受入対象者": "指定なし" }, "geometry": { "type": "Point", "coordinates": [ 137.046191, 37.040697 ] } },
{ "type": "Feature", "properties": { "NO": "407", "施設・場所名": "大呑放課後児童クラブ", "住所": "石川県七尾市庵町ヨ31", "受入対象者": "指定なし" }, "geometry": { "type": "Point", "coordinates": [ 137.04849, 37.026317 ] } },
{ "type": "Feature", "properties": { "NO": "408", "施設・場所名": "田鶴浜地区コミュニティセンター相馬分館", "住所": "石川県七尾市伊久留町ム2", "受入対象者": "指定なし" }, "geometry": { "type": "Point", "coordinates": [ 136.889646, 37.029418 ] } },
{ "type": "Feature", "properties": { "NO": "409", "施設・場所名": "御祓地区コミュニティセンター", "住所": "石川県七尾市一本杉町124", "受入対象者": "指定なし" }, "geometry": { "type": "Point", "coordinates": [ 136.961379, 37.048276 ] } },
{ "type": "Feature", "properties": { "NO": "410", "施設・場所名": "崎山地区コミュニティセンター", "住所": "石川県七尾市鵜浦町下13-2", "受入対象者": "指定なし" }, "geometry": { "type": "Point", "coordinates": [ 137.046416, 37.09718 ] } },
{ "type": "Feature", "properties": { "NO": "411", "施設・場所名": "県立七尾特別支援学校", "住所": "石川県七尾市下町己54", "受入対象者": "指定なし" }, "geometry": { "type": "Point", "coordinates": [ 136.93439, 37.016603 ] } },
{ "type": "Feature", "properties": { "NO": "412", "施設・場所名": "県立七尾東雲高等学校", "住所": "石川県七尾市下町戊部12-1", "受入対象者": "指定なし" }, "geometry": { "type": "Point", "coordinates": [ 136.929546, 37.012603 ] } },
{ "type": "Feature", "properties": { "NO": "413", "施設・場所名": "南部体育館", "住所": "石川県七尾市下町戌17-1", "受入対象者": "指定なし" }, "geometry": { "type": "Point", "coordinates": [ 136.929902, 37.010298 ] } },
{ "type": "Feature", "properties": { "NO": "414", "施設・場所名": "朝日小学校", "住所": "石川県七尾市下町戌17-1", "受入対象者": "指定なし" }, "geometry": { "type": "Point", "coordinates": [ 136.930669, 37.009981 ] } },
{ "type": "Feature", "properties": { "NO": "415", "施設・場所名": "田鶴浜地区コミュニティセンター", "住所": "石川県七尾市垣吉町へ24", "受入対象者": "指定なし" }, "geometry": { "type": "Point", "coordinates": [ 136.894996, 37.059777 ] } },
{ "type": "Feature", "properties": { "NO": "416", "施設・場所名": "七尾市城山体育館", "住所": "石川県七尾市後畠町後山4-5", "受入対象者": "指定なし" }, "geometry": { "type": "Point", "coordinates": [ 136.971205, 37.02613 ] } },
{ "type": "Feature", "properties": { "NO": "417", "施設・場所名": "小規模多機能型居宅介護施設あっとほーむコモド", "住所": "石川県七尾市黒崎町へ部32", "受入対象者": "事前に市と施設で 特定した者（高齢者）" }, "geometry": { "type": "Point", "coordinates": [ 137.050898, 36.979852 ] } },
{ "type": "Feature", "properties": { "NO": "418", "施設・場所名": "旧　涛南中学校", "住所": "石川県七尾市黒崎町サ20-1", "受入対象者": "指定なし" }, "geometry": { "type": "Point", "coordinates": [ 137.051935, 36.99453 ] } },
{ "type": "Feature", "properties": { "NO": "419", "施設・場所名": "南大呑地区コミュニティセンター", "住所": "石川県七尾市黒崎町関上野342-8", "受入対象者": "指定なし" }, "geometry": { "type": "Point", "coordinates": [ 137.048994, 36.983159 ] } },
{ "type": "Feature", "properties": { "NO": "420", "施設・場所名": "東湊小学校", "住所": "石川県七尾市佐味町10-4", "受入対象者": "指定なし" }, "geometry": { "type": "Point", "coordinates": [ 136.998269, 37.047078 ] } },
{ "type": "Feature", "properties": { "NO": "421", "施設・場所名": "東湊地区コミュニティセンター", "住所": "石川県七尾市佐味町ト2-3", "受入対象者": "指定なし" }, "geometry": { "type": "Point", "coordinates": [ 136.997601, 37.048351 ] } },
{ "type": "Feature", "properties": { "NO": "422", "施設・場所名": "山王小学校", "住所": "石川県七尾市山王町ツ34", "受入対象者": "指定なし" }, "geometry": { "type": "Point", "coordinates": [ 136.974352, 37.041536 ] } },
{ "type": "Feature", "properties": { "NO": "423", "施設・場所名": "小丸山小学校", "住所": "石川県七尾市小島町チ3", "受入対象者": "指定なし" }, "geometry": { "type": "Point", "coordinates": [ 136.95343, 37.04682 ] } },
{ "type": "Feature", "properties": { "NO": "424", "施設・場所名": "七尾総合市民体育館", "住所": "石川県七尾市小島町西4", "受入対象者": "指定なし" }, "geometry": { "type": "Point", "coordinates": [ 136.952577, 37.043801 ] } },
{ "type": "Feature", "properties": { "NO": "425", "施設・場所名": "七尾市武道館", "住所": "石川県七尾市小島町西5", "受入対象者": "指定なし" }, "geometry": { "type": "Point", "coordinates": [ 136.953459, 37.043652 ] } },
{ "type": "Feature", "properties": { "NO": "426", "施設・場所名": "県立田鶴浜高等学校", "住所": "石川県七尾市上野ヶ丘町59", "受入対象者": "指定なし" }, "geometry": { "type": "Point", "coordinates": [ 136.883286, 37.059367 ] } },
{ "type": "Feature", "properties": { "NO": "427", "施設・場所名": "県立七尾高等学校", "住所": "石川県七尾市西藤橋町エ1-1", "受入対象者": "指定なし" }, "geometry": { "type": "Point", "coordinates": [ 136.958846, 37.042442 ] } },
{ "type": "Feature", "properties": { "NO": "428", "施設・場所名": "県立七尾城北高等学校", "住所": "石川県七尾市西藤橋町エ1-1", "受入対象者": "指定なし" }, "geometry": { "type": "Point", "coordinates": [ 136.959555, 37.043307 ] } },
{ "type": "Feature", "properties": { "NO": "429", "施設・場所名": "身体障害者施設青山彩光苑ライフサポートセンター", "住所": "石川県七尾市青山町ろ22", "受入対象者": "事前に市と施設で特定した者（障害者）" }, "geometry": { "type": "Point", "coordinates": [ 136.917554, 37.045176 ] } },
{ "type": "Feature", "properties": { "NO": "430", "施設・場所名": "短期入所事業青山彩光苑ライフサポートセンター", "住所": "石川県七尾市青山町ろ22", "受入対象者": "事前に市と施設で特定した者（障害者）" }, "geometry": { "type": "Point", "coordinates": [ 136.917581, 37.045082 ] } },
{ "type": "Feature", "properties": { "NO": "431", "施設・場所名": "身体障害者施設青山彩光苑リハビリテーションセンター", "住所": "石川県七尾市青山町ろ22", "受入対象者": "事前に市と施設で特定した者（障害者）" }, "geometry": { "type": "Point", "coordinates": [ 136.917431, 37.045874 ] } },
{ "type": "Feature", "properties": { "NO": "432", "施設・場所名": "和倉温泉運動公園", "住所": "石川県七尾市石崎町チ32-1", "受入対象者": "指定なし" }, "geometry": { "type": "Point", "coordinates": [ 136.930263, 37.086119 ] } },
{ "type": "Feature", "properties": { "NO": "433", "施設・場所名": "能登香島中学校", "住所": "石川県七尾市石崎町香島1-96", "受入対象者": "指定なし" }, "geometry": { "type": "Point", "coordinates": [ 136.927711, 37.080272 ] } },
{ "type": "Feature", "properties": { "NO": "434", "施設・場所名": "石崎小学校", "住所": "石川県七尾市石崎町子40", "受入対象者": "指定なし" }, "geometry": { "type": "Point", "coordinates": [ 136.93077, 37.075351 ] } },
{ "type": "Feature", "properties": { "NO": "435", "施設・場所名": "特別養護老人ホームななみの里", "住所": "石川県七尾市石崎町泉台1-1", "受入対象者": "事前に市と施設で特定した者（高齢者）" }, "geometry": { "type": "Point", "coordinates": [ 136.930281, 37.082772 ] } },
{ "type": "Feature", "properties": { "NO": "436", "施設・場所名": "介護老人福祉施設千寿苑", "住所": "石川県七尾市千野町に15", "受入対象者": "事前に市と施設で特定した者（高齢者）" }, "geometry": { "type": "Point", "coordinates": [ 136.953223, 37.017814 ] } },
{ "type": "Feature", "properties": { "NO": "437", "施設・場所名": "ふれあいセンター山びこ荘", "住所": "石川県七尾市多根町ハカノ谷内555-7", "受入対象者": "指定なし" }, "geometry": { "type": "Point", "coordinates": [ 136.960892, 36.975587 ] } },
{ "type": "Feature", "properties": { "NO": "438", "施設・場所名": "旧　高階保育園", "住所": "石川県七尾市池崎町い23", "受入対象者": "指定なし" }, "geometry": { "type": "Point", "coordinates": [ 136.90759, 37.032272 ] } },
{ "type": "Feature", "properties": { "NO": "439", "施設・場所名": "中島お祭り資料館・伝承館", "住所": "石川県七尾市中島町横田1-148", "受入対象者": "指定なし" }, "geometry": { "type": "Point", "coordinates": [ 136.832424, 37.129179 ] } },
{ "type": "Feature", "properties": { "NO": "440", "施設・場所名": "中島健康福祉センターすこやか", "住所": "石川県七尾市中島町河崎ヌ50-1", "受入対象者": "指定なし" }, "geometry": { "type": "Point", "coordinates": [ 136.847537, 37.106998 ] } },
{ "type": "Feature", "properties": { "NO": "441", "施設・場所名": "旧　西岸小学校", "住所": "石川県七尾市中島町外2-1", "受入対象者": "指定なし" }, "geometry": { "type": "Point", "coordinates": [ 136.877805, 37.148466 ] } },
{ "type": "Feature", "properties": { "NO": "442", "施設・場所名": "中島地区コミュニティセンター笠師保分館", "住所": "石川県七尾市中島町笠師ミ63", "受入対象者": "指定なし" }, "geometry": { "type": "Point", "coordinates": [ 136.857804, 37.095334 ] } },
{ "type": "Feature", "properties": { "NO": "443", "施設・場所名": "介護老人保健施設寿老園", "住所": "石川県七尾市中島町鹿島台は14-1", "受入対象者": "事前に市と施設で特定した者（高齢者）" }, "geometry": { "type": "Point", "coordinates": [ 136.88762, 37.130853 ] } },
{ "type": "Feature", "properties": { "NO": "444", "施設・場所名": "秀楽苑デイサービスセンター", "住所": "石川県七尾市中島町鹿島台は17-3", "受入対象者": "事前に市と施設で特定した者（高齢者）" }, "geometry": { "type": "Point", "coordinates": [ 136.889788, 37.130789 ] } },
{ "type": "Feature", "properties": { "NO": "445", "施設・場所名": "特別養護老人ホーム秀楽苑", "住所": "石川県七尾市中島町鹿島台は17-3", "受入対象者": "事前に市と施設で特定した者（高齢者）" }, "geometry": { "type": "Point", "coordinates": [ 136.889777, 37.131046 ] } },
{ "type": "Feature", "properties": { "NO": "446", "施設・場所名": "七尾市生活支援ハウス白南風白南風デイサービスセンター", "住所": "石川県七尾市中島町鹿島台は部14-4", "受入対象者": "事前に市と施設で 特定した者（高齢者）" }, "geometry": { "type": "Point", "coordinates": [ 136.887627, 37.131167 ] } },
{ "type": "Feature", "properties": { "NO": "447", "施設・場所名": "中島地区コミュニティセンター西岸分館", "住所": "石川県七尾市中島町小牧タ18-1", "受入対象者": "指定なし" }, "geometry": { "type": "Point", "coordinates": [ 136.872366, 37.142216 ] } },
{ "type": "Feature", "properties": { "NO": "448", "施設・場所名": "中島小学校", "住所": "石川県七尾市中島町上町チ26-2", "受入対象者": "指定なし" }, "geometry": { "type": "Point", "coordinates": [ 136.84262, 37.121583 ] } },
{ "type": "Feature", "properties": { "NO": "449", "施設・場所名": "中島地区コミュニティセンター熊木分館", "住所": "石川県七尾市中島町上町ヲ113", "受入対象者": "指定なし" }, "geometry": { "type": "Point", "coordinates": [ 136.843472, 37.126694 ] } },
{ "type": "Feature", "properties": { "NO": "450", "施設・場所名": "中島地区コミュニティセンター釶打分館", "住所": "石川県七尾市中島町西谷内ヘ98", "受入対象者": "指定なし" }, "geometry": { "type": "Point", "coordinates": [ 136.811899, 37.150593 ] } },
{ "type": "Feature", "properties": { "NO": "451", "施設・場所名": "中島体育館", "住所": "石川県七尾市中島町中島甲63-1", "受入対象者": "指定なし" }, "geometry": { "type": "Point", "coordinates": [ 136.85263, 37.122868 ] } },
{ "type": "Feature", "properties": { "NO": "452", "施設・場所名": "中島文化センター", "住所": "石川県七尾市中島町中島上9", "受入対象者": "指定なし" }, "geometry": { "type": "Point", "coordinates": [ 136.853702, 37.121976 ] } },
{ "type": "Feature", "properties": { "NO": "453", "施設・場所名": "中島釶打農林漁家高齢者センター", "住所": "石川県七尾市中島町藤瀬3-122-1", "受入対象者": "指定なし" }, "geometry": { "type": "Point", "coordinates": [ 136.817944, 37.14354 ] } },
{ "type": "Feature", "properties": { "NO": "454", "施設・場所名": "中島地区コミュニティセンター豊川分館", "住所": "石川県七尾市中島町豊田町ル13-1", "受入対象者": "指定なし" }, "geometry": { "type": "Point", "coordinates": [ 136.833954, 37.100802 ] } },
{ "type": "Feature", "properties": { "NO": "455", "施設・場所名": "徳田地区コミュニティセンター", "住所": "石川県七尾市中挾町リ3-1", "受入対象者": "指定なし" }, "geometry": { "type": "Point", "coordinates": [ 136.948955, 37.012325 ] } },
{ "type": "Feature", "properties": { "NO": "456", "施設・場所名": "高階地区コミュニティセンター", "住所": "石川県七尾市町屋町ホ55", "受入対象者": "指定なし" }, "geometry": { "type": "Point", "coordinates": [ 136.90196, 37.032736 ] } },
{ "type": "Feature", "properties": { "NO": "457", "施設・場所名": "介護老人保健施設和光苑", "住所": "石川県七尾市津向町ト107", "受入対象者": "事前に市と施設で特定した者（高齢者）" }, "geometry": { "type": "Point", "coordinates": [ 136.955373, 37.056124 ] } },
{ "type": "Feature", "properties": { "NO": "458", "施設・場所名": "介護老人福祉施設エレガンテなぎの浦", "住所": "石川県七尾市津向町ト107-4", "受入対象者": "事前に市と施設で特定した者（高齢者）" }, "geometry": { "type": "Point", "coordinates": [ 136.95507, 37.056606 ] } },
{ "type": "Feature", "properties": { "NO": "459", "施設・場所名": "ケアハウスアンジェリィなぎの浦", "住所": "石川県七尾市津向町ト部107-4", "受入対象者": "事前に市と施設で特定した者（高齢者）" }, "geometry": { "type": "Point", "coordinates": [ 136.955167, 37.056494 ] } },
{ "type": "Feature", "properties": { "NO": "460", "施設・場所名": "通所介護事業所エレガンテなぎの浦", "住所": "石川県七尾市津向町ト部107-4", "受入対象者": "事前に市と施設で特定した者（高齢者）" }, "geometry": { "type": "Point", "coordinates": [ 136.955247, 37.056405 ] } },
{ "type": "Feature", "properties": { "NO": "461", "施設・場所名": "西湊地区コミュニティセンター", "住所": "石川県七尾市津向町松山1", "受入対象者": "指定なし" }, "geometry": { "type": "Point", "coordinates": [ 136.950475, 37.057686 ] } },
{ "type": "Feature", "properties": { "NO": "462", "施設・場所名": "郷橋ふれあいセンター", "住所": "石川県七尾市殿町ル67", "受入対象者": "指定なし" }, "geometry": { "type": "Point", "coordinates": [ 137.023149, 37.050594 ] } },
{ "type": "Feature", "properties": { "NO": "463", "施設・場所名": "田鶴浜体育館", "住所": "石川県七尾市田鶴浜町ニ144", "受入対象者": "指定なし" }, "geometry": { "type": "Point", "coordinates": [ 136.892649, 37.060241 ] } },
{ "type": "Feature", "properties": { "NO": "464", "施設・場所名": "健康福祉プラザさつき苑", "住所": "石川県七尾市田鶴浜町ハ3", "受入対象者": "指定なし" }, "geometry": { "type": "Point", "coordinates": [ 136.889395, 37.062347 ] } },
{ "type": "Feature", "properties": { "NO": "465", "施設・場所名": "田鶴浜小学校", "住所": "石川県七尾市田鶴浜町ホ365", "受入対象者": "指定なし" }, "geometry": { "type": "Point", "coordinates": [ 136.891937, 37.059432 ] } },
{ "type": "Feature", "properties": { "NO": "466", "施設・場所名": "通所介護事業所デイサービスセンターもみの木苑", "住所": "石川県七尾市田鶴浜町リ27", "受入対象者": "事前に市と施設で特定した者（高齢者）" }, "geometry": { "type": "Point", "coordinates": [ 136.888138, 37.064479 ] } },
{ "type": "Feature", "properties": { "NO": "467", "施設・場所名": "田鶴浜武道館", "住所": "石川県七尾市田鶴浜町二63", "受入対象者": "指定なし" }, "geometry": { "type": "Point", "coordinates": [ 136.892754, 37.061202 ] } },
{ "type": "Feature", "properties": { "NO": "468", "施設・場所名": "旧　北嶺中学校", "住所": "石川県七尾市湯川町3-68-2", "受入対象者": "指定なし" }, "geometry": { "type": "Point", "coordinates": [ 137.042607, 37.083338 ] } },
{ "type": "Feature", "properties": { "NO": "469", "施設・場所名": "七尾中学校", "住所": "石川県七尾市藤橋町辰部52-1", "受入対象者": "指定なし" }, "geometry": { "type": "Point", "coordinates": [ 136.958597, 37.037941 ] } },
{ "type": "Feature", "properties": { "NO": "470", "施設・場所名": "七尾東部中学校", "住所": "石川県七尾市藤野町リ1", "受入対象者": "指定なし" }, "geometry": { "type": "Point", "coordinates": [ 136.969073, 37.027671 ] } },
{ "type": "Feature", "properties": { "NO": "471", "施設・場所名": "能登島地区コミュニティセンター", "住所": "石川県七尾市能登島向田町ろ8-1", "受入対象者": "指定なし" }, "geometry": { "type": "Point", "coordinates": [ 136.996501, 37.12605 ] } },
{ "type": "Feature", "properties": { "NO": "472", "施設・場所名": "能登島小学校", "住所": "石川県七尾市能登島向田町ロ15", "受入対象者": "指定なし" }, "geometry": { "type": "Point", "coordinates": [ 136.997507, 37.123121 ] } },
{ "type": "Feature", "properties": { "NO": "473", "施設・場所名": "能登島生涯学習総合センター", "住所": "石川県七尾市能登島向田町五級63-1", "受入対象者": "指定なし" }, "geometry": { "type": "Point", "coordinates": [ 136.994015, 37.121941 ] } },
{ "type": "Feature", "properties": { "NO": "474", "施設・場所名": "能登島武道館立野", "住所": "石川県七尾市能登島向田町五級63-1", "受入対象者": "指定なし" }, "geometry": { "type": "Point", "coordinates": [ 136.994235, 37.122988 ] } },
{ "type": "Feature", "properties": { "NO": "475", "施設・場所名": "特別養護老人ホームのとじま悠々ホーム", "住所": "石川県七尾市能登島半浦町５部6-2", "受入対象者": "事前に市と施設で特定した者（高齢者）" }, "geometry": { "type": "Point", "coordinates": [ 136.928453, 37.123943 ] } },
{ "type": "Feature", "properties": { "NO": "476", "施設・場所名": "ケアハウスビハーラの里", "住所": "石川県七尾市能登島半浦町６部11-1", "受入対象者": "事前に市と施設で特定した者（高齢者）" }, "geometry": { "type": "Point", "coordinates": [ 136.930588, 37.124238 ] } },
{ "type": "Feature", "properties": { "NO": "477", "施設・場所名": "ＬＡＢＯ", "住所": "石川県七尾市白馬町70-1-27", "受入対象者": "事前に市と施設で協議した者（障害者）" }, "geometry": { "type": "Point", "coordinates": [ 136.936378, 37.020801 ] } },
{ "type": "Feature", "properties": { "NO": "478", "施設・場所名": "矢田郷地区コミュニティセンター", "住所": "石川県七尾市本府中町ヲ38", "受入対象者": "指定なし" }, "geometry": { "type": "Point", "coordinates": [ 136.96926, 37.032832 ] } },
{ "type": "Feature", "properties": { "NO": "479", "施設・場所名": "七尾市文化ホール", "住所": "石川県七尾市本府中町ヲ38", "受入対象者": "指定なし" }, "geometry": { "type": "Point", "coordinates": [ 136.96926, 37.032832 ] } },
{ "type": "Feature", "properties": { "NO": "480", "施設・場所名": "天神山小学校", "住所": "石川県七尾市本府中町天神山1", "受入対象者": "指定なし" }, "geometry": { "type": "Point", "coordinates": [ 136.974602, 37.031583 ] } },
{ "type": "Feature", "properties": { "NO": "481", "施設・場所名": "みなとふれあいスポーツセンター", "住所": "石川県七尾市矢田新町ニ1-1", "受入対象者": "指定なし" }, "geometry": { "type": "Point", "coordinates": [ 136.977683, 37.049633 ] } },
{ "type": "Feature", "properties": { "NO": "482", "施設・場所名": "養護老人ホームあっとほーむ若葉", "住所": "石川県七尾市矢田町２２号七株田12-5", "受入対象者": "事前に市と施設で特定した者（高齢者）" }, "geometry": { "type": "Point", "coordinates": [ 136.983108, 37.025473 ] } },
{ "type": "Feature", "properties": { "NO": "483", "施設・場所名": "特別養護老人ホーム　あっとほーむ若葉", "住所": "石川県七尾市矢田町２２号七株田12-5", "受入対象者": "事前に市と施設で特定した者（高齢者）" }, "geometry": { "type": "Point", "coordinates": [ 136.983113, 37.025589 ] } },
{ "type": "Feature", "properties": { "NO": "484", "施設・場所名": "小規模多機能型居宅介護施設サービス付き高齢者向け住宅あっとほーむレガーレ", "住所": "石川県七尾市矢田町壱号261", "受入対象者": "事前に市と施設で 特定した者（高齢者）" }, "geometry": { "type": "Point", "coordinates": [ 136.982996, 37.040667 ] } },
{ "type": "Feature", "properties": { "NO": "485", "施設・場所名": "和倉温泉お祭り会館", "住所": "石川県七尾市和倉町2-13-1", "受入対象者": "指定なし" }, "geometry": { "type": "Point", "coordinates": [ 136.918707, 37.086596 ] } },
{ "type": "Feature", "properties": { "NO": "486", "施設・場所名": "和倉小学校", "住所": "石川県七尾市和倉町ひばり3-90", "受入対象者": "指定なし" }, "geometry": { "type": "Point", "coordinates": [ 136.918011, 37.082981 ] } },
{ "type": "Feature", "properties": { "NO": "487", "施設・場所名": "和倉地区コミュニティセンター", "住所": "石川県七尾市和倉町ク15-3", "受入対象者": "指定なし" }, "geometry": { "type": "Point", "coordinates": [ 136.917208, 37.085515 ] } },
{ "type": "Feature", "properties": { "NO": "488", "施設・場所名": "みさき小学校", "住所": "石川県珠洲市三崎町粟津ロ部10-1", "受入対象者": "指定なし" }, "geometry": { "type": "Point", "coordinates": [ 137.339367, 37.486845 ] } },
{ "type": "Feature", "properties": { "NO": "489", "施設・場所名": "三崎中学校", "住所": "石川県珠洲市三崎町宇治ヨ部114", "受入対象者": "指定なし" }, "geometry": { "type": "Point", "coordinates": [ 137.342109, 37.473804 ] } },
{ "type": "Feature", "properties": { "NO": "490", "施設・場所名": "三崎公民館", "住所": "石川県珠洲市三崎町宇治ヨ部114-13", "受入対象者": "指定なし" }, "geometry": { "type": "Point", "coordinates": [ 137.341757, 37.474056 ] } },
{ "type": "Feature", "properties": { "NO": "491", "施設・場所名": "みさきデイサービスセンター", "住所": "石川県珠洲市三崎町宇治ヲ部7", "受入対象者": "高齢者" }, "geometry": { "type": "Point", "coordinates": [ 137.341176, 37.468352 ] } },
{ "type": "Feature", "properties": { "NO": "492", "施設・場所名": "金沢大学能登学舎（旧小泊小学校）", "住所": "石川県珠洲市三崎町小泊33-7", "受入対象者": "指定なし" }, "geometry": { "type": "Point", "coordinates": [ 137.358994, 37.451091 ] } },
{ "type": "Feature", "properties": { "NO": "493", "施設・場所名": "美笑苑", "住所": "石川県珠洲市三崎町小泊ト部3-1", "受入対象者": "高齢者" }, "geometry": { "type": "Point", "coordinates": [ 137.357179, 37.455076 ] } },
{ "type": "Feature", "properties": { "NO": "494", "施設・場所名": "旧本小学校体育館", "住所": "石川県珠洲市三崎町本17-47", "受入対象者": "指定なし" }, "geometry": { "type": "Point", "coordinates": [ 137.321683, 37.466962 ] } },
{ "type": "Feature", "properties": { "NO": "495", "施設・場所名": "若山小学校", "住所": "石川県珠洲市若山町古蔵１１部100-1", "受入対象者": "指定なし" }, "geometry": { "type": "Point", "coordinates": [ 137.24268, 37.456533 ] } },
{ "type": "Feature", "properties": { "NO": "496", "施設・場所名": "若山公民館", "住所": "石川県珠洲市若山町古蔵寅部60-1", "受入対象者": "指定なし" }, "geometry": { "type": "Point", "coordinates": [ 137.241436, 37.456719 ] } },
{ "type": "Feature", "properties": { "NO": "497", "施設・場所名": "旧上黒丸小学校", "住所": "石川県珠洲市若山町上黒丸１０部34", "受入対象者": "指定なし" }, "geometry": { "type": "Point", "coordinates": [ 137.169319, 37.453589 ] } },
{ "type": "Feature", "properties": { "NO": "498", "施設・場所名": "波の花デイサービスセンターサテライト", "住所": "石川県珠洲市若山町上黒丸４字29-4", "受入対象者": "高齢者" }, "geometry": { "type": "Point", "coordinates": [ 137.17146, 37.452837 ] } },
{ "type": "Feature", "properties": { "NO": "499", "施設・場所名": "上戸公民館", "住所": "石川県珠洲市上戸町寺社２字57-1", "受入対象者": "指定なし" }, "geometry": { "type": "Point", "coordinates": [ 137.25136, 37.4275 ] } },
{ "type": "Feature", "properties": { "NO": "500", "施設・場所名": "上戸小学校", "住所": "石川県珠洲市上戸町寺社５字74-2", "受入対象者": "指定なし" }, "geometry": { "type": "Point", "coordinates": [ 137.249899, 37.42711 ] } },
{ "type": "Feature", "properties": { "NO": "501", "施設・場所名": "正院公民館", "住所": "石川県珠洲市正院町正院２２部2-1", "受入対象者": "指定なし" }, "geometry": { "type": "Point", "coordinates": [ 137.294133, 37.444006 ] } },
{ "type": "Feature", "properties": { "NO": "502", "施設・場所名": "正院小学校", "住所": "石川県珠洲市正院町川尻１部39", "受入対象者": "指定なし" }, "geometry": { "type": "Point", "coordinates": [ 137.296307, 37.445525 ] } },
{ "type": "Feature", "properties": { "NO": "503", "施設・場所名": "旧飯塚保育所", "住所": "石川県珠洲市正院町飯塚は部57", "受入対象者": "指定なし" }, "geometry": { "type": "Point", "coordinates": [ 137.286968, 37.459872 ] } },
{ "type": "Feature", "properties": { "NO": "504", "施設・場所名": "日置公民館", "住所": "石川県珠洲市折戸町チ部34", "受入対象者": "指定なし" }, "geometry": { "type": "Point", "coordinates": [ 137.281344, 37.525434 ] } },
{ "type": "Feature", "properties": { "NO": "505", "施設・場所名": "波の花デイサービスセンター", "住所": "石川県珠洲市大谷町１字11-4", "受入対象者": "高齢者" }, "geometry": { "type": "Point", "coordinates": [ 137.173763, 37.500261 ] } },
{ "type": "Feature", "properties": { "NO": "506", "施設・場所名": "大谷小中学校", "住所": "石川県珠洲市大谷町１字78", "受入対象者": "指定なし" }, "geometry": { "type": "Point", "coordinates": [ 137.1763, 37.500099 ] } },
{ "type": "Feature", "properties": { "NO": "507", "施設・場所名": "大谷公民館", "住所": "石川県珠洲市大谷町２字57-4", "受入対象者": "指定なし" }, "geometry": { "type": "Point", "coordinates": [ 137.174068, 37.501638 ] } },
{ "type": "Feature", "properties": { "NO": "508", "施設・場所名": "蛸島公民館", "住所": "石川県珠洲市蛸島町ヨ部139", "受入対象者": "指定なし" }, "geometry": { "type": "Point", "coordinates": [ 137.316437, 37.442974 ] } },
{ "type": "Feature", "properties": { "NO": "509", "施設・場所名": "蛸島小学校", "住所": "石川県珠洲市蛸島町ワ部69", "受入対象者": "指定なし" }, "geometry": { "type": "Point", "coordinates": [ 137.313304, 37.442959 ] } },
{ "type": "Feature", "properties": { "NO": "510", "施設・場所名": "飯田公民館", "住所": "石川県珠洲市飯田町１０部20-2", "受入対象者": "指定なし" }, "geometry": { "type": "Point", "coordinates": [ 137.26324, 37.439704 ] } },
{ "type": "Feature", "properties": { "NO": "511", "施設・場所名": "飯田小学校", "住所": "石川県珠洲市飯田町１９部61", "受入対象者": "指定なし" }, "geometry": { "type": "Point", "coordinates": [ 137.259443, 37.439908 ] } },
{ "type": "Feature", "properties": { "NO": "512", "施設・場所名": "七尾特別支援学校珠洲分校", "住所": "石川県珠洲市宝立町鵜飼6-20", "受入対象者": "指定なし" }, "geometry": { "type": "Point", "coordinates": [ 137.238205, 37.403755 ] } },
{ "type": "Feature", "properties": { "NO": "513", "施設・場所名": "宝立公民館", "住所": "石川県珠洲市宝立町鵜飼卯部46", "受入対象者": "指定なし" }, "geometry": { "type": "Point", "coordinates": [ 137.239302, 37.40149 ] } },
{ "type": "Feature", "properties": { "NO": "514", "施設・場所名": "宝立小中学校", "住所": "石川県珠洲市宝立町鵜飼丑部83", "受入対象者": "指定なし" }, "geometry": { "type": "Point", "coordinates": [ 137.237682, 37.403229 ] } },
{ "type": "Feature", "properties": { "NO": "515", "施設・場所名": "第三長寿園", "住所": "石川県珠洲市宝立町鵜飼子字36-4", "受入対象者": "高齢者" }, "geometry": { "type": "Point", "coordinates": [ 137.239276, 37.40503 ] } },
{ "type": "Feature", "properties": { "NO": "516", "施設・場所名": "旧宝立小学校体育館", "住所": "石川県珠洲市宝立町鵜島４字30", "受入対象者": "指定なし" }, "geometry": { "type": "Point", "coordinates": [ 137.236622, 37.396713 ] } },
{ "type": "Feature", "properties": { "NO": "517", "施設・場所名": "長寿園", "住所": "石川県珠洲市宝立町春日野４字117", "受入対象者": "高齢者" }, "geometry": { "type": "Point", "coordinates": [ 137.240318, 37.411259 ] } },
{ "type": "Feature", "properties": { "NO": "518", "施設・場所名": "飯田高等学校", "住所": "石川県珠洲市野々江町1-1", "受入対象者": "指定なし" }, "geometry": { "type": "Point", "coordinates": [ 137.26718, 37.446823 ] } },
{ "type": "Feature", "properties": { "NO": "519", "施設・場所名": "緑丘中学校", "住所": "石川県珠洲市野々江町６の部1", "受入対象者": "指定なし" }, "geometry": { "type": "Point", "coordinates": [ 137.272864, 37.445802 ] } },
{ "type": "Feature", "properties": { "NO": "520", "施設・場所名": "直小学校", "住所": "石川県珠洲市野々江町ニ部38-2", "受入対象者": "指定なし" }, "geometry": { "type": "Point", "coordinates": [ 137.281699, 37.443954 ] } },
{ "type": "Feature", "properties": { "NO": "521", "施設・場所名": "直公民館", "住所": "石川県珠洲市野々江町ホ部80-1", "受入対象者": "指定なし" }, "geometry": { "type": "Point", "coordinates": [ 137.28012, 37.443819 ] } },
{ "type": "Feature", "properties": { "NO": "522", "施設・場所名": "芦城中学校", "住所": "石川県小松市芦田町2-69", "受入対象者": "指定なし" }, "geometry": { "type": "Point", "coordinates": [ 136.443117, 36.404323 ] } },
{ "type": "Feature", "properties": { "NO": "523", "施設・場所名": "西部地区体育館", "住所": "石川県小松市安宅町安宅林4-112", "受入対象者": "指定なし" }, "geometry": { "type": "Point", "coordinates": [ 136.421855, 36.415882 ] } },
{ "type": "Feature", "properties": { "NO": "524", "施設・場所名": "安宅中学校", "住所": "石川県小松市安宅町安宅林4-112", "受入対象者": "指定なし" }, "geometry": { "type": "Point", "coordinates": [ 136.421405, 36.415584 ] } },
{ "type": "Feature", "properties": { "NO": "525", "施設・場所名": "安宅小学校", "住所": "石川県小松市安宅町安宅林5", "受入対象者": "指定なし" }, "geometry": { "type": "Point", "coordinates": [ 136.421101, 36.416242 ] } },
{ "type": "Feature", "properties": { "NO": "526", "施設・場所名": "粟津小学校", "住所": "石川県小松市井口町チ24", "受入対象者": "指定なし" }, "geometry": { "type": "Point", "coordinates": [ 136.447938, 36.335642 ] } },
{ "type": "Feature", "properties": { "NO": "527", "施設・場所名": "矢田野小学校", "住所": "石川県小松市下粟津町ク101-1", "受入対象者": "指定なし" }, "geometry": { "type": "Point", "coordinates": [ 136.426355, 36.339148 ] } },
{ "type": "Feature", "properties": { "NO": "528", "施設・場所名": "小松総合体育館", "住所": "石川県小松市下牧町69", "受入対象者": "指定なし" }, "geometry": { "type": "Point", "coordinates": [ 136.437062, 36.404027 ] } },
{ "type": "Feature", "properties": { "NO": "529", "施設・場所名": "国府地区体育館", "住所": "石川県小松市河田町ヌ18", "受入対象者": "指定なし" }, "geometry": { "type": "Point", "coordinates": [ 136.508815, 36.416399 ] } },
{ "type": "Feature", "properties": { "NO": "530", "施設・場所名": "国府小学校", "住所": "石川県小松市河田町丁40-1", "受入対象者": "指定なし" }, "geometry": { "type": "Point", "coordinates": [ 136.511653, 36.410285 ] } },
{ "type": "Feature", "properties": { "NO": "531", "施設・場所名": "旧西尾小学校", "住所": "石川県小松市観音下町ロ48", "受入対象者": "指定なし" }, "geometry": { "type": "Point", "coordinates": [ 136.52657, 36.333531 ] } },
{ "type": "Feature", "properties": { "NO": "532", "施設・場所名": "丸山研修センター", "住所": "石川県小松市丸山町ヌ150", "受入対象者": "指定なし" }, "geometry": { "type": "Point", "coordinates": [ 136.539193, 36.249277 ] } },
{ "type": "Feature", "properties": { "NO": "533", "施設・場所名": "小松高校", "住所": "石川県小松市丸内町二ノ丸15", "受入対象者": "指定なし" }, "geometry": { "type": "Point", "coordinates": [ 136.446996, 36.411863 ] } },
{ "type": "Feature", "properties": { "NO": "534", "施設・場所名": "小松商業高校", "住所": "石川県小松市希望丘10", "受入対象者": "指定なし" }, "geometry": { "type": "Point", "coordinates": [ 136.498224, 36.399238 ] } },
{ "type": "Feature", "properties": { "NO": "535", "施設・場所名": "小松特別支援学校", "住所": "石川県小松市金平町丁76", "受入対象者": "指定なし" }, "geometry": { "type": "Point", "coordinates": [ 136.507037, 36.354714 ] } },
{ "type": "Feature", "properties": { "NO": "536", "施設・場所名": "串小学校", "住所": "石川県小松市串町乙1-1", "受入対象者": "指定なし" }, "geometry": { "type": "Point", "coordinates": [ 136.422518, 36.370511 ] } },
{ "type": "Feature", "properties": { "NO": "537", "施設・場所名": "中海地区体育館", "住所": "石川県小松市軽海町弐1-4", "受入対象者": "指定なし" }, "geometry": { "type": "Point", "coordinates": [ 136.508893, 36.396348 ] } },
{ "type": "Feature", "properties": { "NO": "538", "施設・場所名": "中海中学校", "住所": "石川県小松市軽海町弐4-1", "受入対象者": "指定なし" }, "geometry": { "type": "Point", "coordinates": [ 136.509, 36.397544 ] } },
{ "type": "Feature", "properties": { "NO": "539", "施設・場所名": "月津小学校", "住所": "石川県小松市月津町ユ113", "受入対象者": "指定なし" }, "geometry": { "type": "Point", "coordinates": [ 136.404214, 36.352342 ] } },
{ "type": "Feature", "properties": { "NO": "540", "施設・場所名": "こども通所センターふれんど", "住所": "石川県小松市月津町ヲ94-10", "受入対象者": "当該施設を利用する障害児" }, "geometry": { "type": "Point", "coordinates": [ 136.415162, 36.352373 ] } },
{ "type": "Feature", "properties": { "NO": "541", "施設・場所名": "犬丸小学校", "住所": "石川県小松市犬丸町甲61", "受入対象者": "指定なし" }, "geometry": { "type": "Point", "coordinates": [ 136.45932, 36.427982 ] } },
{ "type": "Feature", "properties": { "NO": "542", "施設・場所名": "向本折小学校", "住所": "石川県小松市向本折町寅188", "受入対象者": "指定なし" }, "geometry": { "type": "Point", "coordinates": [ 136.443792, 36.39254 ] } },
{ "type": "Feature", "properties": { "NO": "543", "施設・場所名": "松東みどり学園", "住所": "石川県小松市江指町丙30", "受入対象者": "指定なし" }, "geometry": { "type": "Point", "coordinates": [ 136.491472, 36.360158 ] } },
{ "type": "Feature", "properties": { "NO": "544", "施設・場所名": "荒屋小学校", "住所": "石川県小松市荒屋町ほ1", "受入対象者": "指定なし" }, "geometry": { "type": "Point", "coordinates": [ 136.473608, 36.432897 ] } },
{ "type": "Feature", "properties": { "NO": "545", "施設・場所名": "今江小学校", "住所": "石川県小松市今江町6-167", "受入対象者": "指定なし" }, "geometry": { "type": "Point", "coordinates": [ 136.43707, 36.380201 ] } },
{ "type": "Feature", "properties": { "NO": "546", "施設・場所名": "武道館", "住所": "石川県小松市桜木町104-3", "受入対象者": "指定なし" }, "geometry": { "type": "Point", "coordinates": [ 136.439421, 36.404434 ] } },
{ "type": "Feature", "properties": { "NO": "547", "施設・場所名": "小松大学粟津キャンパス", "住所": "石川県小松市四丁町ヌ1-3", "受入対象者": "指定なし" }, "geometry": { "type": "Point", "coordinates": [ 136.41719, 36.354831 ] } },
{ "type": "Feature", "properties": { "NO": "548", "施設・場所名": "丸内中学校", "住所": "石川県小松市小寺町甲27", "受入対象者": "指定なし" }, "geometry": { "type": "Point", "coordinates": [ 136.45252, 36.414017 ] } },
{ "type": "Feature", "properties": { "NO": "549", "施設・場所名": "国府中学校", "住所": "石川県小松市小野町己152-2", "受入対象者": "指定なし" }, "geometry": { "type": "Point", "coordinates": [ 136.505904, 36.413417 ] } },
{ "type": "Feature", "properties": { "NO": "550", "施設・場所名": "板津中学校", "住所": "石川県小松市松梨町丙8", "受入対象者": "指定なし" }, "geometry": { "type": "Point", "coordinates": [ 136.461338, 36.424394 ] } },
{ "type": "Feature", "properties": { "NO": "551", "施設・場所名": "小松瀬領特別支援学校", "住所": "石川県小松市瀬領町丁138-1", "受入対象者": "指定なし" }, "geometry": { "type": "Point", "coordinates": [ 136.486224, 36.329839 ] } },
{ "type": "Feature", "properties": { "NO": "552", "施設・場所名": "東陵小学校", "住所": "石川県小松市西軽海町1-41", "受入対象者": "指定なし" }, "geometry": { "type": "Point", "coordinates": [ 136.500875, 36.399194 ] } },
{ "type": "Feature", "properties": { "NO": "553", "施設・場所名": "芦城小学校", "住所": "石川県小松市西町25", "受入対象者": "指定なし" }, "geometry": { "type": "Point", "coordinates": [ 136.446444, 36.404766 ] } },
{ "type": "Feature", "properties": { "NO": "554", "施設・場所名": "西俣自然教室", "住所": "石川県小松市西俣町ニ301", "受入対象者": "指定なし" }, "geometry": { "type": "Point", "coordinates": [ 136.51742, 36.306984 ] } },
{ "type": "Feature", "properties": { "NO": "555", "施設・場所名": "小松産業技術専門校", "住所": "石川県小松市青路町130", "受入対象者": "指定なし" }, "geometry": { "type": "Point", "coordinates": [ 136.427996, 36.365273 ] } },
{ "type": "Feature", "properties": { "NO": "556", "施設・場所名": "御幸中学校", "住所": "石川県小松市村松町50", "受入対象者": "指定なし" }, "geometry": { "type": "Point", "coordinates": [ 136.415215, 36.372635 ] } },
{ "type": "Feature", "properties": { "NO": "557", "施設・場所名": "御幸地区体育館", "住所": "石川県小松市村松町丙67", "受入対象者": "指定なし" }, "geometry": { "type": "Point", "coordinates": [ 136.417095, 36.373927 ] } },
{ "type": "Feature", "properties": { "NO": "558", "施設・場所名": "小松工業高校", "住所": "石川県小松市打越町丙67", "受入対象者": "指定なし" }, "geometry": { "type": "Point", "coordinates": [ 136.472127, 36.400141 ] } },
{ "type": "Feature", "properties": { "NO": "559", "施設・場所名": "里山自然学校大杉みどりの里", "住所": "石川県小松市大杉町イ98", "受入対象者": "指定なし" }, "geometry": { "type": "Point", "coordinates": [ 136.4913, 36.25334 ] } },
{ "type": "Feature", "properties": { "NO": "560", "施設・場所名": "北部地区体育館", "住所": "石川県小松市大川町2-12", "受入対象者": "指定なし" }, "geometry": { "type": "Point", "coordinates": [ 136.4514, 36.414216 ] } },
{ "type": "Feature", "properties": { "NO": "561", "施設・場所名": "株式会社ｓｐｒｏｕｔ", "住所": "石川県小松市大島町乙77", "受入対象者": "当該施設を利用する障害者" }, "geometry": { "type": "Point", "coordinates": [ 136.448151, 36.429315 ] } },
{ "type": "Feature", "properties": { "NO": "562", "施設・場所名": "小松市民センター", "住所": "石川県小松市大島町丙42-3", "受入対象者": "指定なし" }, "geometry": { "type": "Point", "coordinates": [ 136.446396, 36.423232 ] } },
{ "type": "Feature", "properties": { "NO": "563", "施設・場所名": "旧金野小学校", "住所": "石川県小松市大野町子43", "受入対象者": "指定なし" }, "geometry": { "type": "Point", "coordinates": [ 136.49663, 36.364742 ] } },
{ "type": "Feature", "properties": { "NO": "564", "施設・場所名": "松陽地区体育館", "住所": "石川県小松市大領町な66", "受入対象者": "指定なし" }, "geometry": { "type": "Point", "coordinates": [ 136.453288, 36.386598 ] } },
{ "type": "Feature", "properties": { "NO": "565", "施設・場所名": "松陽中学校", "住所": "石川県小松市大領町イ103", "受入対象者": "指定なし" }, "geometry": { "type": "Point", "coordinates": [ 136.449588, 36.388952 ] } },
{ "type": "Feature", "properties": { "NO": "566", "施設・場所名": "里山自然学校こまつ滝ケ原", "住所": "石川県小松市滝ケ原町ウ20", "受入対象者": "指定なし" }, "geometry": { "type": "Point", "coordinates": [ 136.424696, 36.297542 ] } },
{ "type": "Feature", "properties": { "NO": "567", "施設・場所名": "中海小学校", "住所": "石川県小松市中海町山林ニ8-1", "受入対象者": "指定なし" }, "geometry": { "type": "Point", "coordinates": [ 136.518718, 36.397595 ] } },
{ "type": "Feature", "properties": { "NO": "568", "施設・場所名": "ふれあい松東", "住所": "石川県小松市長谷町49", "受入対象者": "指定なし" }, "geometry": { "type": "Point", "coordinates": [ 136.485429, 36.357438 ] } },
{ "type": "Feature", "properties": { "NO": "569", "施設・場所名": "板津地区体育館", "住所": "石川県小松市長田町ル146", "受入対象者": "指定なし" }, "geometry": { "type": "Point", "coordinates": [ 136.46394, 36.424035 ] } },
{ "type": "Feature", "properties": { "NO": "570", "施設・場所名": "稚松小学校", "住所": "石川県小松市殿町2-7", "受入対象者": "指定なし" }, "geometry": { "type": "Point", "coordinates": [ 136.449001, 36.410748 ] } },
{ "type": "Feature", "properties": { "NO": "571", "施設・場所名": "團十郎芸術劇場うらら", "住所": "石川県小松市土居原町710", "受入対象者": "指定なし" }, "geometry": { "type": "Point", "coordinates": [ 136.452205, 36.403164 ] } },
{ "type": "Feature", "properties": { "NO": "572", "施設・場所名": "南部中学校", "住所": "石川県小松市島町ヌ43", "受入対象者": "指定なし" }, "geometry": { "type": "Point", "coordinates": [ 136.425654, 36.348904 ] } },
{ "type": "Feature", "properties": { "NO": "573", "施設・場所名": "小松北高校", "住所": "石川県小松市島田町イ85-1", "受入対象者": "指定なし" }, "geometry": { "type": "Point", "coordinates": [ 136.462831, 36.421397 ] } },
{ "type": "Feature", "properties": { "NO": "574", "施設・場所名": "那谷小学校", "住所": "石川県小松市那谷町ユ54-1", "受入対象者": "指定なし" }, "geometry": { "type": "Point", "coordinates": [ 136.423172, 36.314217 ] } },
{ "type": "Feature", "properties": { "NO": "575", "施設・場所名": "日末小学校", "住所": "石川県小松市日末町ニ52", "受入対象者": "指定なし" }, "geometry": { "type": "Point", "coordinates": [ 136.400008, 36.380547 ] } },
{ "type": "Feature", "properties": { "NO": "576", "施設・場所名": "能美小学校", "住所": "石川県小松市能美町ソ51", "受入対象者": "指定なし" }, "geometry": { "type": "Point", "coordinates": [ 136.482677, 36.411062 ] } },
{ "type": "Feature", "properties": { "NO": "577", "施設・場所名": "旧波佐谷小学校体育館", "住所": "石川県小松市波佐谷町子27", "受入対象者": "指定なし" }, "geometry": { "type": "Point", "coordinates": [ 136.47937, 36.337836 ] } },
{ "type": "Feature", "properties": { "NO": "578", "施設・場所名": "第一小学校", "住所": "石川県小松市白江町ハ73-1", "受入対象者": "指定なし" }, "geometry": { "type": "Point", "coordinates": [ 136.47688, 36.403333 ] } },
{ "type": "Feature", "properties": { "NO": "579", "施設・場所名": "小松市立高校", "住所": "石川県小松市八幡ト1", "受入対象者": "指定なし" }, "geometry": { "type": "Point", "coordinates": [ 136.4936, 36.399183 ] } },
{ "type": "Feature", "properties": { "NO": "580", "施設・場所名": "符津小学校", "住所": "石川県小松市符津町ハ100", "受入対象者": "指定なし" }, "geometry": { "type": "Point", "coordinates": [ 136.43179, 36.357059 ] } },
{ "type": "Feature", "properties": { "NO": "581", "施設・場所名": "いしかわ子ども交流センター小松館", "住所": "石川県小松市符津町念仏3-1", "受入対象者": "指定なし" }, "geometry": { "type": "Point", "coordinates": [ 136.419926, 36.355086 ] } },
{ "type": "Feature", "properties": { "NO": "582", "施設・場所名": "小松サン・アビリティーズ", "住所": "石川県小松市符津町念仏ケ2-7", "受入対象者": "指定なし" }, "geometry": { "type": "Point", "coordinates": [ 136.418284, 36.354118 ] } },
{ "type": "Feature", "properties": { "NO": "583", "施設・場所名": "小松明峰高校", "住所": "石川県小松市平面町ヘ72", "受入対象者": "指定なし" }, "geometry": { "type": "Point", "coordinates": [ 136.466978, 36.417541 ] } },
{ "type": "Feature", "properties": { "NO": "584", "施設・場所名": "苗代小学校", "住所": "石川県小松市北浅井町ヌ16-1", "受入対象者": "指定なし" }, "geometry": { "type": "Point", "coordinates": [ 136.464825, 36.388448 ] } },
{ "type": "Feature", "properties": { "NO": "585", "施設・場所名": "末広体育館", "住所": "石川県小松市末広町72", "受入対象者": "指定なし" }, "geometry": { "type": "Point", "coordinates": [ 136.441259, 36.402535 ] } },
{ "type": "Feature", "properties": { "NO": "586", "施設・場所名": "木場小学校", "住所": "石川県小松市木場町わ1", "受入対象者": "指定なし" }, "geometry": { "type": "Point", "coordinates": [ 136.447756, 36.35396 ] } },
{ "type": "Feature", "properties": { "NO": "587", "施設・場所名": "木場潟スポーツ研修センター", "住所": "石川県小松市木場町ユ3-7", "受入対象者": "指定なし" }, "geometry": { "type": "Point", "coordinates": [ 136.453679, 36.363838 ] } },
{ "type": "Feature", "properties": { "NO": "588", "施設・場所名": "南部地区児童体育館", "住所": "石川県小松市矢田野町ホ10", "受入対象者": "指定なし" }, "geometry": { "type": "Point", "coordinates": [ 136.425079, 36.348761 ] } },
{ "type": "Feature", "properties": { "NO": "589", "施設・場所名": "矢田野ファクトリー", "住所": "石川県小松市矢田野町ミ30", "受入対象者": "精神障害者（発達障害を含む），知的障害者及び身体障害者" }, "geometry": { "type": "Point", "coordinates": [ 136.419958, 36.337094 ] } },
{ "type": "Feature", "properties": { "NO": "590", "施設・場所名": "こまつドーム", "住所": "石川県小松市林町ほ5", "受入対象者": "指定なし" }, "geometry": { "type": "Point", "coordinates": [ 136.434405, 36.338908 ] } },
{ "type": "Feature", "properties": { "NO": "591", "施設・場所名": "蓮代寺小学校", "住所": "石川県小松市蓮代寺町ハ丙16", "受入対象者": "指定なし" }, "geometry": { "type": "Point", "coordinates": [ 136.469786, 36.375 ] } },
{ "type": "Feature", "properties": { "NO": "592", "施設・場所名": "川北中学校", "住所": "石川県川北町字壱ツ屋チ82", "受入対象者": "指定なし" }, "geometry": { "type": "Point", "coordinates": [ 136.543524, 36.472561 ] } },
{ "type": "Feature", "properties": { "NO": "593", "施設・場所名": "川北町武道館", "住所": "石川県川北町字壱ツ屋チ85", "受入対象者": "指定なし" }, "geometry": { "type": "Point", "coordinates": [ 136.543833, 36.472163 ] } },
{ "type": "Feature", "properties": { "NO": "594", "施設・場所名": "川北小学校", "住所": "石川県川北町字壱ツ屋ヲ25-1", "受入対象者": "指定なし" }, "geometry": { "type": "Point", "coordinates": [ 136.544487, 36.472179 ] } },
{ "type": "Feature", "properties": { "NO": "595", "施設・場所名": "橘小学校", "住所": "石川県川北町字橘ソ68", "受入対象者": "指定なし" }, "geometry": { "type": "Point", "coordinates": [ 136.508898, 36.473026 ] } },
{ "type": "Feature", "properties": { "NO": "596", "施設・場所名": "西部地区学習等供用施設", "住所": "石川県川北町字橘ロ59-1", "受入対象者": "指定なし" }, "geometry": { "type": "Point", "coordinates": [ 136.513102, 36.474753 ] } },
{ "type": "Feature", "properties": { "NO": "597", "施設・場所名": "西部地区児童館", "住所": "石川県川北町字橘平44", "受入対象者": "要配慮者、幼児、妊婦等" }, "geometry": { "type": "Point", "coordinates": [ 136.509603, 36.473038 ] } },
{ "type": "Feature", "properties": { "NO": "598", "施設・場所名": "西部地区児童館", "住所": "石川県川北町字橘平44", "受入対象者": "指定なし" }, "geometry": { "type": "Point", "coordinates": [ 136.509603, 36.473038 ] } },
{ "type": "Feature", "properties": { "NO": "599", "施設・場所名": "東部地区児童館", "住所": "石川県川北町字中島へ2-1", "受入対象者": "要配慮者、幼児、妊婦等" }, "geometry": { "type": "Point", "coordinates": [ 136.587287, 36.463542 ] } },
{ "type": "Feature", "properties": { "NO": "600", "施設・場所名": "東部地区児童館", "住所": "石川県川北町字中島へ2-1", "受入対象者": "指定なし" }, "geometry": { "type": "Point", "coordinates": [ 136.587211, 36.463542 ] } },
{ "type": "Feature", "properties": { "NO": "601", "施設・場所名": "東部地区学習等供用施設", "住所": "石川県川北町字中島ワ128-2", "受入対象者": "指定なし" }, "geometry": { "type": "Point", "coordinates": [ 136.584819, 36.464975 ] } },
{ "type": "Feature", "properties": { "NO": "602", "施設・場所名": "中島小学校", "住所": "石川県川北町字中島ワ17", "受入対象者": "指定なし" }, "geometry": { "type": "Point", "coordinates": [ 136.586433, 36.464607 ] } },
{ "type": "Feature", "properties": { "NO": "603", "施設・場所名": "川北町児童館", "住所": "石川県川北町字土室丙129-1", "受入対象者": "指定なし" }, "geometry": { "type": "Point", "coordinates": [ 136.545232, 36.473139 ] } },
{ "type": "Feature", "properties": { "NO": "604", "施設・場所名": "川北町児童館", "住所": "石川県川北町字土室丙129-1", "受入対象者": "要配慮者、幼児、妊婦等" }, "geometry": { "type": "Point", "coordinates": [ 136.544797, 36.473038 ] } },
{ "type": "Feature", "properties": { "NO": "605", "施設・場所名": "鹿島体育センター", "住所": "石川県中能登町井田い部34", "受入対象者": "指定なし" }, "geometry": { "type": "Point", "coordinates": [ 136.916552, 36.966194 ] } },
{ "type": "Feature", "properties": { "NO": "606", "施設・場所名": "生涯学習センター「ラピア鹿島」", "住所": "石川県中能登町井田に部50", "受入対象者": "指定なし" }, "geometry": { "type": "Point", "coordinates": [ 136.911161, 36.968668 ] } },
{ "type": "Feature", "properties": { "NO": "607", "施設・場所名": "ふるさと創修館", "住所": "石川県中能登町一青こ部19-1", "受入対象者": "指定なし" }, "geometry": { "type": "Point", "coordinates": [ 136.899589, 36.987914 ] } },
{ "type": "Feature", "properties": { "NO": "608", "施設・場所名": "かねまる交流館", "住所": "石川県中能登町金丸932", "受入対象者": "指定なし" }, "geometry": { "type": "Point", "coordinates": [ 136.842173, 36.947154 ] } },
{ "type": "Feature", "properties": { "NO": "609", "施設・場所名": "中能登町立たんぽぽ保育園", "住所": "石川県中能登町春木３部18-1", "受入対象者": "指定なし" }, "geometry": { "type": "Point", "coordinates": [ 136.904172, 37.001348 ] } },
{ "type": "Feature", "properties": { "NO": "610", "施設・場所名": "中能登町立つくし保育園", "住所": "石川県中能登町水白１９部1-1", "受入対象者": "指定なし" }, "geometry": { "type": "Point", "coordinates": [ 136.893531, 36.957652 ] } },
{ "type": "Feature", "properties": { "NO": "611", "施設・場所名": "特別養護老人ホーム「鹿寿苑」", "住所": "石川県中能登町西馬場エ部56", "受入対象者": "要配慮者のうち、町が特定した者" }, "geometry": { "type": "Point", "coordinates": [ 136.887679, 36.970217 ] } },
{ "type": "Feature", "properties": { "NO": "612", "施設・場所名": "ふれあい交流館「北部」", "住所": "石川県中能登町坪川リ部23", "受入対象者": "指定なし" }, "geometry": { "type": "Point", "coordinates": [ 136.921165, 36.999487 ] } },
{ "type": "Feature", "properties": { "NO": "613", "施設・場所名": "ディサービスセンター「いこい」", "住所": "石川県中能登町東馬場ほ部18-1", "受入対象者": "指定なし" }, "geometry": { "type": "Point", "coordinates": [ 136.894489, 36.96598 ] } },
{ "type": "Feature", "properties": { "NO": "614", "施設・場所名": "中能登町立あおば保育園", "住所": "石川県中能登町二宮カ部58", "受入対象者": "指定なし" }, "geometry": { "type": "Point", "coordinates": [ 136.926738, 36.982073 ] } },
{ "type": "Feature", "properties": { "NO": "615", "施設・場所名": "カルチャーセンター飛翔", "住所": "石川県中能登町能登部下１３４部1", "受入対象者": "指定なし" }, "geometry": { "type": "Point", "coordinates": [ 136.865116, 36.955546 ] } },
{ "type": "Feature", "properties": { "NO": "616", "施設・場所名": "中能登町立さくら保育園", "住所": "石川県中能登町能登部下４６部1-1", "受入対象者": "指定なし" }, "geometry": { "type": "Point", "coordinates": [ 136.866285, 36.957404 ] } },
{ "type": "Feature", "properties": { "NO": "617", "施設・場所名": "鹿西体育館", "住所": "石川県中能登町能登部下９１部23", "受入対象者": "指定なし" }, "geometry": { "type": "Point", "coordinates": [ 136.866546, 36.961419 ] } },
{ "type": "Feature", "properties": { "NO": "618", "施設・場所名": "石川県立鹿西高等学校", "住所": "石川県中能登町能登部上ヲ部1", "受入対象者": "指定なし" }, "geometry": { "type": "Point", "coordinates": [ 136.871433, 36.963295 ] } },
{ "type": "Feature", "properties": { "NO": "619", "施設・場所名": "農村環境改善センター「パルみおや」", "住所": "石川県中能登町福田フ部111-1", "受入対象者": "指定なし" }, "geometry": { "type": "Point", "coordinates": [ 136.870064, 36.941967 ] } },
{ "type": "Feature", "properties": { "NO": "620", "施設・場所名": "老人福祉センターゆうゆう", "住所": "石川県中能登町末坂２部37-1", "受入対象者": "要配慮者のうち、町が特定した者" }, "geometry": { "type": "Point", "coordinates": [ 136.903592, 36.99165 ] } },
{ "type": "Feature", "properties": { "NO": "621", "施設・場所名": "保健センター「すくすく」", "住所": "石川県中能登町末坂２部57-1", "受入対象者": "指定なし" }, "geometry": { "type": "Point", "coordinates": [ 136.903462, 36.99138 ] } },
{ "type": "Feature", "properties": { "NO": "622", "施設・場所名": "中能登町社会福祉センター", "住所": "石川県中能登町末坂９部43", "受入対象者": "指定なし" }, "geometry": { "type": "Point", "coordinates": [ 136.902092, 36.988973 ] } },
{ "type": "Feature", "properties": { "NO": "623", "施設・場所名": "中能登中学校", "住所": "石川県中能登町良川け部1-1", "受入対象者": "指定なし" }, "geometry": { "type": "Point", "coordinates": [ 136.890204, 36.972899 ] } },
{ "type": "Feature", "properties": { "NO": "624", "施設・場所名": "障害者支援施設つばさ", "住所": "石川県中能登町良川け部71-1", "受入対象者": "要配慮者のうち、町が特定した者" }, "geometry": { "type": "Point", "coordinates": [ 136.891834, 36.970805 ] } },
{ "type": "Feature", "properties": { "NO": "625", "施設・場所名": "中能登町立こすもす保育園", "住所": "石川県中能登町良川た部3", "受入対象者": "指定なし" }, "geometry": { "type": "Point", "coordinates": [ 136.896421, 36.981568 ] } },
{ "type": "Feature", "properties": { "NO": "626", "施設・場所名": "ラポールよしかわ", "住所": "石川県中能登町良川ち部15", "受入対象者": "指定なし" }, "geometry": { "type": "Point", "coordinates": [ 136.889423, 36.977434 ] } },
{ "type": "Feature", "properties": { "NO": "627", "施設・場所名": "井上小学校", "住所": "石川県津幡町井上の荘1-1", "受入対象者": "指定なし" }, "geometry": { "type": "Point", "coordinates": [ 136.720178, 36.671774 ] } },
{ "type": "Feature", "properties": { "NO": "628", "施設・場所名": "津幡高等学校", "住所": "石川県津幡町加賀爪ヲ45", "受入対象者": "指定なし" }, "geometry": { "type": "Point", "coordinates": [ 136.742636, 36.667917 ] } },
{ "type": "Feature", "properties": { "NO": "629", "施設・場所名": "津幡中学校", "住所": "石川県津幡町字加賀爪ヌ6-1", "受入対象者": "指定なし" }, "geometry": { "type": "Point", "coordinates": [ 136.737567, 36.667062 ] } },
{ "type": "Feature", "properties": { "NO": "630", "施設・場所名": "刈安小学校", "住所": "石川県津幡町字刈安イ1", "受入対象者": "指定なし" }, "geometry": { "type": "Point", "coordinates": [ 136.788172, 36.669803 ] } },
{ "type": "Feature", "properties": { "NO": "631", "施設・場所名": "刈安コミュニティプラザ", "住所": "石川県津幡町字刈安甲5", "受入対象者": "指定なし" }, "geometry": { "type": "Point", "coordinates": [ 136.787627, 36.670046 ] } },
{ "type": "Feature", "properties": { "NO": "632", "施設・場所名": "笠野小学校", "住所": "石川県津幡町字山北ワ116", "受入対象者": "指定なし" }, "geometry": { "type": "Point", "coordinates": [ 136.777127, 36.693102 ] } },
{ "type": "Feature", "properties": { "NO": "633", "施設・場所名": "笠野公民館", "住所": "石川県津幡町字山北ワ116", "受入対象者": "指定なし" }, "geometry": { "type": "Point", "coordinates": [ 136.777877, 36.693271 ] } },
{ "type": "Feature", "properties": { "NO": "634", "施設・場所名": "萩野台コミュニティプラザ", "住所": "石川県津幡町字七野イ75", "受入対象者": "指定なし" }, "geometry": { "type": "Point", "coordinates": [ 136.762039, 36.657064 ] } },
{ "type": "Feature", "properties": { "NO": "635", "施設・場所名": "萩野台小学校", "住所": "石川県津幡町字七野イ75", "受入対象者": "指定なし" }, "geometry": { "type": "Point", "coordinates": [ 136.761828, 36.656982 ] } },
{ "type": "Feature", "properties": { "NO": "636", "施設・場所名": "津幡小学校", "住所": "石川県津幡町字清水リ123-3", "受入対象者": "指定なし" }, "geometry": { "type": "Point", "coordinates": [ 136.736165, 36.673407 ] } },
{ "type": "Feature", "properties": { "NO": "637", "施設・場所名": "津幡地域交流センター", "住所": "石川県津幡町字清水リ123-3", "受入対象者": "指定なし" }, "geometry": { "type": "Point", "coordinates": [ 136.736631, 36.674255 ] } },
{ "type": "Feature", "properties": { "NO": "638", "施設・場所名": "条南コミュニティプラザ", "住所": "石川県津幡町字太田ろ3", "受入対象者": "指定なし" }, "geometry": { "type": "Point", "coordinates": [ 136.718933, 36.654108 ] } },
{ "type": "Feature", "properties": { "NO": "639", "施設・場所名": "条南小学校", "住所": "石川県津幡町字太田ろ3", "受入対象者": "指定なし" }, "geometry": { "type": "Point", "coordinates": [ 136.717823, 36.654059 ] } },
{ "type": "Feature", "properties": { "NO": "640", "施設・場所名": "太白台小学校", "住所": "石川県津幡町字津幡ワ2", "受入対象者": "指定なし" }, "geometry": { "type": "Point", "coordinates": [ 136.748289, 36.672861 ] } },
{ "type": "Feature", "properties": { "NO": "641", "施設・場所名": "津幡南中学校", "住所": "石川県津幡町字南中条3-7", "受入対象者": "指定なし" }, "geometry": { "type": "Point", "coordinates": [ 136.720946, 36.65985 ] } },
{ "type": "Feature", "properties": { "NO": "642", "施設・場所名": "中条公民館", "住所": "石川県津幡町字南中条ヘ81", "受入対象者": "指定なし" }, "geometry": { "type": "Point", "coordinates": [ 136.727489, 36.658036 ] } },
{ "type": "Feature", "properties": { "NO": "643", "施設・場所名": "中条小学校", "住所": "石川県津幡町字南中条ヘ81", "受入対象者": "指定なし" }, "geometry": { "type": "Point", "coordinates": [ 136.726832, 36.658885 ] } },
{ "type": "Feature", "properties": { "NO": "644", "施設・場所名": "英田コミュニティプラザ", "住所": "石川県津幡町字能瀬井36", "受入対象者": "指定なし" }, "geometry": { "type": "Point", "coordinates": [ 136.727019, 36.693439 ] } },
{ "type": "Feature", "properties": { "NO": "645", "施設・場所名": "英田小学校", "住所": "石川県津幡町字能瀬井36", "受入対象者": "指定なし" }, "geometry": { "type": "Point", "coordinates": [ 136.726872, 36.69265 ] } },
{ "type": "Feature", "properties": { "NO": "646", "施設・場所名": "文化会館シグナス", "住所": "石川県津幡町北中条3-1", "受入対象者": "指定なし" }, "geometry": { "type": "Point", "coordinates": [ 136.727228, 36.663565 ] } },
{ "type": "Feature", "properties": { "NO": "647", "施設・場所名": "アカシア公民館", "住所": "石川県内灘町字アカシア2-4", "受入対象者": "指定なし" }, "geometry": { "type": "Point", "coordinates": [ 136.63584, 36.63496 ] } },
{ "type": "Feature", "properties": { "NO": "648", "施設・場所名": "ハマナス公民館", "住所": "石川県内灘町字ハマナス2-16-1", "受入対象者": "指定なし" }, "geometry": { "type": "Point", "coordinates": [ 136.642946, 36.65454 ] } },
{ "type": "Feature", "properties": { "NO": "649", "施設・場所名": "旭ケ丘公民館", "住所": "石川県内灘町字旭ケ丘282", "受入対象者": "指定なし" }, "geometry": { "type": "Point", "coordinates": [ 136.635212, 36.630161 ] } },
{ "type": "Feature", "properties": { "NO": "650", "施設・場所名": "宮坂公民館", "住所": "石川県内灘町字宮坂６字1-1", "受入対象者": "指定なし" }, "geometry": { "type": "Point", "coordinates": [ 136.656714, 36.665993 ] } },
{ "type": "Feature", "properties": { "NO": "651", "施設・場所名": "勤労者体育センター", "住所": "石川県内灘町字宮坂６字1-1", "受入対象者": "指定なし" }, "geometry": { "type": "Point", "coordinates": [ 136.657106, 36.665915 ] } },
{ "type": "Feature", "properties": { "NO": "652", "施設・場所名": "サイクリングターミナル", "住所": "石川県内灘町字宮坂に1-3", "受入対象者": "指定なし" }, "geometry": { "type": "Point", "coordinates": [ 136.652247, 36.665543 ] } },
{ "type": "Feature", "properties": { "NO": "653", "施設・場所名": "屋内温水プール", "住所": "石川県内灘町字宮坂に1-9", "受入対象者": "指定なし" }, "geometry": { "type": "Point", "coordinates": [ 136.653035, 36.666815 ] } },
{ "type": "Feature", "properties": { "NO": "654", "施設・場所名": "ほのぼの湯（防災コミュニティセンター）", "住所": "石川県内灘町字宮坂に455", "受入対象者": "指定なし" }, "geometry": { "type": "Point", "coordinates": [ 136.652733, 36.662196 ] } },
{ "type": "Feature", "properties": { "NO": "655", "施設・場所名": "屋内多目的広場", "住所": "石川県内灘町字宮坂ぬ33-1", "受入対象者": "指定なし" }, "geometry": { "type": "Point", "coordinates": [ 136.652022, 36.667265 ] } },
{ "type": "Feature", "properties": { "NO": "656", "施設・場所名": "向粟崎体育館（向粟崎公民館）", "住所": "石川県内灘町字向粟崎1-420", "受入対象者": "指定なし" }, "geometry": { "type": "Point", "coordinates": [ 136.635696, 36.631474 ] } },
{ "type": "Feature", "properties": { "NO": "657", "施設・場所名": "向粟崎小学校", "住所": "石川県内灘町字向粟崎2-382", "受入対象者": "指定なし" }, "geometry": { "type": "Point", "coordinates": [ 136.637554, 36.636371 ] } },
{ "type": "Feature", "properties": { "NO": "658", "施設・場所名": "少年の家", "住所": "石川県内灘町字向粟崎3-104", "受入対象者": "指定なし" }, "geometry": { "type": "Point", "coordinates": [ 136.632764, 36.632028 ] } },
{ "type": "Feature", "properties": { "NO": "659", "施設・場所名": "向粟崎東集会場", "住所": "石川県内灘町字向粟崎5-85", "受入対象者": "指定なし" }, "geometry": { "type": "Point", "coordinates": [ 136.638107, 36.638577 ] } },
{ "type": "Feature", "properties": { "NO": "660", "施設・場所名": "働く女性の家（向陽台公民館）", "住所": "石川県内灘町字向陽台1-145-2", "受入対象者": "指定なし" }, "geometry": { "type": "Point", "coordinates": [ 136.633754, 36.638031 ] } },
{ "type": "Feature", "properties": { "NO": "661", "施設・場所名": "清湖小学校", "住所": "石川県内灘町字向陽台2-294", "受入対象者": "指定なし" }, "geometry": { "type": "Point", "coordinates": [ 136.633488, 36.640524 ] } },
{ "type": "Feature", "properties": { "NO": "662", "施設・場所名": "室公民館", "住所": "石川県内灘町字室イ79-1", "受入対象者": "指定なし" }, "geometry": { "type": "Point", "coordinates": [ 136.675515, 36.688573 ] } },
{ "type": "Feature", "properties": { "NO": "663", "施設・場所名": "西荒屋公民館", "住所": "石川県内灘町字西荒屋ハ24-4", "受入対象者": "指定なし" }, "geometry": { "type": "Point", "coordinates": [ 136.67246, 36.684739 ] } },
{ "type": "Feature", "properties": { "NO": "664", "施設・場所名": "西荒屋小学校", "住所": "石川県内灘町字西荒屋ハ6-7", "受入対象者": "指定なし" }, "geometry": { "type": "Point", "coordinates": [ 136.66713, 36.6786 ] } },
{ "type": "Feature", "properties": { "NO": "665", "施設・場所名": "千鳥台公民館", "住所": "石川県内灘町字千鳥台1-123", "受入対象者": "指定なし" }, "geometry": { "type": "Point", "coordinates": [ 136.627019, 36.63662 ] } },
{ "type": "Feature", "properties": { "NO": "666", "施設・場所名": "石川県立内灘高等学校", "住所": "石川県内灘町字千鳥台3-1", "受入対象者": "指定なし" }, "geometry": { "type": "Point", "coordinates": [ 136.629308, 36.640684 ] } },
{ "type": "Feature", "properties": { "NO": "667", "施設・場所名": "特別養護老人ホーム夕陽ヶ丘苑", "住所": "石川県内灘町字大学1-5-1", "受入対象者": "要配慮者" }, "geometry": { "type": "Point", "coordinates": [ 136.647693, 36.659875 ] } },
{ "type": "Feature", "properties": { "NO": "668", "施設・場所名": "大学公民館", "住所": "石川県内灘町字大学2-119", "受入対象者": "指定なし" }, "geometry": { "type": "Point", "coordinates": [ 136.648666, 36.655104 ] } },
{ "type": "Feature", "properties": { "NO": "669", "施設・場所名": "内灘の風", "住所": "石川県内灘町字大根布1-31-8", "受入対象者": "要配慮者" }, "geometry": { "type": "Point", "coordinates": [ 136.645469, 36.647174 ] } },
{ "type": "Feature", "properties": { "NO": "670", "施設・場所名": "地域防災センター（大根布公民館）", "住所": "石川県内灘町字大根布3-150", "受入対象者": "指定なし" }, "geometry": { "type": "Point", "coordinates": [ 136.64877, 36.651906 ] } },
{ "type": "Feature", "properties": { "NO": "671", "施設・場所名": "大根布小学校", "住所": "石川県内灘町字大根布6-2", "受入対象者": "指定なし" }, "geometry": { "type": "Point", "coordinates": [ 136.645569, 36.649287 ] } },
{ "type": "Feature", "properties": { "NO": "672", "施設・場所名": "うちなだ福祉作業所", "住所": "石川県内灘町字大根布と202-5", "受入対象者": "要配慮者" }, "geometry": { "type": "Point", "coordinates": [ 136.639291, 36.649262 ] } },
{ "type": "Feature", "properties": { "NO": "673", "施設・場所名": "石川県立児童生活指導センター", "住所": "石川県内灘町字大根布と543", "受入対象者": "指定なし" }, "geometry": { "type": "Point", "coordinates": [ 136.638707, 36.650441 ] } },
{ "type": "Feature", "properties": { "NO": "674", "施設・場所名": "文化会館（大清台公民館）", "住所": "石川県内灘町字大清台140", "受入対象者": "指定なし" }, "geometry": { "type": "Point", "coordinates": [ 136.643679, 36.650948 ] } },
{ "type": "Feature", "properties": { "NO": "675", "施設・場所名": "鶴ケ丘東公民館", "住所": "石川県内灘町字鶴ケ丘2-159-1", "受入対象者": "指定なし" }, "geometry": { "type": "Point", "coordinates": [ 136.642339, 36.642691 ] } },
{ "type": "Feature", "properties": { "NO": "676", "施設・場所名": "鶴ケ丘小学校", "住所": "石川県内灘町字鶴ケ丘2-162", "受入対象者": "指定なし" }, "geometry": { "type": "Point", "coordinates": [ 136.641805, 36.642935 ] } },
{ "type": "Feature", "properties": { "NO": "677", "施設・場所名": "内灘中学校", "住所": "石川県内灘町字鶴ケ丘2-308", "受入対象者": "指定なし" }, "geometry": { "type": "Point", "coordinates": [ 136.643559, 36.645844 ] } },
{ "type": "Feature", "properties": { "NO": "678", "施設・場所名": "武道館", "住所": "石川県内灘町字鶴ケ丘2-308-3", "受入対象者": "指定なし" }, "geometry": { "type": "Point", "coordinates": [ 136.644868, 36.646446 ] } },
{ "type": "Feature", "properties": { "NO": "679", "施設・場所名": "鶴ケ丘西公民館", "住所": "石川県内灘町字鶴ケ丘4-1-187", "受入対象者": "指定なし" }, "geometry": { "type": "Point", "coordinates": [ 136.637908, 36.643917 ] } },
{ "type": "Feature", "properties": { "NO": "680", "施設・場所名": "鶴ケ丘北公民館", "住所": "石川県内灘町字鶴ケ丘5-1-185", "受入対象者": "指定なし" }, "geometry": { "type": "Point", "coordinates": [ 136.641353, 36.6472 ] } },
{ "type": "Feature", "properties": { "NO": "681", "施設・場所名": "内灘町南部地域防災センター（緑台公民館）", "住所": "石川県内灘町字緑台1-270", "受入対象者": "指定なし" }, "geometry": { "type": "Point", "coordinates": [ 136.629625, 36.634166 ] } },
{ "type": "Feature", "properties": { "NO": "682", "施設・場所名": "白帆台公民館", "住所": "石川県内灘町白帆台1-215", "受入対象者": "指定なし" }, "geometry": { "type": "Point", "coordinates": [ 136.655584, 36.670197 ] } },
{ "type": "Feature", "properties": { "NO": "683", "施設・場所名": "内灘温泉保養館", "住所": "石川県内灘町白帆台1-88-1", "受入対象者": "要配慮者" }, "geometry": { "type": "Point", "coordinates": [ 136.654626, 36.668441 ] } },
{ "type": "Feature", "properties": { "NO": "684", "施設・場所名": "白帆台小学校", "住所": "石川県内灘町白帆台2-168", "受入対象者": "指定なし" }, "geometry": { "type": "Point", "coordinates": [ 136.65735, 36.674004 ] } },
{ "type": "Feature", "properties": { "NO": "685", "施設・場所名": "岩井戸公民館", "住所": "石川県能登町字黒川26-11", "受入対象者": "指定なし" }, "geometry": { "type": "Point", "coordinates": [ 137.039523, 37.364894 ] } },
{ "type": "Feature", "properties": { "NO": "686", "施設・場所名": "崎山山村開発センター", "住所": "石川県能登町字崎山1-1", "受入対象者": "指定なし" }, "geometry": { "type": "Point", "coordinates": [ 137.148684, 37.30281 ] } },
{ "type": "Feature", "properties": { "NO": "687", "施設・場所名": "小間生公民館", "住所": "石川県能登町字小間生梅部89-1", "受入対象者": "指定なし" }, "geometry": { "type": "Point", "coordinates": [ 137.115065, 37.381497 ] } },
{ "type": "Feature", "properties": { "NO": "688", "施設・場所名": "小木中学校", "住所": "石川県能登町字小木1-1-1", "受入対象者": "指定なし" }, "geometry": { "type": "Point", "coordinates": [ 137.22338, 37.304203 ] } },
{ "type": "Feature", "properties": { "NO": "689", "施設・場所名": "小木地域交流センター", "住所": "石川県能登町字小木１５字30-1", "受入対象者": "指定なし" }, "geometry": { "type": "Point", "coordinates": [ 137.223938, 37.300581 ] } },
{ "type": "Feature", "properties": { "NO": "690", "施設・場所名": "小木小学校", "住所": "石川県能登町字小木４字16", "受入対象者": "指定なし" }, "geometry": { "type": "Point", "coordinates": [ 137.223836, 37.299073 ] } },
{ "type": "Feature", "properties": { "NO": "691", "施設・場所名": "松波公民館", "住所": "石川県能登町字松波１３字75-1", "受入対象者": "指定なし" }, "geometry": { "type": "Point", "coordinates": [ 137.244922, 37.353506 ] } },
{ "type": "Feature", "properties": { "NO": "692", "施設・場所名": "松波中学校", "住所": "石川県能登町字松波１６字26", "受入対象者": "指定なし" }, "geometry": { "type": "Point", "coordinates": [ 137.245086, 37.346766 ] } },
{ "type": "Feature", "properties": { "NO": "693", "施設・場所名": "上町公民館", "住所": "石川県能登町字上町８字505", "受入対象者": "指定なし" }, "geometry": { "type": "Point", "coordinates": [ 137.108802, 37.35073 ] } },
{ "type": "Feature", "properties": { "NO": "694", "施設・場所名": "瑞穂公民館", "住所": "石川県能登町字瑞穂１０字166", "受入対象者": "指定なし" }, "geometry": { "type": "Point", "coordinates": [ 137.040576, 37.280426 ] } },
{ "type": "Feature", "properties": { "NO": "695", "施設・場所名": "神野公民館", "住所": "石川県能登町字鶴町１１字13-1", "受入対象者": "指定なし" }, "geometry": { "type": "Point", "coordinates": [ 137.083926, 37.315974 ] } },
{ "type": "Feature", "properties": { "NO": "696", "施設・場所名": "能都中学校", "住所": "石川県能登町字藤波１４字35", "受入対象者": "指定なし" }, "geometry": { "type": "Point", "coordinates": [ 137.144088, 37.302249 ] } },
{ "type": "Feature", "properties": { "NO": "697", "施設・場所名": "屋内テニスコート", "住所": "石川県能登町字藤波２３字1", "受入対象者": "指定なし" }, "geometry": { "type": "Point", "coordinates": [ 137.134734, 37.295227 ] } },
{ "type": "Feature", "properties": { "NO": "698", "施設・場所名": "三波公民館", "住所": "石川県能登町字波並３字113", "受入対象者": "指定なし" }, "geometry": { "type": "Point", "coordinates": [ 137.117006, 37.289114 ] } },
{ "type": "Feature", "properties": { "NO": "699", "施設・場所名": "白丸コミュニティ施設", "住所": "石川県能登町字白丸２字17", "受入対象者": "指定なし" }, "geometry": { "type": "Point", "coordinates": [ 137.263872, 37.326876 ] } },
{ "type": "Feature", "properties": { "NO": "700", "施設・場所名": "姫交流センター", "住所": "石川県能登町字姫１０字250", "受入対象者": "指定なし" }, "geometry": { "type": "Point", "coordinates": [ 137.21255, 37.296414 ] } },
{ "type": "Feature", "properties": { "NO": "701", "施設・場所名": "高倉公民館", "住所": "石川県能登町字姫１２字36", "受入対象者": "指定なし" }, "geometry": { "type": "Point", "coordinates": [ 137.208576, 37.302194 ] } },
{ "type": "Feature", "properties": { "NO": "702", "施設・場所名": "不動寺公民館", "住所": "石川県能登町字不動寺８字200-1", "受入対象者": "指定なし" }, "geometry": { "type": "Point", "coordinates": [ 137.209533, 37.337526 ] } },
{ "type": "Feature", "properties": { "NO": "703", "施設・場所名": "柳田公民館", "住所": "石川県能登町字柳田仁部54", "受入対象者": "指定なし" }, "geometry": { "type": "Point", "coordinates": [ 137.09609, 37.368813 ] } },
{ "type": "Feature", "properties": { "NO": "704", "施設・場所名": "柳田中学校", "住所": "石川県能登町字礼部3", "受入対象者": "指定なし" }, "geometry": { "type": "Point", "coordinates": [ 137.092581, 37.365827 ] } },
{ "type": "Feature", "properties": { "NO": "705", "施設・場所名": "柳田小学校", "住所": "石川県能登町字礼部２－１地", "受入対象者": "指定なし" }, "geometry": { "type": "Point", "coordinates": [ 137.095837, 37.366321 ] } },
{ "type": "Feature", "properties": { "NO": "706", "施設・場所名": "第二長寿園", "住所": "石川県能登町布浦", "受入対象者": "高齢者" }, "geometry": { "type": "Point", "coordinates": [ 137.252625, 37.344913 ] } },
{ "type": "Feature", "properties": { "NO": "707", "施設・場所名": "北陸先端科学技術大学院大学体育館", "住所": "石川県能美市旭台1-35", "受入対象者": "指定なし" }, "geometry": { "type": "Point", "coordinates": [ 136.593883, 36.442133 ] } },
{ "type": "Feature", "properties": { "NO": "708", "施設・場所名": "粟生小学校", "住所": "石川県能美市粟生町ロ45", "受入対象者": "指定なし" }, "geometry": { "type": "Point", "coordinates": [ 136.506439, 36.452365 ] } },
{ "type": "Feature", "properties": { "NO": "709", "施設・場所名": "岩内体育館", "住所": "石川県能美市岩内町イ164-1", "受入対象者": "指定なし" }, "geometry": { "type": "Point", "coordinates": [ 136.566176, 36.453995 ] } },
{ "type": "Feature", "properties": { "NO": "710", "施設・場所名": "石川県立寺井高校", "住所": "石川県能美市吉光町ト90", "受入対象者": "指定なし" }, "geometry": { "type": "Point", "coordinates": [ 136.496433, 36.44689 ] } },
{ "type": "Feature", "properties": { "NO": "711", "施設・場所名": "宮竹小学校", "住所": "石川県能美市宮竹町イ153", "受入対象者": "指定なし" }, "geometry": { "type": "Point", "coordinates": [ 136.58431, 36.452972 ] } },
{ "type": "Feature", "properties": { "NO": "712", "施設・場所名": "湯野児童館", "住所": "石川県能美市佐野町ラ70", "受入対象者": "指定なし" }, "geometry": { "type": "Point", "coordinates": [ 136.515563, 36.432419 ] } },
{ "type": "Feature", "properties": { "NO": "713", "施設・場所名": "寺井体育館", "住所": "石川県能美市寺井町ヨ150", "受入対象者": "指定なし" }, "geometry": { "type": "Point", "coordinates": [ 136.497064, 36.436442 ] } },
{ "type": "Feature", "properties": { "NO": "714", "施設・場所名": "寺井地区公民館", "住所": "石川県能美市寺井町ヨ47", "受入対象者": "指定なし" }, "geometry": { "type": "Point", "coordinates": [ 136.49733, 36.436813 ] } },
{ "type": "Feature", "properties": { "NO": "715", "施設・場所名": "寺井小学校", "住所": "石川県能美市寺井町ヨ60", "受入対象者": "指定なし" }, "geometry": { "type": "Point", "coordinates": [ 136.49771, 36.435981 ] } },
{ "type": "Feature", "properties": { "NO": "716", "施設・場所名": "寺井中学校", "住所": "石川県能美市寺井町ラ161", "受入対象者": "指定なし" }, "geometry": { "type": "Point", "coordinates": [ 136.491346, 36.440103 ] } },
{ "type": "Feature", "properties": { "NO": "717", "施設・場所名": "泉台スポーツセンター", "住所": "石川県能美市泉台町東11", "受入対象者": "指定なし" }, "geometry": { "type": "Point", "coordinates": [ 136.526032, 36.434781 ] } },
{ "type": "Feature", "properties": { "NO": "718", "施設・場所名": "根上総合文化会館", "住所": "石川県能美市大成町ヌ118", "受入対象者": "指定なし" }, "geometry": { "type": "Point", "coordinates": [ 136.463616, 36.447154 ] } },
{ "type": "Feature", "properties": { "NO": "719", "施設・場所名": "辰口中学校", "住所": "石川県能美市辰口町129", "受入対象者": "指定なし" }, "geometry": { "type": "Point", "coordinates": [ 136.547366, 36.448284 ] } },
{ "type": "Feature", "properties": { "NO": "720", "施設・場所名": "辰口中央小学校", "住所": "石川県能美市辰口町735", "受入対象者": "指定なし" }, "geometry": { "type": "Point", "coordinates": [ 136.542584, 36.446828 ] } },
{ "type": "Feature", "properties": { "NO": "721", "施設・場所名": "辰口福祉会館", "住所": "石川県能美市辰口町ヌ10", "受入対象者": "指定なし" }, "geometry": { "type": "Point", "coordinates": [ 136.548173, 36.444276 ] } },
{ "type": "Feature", "properties": { "NO": "722", "施設・場所名": "物見山総合体育館", "住所": "石川県能美市辰口町リ1", "受入対象者": "指定なし" }, "geometry": { "type": "Point", "coordinates": [ 136.547611, 36.447815 ] } },
{ "type": "Feature", "properties": { "NO": "723", "施設・場所名": "浜小学校", "住所": "石川県能美市中町カ14", "受入対象者": "指定なし" }, "geometry": { "type": "Point", "coordinates": [ 136.458102, 36.448009 ] } },
{ "type": "Feature", "properties": { "NO": "724", "施設・場所名": "根上中央児童館", "住所": "石川県能美市中町子88", "受入対象者": "指定なし" }, "geometry": { "type": "Point", "coordinates": [ 136.458365, 36.448905 ] } },
{ "type": "Feature", "properties": { "NO": "725", "施設・場所名": "湯野小学校", "住所": "石川県能美市湯谷町へ3076", "受入対象者": "指定なし" }, "geometry": { "type": "Point", "coordinates": [ 136.514245, 36.434456 ] } },
{ "type": "Feature", "properties": { "NO": "726", "施設・場所名": "根上勤労者体育センター", "住所": "石川県能美市浜町ヨ15-3", "受入対象者": "指定なし" }, "geometry": { "type": "Point", "coordinates": [ 136.456978, 36.447578 ] } },
{ "type": "Feature", "properties": { "NO": "727", "施設・場所名": "根上中学校", "住所": "石川県能美市浜町ワ60", "受入対象者": "指定なし" }, "geometry": { "type": "Point", "coordinates": [ 136.456324, 36.446239 ] } },
{ "type": "Feature", "properties": { "NO": "728", "施設・場所名": "福岡小学校", "住所": "石川県能美市福岡町ハ35", "受入対象者": "指定なし" }, "geometry": { "type": "Point", "coordinates": [ 136.475237, 36.447992 ] } },
{ "type": "Feature", "properties": { "NO": "729", "施設・場所名": "緑が丘コミュニティセンター", "住所": "石川県能美市緑が丘9-1", "受入対象者": "指定なし" }, "geometry": { "type": "Point", "coordinates": [ 136.537949, 36.44211 ] } },
{ "type": "Feature", "properties": { "NO": "730", "施設・場所名": "和気小学校", "住所": "石川県能美市和気町イ140", "受入対象者": "指定なし" }, "geometry": { "type": "Point", "coordinates": [ 136.549178, 36.423612 ] } },
{ "type": "Feature", "properties": { "NO": "731", "施設・場所名": "道の駅「しらやまさん」", "住所": "石川県能美市和佐谷町200", "受入対象者": "指定なし" }, "geometry": { "type": "Point", "coordinates": [ 136.630525, 36.436746 ] } },
{ "type": "Feature", "properties": { "NO": "732", "施設・場所名": "鳥越大日スポーツ施設　大日ロッジ", "住所": "石川県白山市阿手町乙2-1", "受入対象者": "指定なし" }, "geometry": { "type": "Point", "coordinates": [ 136.560417, 36.293736 ] } },
{ "type": "Feature", "properties": { "NO": "733", "施設・場所名": "旭コミュニティセンター・旭丘体育館", "住所": "石川県白山市旭丘2-32", "受入対象者": "指定なし" }, "geometry": { "type": "Point", "coordinates": [ 136.567652, 36.55097 ] } },
{ "type": "Feature", "properties": { "NO": "734", "施設・場所名": "あさひこども園", "住所": "石川県白山市旭丘2-33", "受入対象者": "指定なし" }, "geometry": { "type": "Point", "coordinates": [ 136.567905, 36.550804 ] } },
{ "type": "Feature", "properties": { "NO": "735", "施設・場所名": "山島コミュニティセンター", "住所": "石川県白山市安吉町120", "受入対象者": "指定なし" }, "geometry": { "type": "Point", "coordinates": [ 136.565348, 36.483457 ] } },
{ "type": "Feature", "properties": { "NO": "736", "施設・場所名": "蝶屋コミュニティセンター", "住所": "石川県白山市井関町113-1", "受入対象者": "指定なし" }, "geometry": { "type": "Point", "coordinates": [ 136.501973, 36.492433 ] } },
{ "type": "Feature", "properties": { "NO": "737", "施設・場所名": "蝶屋小学校（体育館）", "住所": "石川県白山市井関町ヌ15", "受入対象者": "指定なし" }, "geometry": { "type": "Point", "coordinates": [ 136.501724, 36.491562 ] } },
{ "type": "Feature", "properties": { "NO": "738", "施設・場所名": "白山農業協同組合多目的ホール", "住所": "石川県白山市井口町に62-1", "受入対象者": "指定なし" }, "geometry": { "type": "Point", "coordinates": [ 136.603514, 36.472699 ] } },
{ "type": "Feature", "properties": { "NO": "739", "施設・場所名": "明光小学校（体育館）", "住所": "石川県白山市井口町は1-4", "受入対象者": "指定なし" }, "geometry": { "type": "Point", "coordinates": [ 136.605727, 36.477892 ] } },
{ "type": "Feature", "properties": { "NO": "740", "施設・場所名": "林中コミュニティセンター", "住所": "石川県白山市乙丸町461", "受入対象者": "指定なし" }, "geometry": { "type": "Point", "coordinates": [ 136.575289, 36.497874 ] } },
{ "type": "Feature", "properties": { "NO": "741", "施設・場所名": "柏野防災コミュニティセンター", "住所": "石川県白山市下柏野町488", "受入対象者": "指定なし" }, "geometry": { "type": "Point", "coordinates": [ 136.53613, 36.499024 ] } },
{ "type": "Feature", "properties": { "NO": "742", "施設・場所名": "河内小学校（体育館）", "住所": "石川県白山市河内町口直海イ88", "受入対象者": "指定なし" }, "geometry": { "type": "Point", "coordinates": [ 136.630856, 36.402189 ] } },
{ "type": "Feature", "properties": { "NO": "743", "施設・場所名": "河内ウッディホール", "住所": "石川県白山市河内町江津い30", "受入対象者": "指定なし" }, "geometry": { "type": "Point", "coordinates": [ 136.613284, 36.384459 ] } },
{ "type": "Feature", "properties": { "NO": "744", "施設・場所名": "千丈温泉清流", "住所": "石川県白山市河内町内尾ロ65-1", "受入対象者": "指定なし" }, "geometry": { "type": "Point", "coordinates": [ 136.679532, 36.347966 ] } },
{ "type": "Feature", "properties": { "NO": "745", "施設・場所名": "かわち保健センター", "住所": "石川県白山市河内町福岡77", "受入対象者": "指定なし" }, "geometry": { "type": "Point", "coordinates": [ 136.620577, 36.397897 ] } },
{ "type": "Feature", "properties": { "NO": "746", "施設・場所名": "かわちこども園", "住所": "石川県白山市河内町福岡88", "受入対象者": "指定なし" }, "geometry": { "type": "Point", "coordinates": [ 136.621343, 36.398598 ] } },
{ "type": "Feature", "properties": { "NO": "747", "施設・場所名": "松陽小学校（体育館）", "住所": "石川県白山市笠間町1150-1", "受入対象者": "指定なし" }, "geometry": { "type": "Point", "coordinates": [ 136.529403, 36.50806 ] } },
{ "type": "Feature", "properties": { "NO": "748", "施設・場所名": "笠間中学校（体育館）", "住所": "石川県白山市笠間町157", "受入対象者": "指定なし" }, "geometry": { "type": "Point", "coordinates": [ 136.525993, 36.499711 ] } },
{ "type": "Feature", "properties": { "NO": "749", "施設・場所名": "笠間防災コミュニティセンター", "住所": "石川県白山市笠間町623-1", "受入対象者": "指定なし" }, "geometry": { "type": "Point", "coordinates": [ 136.525549, 36.504797 ] } },
{ "type": "Feature", "properties": { "NO": "750", "施設・場所名": "鳥越中学校（体育館）", "住所": "石川県白山市釜清水町チ140", "受入対象者": "指定なし" }, "geometry": { "type": "Point", "coordinates": [ 136.608103, 36.364654 ] } },
{ "type": "Feature", "properties": { "NO": "751", "施設・場所名": "白山ろく体育館", "住所": "石川県白山市吉野ケ23", "受入対象者": "指定なし" }, "geometry": { "type": "Point", "coordinates": [ 136.625274, 36.354089 ] } },
{ "type": "Feature", "properties": { "NO": "752", "施設・場所名": "旭丘小学校（体育館）", "住所": "石川県白山市宮永町1446-1", "受入対象者": "指定なし" }, "geometry": { "type": "Point", "coordinates": [ 136.565041, 36.545413 ] } },
{ "type": "Feature", "properties": { "NO": "753", "施設・場所名": "宮保防災コミュニティセンター", "住所": "石川県白山市宮保町740-1", "受入対象者": "指定なし" }, "geometry": { "type": "Point", "coordinates": [ 136.534957, 36.514178 ] } },
{ "type": "Feature", "properties": { "NO": "754", "施設・場所名": "鶴来防災コミュニティセンター", "住所": "石川県白山市月橋町699-2", "受入対象者": "指定なし" }, "geometry": { "type": "Point", "coordinates": [ 136.620174, 36.456378 ] } },
{ "type": "Feature", "properties": { "NO": "755", "施設・場所名": "鶴来高等学校（体育館）", "住所": "石川県白山市月橋町710", "受入対象者": "指定なし" }, "geometry": { "type": "Point", "coordinates": [ 136.618269, 36.456816 ] } },
{ "type": "Feature", "properties": { "NO": "756", "施設・場所名": "いしかわこども園", "住所": "石川県白山市源兵島町288", "受入対象者": "指定なし" }, "geometry": { "type": "Point", "coordinates": [ 136.528937, 36.483985 ] } },
{ "type": "Feature", "properties": { "NO": "757", "施設・場所名": "石川コミュニティセンター", "住所": "石川県白山市源兵島町332-1", "受入対象者": "指定なし" }, "geometry": { "type": "Point", "coordinates": [ 136.527457, 36.484121 ] } },
{ "type": "Feature", "properties": { "NO": "758", "施設・場所名": "石川小学校（体育館）", "住所": "石川県白山市源兵島町344", "受入対象者": "指定なし" }, "geometry": { "type": "Point", "coordinates": [ 136.528117, 36.483772 ] } },
{ "type": "Feature", "properties": { "NO": "759", "施設・場所名": "松任文化会館ピーノ", "住所": "石川県白山市古城町2", "受入対象者": "指定なし" }, "geometry": { "type": "Point", "coordinates": [ 136.565928, 36.524262 ] } },
{ "type": "Feature", "properties": { "NO": "760", "施設・場所名": "松任学習センタープララ", "住所": "石川県白山市古城町305", "受入対象者": "指定なし" }, "geometry": { "type": "Point", "coordinates": [ 136.567152, 36.524641 ] } },
{ "type": "Feature", "properties": { "NO": "761", "施設・場所名": "吉野谷コミュニティセンター", "住所": "石川県白山市佐良ニ136", "受入対象者": "指定なし" }, "geometry": { "type": "Point", "coordinates": [ 136.6469, 36.323669 ] } },
{ "type": "Feature", "properties": { "NO": "762", "施設・場所名": "翠星高等学校（体育館）", "住所": "石川県白山市三浦町500-1", "受入対象者": "指定なし" }, "geometry": { "type": "Point", "coordinates": [ 136.574272, 36.512825 ] } },
{ "type": "Feature", "properties": { "NO": "763", "施設・場所名": "旧吉野谷市民サービスセンター", "住所": "石川県白山市市原丁25", "受入対象者": "指定なし" }, "geometry": { "type": "Point", "coordinates": [ 136.648425, 36.320433 ] } },
{ "type": "Feature", "properties": { "NO": "764", "施設・場所名": "鶴来総合文化会館クレイン", "住所": "石川県白山市七原町77", "受入対象者": "指定なし" }, "geometry": { "type": "Point", "coordinates": [ 136.598091, 36.483548 ] } },
{ "type": "Feature", "properties": { "NO": "765", "施設・場所名": "山島台児童センター", "住所": "石川県白山市漆島町281", "受入対象者": "指定なし" }, "geometry": { "type": "Point", "coordinates": [ 136.57809, 36.472313 ] } },
{ "type": "Feature", "properties": { "NO": "766", "施設・場所名": "日輪体育館", "住所": "石川県白山市松本町888-1", "受入対象者": "指定なし" }, "geometry": { "type": "Point", "coordinates": [ 136.510717, 36.512363 ] } },
{ "type": "Feature", "properties": { "NO": "767", "施設・場所名": "鳥越ふるさとセンター", "住所": "石川県白山市上吉谷町甲99", "受入対象者": "指定なし" }, "geometry": { "type": "Point", "coordinates": [ 136.635111, 36.334183 ] } },
{ "type": "Feature", "properties": { "NO": "768", "施設・場所名": "鳥越小学校（体育館）", "住所": "石川県白山市上野町オ1", "受入対象者": "指定なし" }, "geometry": { "type": "Point", "coordinates": [ 136.605004, 36.370689 ] } },
{ "type": "Feature", "properties": { "NO": "769", "施設・場所名": "北陽小学校（体育館）", "住所": "石川県白山市新田町246", "受入対象者": "指定なし" }, "geometry": { "type": "Point", "coordinates": [ 136.573113, 36.531268 ] } },
{ "type": "Feature", "properties": { "NO": "770", "施設・場所名": "松南小学校（体育館）", "住所": "石川県白山市菅波町1171-1", "受入対象者": "指定なし" }, "geometry": { "type": "Point", "coordinates": [ 136.568905, 36.491386 ] } },
{ "type": "Feature", "properties": { "NO": "771", "施設・場所名": "尾口コミュニティセンター", "住所": "石川県白山市瀬戸午10", "受入対象者": "指定なし" }, "geometry": { "type": "Point", "coordinates": [ 136.646352, 36.292073 ] } },
{ "type": "Feature", "properties": { "NO": "772", "施設・場所名": "白嶺小中学校（体育館）", "住所": "石川県白山市瀬戸申66", "受入対象者": "指定なし" }, "geometry": { "type": "Point", "coordinates": [ 136.64141, 36.296089 ] } },
{ "type": "Feature", "properties": { "NO": "773", "施設・場所名": "出城コミュニティセンター", "住所": "石川県白山市成町406-2", "受入対象者": "指定なし" }, "geometry": { "type": "Point", "coordinates": [ 136.55506, 36.522876 ] } },
{ "type": "Feature", "properties": { "NO": "774", "施設・場所名": "松任コミュニティセンター", "住所": "石川県白山市西新町170-1", "受入対象者": "指定なし" }, "geometry": { "type": "Point", "coordinates": [ 136.563184, 36.524684 ] } },
{ "type": "Feature", "properties": { "NO": "775", "施設・場所名": "加賀野コミュニティセンター", "住所": "石川県白山市西柏1-37", "受入対象者": "指定なし" }, "geometry": { "type": "Point", "coordinates": [ 136.531475, 36.501565 ] } },
{ "type": "Feature", "properties": { "NO": "776", "施設・場所名": "千代野保育所", "住所": "石川県白山市千代野西2-13", "受入対象者": "指定なし" }, "geometry": { "type": "Point", "coordinates": [ 136.537913, 36.52204 ] } },
{ "type": "Feature", "properties": { "NO": "777", "施設・場所名": "千代野コミュニティセンター・千代野児童センター", "住所": "石川県白山市千代野西8-30", "受入対象者": "指定なし" }, "geometry": { "type": "Point", "coordinates": [ 136.537706, 36.527442 ] } },
{ "type": "Feature", "properties": { "NO": "778", "施設・場所名": "千代野体育館", "住所": "石川県白山市千代野東3-17-2", "受入対象者": "指定なし" }, "geometry": { "type": "Point", "coordinates": [ 136.542379, 36.5227 ] } },
{ "type": "Feature", "properties": { "NO": "779", "施設・場所名": "千代野小学校（体育館）", "住所": "石川県白山市千代野東4-1", "受入対象者": "指定なし" }, "geometry": { "type": "Point", "coordinates": [ 136.541259, 36.524667 ] } },
{ "type": "Feature", "properties": { "NO": "780", "施設・場所名": "千代野会館", "住所": "石川県白山市千代野東5-1-2", "受入対象者": "指定なし" }, "geometry": { "type": "Point", "coordinates": [ 136.543819, 36.52311 ] } },
{ "type": "Feature", "properties": { "NO": "781", "施設・場所名": "松任総合運動公園体育館", "住所": "石川県白山市倉光4-22", "受入対象者": "指定なし" }, "geometry": { "type": "Point", "coordinates": [ 136.563532, 36.51375 ] } },
{ "type": "Feature", "properties": { "NO": "782", "施設・場所名": "はまなす保育園", "住所": "石川県白山市相川町1262", "受入対象者": "指定なし" }, "geometry": { "type": "Point", "coordinates": [ 136.546235, 36.539271 ] } },
{ "type": "Feature", "properties": { "NO": "783", "施設・場所名": "御手洗コミュニティセンター", "住所": "石川県白山市相川町1566-1", "受入対象者": "指定なし" }, "geometry": { "type": "Point", "coordinates": [ 136.540968, 36.538899 ] } },
{ "type": "Feature", "properties": { "NO": "784", "施設・場所名": "シーサイド松任", "住所": "石川県白山市相川町2462", "受入対象者": "指定なし" }, "geometry": { "type": "Point", "coordinates": [ 136.535482, 36.541667 ] } },
{ "type": "Feature", "properties": { "NO": "785", "施設・場所名": "あいのきこども園", "住所": "石川県白山市相木町797", "受入対象者": "指定なし" }, "geometry": { "type": "Point", "coordinates": [ 136.565195, 36.533411 ] } },
{ "type": "Feature", "properties": { "NO": "786", "施設・場所名": "一木コミュニティセンター・松任青少年体育館", "住所": "石川県白山市村井町441", "受入対象者": "指定なし" }, "geometry": { "type": "Point", "coordinates": [ 136.559214, 36.512692 ] } },
{ "type": "Feature", "properties": { "NO": "787", "施設・場所名": "広陽小学校（体育館）", "住所": "石川県白山市知気寺町と77-2", "受入対象者": "指定なし" }, "geometry": { "type": "Point", "coordinates": [ 136.602384, 36.486979 ] } },
{ "type": "Feature", "properties": { "NO": "788", "施設・場所名": "くろゆり荘", "住所": "石川県白山市中宮ク5-32", "受入対象者": "指定なし" }, "geometry": { "type": "Point", "coordinates": [ 136.763281, 36.26086 ] } },
{ "type": "Feature", "properties": { "NO": "789", "施設・場所名": "吉野谷セミナーハウス", "住所": "石川県白山市中宮ヲ16", "受入対象者": "指定なし" }, "geometry": { "type": "Point", "coordinates": [ 136.688964, 36.275391 ] } },
{ "type": "Feature", "properties": { "NO": "790", "施設・場所名": "白山郷公園体育館", "住所": "石川県白山市鶴来大国町ロ125-2", "受入対象者": "指定なし" }, "geometry": { "type": "Point", "coordinates": [ 136.619513, 36.455002 ] } },
{ "type": "Feature", "properties": { "NO": "791", "施設・場所名": "朝日小学校（体育館）", "住所": "石川県白山市鶴来日吉町ロ111", "受入対象者": "指定なし" }, "geometry": { "type": "Point", "coordinates": [ 136.635769, 36.444683 ] } },
{ "type": "Feature", "properties": { "NO": "792", "施設・場所名": "鶴来コミュニティセンター", "住所": "石川県白山市鶴来本町４丁目ヌ85", "受入対象者": "指定なし" }, "geometry": { "type": "Point", "coordinates": [ 136.625581, 36.452756 ] } },
{ "type": "Feature", "properties": { "NO": "793", "施設・場所名": "鶴来中学校（体育館）", "住所": "石川県白山市鶴来本町４丁目リ16", "受入対象者": "指定なし" }, "geometry": { "type": "Point", "coordinates": [ 136.62492, 36.454087 ] } },
{ "type": "Feature", "properties": { "NO": "794", "施設・場所名": "郷コミュニティセンター", "住所": "石川県白山市田中町230", "受入対象者": "指定なし" }, "geometry": { "type": "Point", "coordinates": [ 136.589076, 36.530479 ] } },
{ "type": "Feature", "properties": { "NO": "795", "施設・場所名": "林コミュニティセンター", "住所": "石川県白山市道法寺町へ24", "受入対象者": "指定なし" }, "geometry": { "type": "Point", "coordinates": [ 136.613065, 36.483018 ] } },
{ "type": "Feature", "properties": { "NO": "796", "施設・場所名": "双葉保育所", "住所": "石川県白山市道法寺町ト73", "受入対象者": "指定なし" }, "geometry": { "type": "Point", "coordinates": [ 136.610733, 36.481945 ] } },
{ "type": "Feature", "properties": { "NO": "797", "施設・場所名": "東明小学校（体育館）", "住所": "石川県白山市徳丸町207", "受入対象者": "指定なし" }, "geometry": { "type": "Point", "coordinates": [ 136.578962, 36.523805 ] } },
{ "type": "Feature", "properties": { "NO": "798", "施設・場所名": "若宮公園体育館", "住所": "石川県白山市徳丸町491", "受入対象者": "指定なし" }, "geometry": { "type": "Point", "coordinates": [ 136.575925, 36.521689 ] } },
{ "type": "Feature", "properties": { "NO": "799", "施設・場所名": "松任海浜温泉", "住所": "石川県白山市徳光町2665-1", "受入対象者": "指定なし" }, "geometry": { "type": "Point", "coordinates": [ 136.530286, 36.535939 ] } },
{ "type": "Feature", "properties": { "NO": "800", "施設・場所名": "蔵山コミュニティセンター", "住所": "石川県白山市日御子町ホ60-1", "受入対象者": "指定なし" }, "geometry": { "type": "Point", "coordinates": [ 136.614427, 36.464933 ] } },
{ "type": "Feature", "properties": { "NO": "801", "施設・場所名": "舘畑コミュニティセンター", "住所": "石川県白山市日向町イ19", "受入対象者": "指定なし" }, "geometry": { "type": "Point", "coordinates": [ 136.593703, 36.482663 ] } },
{ "type": "Feature", "properties": { "NO": "802", "施設・場所名": "北辰中学校（体育館）", "住所": "石川県白山市日向町ロ24-2", "受入対象者": "指定なし" }, "geometry": { "type": "Point", "coordinates": [ 136.595977, 36.483513 ] } },
{ "type": "Feature", "properties": { "NO": "803", "施設・場所名": "松任高等学校（体育館）", "住所": "石川県白山市馬場1-100", "受入対象者": "指定なし" }, "geometry": { "type": "Point", "coordinates": [ 136.561709, 36.520261 ] } },
{ "type": "Feature", "properties": { "NO": "804", "施設・場所名": "一ノ宮コミュニティセンター", "住所": "石川県白山市白山町カ88-10", "受入対象者": "指定なし" }, "geometry": { "type": "Point", "coordinates": [ 136.635026, 36.428315 ] } },
{ "type": "Feature", "properties": { "NO": "805", "施設・場所名": "白峰コミュニティホール", "住所": "石川県白山市白峰ハ149", "受入対象者": "指定なし" }, "geometry": { "type": "Point", "coordinates": [ 136.624335, 36.177174 ] } },
{ "type": "Feature", "properties": { "NO": "806", "施設・場所名": "福祉複合施設カルテット", "住所": "石川県白山市白峰ハ157-1", "受入対象者": "指定なし" }, "geometry": { "type": "Point", "coordinates": [ 136.624334, 36.176256 ] } },
{ "type": "Feature", "properties": { "NO": "807", "施設・場所名": "白峰地域交流センター（白峰温泉総湯）", "住所": "石川県白山市白峰ロ9", "受入対象者": "指定なし" }, "geometry": { "type": "Point", "coordinates": [ 136.626622, 36.174264 ] } },
{ "type": "Feature", "properties": { "NO": "808", "施設・場所名": "白峰小学校（体育館）", "住所": "石川県白山市白峰二110", "受入対象者": "指定なし" }, "geometry": { "type": "Point", "coordinates": [ 136.625688, 36.178067 ] } },
{ "type": "Feature", "properties": { "NO": "809", "施設・場所名": "東部農村研修センター", "住所": "石川県白山市八ツ矢町175", "受入対象者": "指定なし" }, "geometry": { "type": "Point", "coordinates": [ 136.570831, 36.526284 ] } },
{ "type": "Feature", "properties": { "NO": "810", "施設・場所名": "わかみや保育所", "住所": "石川県白山市八ツ矢町500-1", "受入対象者": "指定なし" }, "geometry": { "type": "Point", "coordinates": [ 136.573736, 36.524163 ] } },
{ "type": "Feature", "properties": { "NO": "811", "施設・場所名": "わかみや児童センター", "住所": "石川県白山市八ツ矢町566", "受入対象者": "指定なし" }, "geometry": { "type": "Point", "coordinates": [ 136.572047, 36.524038 ] } },
{ "type": "Feature", "properties": { "NO": "812", "施設・場所名": "白山青年の家", "住所": "石川県白山市八幡町戌142", "受入対象者": "指定なし" }, "geometry": { "type": "Point", "coordinates": [ 136.632761, 36.442404 ] } },
{ "type": "Feature", "properties": { "NO": "813", "施設・場所名": "光野中学校（体育館）", "住所": "石川県白山市番匠町468-1", "受入対象者": "指定なし" }, "geometry": { "type": "Point", "coordinates": [ 136.581964, 36.535098 ] } },
{ "type": "Feature", "properties": { "NO": "814", "施設・場所名": "北竜会館", "住所": "石川県白山市尾添ヌ243", "受入対象者": "指定なし" }, "geometry": { "type": "Point", "coordinates": [ 136.715396, 36.269858 ] } },
{ "type": "Feature", "properties": { "NO": "815", "施設・場所名": "美川地域防災コミュニティセンター", "住所": "石川県白山市美川永代町ヲ266-1", "受入対象者": "指定なし" }, "geometry": { "type": "Point", "coordinates": [ 136.484011, 36.48776 ] } },
{ "type": "Feature", "properties": { "NO": "816", "施設・場所名": "美川中学校（体育館）", "住所": "石川県白山市美川浜町タ5", "受入対象者": "指定なし" }, "geometry": { "type": "Point", "coordinates": [ 136.492314, 36.489421 ] } },
{ "type": "Feature", "properties": { "NO": "817", "施設・場所名": "美川スポーツセンター", "住所": "石川県白山市美川浜町タ6", "受入対象者": "指定なし" }, "geometry": { "type": "Point", "coordinates": [ 136.491513, 36.488937 ] } },
{ "type": "Feature", "properties": { "NO": "818", "施設・場所名": "美川コミュニティセンター", "住所": "石川県白山市美川浜町ヨ103", "受入対象者": "指定なし" }, "geometry": { "type": "Point", "coordinates": [ 136.491933, 36.491042 ] } },
{ "type": "Feature", "properties": { "NO": "819", "施設・場所名": "美川小学校（体育館）", "住所": "石川県白山市美川和波町ワ229", "受入対象者": "指定なし" }, "geometry": { "type": "Point", "coordinates": [ 136.483725, 36.490068 ] } },
{ "type": "Feature", "properties": { "NO": "820", "施設・場所名": "北部農村健康センター", "住所": "石川県白山市蕪城4-15", "受入対象者": "指定なし" }, "geometry": { "type": "Point", "coordinates": [ 136.55285, 36.533029 ] } },
{ "type": "Feature", "properties": { "NO": "821", "施設・場所名": "北星中学校（第二体育館）", "住所": "石川県白山市平木町112-1", "受入対象者": "指定なし" }, "geometry": { "type": "Point", "coordinates": [ 136.541585, 36.536683 ] } },
{ "type": "Feature", "properties": { "NO": "822", "施設・場所名": "鳥越コミュニティセンター", "住所": "石川県白山市別宮町ロ170", "受入対象者": "指定なし" }, "geometry": { "type": "Point", "coordinates": [ 136.604596, 36.358426 ] } },
{ "type": "Feature", "properties": { "NO": "823", "施設・場所名": "蕪城小学校（体育館）", "住所": "石川県白山市北安田町355", "受入対象者": "指定なし" }, "geometry": { "type": "Point", "coordinates": [ 136.550274, 36.529583 ] } },
{ "type": "Feature", "properties": { "NO": "824", "施設・場所名": "ぶじょうこども園", "住所": "石川県白山市北安田町396-1", "受入対象者": "指定なし" }, "geometry": { "type": "Point", "coordinates": [ 136.552818, 36.529162 ] } },
{ "type": "Feature", "properties": { "NO": "825", "施設・場所名": "松任小学校（体育館）", "住所": "石川県白山市末広1-100", "受入対象者": "指定なし" }, "geometry": { "type": "Point", "coordinates": [ 136.567233, 36.519492 ] } },
{ "type": "Feature", "properties": { "NO": "826", "施設・場所名": "松任中学校（体育館）", "住所": "石川県白山市末広2-1", "受入対象者": "指定なし" }, "geometry": { "type": "Point", "coordinates": [ 136.568946, 36.517181 ] } },
{ "type": "Feature", "properties": { "NO": "827", "施設・場所名": "湊小学校（体育館）", "住所": "石川県白山市湊町カ307", "受入対象者": "指定なし" }, "geometry": { "type": "Point", "coordinates": [ 136.478029, 36.474082 ] } },
{ "type": "Feature", "properties": { "NO": "828", "施設・場所名": "湊防災コミュニティセンター", "住所": "石川県白山市湊町ヨ70-1", "受入対象者": "指定なし" }, "geometry": { "type": "Point", "coordinates": [ 136.477616, 36.479027 ] } },
{ "type": "Feature", "properties": { "NO": "829", "施設・場所名": "樋川小学校体育館", "住所": "石川県宝達志水町荻島に30", "受入対象者": "指定なし" }, "geometry": { "type": "Point", "coordinates": [ 136.777205, 36.856753 ] } },
{ "type": "Feature", "properties": { "NO": "830", "施設・場所名": "産業センター", "住所": "石川県宝達志水町河原ト120", "受入対象者": "指定なし" }, "geometry": { "type": "Point", "coordinates": [ 136.767155, 36.818009 ] } },
{ "type": "Feature", "properties": { "NO": "831", "施設・場所名": "宝達志水スポーツセンター", "住所": "石川県宝達志水町吉野屋ヲ155", "受入対象者": "指定なし" }, "geometry": { "type": "Point", "coordinates": [ 136.804585, 36.859622 ] } },
{ "type": "Feature", "properties": { "NO": "832", "施設・場所名": "相見保育所プレイルーム", "住所": "石川県宝達志水町今浜えびすが丘31", "受入対象者": "指定なし" }, "geometry": { "type": "Point", "coordinates": [ 136.753159, 36.825486 ] } },
{ "type": "Feature", "properties": { "NO": "833", "施設・場所名": "宝達志水武道館", "住所": "石川県宝達志水町今浜イ4-1", "受入対象者": "指定なし" }, "geometry": { "type": "Point", "coordinates": [ 136.75006, 36.827674 ] } },
{ "type": "Feature", "properties": { "NO": "834", "施設・場所名": "宝達志水総合体育館", "住所": "石川県宝達志水町今浜イ4-1", "受入対象者": "指定なし" }, "geometry": { "type": "Point", "coordinates": [ 136.750361, 36.826484 ] } },
{ "type": "Feature", "properties": { "NO": "835", "施設・場所名": "宝達高等学校第２体育館", "住所": "石川県宝達志水町今浜ト80", "受入対象者": "指定なし" }, "geometry": { "type": "Point", "coordinates": [ 136.761008, 36.824736 ] } },
{ "type": "Feature", "properties": { "NO": "836", "施設・場所名": "宝達高等学校第１体育館", "住所": "石川県宝達志水町今浜ト80", "受入対象者": "指定なし" }, "geometry": { "type": "Point", "coordinates": [ 136.761017, 36.824286 ] } },
{ "type": "Feature", "properties": { "NO": "837", "施設・場所名": "生涯学習センター", "住所": "石川県宝達志水町子浦そ18-1", "受入対象者": "指定なし" }, "geometry": { "type": "Point", "coordinates": [ 136.797047, 36.862426 ] } },
{ "type": "Feature", "properties": { "NO": "838", "施設・場所名": "志桜小学校体育館", "住所": "石川県宝達志水町子浦ツ18", "受入対象者": "指定なし" }, "geometry": { "type": "Point", "coordinates": [ 136.792901, 36.862204 ] } },
{ "type": "Feature", "properties": { "NO": "839", "施設・場所名": "宝達中学校体育館", "住所": "石川県宝達志水町小川カ150", "受入対象者": "指定なし" }, "geometry": { "type": "Point", "coordinates": [ 136.755863, 36.819146 ] } },
{ "type": "Feature", "properties": { "NO": "840", "施設・場所名": "旧宝達小学校体育館", "住所": "石川県宝達志水町上田キ50", "受入対象者": "指定なし" }, "geometry": { "type": "Point", "coordinates": [ 136.77386, 36.812512 ] } },
{ "type": "Feature", "properties": { "NO": "841", "施設・場所名": "北部軽スポーツセンター", "住所": "石川県宝達志水町菅原ヤ23", "受入対象者": "指定なし" }, "geometry": { "type": "Point", "coordinates": [ 136.806092, 36.877391 ] } },
{ "type": "Feature", "properties": { "NO": "842", "施設・場所名": "旧押水第一小学校体育館", "住所": "石川県宝達志水町冬野ヲ2", "受入対象者": "指定なし" }, "geometry": { "type": "Point", "coordinates": [ 136.749601, 36.797779 ] } },
{ "type": "Feature", "properties": { "NO": "843", "施設・場所名": "押水小学校体育館", "住所": "石川県宝達志水町麦生ト133", "受入対象者": "指定なし" }, "geometry": { "type": "Point", "coordinates": [ 136.75446, 36.830032 ] } },
{ "type": "Feature", "properties": { "NO": "844", "施設・場所名": "白虎山公園軽スポーツセンター", "住所": "石川県宝達志水町敷波ロ44", "受入対象者": "指定なし" }, "geometry": { "type": "Point", "coordinates": [ 136.773119, 36.855403 ] } },
{ "type": "Feature", "properties": { "NO": "845", "施設・場所名": "宝達志水広域勤労青少年ホーム", "住所": "石川県宝達志水町北川尻ミ1-15", "受入対象者": "指定なし" }, "geometry": { "type": "Point", "coordinates": [ 136.749923, 36.806991 ] } },
{ "type": "Feature", "properties": { "NO": "846", "施設・場所名": "宝達志水町民センター", "住所": "石川県宝達志水町門前サ11", "受入対象者": "指定なし" }, "geometry": { "type": "Point", "coordinates": [ 136.764063, 36.816317 ] } },
{ "type": "Feature", "properties": { "NO": "847", "施設・場所名": "御園小学校体育館", "住所": "石川県野々市市稲荷4-128", "受入対象者": "指定なし" }, "geometry": { "type": "Point", "coordinates": [ 136.60394, 36.537596 ] } },
{ "type": "Feature", "properties": { "NO": "848", "施設・場所名": "女性センター", "住所": "石川県野々市市稲荷4-155", "受入対象者": "指定なし" }, "geometry": { "type": "Point", "coordinates": [ 136.605331, 36.53669 ] } },
{ "type": "Feature", "properties": { "NO": "849", "施設・場所名": "布水中学校体育館", "住所": "石川県野々市市押野2-100", "受入対象者": "指定なし" }, "geometry": { "type": "Point", "coordinates": [ 136.612006, 36.538649 ] } },
{ "type": "Feature", "properties": { "NO": "850", "施設・場所名": "スポーツセンター", "住所": "石川県野々市市押野2-30", "受入対象者": "指定なし" }, "geometry": { "type": "Point", "coordinates": [ 136.612351, 36.540592 ] } },
{ "type": "Feature", "properties": { "NO": "851", "施設・場所名": "第４コミュニティ消防防災センター", "住所": "石川県野々市市押野2-313-2", "受入対象者": "指定なし" }, "geometry": { "type": "Point", "coordinates": [ 136.611063, 36.540853 ] } },
{ "type": "Feature", "properties": { "NO": "852", "施設・場所名": "押野公民館", "住所": "石川県野々市市押野3-70", "受入対象者": "指定なし" }, "geometry": { "type": "Point", "coordinates": [ 136.616503, 36.540788 ] } },
{ "type": "Feature", "properties": { "NO": "853", "施設・場所名": "館野小学校体育館", "住所": "石川県野々市市押野3-71", "受入対象者": "指定なし" }, "geometry": { "type": "Point", "coordinates": [ 136.616533, 36.540444 ] } },
{ "type": "Feature", "properties": { "NO": "854", "施設・場所名": "野々市明倫高校第１・第２体育館", "住所": "石川県野々市市下林3-309", "受入対象者": "指定なし" }, "geometry": { "type": "Point", "coordinates": [ 136.600866, 36.526207 ] } },
{ "type": "Feature", "properties": { "NO": "855", "施設・場所名": "市民体育館", "住所": "石川県野々市市下林3-97", "受入対象者": "指定なし" }, "geometry": { "type": "Point", "coordinates": [ 136.599627, 36.525644 ] } },
{ "type": "Feature", "properties": { "NO": "856", "施設・場所名": "野々市中学校体育館", "住所": "石川県野々市市三納3-1", "受入対象者": "指定なし" }, "geometry": { "type": "Point", "coordinates": [ 136.607927, 36.524388 ] } },
{ "type": "Feature", "properties": { "NO": "857", "施設・場所名": "菅原小学校体育館", "住所": "石川県野々市市菅原町20-1", "受入対象者": "指定なし" }, "geometry": { "type": "Point", "coordinates": [ 136.616662, 36.525305 ] } },
{ "type": "Feature", "properties": { "NO": "858", "施設・場所名": "金沢工業大学第二体育館（２０号館）", "住所": "石川県野々市市扇が丘7-1", "受入対象者": "指定なし" }, "geometry": { "type": "Point", "coordinates": [ 136.628228, 36.527639 ] } },
{ "type": "Feature", "properties": { "NO": "859", "施設・場所名": "富奥防災コミュニティセンター", "住所": "石川県野々市市中林5-3-22", "受入対象者": "指定なし" }, "geometry": { "type": "Point", "coordinates": [ 136.605301, 36.511917 ] } },
{ "type": "Feature", "properties": { "NO": "860", "施設・場所名": "第２コミュニティ消防センター", "住所": "石川県野々市市中林5-30-1", "受入対象者": "指定なし" }, "geometry": { "type": "Point", "coordinates": [ 136.604951, 36.51118 ] } },
{ "type": "Feature", "properties": { "NO": "861", "施設・場所名": "富陽小学校体育館", "住所": "石川県野々市市中林5-70", "受入対象者": "指定なし" }, "geometry": { "type": "Point", "coordinates": [ 136.603999, 36.512926 ] } },
{ "type": "Feature", "properties": { "NO": "862", "施設・場所名": "郷公民館", "住所": "石川県野々市市田尻町94", "受入対象者": "指定なし" }, "geometry": { "type": "Point", "coordinates": [ 136.596043, 36.531935 ] } },
{ "type": "Feature", "properties": { "NO": "863", "施設・場所名": "第３コミュニティ消防防災センター", "住所": "石川県野々市市田尻町96-14", "受入対象者": "指定なし" }, "geometry": { "type": "Point", "coordinates": [ 136.59581, 36.531628 ] } },
{ "type": "Feature", "properties": { "NO": "864", "施設・場所名": "交遊舎", "住所": "石川県野々市市二日市1-2", "受入対象者": "指定なし" }, "geometry": { "type": "Point", "coordinates": [ 136.598419, 36.542206 ] } },
{ "type": "Feature", "properties": { "NO": "865", "施設・場所名": "防災コミュニティセンター", "住所": "石川県野々市市本町1-2-50", "受入対象者": "指定なし" }, "geometry": { "type": "Point", "coordinates": [ 136.623842, 36.537888 ] } },
{ "type": "Feature", "properties": { "NO": "866", "施設・場所名": "中央公民館", "住所": "石川県野々市市本町2-1-20", "受入対象者": "指定なし" }, "geometry": { "type": "Point", "coordinates": [ 136.618469, 36.532643 ] } },
{ "type": "Feature", "properties": { "NO": "867", "施設・場所名": "第１コミュニティ消防センター", "住所": "石川県野々市市本町2-17-10", "受入対象者": "指定なし" }, "geometry": { "type": "Point", "coordinates": [ 136.620377, 36.531082 ] } },
{ "type": "Feature", "properties": { "NO": "868", "施設・場所名": "教育センター", "住所": "石川県野々市市本町4-21-27", "受入対象者": "指定なし" }, "geometry": { "type": "Point", "coordinates": [ 136.610458, 36.529915 ] } },
{ "type": "Feature", "properties": { "NO": "869", "施設・場所名": "野々市小学校体育館", "住所": "石川県野々市市本町5-3-1", "受入対象者": "指定なし" }, "geometry": { "type": "Point", "coordinates": [ 136.609749, 36.532135 ] } },
{ "type": "Feature", "properties": { "NO": "870", "施設・場所名": "文化会館フォルテ", "住所": "石川県野々市市本町5-4-1", "受入対象者": "指定なし" }, "geometry": { "type": "Point", "coordinates": [ 136.608459, 36.531845 ] } },
{ "type": "Feature", "properties": { "NO": "871", "施設・場所名": "石川県立大学体育館", "住所": "石川県野々市市末松1-308", "受入対象者": "指定なし" }, "geometry": { "type": "Point", "coordinates": [ 136.597088, 36.507346 ] } },
{ "type": "Feature", "properties": { "NO": "872", "施設・場所名": "輪島市立河原田小学校（体育館）", "住所": "石川県輪島市横地町６字123", "受入対象者": "指定なし" }, "geometry": { "type": "Point", "coordinates": [ 136.907363, 37.372516 ] } },
{ "type": "Feature", "properties": { "NO": "873", "施設・場所名": "輪島市立輪島中学校（武道館）", "住所": "石川県輪島市河井町１１部39-1", "受入対象者": "指定なし" }, "geometry": { "type": "Point", "coordinates": [ 136.911176, 37.390082 ] } },
{ "type": "Feature", "properties": { "NO": "874", "施設・場所名": "輪島市立輪島中学校（屋内運動場、全天候型広場）", "住所": "石川県輪島市河井町１１部39-1", "受入対象者": "指定なし" }, "geometry": { "type": "Point", "coordinates": [ 136.912555, 37.389585 ] } },
{ "type": "Feature", "properties": { "NO": "875", "施設・場所名": "輪島市立河井小学校（体育館）", "住所": "石川県輪島市河井町１８部1-2", "受入対象者": "指定なし" }, "geometry": { "type": "Point", "coordinates": [ 136.903515, 37.391979 ] } },
{ "type": "Feature", "properties": { "NO": "876", "施設・場所名": "石川県立輪島高等学校（体育館）", "住所": "石川県輪島市河井町１８部42-2", "受入対象者": "指定なし" }, "geometry": { "type": "Point", "coordinates": [ 136.903365, 37.390215 ] } },
{ "type": "Feature", "properties": { "NO": "877", "施設・場所名": "輪島駅ふらっと訪夢", "住所": "石川県輪島市河井町２０部1-131", "受入対象者": "指定なし" }, "geometry": { "type": "Point", "coordinates": [ 136.906179, 37.3889 ] } },
{ "type": "Feature", "properties": { "NO": "878", "施設・場所名": "輪島市文化会館（輪島市立輪島公民館）", "住所": "石川県輪島市河井町２０部１－１地", "受入対象者": "指定なし" }, "geometry": { "type": "Point", "coordinates": [ 136.905966, 37.388582 ] } },
{ "type": "Feature", "properties": { "NO": "879", "施設・場所名": "輪島市ふれあい健康センター", "住所": "石川県輪島市河井町２部287-1", "受入対象者": "指定なし" }, "geometry": { "type": "Point", "coordinates": [ 136.901181, 37.394124 ] } },
{ "type": "Feature", "properties": { "NO": "880", "施設・場所名": "舳倉島開発総合センター", "住所": "石川県輪島市海士町所属舳倉島出邑山1-4", "受入対象者": "指定なし" }, "geometry": { "type": "Point", "coordinates": [ 136.918107, 37.850587 ] } },
{ "type": "Feature", "properties": { "NO": "881", "施設・場所名": "輪島市立三井小学校（体育館）", "住所": "石川県輪島市三井町興徳寺１０字29", "受入対象者": "指定なし" }, "geometry": { "type": "Point", "coordinates": [ 136.898234, 37.315802 ] } },
{ "type": "Feature", "properties": { "NO": "882", "施設・場所名": "旧輪島市立三井中学校（体育館）", "住所": "石川県輪島市三井町興徳寺１０字33", "受入対象者": "指定なし" }, "geometry": { "type": "Point", "coordinates": [ 136.899684, 37.316248 ] } },
{ "type": "Feature", "properties": { "NO": "883", "施設・場所名": "日本航空学園（ＷＡＪＩＭＡ　ＭＥＭＯＲＩＡＬ　ＧＩＭ）", "住所": "石川県輪島市三井町洲衛９部27-6", "受入対象者": "指定なし" }, "geometry": { "type": "Point", "coordinates": [ 136.963145, 37.298103 ] } },
{ "type": "Feature", "properties": { "NO": "884", "施設・場所名": "輪島市立三井公民館", "住所": "石川県輪島市三井町長沢２字12-1", "受入対象者": "指定なし" }, "geometry": { "type": "Point", "coordinates": [ 136.902599, 37.315386 ] } },
{ "type": "Feature", "properties": { "NO": "885", "施設・場所名": "輪島市立大屋公民館", "住所": "石川県輪島市小伊勢町丸垣内22-1", "受入対象者": "指定なし" }, "geometry": { "type": "Point", "coordinates": [ 136.885962, 37.381135 ] } },
{ "type": "Feature", "properties": { "NO": "886", "施設・場所名": "輪島市立大屋小学校（体育館）", "住所": "石川県輪島市小伊勢町日隅7-3", "受入対象者": "指定なし" }, "geometry": { "type": "Point", "coordinates": [ 136.888581, 37.383172 ] } },
{ "type": "Feature", "properties": { "NO": "887", "施設・場所名": "旧輪島市立鵠巣公民館", "住所": "石川県輪島市深見町６５部33-1", "受入対象者": "指定なし" }, "geometry": { "type": "Point", "coordinates": [ 136.96971, 37.410668 ] } },
{ "type": "Feature", "properties": { "NO": "888", "施設・場所名": "サン・アリーナ", "住所": "石川県輪島市杉平町１字12", "受入対象者": "指定なし" }, "geometry": { "type": "Point", "coordinates": [ 136.914134, 37.386844 ] } },
{ "type": "Feature", "properties": { "NO": "889", "施設・場所名": "輪島市立河原田公民館", "住所": "石川県輪島市西脇町60-1", "受入対象者": "指定なし" }, "geometry": { "type": "Point", "coordinates": [ 136.908381, 37.357179 ] } },
{ "type": "Feature", "properties": { "NO": "890", "施設・場所名": "旧輪島市立西保小学校（体育館）", "住所": "石川県輪島市赤崎町ニ80", "受入対象者": "指定なし" }, "geometry": { "type": "Point", "coordinates": [ 136.813551, 37.38343 ] } },
{ "type": "Feature", "properties": { "NO": "891", "施設・場所名": "輪島市立西保公民館", "住所": "石川県輪島市大沢町ホサソ201-3", "受入対象者": "指定なし" }, "geometry": { "type": "Point", "coordinates": [ 136.803329, 37.37468 ] } },
{ "type": "Feature", "properties": { "NO": "892", "施設・場所名": "輪島市立鵠巣小学校（体育館）", "住所": "石川県輪島市大野町菰沢2-3", "受入対象者": "指定なし" }, "geometry": { "type": "Point", "coordinates": [ 136.934602, 37.397267 ] } },
{ "type": "Feature", "properties": { "NO": "893", "施設・場所名": "輪島市立鵠巣公民館", "住所": "石川県輪島市大野町菰沢35", "受入対象者": "指定なし" }, "geometry": { "type": "Point", "coordinates": [ 136.93355, 37.397548 ] } },
{ "type": "Feature", "properties": { "NO": "894", "施設・場所名": "輪島市立町野公民館", "住所": "石川県輪島市町野町粟蔵川原田22-1", "受入対象者": "指定なし" }, "geometry": { "type": "Point", "coordinates": [ 137.08813, 37.423364 ] } },
{ "type": "Feature", "properties": { "NO": "895", "施設・場所名": "輪島市立東陽中学校（体育館）", "住所": "石川県輪島市町野町粟蔵川原田33", "受入対象者": "指定なし" }, "geometry": { "type": "Point", "coordinates": [ 137.088385, 37.422491 ] } },
{ "type": "Feature", "properties": { "NO": "896", "施設・場所名": "輪島市立町野小学校（体育館）", "住所": "石川県輪島市町野町粟蔵川原田42", "受入対象者": "指定なし" }, "geometry": { "type": "Point", "coordinates": [ 137.0888, 37.422593 ] } },
{ "type": "Feature", "properties": { "NO": "897", "施設・場所名": "輪島市ふるさと体験実習館", "住所": "石川県輪島市町野町曽々木サ部45", "受入対象者": "指定なし" }, "geometry": { "type": "Point", "coordinates": [ 137.073282, 37.45458 ] } },
{ "type": "Feature", "properties": { "NO": "898", "施設・場所名": "介護予防拠点施設ふれあいプラザ二勢", "住所": "石川県輪島市二勢町44", "受入対象者": "指定なし" }, "geometry": { "type": "Point", "coordinates": [ 136.895773, 37.386613 ] } },
{ "type": "Feature", "properties": { "NO": "899", "施設・場所名": "輪島市立鳳至公民館", "住所": "石川県輪島市鳳至町石浦町83-1", "受入対象者": "指定なし" }, "geometry": { "type": "Point", "coordinates": [ 136.896899, 37.398486 ] } },
{ "type": "Feature", "properties": { "NO": "900", "施設・場所名": "輪島市立鳳至小学校（体育館）", "住所": "石川県輪島市鳳至町堂金田1", "受入対象者": "指定なし" }, "geometry": { "type": "Point", "coordinates": [ 136.894695, 37.395858 ] } },
{ "type": "Feature", "properties": { "NO": "901", "施設・場所名": "夕陽ヶ丘防災拠点施設", "住所": "石川県輪島市堀町１５字2-2", "受入対象者": "指定なし" }, "geometry": { "type": "Point", "coordinates": [ 136.891378, 37.396529 ] } },
{ "type": "Feature", "properties": { "NO": "902", "施設・場所名": "輪島市立七浦公民館", "住所": "石川県輪島市門前町鵜山12-50", "受入対象者": "指定なし" }, "geometry": { "type": "Point", "coordinates": [ 136.752807, 37.345281 ] } },
{ "type": "Feature", "properties": { "NO": "903", "施設・場所名": "輪島市立浦上公民館", "住所": "石川県輪島市門前町浦上8-58", "受入対象者": "指定なし" }, "geometry": { "type": "Point", "coordinates": [ 136.797614, 37.305769 ] } },
{ "type": "Feature", "properties": { "NO": "904", "施設・場所名": "石川県立門前高等学校（体育館）", "住所": "石川県輪島市門前町広岡5-3", "受入対象者": "指定なし" }, "geometry": { "type": "Point", "coordinates": [ 136.768591, 37.286148 ] } },
{ "type": "Feature", "properties": { "NO": "905", "施設・場所名": "輪島市立黒島公民館", "住所": "石川県輪島市門前町黒島町高池45", "受入対象者": "指定なし" }, "geometry": { "type": "Point", "coordinates": [ 136.735633, 37.278903 ] } },
{ "type": "Feature", "properties": { "NO": "906", "施設・場所名": "輪島市立門前東小学校（体育館）", "住所": "石川県輪島市門前町清水1-68", "受入対象者": "指定なし" }, "geometry": { "type": "Point", "coordinates": [ 136.766577, 37.288308 ] } },
{ "type": "Feature", "properties": { "NO": "907", "施設・場所名": "輪島市立門前中学校（体育館）", "住所": "石川県輪島市門前町清水10-21", "受入対象者": "指定なし" }, "geometry": { "type": "Point", "coordinates": [ 136.764062, 37.292155 ] } },
{ "type": "Feature", "properties": { "NO": "908", "施設・場所名": "輪島市門前健民体育館", "住所": "石川県輪島市門前町清水7-1", "受入対象者": "指定なし" }, "geometry": { "type": "Point", "coordinates": [ 136.758859, 37.291039 ] } },
{ "type": "Feature", "properties": { "NO": "909", "施設・場所名": "輪島市役所門前総合支所（防災研修室）", "住所": "石川県輪島市門前町走出6-69", "受入対象者": "指定なし" }, "geometry": { "type": "Point", "coordinates": [ 136.767964, 37.287384 ] } },
{ "type": "Feature", "properties": { "NO": "910", "施設・場所名": "輪島市門前会館（輪島市立門前公民館）", "住所": "石川県輪島市門前町走出6-92-2", "受入対象者": "指定なし" }, "geometry": { "type": "Point", "coordinates": [ 136.767771, 37.287798 ] } },
{ "type": "Feature", "properties": { "NO": "911", "施設・場所名": "輪島市立門前西小学校（体育館）", "住所": "石川県輪島市門前町道下1-123", "受入対象者": "指定なし" }, "geometry": { "type": "Point", "coordinates": [ 136.741294, 37.285162 ] } },
{ "type": "Feature", "properties": { "NO": "912", "施設・場所名": "輪島市立諸岡公民館", "住所": "石川県輪島市門前町道下7-175", "受入対象者": "指定なし" }, "geometry": { "type": "Point", "coordinates": [ 136.745259, 37.288403 ] } },
{ "type": "Feature", "properties": { "NO": "913", "施設・場所名": "輪島市立阿岸公民館", "住所": "石川県輪島市門前町南ナ17", "受入対象者": "指定なし" }, "geometry": { "type": "Point", "coordinates": [ 136.733154, 37.255435 ] } },
{ "type": "Feature", "properties": { "NO": "914", "施設・場所名": "輪島市立本郷公民館", "住所": "石川県輪島市門前町二又川4-4-1", "受入対象者": "指定なし" }, "geometry": { "type": "Point", "coordinates": [ 136.826646, 37.284836 ] } },
{ "type": "Feature", "properties": { "NO": "915", "施設・場所名": "輪島市七浦基幹集落センター", "住所": "石川県輪島市門前町餅田9-16-2", "受入対象者": "指定なし" }, "geometry": { "type": "Point", "coordinates": [ 136.755792, 37.346959 ] } },
{ "type": "Feature", "properties": { "NO": "916", "施設・場所名": "剱地原子力災害防護施設", "住所": "石川県輪島市門前町剱地ソ13", "受入対象者": "指定なし" }, "geometry": { "type": "Point", "coordinates": [ 136.710229, 37.231569 ] } },
{ "type": "Feature", "properties": { "NO": "917", "施設・場所名": "輪島市立剱地公民館", "住所": "石川県輪島市門前町剱地ツ60", "受入対象者": "指定なし" }, "geometry": { "type": "Point", "coordinates": [ 136.708716, 37.231765 ] } },
{ "type": "Feature", "properties": { "NO": "918", "施設・場所名": "輪島市立南志見公民館", "住所": "石川県輪島市里町３２字36", "受入対象者": "指定なし" }, "geometry": { "type": "Point", "coordinates": [ 137.034216, 37.431002 ] } },
{ "type": "Feature", "properties": { "NO": "919", "施設・場所名": "輪島市立港公民館", "住所": "石川県輪島市輪島崎町１部211-4", "受入対象者": "指定なし" }, "geometry": { "type": "Point", "coordinates": [ 136.89992, 37.403289 ] } }
]
}
