{
"type": "FeatureCollection",
"name": "A54-23_17",
"crs": { "type": "name", "properties": { "name": "urn:ogc:def:crs:EPSG::6668" } },
"features": [
{ "type": "Feature", "properties": { "A54_001": "1", "A54_002": "17", "A54_003": "石川県", "A54_004": "17201", "A54_005": "金沢市", "A54_006": "金沢市0001" }, "geometry": { "type": "Polygon", "coordinates": [ [ [ 136.721418096, 36.640504406 ], [ 136.72132359, 36.640578967 ], [ 136.721323073, 36.640640227 ], [ 136.721247412, 36.640639641 ], [ 136.721171364, 36.640715748 ], [ 136.721171059, 36.640776785 ], [ 136.721075463, 36.640837933 ], [ 136.72099984, 36.640913557 ], [ 136.72099865, 36.641051232 ], [ 136.720904046, 36.641111635 ], [ 136.720828061, 36.641187708 ], [ 136.720732822, 36.641186497 ], [ 136.720732917, 36.641248051 ], [ 136.720656808, 36.641309144 ], [ 136.720654506, 36.641721237 ], [ 136.720559425, 36.641781961 ], [ 136.720483706, 36.641781679 ], [ 136.720483267, 36.641857998 ], [ 136.720407544, 36.641857715 ], [ 136.720312909, 36.641857297 ], [ 136.720312544, 36.641918392 ], [ 136.720312107, 36.641994736 ], [ 136.720311749, 36.642055781 ], [ 136.720311306, 36.64213211 ], [ 136.720405958, 36.642132464 ], [ 136.720481325, 36.642193804 ], [ 136.720651713, 36.642194441 ], [ 136.72072708, 36.642255758 ], [ 136.720821633, 36.642255987 ], [ 136.720821607, 36.642332321 ], [ 136.720897024, 36.642332684 ], [ 136.720990776, 36.642394399 ], [ 136.72099072, 36.642470577 ], [ 136.720990685, 36.642532247 ], [ 136.721066376, 36.642532183 ], [ 136.721064628, 36.642608619 ], [ 136.721160011, 36.642669486 ], [ 136.72115995, 36.64273182 ], [ 136.721235167, 36.642731067 ], [ 136.721311409, 36.642730872 ], [ 136.721310967, 36.642807689 ], [ 136.721404803, 36.642868827 ], [ 136.721639533, 36.642808455 ], [ 136.721823209, 36.642727521 ], [ 136.721898237, 36.642672186 ], [ 136.721822924, 36.642610409 ], [ 136.721877718, 36.642565145 ], [ 136.721941679, 36.642532462 ], [ 136.721899629, 36.642473762 ], [ 136.721824667, 36.642335191 ], [ 136.721748952, 36.642259445 ], [ 136.721750041, 36.642137491 ], [ 136.721825764, 36.642137773 ], [ 136.721826561, 36.642000414 ], [ 136.721656604, 36.641923431 ], [ 136.721580644, 36.641862449 ], [ 136.721580799, 36.641785969 ], [ 136.721582431, 36.641663584 ], [ 136.721659765, 36.641450137 ], [ 136.721660462, 36.641245828 ], [ 136.721661744, 36.641053029 ], [ 136.7216618, 36.64097695 ], [ 136.721664049, 36.640582856 ], [ 136.721631646, 36.640546852 ], [ 136.721418096, 36.640504406 ] ] ] } },
{ "type": "Feature", "properties": { "A54_001": "1", "A54_002": "17", "A54_003": "石川県", "A54_004": "17201", "A54_005": "金沢市", "A54_006": "金沢市0002" }, "geometry": { "type": "Polygon", "coordinates": [ [ [ 136.723004125, 36.641315893 ], [ 136.722758095, 36.641316984 ], [ 136.72275726, 36.641454352 ], [ 136.722662214, 36.641530323 ], [ 136.722660741, 36.641789812 ], [ 136.72258457, 36.641865852 ], [ 136.722489128, 36.64200287 ], [ 136.722488341, 36.642140245 ], [ 136.722412618, 36.642139962 ], [ 136.722336545, 36.642200735 ], [ 136.722335415, 36.642399168 ], [ 136.722387693, 36.642377268 ], [ 136.72240558, 36.642363843 ], [ 136.722445096, 36.642332691 ], [ 136.722506764, 36.642304893 ], [ 136.722555926, 36.642245845 ], [ 136.72260565, 36.642184962 ], [ 136.722672333, 36.642080747 ], [ 136.722699853, 36.642079227 ], [ 136.722798057, 36.642057153 ], [ 136.722840304, 36.642003237 ], [ 136.722923418, 36.641960289 ], [ 136.723015279, 36.641893851 ], [ 136.723000989, 36.641867627 ], [ 136.72300197, 36.641593178 ], [ 136.723004125, 36.641315893 ] ] ] } },
{ "type": "Feature", "properties": { "A54_001": "1", "A54_002": "17", "A54_003": "石川県", "A54_004": "17201", "A54_005": "金沢市", "A54_006": "金沢市0003" }, "geometry": { "type": "Polygon", "coordinates": [ [ [ 136.718975961, 36.640631663 ], [ 136.718972693, 36.641180708 ], [ 136.719066995, 36.641242121 ], [ 136.719142365, 36.64130346 ], [ 136.71923702, 36.641303812 ], [ 136.719312303, 36.641380416 ], [ 136.719311943, 36.641441473 ], [ 136.719482308, 36.641442114 ], [ 136.719486212, 36.640770494 ], [ 136.718975961, 36.640631663 ] ] ] } },
{ "type": "Feature", "properties": { "A54_001": "1", "A54_002": "17", "A54_003": "石川県", "A54_004": "17201", "A54_005": "金沢市", "A54_006": "金沢市0004" }, "geometry": { "type": "Polygon", "coordinates": [ [ [ 136.718517729, 36.639881545 ], [ 136.718392462, 36.639910956 ], [ 136.718115287, 36.639976064 ], [ 136.717834041, 36.640042452 ], [ 136.717664678, 36.640084302 ], [ 136.717690167, 36.640153184 ], [ 136.717729193, 36.640153314 ], [ 136.717728619, 36.640258534 ], [ 136.717773769, 36.640382483 ], [ 136.717811451, 36.640489451 ], [ 136.717896844, 36.640627152 ], [ 136.718143007, 36.640628094 ], [ 136.718144085, 36.64042965 ], [ 136.7180688, 36.640353044 ], [ 136.718069159, 36.64029199 ], [ 136.718315146, 36.640292937 ], [ 136.718314967, 36.640353983 ], [ 136.718560998, 36.640354895 ], [ 136.718655205, 36.64043157 ], [ 136.71865441, 36.640568947 ], [ 136.718729784, 36.64063029 ], [ 136.718975961, 36.640631663 ], [ 136.719486212, 36.640770494 ], [ 136.719656575, 36.640771147 ], [ 136.719826608, 36.640832857 ], [ 136.719826154, 36.640909161 ], [ 136.719901882, 36.640909441 ], [ 136.72014665, 36.64091009 ], [ 136.720318347, 36.640911007 ], [ 136.720413437, 36.640835038 ], [ 136.720489171, 36.640835319 ], [ 136.720490301, 36.640636895 ], [ 136.720566022, 36.640637179 ], [ 136.720661026, 36.640576473 ], [ 136.72073719, 36.64050044 ], [ 136.72073798, 36.640363064 ], [ 136.720662609, 36.640301725 ], [ 136.720417392, 36.640300891 ], [ 136.720075771, 36.640299527 ], [ 136.719980758, 36.640360227 ], [ 136.719659056, 36.6403588 ], [ 136.719393924, 36.640358032 ], [ 136.71931856, 36.640296687 ], [ 136.719242835, 36.640296401 ], [ 136.719243192, 36.640235348 ], [ 136.719148543, 36.640234994 ], [ 136.719149025, 36.640158637 ], [ 136.719073261, 36.640158399 ], [ 136.718978965, 36.640096996 ], [ 136.718808499, 36.640096393 ], [ 136.718809031, 36.640020018 ], [ 136.718657585, 36.64001944 ], [ 136.718657938, 36.639882319 ], [ 136.718517729, 36.639881545 ] ] ] } },
{ "type": "Feature", "properties": { "A54_001": "1", "A54_002": "17", "A54_003": "石川県", "A54_004": "17201", "A54_005": "金沢市", "A54_006": "金沢市0005" }, "geometry": { "type": "Polygon", "coordinates": [ [ [ 136.717749561, 36.636642645 ], [ 136.717749211, 36.636703706 ], [ 136.717578851, 36.636703066 ], [ 136.717578402, 36.636779378 ], [ 136.717520884, 36.636807228 ], [ 136.717539274, 36.637010708 ], [ 136.717502097, 36.637058901 ], [ 136.717499939, 36.637252267 ], [ 136.717575671, 36.637252556 ], [ 136.71765103, 36.637313908 ], [ 136.717649432, 36.637588651 ], [ 136.717744155, 36.637589013 ], [ 136.717819002, 36.637726668 ], [ 136.717818295, 36.637848778 ], [ 136.717912942, 36.637849135 ], [ 136.7179125, 36.637925455 ], [ 136.717988219, 36.637925739 ], [ 136.717987925, 36.637987148 ], [ 136.71798742, 36.638063114 ], [ 136.718081719, 36.638124522 ], [ 136.718156993, 36.638201126 ], [ 136.718232712, 36.638201414 ], [ 136.718326999, 36.638262834 ], [ 136.718402375, 36.638324165 ], [ 136.718497432, 36.638324502 ], [ 136.718496579, 36.638400845 ], [ 136.718572297, 36.638401129 ], [ 136.718666597, 36.638462538 ], [ 136.71898841, 36.638463755 ], [ 136.719083406, 36.638403048 ], [ 136.719159568, 36.638327013 ], [ 136.719160078, 36.638265858 ], [ 136.71925429, 36.638205118 ], [ 136.719255315, 36.638128926 ], [ 136.719095881, 36.637839507 ], [ 136.718957067, 36.637620963 ], [ 136.718926704, 36.637593519 ], [ 136.718823064, 36.637593067 ], [ 136.718823527, 36.637516669 ], [ 136.718747789, 36.637516465 ], [ 136.718672425, 36.637455135 ], [ 136.718674535, 36.637317996 ], [ 136.718578967, 36.63731726 ], [ 136.718579657, 36.637128402 ], [ 136.718382497, 36.636857997 ], [ 136.718335563, 36.636782228 ], [ 136.718240849, 36.636781859 ], [ 136.718241721, 36.63664451 ], [ 136.717749561, 36.636642645 ] ] ] } },
{ "type": "Feature", "properties": { "A54_001": "1", "A54_002": "17", "A54_003": "石川県", "A54_004": "17201", "A54_005": "金沢市", "A54_006": "金沢市0006" }, "geometry": { "type": "Polygon", "coordinates": [ [ [ 136.701158124, 36.61223333 ], [ 136.701070281, 36.612233214 ], [ 136.700896059, 36.612232352 ], [ 136.70089581, 36.612302556 ], [ 136.700893695, 36.612584607 ], [ 136.70098095, 36.612584872 ], [ 136.701330266, 36.612585808 ], [ 136.701416679, 36.612657276 ], [ 136.701504055, 36.61272776 ], [ 136.701591231, 36.612727747 ], [ 136.701678266, 36.612798608 ], [ 136.701852276, 36.612870173 ], [ 136.702201572, 36.612871257 ], [ 136.702201878, 36.612941493 ], [ 136.702288649, 36.612941619 ], [ 136.702375348, 36.6130126 ], [ 136.702549926, 36.61301318 ], [ 136.702636714, 36.613084941 ], [ 136.702635991, 36.613154401 ], [ 136.702810527, 36.613225419 ], [ 136.703159475, 36.613226784 ], [ 136.703509026, 36.613228097 ], [ 136.703589082, 36.613083749 ], [ 136.70352739, 36.613037853 ], [ 136.703506987, 36.613020357 ], [ 136.703438685, 36.61296512 ], [ 136.703327284, 36.612882699 ], [ 136.703296452, 36.612865026 ], [ 136.703161301, 36.612843639 ], [ 136.702873941, 36.612748416 ], [ 136.702852342, 36.612748332 ], [ 136.70265529, 36.612747565 ], [ 136.702560446, 36.612734472 ], [ 136.702458251, 36.612714932 ], [ 136.702302306, 36.612673645 ], [ 136.702138084, 36.612609684 ], [ 136.702063522, 36.612602974 ], [ 136.7019523, 36.612613774 ], [ 136.701679058, 36.612555971 ], [ 136.701610472, 36.612541757 ], [ 136.701551098, 36.612516002 ], [ 136.701589921, 36.612327443 ], [ 136.701585552, 36.612318633 ], [ 136.701560239, 36.612305539 ], [ 136.701506507, 36.612305411 ], [ 136.701332354, 36.612304863 ], [ 136.701158124, 36.61223333 ] ] ] } },
{ "type": "Feature", "properties": { "A54_001": "1", "A54_002": "17", "A54_003": "石川県", "A54_004": "17201", "A54_005": "金沢市", "A54_006": "金沢市0007" }, "geometry": { "type": "Polygon", "coordinates": [ [ [ 136.704565227, 36.59710535 ], [ 136.704564999, 36.59718475 ], [ 136.704477709, 36.597184413 ], [ 136.70447645, 36.597395556 ], [ 136.704388723, 36.597465593 ], [ 136.704301767, 36.597465351 ], [ 136.704213781, 36.597535366 ], [ 136.704039338, 36.597534545 ], [ 136.703951492, 36.597604587 ], [ 136.703864359, 36.597604346 ], [ 136.703689218, 36.597674002 ], [ 136.703601104, 36.597814715 ], [ 136.703600659, 36.597884831 ], [ 136.703512943, 36.597954885 ], [ 136.703512522, 36.598025268 ], [ 136.703445129, 36.59802499 ], [ 136.703545206, 36.598236534 ], [ 136.70359855, 36.598236756 ], [ 136.70359939, 36.598095987 ], [ 136.703773964, 36.598096666 ], [ 136.703861668, 36.598026622 ], [ 136.703949798, 36.597886197 ], [ 136.704299139, 36.597887588 ], [ 136.704473137, 36.597958585 ], [ 136.704472727, 36.598029028 ], [ 136.704909127, 36.598030926 ], [ 136.704908077, 36.598171359 ], [ 136.704995631, 36.598171568 ], [ 136.705082832, 36.59824257 ], [ 136.705169224, 36.598313183 ], [ 136.705256159, 36.598383948 ], [ 136.705343671, 36.598384746 ], [ 136.705343025, 36.59845467 ], [ 136.705429906, 36.59852539 ], [ 136.705429066, 36.598666153 ], [ 136.705515937, 36.59873688 ], [ 136.705690498, 36.598737546 ], [ 136.70577801, 36.598667381 ], [ 136.705865922, 36.598597458 ], [ 136.706127787, 36.59859847 ], [ 136.706127407, 36.598668843 ], [ 136.706214238, 36.598739572 ], [ 136.706301677, 36.598739835 ], [ 136.70630123, 36.598880364 ], [ 136.706387366, 36.598880922 ], [ 136.706474846, 36.59895173 ], [ 136.706562136, 36.598952068 ], [ 136.706561619, 36.59909282 ], [ 136.706558943, 36.599375172 ], [ 136.706558796, 36.599515119 ], [ 136.706471523, 36.599514798 ], [ 136.706471086, 36.599585178 ], [ 136.706383811, 36.599584835 ], [ 136.706383234, 36.599786365 ], [ 136.706381913, 36.600008785 ], [ 136.706378783, 36.600429421 ], [ 136.706727653, 36.600430763 ], [ 136.707164531, 36.600432785 ], [ 136.707338971, 36.600433118 ], [ 136.707426947, 36.600292514 ], [ 136.70751462, 36.600293189 ], [ 136.707512718, 36.60057455 ], [ 136.707599545, 36.600645309 ], [ 136.707837902, 36.600646334 ], [ 136.707843747, 36.600532755 ], [ 136.707862281, 36.600505485 ], [ 136.70801616, 36.600390225 ], [ 136.708038347, 36.600294483 ], [ 136.708301231, 36.599987317 ], [ 136.70830289, 36.599732431 ], [ 136.708304035, 36.599662452 ], [ 136.70830399, 36.599452058 ], [ 136.708130151, 36.59938018 ], [ 136.708043547, 36.599309738 ], [ 136.707956647, 36.599238948 ], [ 136.707870065, 36.59916841 ], [ 136.707871235, 36.599026712 ], [ 136.707871745, 36.598886608 ], [ 136.707784842, 36.59881604 ], [ 136.707587555, 36.598764941 ], [ 136.707137262, 36.598269515 ], [ 136.707106673, 36.598263449 ], [ 136.706947923, 36.598363864 ], [ 136.706929832, 36.59837445 ], [ 136.706733102, 36.59834492 ], [ 136.706468707, 36.598091107 ], [ 136.705951318, 36.597829015 ], [ 136.705942954, 36.597825918 ], [ 136.70550949, 36.59769816 ], [ 136.704900796, 36.597153898 ], [ 136.704565227, 36.59710535 ] ] ] } },
{ "type": "Feature", "properties": { "A54_001": "1", "A54_002": "17", "A54_003": "石川県", "A54_004": "17201", "A54_005": "金沢市", "A54_006": "金沢市0008" }, "geometry": { "type": "Polygon", "coordinates": [ [ [ 136.68635126, 36.599166446 ], [ 136.686215838, 36.599385147 ], [ 136.686190214, 36.599504661 ], [ 136.686308329, 36.59950575 ], [ 136.686655658, 36.5995769 ], [ 136.686742727, 36.599648016 ], [ 136.687004308, 36.599789215 ], [ 136.687004047, 36.599849423 ], [ 136.687028664, 36.59985934 ], [ 136.687265936, 36.599862287 ], [ 136.687352365, 36.599932715 ], [ 136.687528571, 36.600073435 ], [ 136.687612092, 36.600073883 ], [ 136.687700982, 36.600003551 ], [ 136.687877645, 36.599863587 ], [ 136.688051013, 36.599864536 ], [ 136.688137905, 36.599864832 ], [ 136.688138322, 36.599791525 ], [ 136.687965116, 36.599722937 ], [ 136.687790458, 36.599652353 ], [ 136.687615898, 36.599651538 ], [ 136.687528394, 36.599651342 ], [ 136.68735461, 36.599580508 ], [ 136.687268332, 36.59950903 ], [ 136.68718084, 36.599438691 ], [ 136.687093228, 36.599421746 ], [ 136.686842932, 36.599359304 ], [ 136.686659065, 36.59933482 ], [ 136.686612267, 36.59929311 ], [ 136.68644499, 36.599202231 ], [ 136.68635126, 36.599166446 ] ] ] } },
{ "type": "Feature", "properties": { "A54_001": "1", "A54_002": "17", "A54_003": "石川県", "A54_004": "17201", "A54_005": "金沢市", "A54_006": "金沢市0009" }, "geometry": { "type": "Polygon", "coordinates": [ [ [ 136.707790275, 36.597830464 ], [ 136.707790005, 36.597971435 ], [ 136.707877101, 36.597971856 ], [ 136.707876457, 36.59811253 ], [ 136.707963326, 36.598183248 ], [ 136.707962496, 36.59832401 ], [ 136.708049517, 36.598394618 ], [ 136.708135876, 36.598535775 ], [ 136.708222693, 36.598606518 ], [ 136.708221443, 36.598817694 ], [ 136.708308314, 36.598888411 ], [ 136.708483014, 36.598889036 ], [ 136.708569757, 36.598959801 ], [ 136.708656622, 36.599030549 ], [ 136.708743443, 36.59910118 ], [ 136.708829893, 36.599242292 ], [ 136.708918143, 36.599102215 ], [ 136.709179954, 36.599102916 ], [ 136.709180855, 36.598986695 ], [ 136.709156069, 36.598937126 ], [ 136.709130136, 36.598891817 ], [ 136.709074063, 36.598819298 ], [ 136.709028171, 36.598773234 ], [ 136.708987967, 36.598741157 ], [ 136.708951025, 36.598715078 ], [ 136.708886138, 36.598674926 ], [ 136.708851393, 36.598612736 ], [ 136.708869712, 36.598468262 ], [ 136.70883509, 36.598397741 ], [ 136.708746938, 36.598397638 ], [ 136.708660247, 36.598396846 ], [ 136.708573264, 36.598396266 ], [ 136.708398935, 36.598325689 ], [ 136.708312218, 36.598255056 ], [ 136.70822588, 36.59818424 ], [ 136.708137956, 36.59811343 ], [ 136.708051364, 36.598042804 ], [ 136.707965102, 36.597901863 ], [ 136.70796527, 36.597831229 ], [ 136.707790275, 36.597830464 ] ] ] } },
{ "type": "Feature", "properties": { "A54_001": "1", "A54_002": "17", "A54_003": "石川県", "A54_004": "17201", "A54_005": "金沢市", "A54_006": "金沢市0010" }, "geometry": { "type": "Polygon", "coordinates": [ [ [ 136.687973985, 36.598175056 ], [ 136.687188338, 36.598172036 ], [ 136.687187516, 36.59852678 ], [ 136.687185282, 36.598734675 ], [ 136.688668658, 36.598740394 ], [ 136.688756034, 36.598784826 ], [ 136.688848817, 36.598811785 ], [ 136.689017497, 36.598812342 ], [ 136.689279978, 36.598770785 ], [ 136.68928075, 36.598579883 ], [ 136.68925685, 36.598571159 ], [ 136.689076538, 36.598494113 ], [ 136.689059043, 36.598485572 ], [ 136.689018603, 36.598464051 ], [ 136.689008136, 36.59845761 ], [ 136.689004805, 36.598454172 ], [ 136.689000149, 36.598447845 ], [ 136.688991541, 36.598430056 ], [ 136.688980176, 36.598406128 ], [ 136.688977284, 36.598403864 ], [ 136.688971051, 36.598399513 ], [ 136.688962798, 36.598396596 ], [ 136.688940808, 36.598392001 ], [ 136.688918924, 36.598388219 ], [ 136.688879293, 36.59838067 ], [ 136.688845819, 36.598375098 ], [ 136.688845715, 36.598389674 ], [ 136.68858388, 36.598388655 ], [ 136.688517728, 36.59834263 ], [ 136.68850958, 36.598340795 ], [ 136.688461474, 36.598329968 ], [ 136.688316264, 36.598297031 ], [ 136.688293048, 36.598291891 ], [ 136.688158551, 36.598261791 ], [ 136.688102634, 36.598248859 ], [ 136.687973985, 36.598175056 ] ] ] } },
{ "type": "Feature", "properties": { "A54_001": "1", "A54_002": "17", "A54_003": "石川県", "A54_004": "17201", "A54_005": "金沢市", "A54_006": "金沢市0011" }, "geometry": { "type": "Polygon", "coordinates": [ [ [ 136.717221182, 36.597302889 ], [ 136.717045044, 36.59751405 ], [ 136.71695636, 36.597795218 ], [ 136.716868665, 36.59786527 ], [ 136.716606808, 36.597864282 ], [ 136.716519114, 36.597934341 ], [ 136.716517689, 36.598144434 ], [ 136.716516681, 36.59828683 ], [ 136.716865304, 36.598498658 ], [ 136.716952087, 36.598569218 ], [ 136.717913668, 36.59829196 ], [ 136.718000669, 36.598291759 ], [ 136.71800093, 36.59827181 ], [ 136.718088219, 36.598221759 ], [ 136.718398177, 36.598222785 ], [ 136.718524269, 36.598364189 ], [ 136.71852507, 36.598223446 ], [ 136.718266537, 36.597659556 ], [ 136.718266914, 36.597589042 ], [ 136.717918126, 36.597517297 ], [ 136.71783104, 36.597446897 ], [ 136.717743269, 36.597376744 ], [ 136.717657624, 36.597304919 ], [ 136.717221182, 36.597302889 ] ] ] } },
{ "type": "Feature", "properties": { "A54_001": "1", "A54_002": "17", "A54_003": "石川県", "A54_004": "17201", "A54_005": "金沢市", "A54_006": "金沢市0012" }, "geometry": { "type": "Polygon", "coordinates": [ [ [ 136.72019986, 36.595484557 ], [ 136.719937598, 36.595483726 ], [ 136.719937067, 36.595554052 ], [ 136.719849382, 36.595624191 ], [ 136.719761709, 36.595694259 ], [ 136.71976131, 36.595764663 ], [ 136.719673615, 36.595834698 ], [ 136.719673211, 36.595905137 ], [ 136.719498642, 36.595904425 ], [ 136.719410894, 36.595974523 ], [ 136.719323512, 36.596044585 ], [ 136.719235616, 36.596114619 ], [ 136.719147793, 36.596184639 ], [ 136.71905978, 36.596325079 ], [ 136.719059154, 36.596395482 ], [ 136.719146248, 36.596465923 ], [ 136.719145896, 36.596536714 ], [ 136.719058268, 36.596606589 ], [ 136.718970448, 36.596676656 ], [ 136.718882763, 36.596746719 ], [ 136.718794705, 36.596816695 ], [ 136.718707381, 36.596886826 ], [ 136.718619972, 36.596886412 ], [ 136.718357879, 36.596956197 ], [ 136.718355944, 36.597307882 ], [ 136.718267291, 36.597518625 ], [ 136.718266537, 36.597659556 ], [ 136.71852507, 36.598223446 ], [ 136.718524269, 36.598364189 ], [ 136.718834503, 36.598224113 ], [ 136.719147919, 36.598227397 ], [ 136.719183042, 36.597983186 ], [ 136.719242934, 36.597796117 ], [ 136.719401451, 36.59773384 ], [ 136.719314432, 36.597593136 ], [ 136.719313177, 36.597522553 ], [ 136.719408738, 36.597501003 ], [ 136.719480065, 36.597443466 ], [ 136.719389717, 36.597394626 ], [ 136.719381557, 36.597380297 ], [ 136.719410317, 36.597342663 ], [ 136.719499713, 36.597268822 ], [ 136.719752693, 36.59724262 ], [ 136.719753879, 36.597031472 ], [ 136.719841127, 36.597031646 ], [ 136.719843014, 36.596609205 ], [ 136.719844938, 36.596398459 ], [ 136.719932233, 36.596398728 ], [ 136.719932521, 36.596328417 ], [ 136.720019792, 36.596328746 ], [ 136.720020067, 36.596258625 ], [ 136.72010731, 36.596258326 ], [ 136.720108012, 36.596188242 ], [ 136.720195388, 36.596188563 ], [ 136.72019986, 36.595484557 ] ] ] } },
{ "type": "Feature", "properties": { "A54_001": "1", "A54_002": "17", "A54_003": "石川県", "A54_004": "17201", "A54_005": "金沢市", "A54_006": "金沢市0013" }, "geometry": { "type": "Polygon", "coordinates": [ [ [ 136.687371104, 36.596835143 ], [ 136.6871972, 36.596835067 ], [ 136.687194229, 36.597186372 ], [ 136.687281725, 36.597186724 ], [ 136.687281219, 36.597327395 ], [ 136.687193586, 36.597327043 ], [ 136.687190958, 36.597749437 ], [ 136.687366121, 36.597750233 ], [ 136.687453417, 36.597679991 ], [ 136.687540673, 36.597609861 ], [ 136.687629412, 36.597539748 ], [ 136.687803896, 36.59747047 ], [ 136.687891613, 36.597400434 ], [ 136.687891803, 36.597330303 ], [ 136.687979976, 36.597260009 ], [ 136.688067273, 36.597260569 ], [ 136.688328438, 36.597331652 ], [ 136.688416233, 36.597332014 ], [ 136.688507939, 36.597284828 ], [ 136.688406956, 36.597172533 ], [ 136.688338109, 36.59712072 ], [ 136.688154967, 36.597120098 ], [ 136.688067742, 36.597049194 ], [ 136.687981281, 36.596978649 ], [ 136.687807411, 36.596907449 ], [ 136.687545241, 36.596906204 ], [ 136.687458347, 36.596905683 ], [ 136.687371104, 36.596835143 ] ] ] } },
{ "type": "Feature", "properties": { "A54_001": "1", "A54_002": "17", "A54_003": "石川県", "A54_004": "17201", "A54_005": "金沢市", "A54_006": "金沢市0014" }, "geometry": { "type": "Polygon", "coordinates": [ [ [ 136.720635709, 36.595486395 ], [ 136.720548512, 36.59548608 ], [ 136.720547574, 36.595626799 ], [ 136.720460481, 36.595626354 ], [ 136.720456334, 36.596330316 ], [ 136.720543629, 36.596330645 ], [ 136.72054263, 36.596541567 ], [ 136.720455244, 36.596541597 ], [ 136.720453656, 36.596682659 ], [ 136.720541492, 36.596682527 ], [ 136.721217539, 36.596563661 ], [ 136.721386574, 36.596583072 ], [ 136.722202141, 36.596508365 ], [ 136.722201379, 36.596336728 ], [ 136.722202807, 36.596196053 ], [ 136.722134485, 36.59619718 ], [ 136.722043607, 36.595944788 ], [ 136.7219982, 36.595813106 ], [ 136.721975919, 36.595745437 ], [ 136.721968725, 36.595724259 ], [ 136.721923394, 36.595702523 ], [ 136.721847594, 36.595665045 ], [ 136.721790677, 36.595638516 ], [ 136.721723376, 36.595605321 ], [ 136.72151981, 36.595506438 ], [ 136.720926832, 36.595487983 ], [ 136.720635709, 36.595486395 ] ] ] } },
{ "type": "Feature", "properties": { "A54_001": "1", "A54_002": "17", "A54_003": "石川県", "A54_004": "17201", "A54_005": "金沢市", "A54_006": "金沢市0015" }, "geometry": { "type": "Polygon", "coordinates": [ [ [ 136.742837831, 36.589725487 ], [ 136.742924235, 36.589866444 ], [ 136.743007416, 36.590641193 ], [ 136.743005945, 36.590922679 ], [ 136.743049635, 36.590923051 ], [ 136.743082261, 36.590915307 ], [ 136.743119301, 36.590896911 ], [ 136.743178615, 36.590923083 ], [ 136.743227417, 36.590946891 ], [ 136.743099479, 36.591076977 ], [ 136.743272591, 36.591200611 ], [ 136.743574964, 36.591426191 ], [ 136.743690196, 36.591284168 ], [ 136.744026287, 36.590751634 ], [ 136.744233678, 36.589870232 ], [ 136.744233985, 36.589800899 ], [ 136.743972257, 36.58979972 ], [ 136.743883973, 36.589940463 ], [ 136.743649778, 36.589939809 ], [ 136.743274009, 36.589727416 ], [ 136.742837831, 36.589725487 ] ] ] } },
{ "type": "Feature", "properties": { "A54_001": "1", "A54_002": "17", "A54_003": "石川県", "A54_004": "17201", "A54_005": "金沢市", "A54_006": "金沢市0016" }, "geometry": { "type": "Polygon", "coordinates": [ [ [ 136.69382914, 36.582784362 ], [ 136.693828589, 36.582854951 ], [ 136.693741252, 36.582854316 ], [ 136.693738835, 36.58327668 ], [ 136.693305907, 36.58327503 ], [ 136.693304563, 36.583425943 ], [ 136.693388434, 36.583486384 ], [ 136.693562084, 36.583628032 ], [ 136.693736265, 36.583699011 ], [ 136.693910218, 36.583770113 ], [ 136.693998146, 36.583699968 ], [ 136.693999372, 36.58348906 ], [ 136.694173788, 36.583489546 ], [ 136.694174489, 36.583349008 ], [ 136.694176346, 36.583066944 ], [ 136.694089132, 36.583066875 ], [ 136.694090124, 36.58292614 ], [ 136.6940027, 36.582925809 ], [ 136.694003247, 36.582855422 ], [ 136.693915871, 36.582855074 ], [ 136.693916213, 36.582784759 ], [ 136.69382914, 36.582784362 ] ] ] } },
{ "type": "Feature", "properties": { "A54_001": "1", "A54_002": "17", "A54_003": "石川県", "A54_004": "17201", "A54_005": "金沢市", "A54_006": "金沢市0017" }, "geometry": { "type": "Polygon", "coordinates": [ [ [ 136.695663853, 36.582439678 ], [ 136.694965741, 36.582436938 ], [ 136.694964893, 36.582577739 ], [ 136.695052167, 36.582578048 ], [ 136.695138595, 36.58271915 ], [ 136.695137722, 36.582859919 ], [ 136.695223712, 36.583071417 ], [ 136.695223284, 36.583141794 ], [ 136.695310126, 36.583212516 ], [ 136.695396977, 36.583283241 ], [ 136.695457303, 36.583336852 ], [ 136.69557087, 36.583354116 ], [ 136.695832856, 36.58335542 ], [ 136.69592055, 36.583285333 ], [ 136.695866915, 36.583081347 ], [ 136.695880664, 36.583019326 ], [ 136.695905075, 36.582931668 ], [ 136.695888796, 36.582838333 ], [ 136.695836163, 36.582792421 ], [ 136.695838006, 36.582510775 ], [ 136.69566337, 36.582510092 ], [ 136.695663853, 36.582439678 ] ] ] } },
{ "type": "Feature", "properties": { "A54_001": "1", "A54_002": "17", "A54_003": "石川県", "A54_004": "17201", "A54_005": "金沢市", "A54_006": "金沢市0018" }, "geometry": { "type": "Polygon", "coordinates": [ [ [ 136.69881157, 36.581466729 ], [ 136.698724224, 36.581466394 ], [ 136.697659729, 36.581623769 ], [ 136.697580866, 36.581677203 ], [ 136.69751572, 36.582191683 ], [ 136.697495226, 36.58227099 ], [ 136.697592813, 36.582284081 ], [ 136.697753003, 36.582348699 ], [ 136.697830508, 36.582393524 ], [ 136.697845727, 36.582448279 ], [ 136.698020179, 36.582448988 ], [ 136.698107877, 36.582378947 ], [ 136.698195132, 36.582379297 ], [ 136.698457378, 36.582309937 ], [ 136.699242799, 36.582313019 ], [ 136.699330493, 36.582242978 ], [ 136.699766779, 36.582244907 ], [ 136.699768534, 36.581963163 ], [ 136.699681692, 36.581892431 ], [ 136.699594459, 36.581892036 ], [ 136.699594843, 36.581821712 ], [ 136.699507998, 36.581750991 ], [ 136.699333462, 36.581750307 ], [ 136.699246619, 36.58167958 ], [ 136.699159344, 36.581679238 ], [ 136.699072504, 36.58160851 ], [ 136.698897969, 36.581607826 ], [ 136.698898394, 36.581537443 ], [ 136.69881157, 36.581466729 ] ] ] } },
{ "type": "Feature", "properties": { "A54_001": "1", "A54_002": "17", "A54_003": "石川県", "A54_004": "17201", "A54_005": "金沢市", "A54_006": "金沢市0019" }, "geometry": { "type": "Polygon", "coordinates": [ [ [ 136.697243723, 36.580967828 ], [ 136.697156011, 36.58103791 ], [ 136.696719689, 36.581036174 ], [ 136.696632831, 36.580965461 ], [ 136.69619647, 36.580963743 ], [ 136.696021819, 36.580963078 ], [ 136.696021502, 36.581033356 ], [ 136.69602025, 36.581244576 ], [ 136.69610667, 36.581315341 ], [ 136.696106596, 36.581385683 ], [ 136.696193781, 36.581385887 ], [ 136.69619352, 36.581456405 ], [ 136.696280767, 36.581456756 ], [ 136.696279915, 36.581597522 ], [ 136.696366757, 36.58166825 ], [ 136.696453621, 36.581738968 ], [ 136.696539697, 36.581935184 ], [ 136.696910813, 36.582029243 ], [ 136.697495226, 36.58227099 ], [ 136.69751572, 36.582191683 ], [ 136.697580866, 36.581677203 ], [ 136.697659729, 36.581623769 ], [ 136.697707656, 36.581087843 ], [ 136.697243723, 36.580967828 ] ] ] } },
{ "type": "Feature", "properties": { "A54_001": "1", "A54_002": "17", "A54_003": "石川県", "A54_004": "17201", "A54_005": "金沢市", "A54_006": "金沢市0020" }, "geometry": { "type": "Polygon", "coordinates": [ [ [ 136.69096181, 36.580731751 ], [ 136.690699836, 36.580730768 ], [ 136.690698833, 36.580871276 ], [ 136.690611484, 36.580871364 ], [ 136.690610571, 36.580945694 ], [ 136.690715374, 36.580979088 ], [ 136.690765742, 36.581012567 ], [ 136.690785435, 36.581012645 ], [ 136.690872262, 36.581083322 ], [ 136.690870516, 36.581364925 ], [ 136.691132392, 36.581365927 ], [ 136.691131948, 36.581436329 ], [ 136.691218355, 36.581577442 ], [ 136.69130519, 36.581648173 ], [ 136.691392028, 36.581718905 ], [ 136.691478857, 36.581789397 ], [ 136.691565703, 36.581860363 ], [ 136.691564838, 36.582001109 ], [ 136.691651679, 36.582071859 ], [ 136.69182626, 36.582072548 ], [ 136.691913052, 36.582143281 ], [ 136.692000396, 36.582143635 ], [ 136.692000753, 36.582073249 ], [ 136.691914344, 36.581932137 ], [ 136.691827506, 36.581861406 ], [ 136.691828418, 36.5817206 ], [ 136.691741101, 36.581720295 ], [ 136.691655071, 36.581508781 ], [ 136.691655548, 36.581438417 ], [ 136.691655987, 36.581368038 ], [ 136.691568725, 36.581367688 ], [ 136.691569152, 36.581297306 ], [ 136.691482315, 36.581226578 ], [ 136.691395045, 36.581226231 ], [ 136.69130821, 36.581155498 ], [ 136.691221805, 36.581014388 ], [ 136.69122224, 36.580944002 ], [ 136.691134972, 36.58094365 ], [ 136.691135411, 36.580873272 ], [ 136.69104857, 36.580802544 ], [ 136.690961293, 36.580802196 ], [ 136.69096181, 36.580731751 ] ] ] } },
{ "type": "Feature", "properties": { "A54_001": "1", "A54_002": "17", "A54_003": "石川県", "A54_004": "17201", "A54_005": "金沢市", "A54_006": "金沢市0021" }, "geometry": { "type": "Polygon", "coordinates": [ [ [ 136.700714888, 36.579889941 ], [ 136.699906785, 36.580906998 ], [ 136.699783324, 36.581048224 ], [ 136.699861308, 36.581048533 ], [ 136.699948159, 36.581119265 ], [ 136.700122689, 36.581119942 ], [ 136.700122272, 36.581190314 ], [ 136.700209116, 36.581261076 ], [ 136.700208702, 36.581331584 ], [ 136.700296216, 36.581331977 ], [ 136.70029549, 36.58140217 ], [ 136.70047009, 36.581402919 ], [ 136.700556814, 36.5814735 ], [ 136.70055565, 36.581684729 ], [ 136.700642525, 36.581755446 ], [ 136.700641077, 36.581966334 ], [ 136.700728064, 36.582037359 ], [ 136.700739488, 36.582037403 ], [ 136.700842167, 36.582008702 ], [ 136.700877062, 36.58192926 ], [ 136.700798219, 36.581660476 ], [ 136.700782023, 36.58154767 ], [ 136.700758047, 36.581353362 ], [ 136.700778613, 36.581288551 ], [ 136.700966316, 36.581052818 ], [ 136.70117037, 36.58105375 ], [ 136.701257097, 36.581124363 ], [ 136.701344225, 36.581124862 ], [ 136.701602703, 36.581188139 ], [ 136.70188057, 36.581204091 ], [ 136.702228674, 36.581159401 ], [ 136.702537862, 36.58079461 ], [ 136.701412755, 36.580193568 ], [ 136.700895905, 36.579958648 ], [ 136.700879305, 36.579974947 ], [ 136.700714888, 36.579889941 ] ] ] } },
{ "type": "Feature", "properties": { "A54_001": "1", "A54_002": "17", "A54_003": "石川県", "A54_004": "17201", "A54_005": "金沢市", "A54_006": "金沢市0022" }, "geometry": { "type": "Polygon", "coordinates": [ [ [ 136.692221558, 36.57992913 ], [ 136.692171404, 36.57992953 ], [ 136.692134959, 36.579932179 ], [ 136.692068637, 36.579941739 ], [ 136.691926227, 36.579973746 ], [ 136.691925386, 36.580102157 ], [ 136.692012802, 36.580102545 ], [ 136.692011952, 36.580243311 ], [ 136.6920985, 36.580314372 ], [ 136.692098162, 36.580384386 ], [ 136.692185828, 36.580384994 ], [ 136.692183897, 36.580666259 ], [ 136.692271261, 36.580666412 ], [ 136.69226945, 36.580948177 ], [ 136.692356269, 36.581018916 ], [ 136.69235543, 36.58115967 ], [ 136.692442262, 36.581230399 ], [ 136.692441401, 36.581371166 ], [ 136.692528239, 36.581441894 ], [ 136.692527379, 36.581582657 ], [ 136.692614033, 36.581653433 ], [ 136.692701054, 36.581724119 ], [ 136.692875602, 36.581724872 ], [ 136.69287473, 36.581865575 ], [ 136.693049269, 36.581866268 ], [ 136.693050128, 36.581725506 ], [ 136.693050547, 36.581655142 ], [ 136.693050894, 36.581584728 ], [ 136.69296415, 36.581514013 ], [ 136.692965869, 36.581232482 ], [ 136.692879032, 36.581161755 ], [ 136.692879892, 36.581020991 ], [ 136.692793054, 36.580950258 ], [ 136.692795633, 36.580527968 ], [ 136.692708797, 36.580457238 ], [ 136.692709228, 36.580386853 ], [ 136.692621959, 36.580386508 ], [ 136.692622388, 36.580316123 ], [ 136.692535124, 36.580315781 ], [ 136.692448715, 36.580174666 ], [ 136.692450347, 36.579963585 ], [ 136.692275511, 36.579962863 ], [ 136.69227563, 36.579931712 ], [ 136.692221558, 36.57992913 ] ] ] } },
{ "type": "Feature", "properties": { "A54_001": "1", "A54_002": "17", "A54_003": "石川県", "A54_004": "17201", "A54_005": "金沢市", "A54_006": "金沢市0023" }, "geometry": { "type": "Polygon", "coordinates": [ [ [ 136.701089401, 36.578687716 ], [ 136.700839305, 36.578733198 ], [ 136.700659627, 36.578869779 ], [ 136.700484498, 36.57900997 ], [ 136.70039753, 36.579009524 ], [ 136.700309496, 36.579079539 ], [ 136.700221809, 36.579149575 ], [ 136.700220964, 36.579290341 ], [ 136.700133276, 36.579360386 ], [ 136.700046008, 36.57936004 ], [ 136.700045584, 36.579430399 ], [ 136.69995747, 36.579570847 ], [ 136.699870205, 36.579570506 ], [ 136.699869782, 36.579640889 ], [ 136.699782514, 36.579640546 ], [ 136.699782093, 36.579710928 ], [ 136.699607134, 36.579780624 ], [ 136.699432602, 36.579779941 ], [ 136.699344488, 36.579920363 ], [ 136.699082597, 36.579919328 ], [ 136.699083142, 36.579849038 ], [ 136.698995846, 36.579848611 ], [ 136.698517176, 36.580442544 ], [ 136.697707656, 36.581087843 ], [ 136.697659729, 36.581623769 ], [ 136.698724224, 36.581466394 ], [ 136.698724707, 36.581395997 ], [ 136.698812399, 36.581325954 ], [ 136.69890009, 36.581255917 ], [ 136.698900517, 36.581185563 ], [ 136.699075036, 36.581186213 ], [ 136.69907543, 36.581115734 ], [ 136.699162721, 36.581116192 ], [ 136.699163225, 36.581045798 ], [ 136.699783324, 36.581048224 ], [ 136.699906785, 36.580906998 ], [ 136.700714888, 36.579889941 ], [ 136.700879305, 36.579974947 ], [ 136.700895905, 36.579958648 ], [ 136.70092546, 36.579972082 ], [ 136.701223115, 36.579601782 ], [ 136.70138861, 36.579395493 ], [ 136.701414838, 36.579144873 ], [ 136.701435454, 36.578984833 ], [ 136.701442034, 36.578881022 ], [ 136.701089401, 36.578687716 ] ] ] } },
{ "type": "Feature", "properties": { "A54_001": "1", "A54_002": "17", "A54_003": "石川県", "A54_004": "17201", "A54_005": "金沢市", "A54_006": "金沢市0024" }, "geometry": { "type": "Polygon", "coordinates": [ [ [ 136.69280235, 36.579471894 ], [ 136.692714408, 36.579472391 ], [ 136.692451912, 36.579611326 ], [ 136.692451389, 36.579752292 ], [ 136.692450892, 36.579822747 ], [ 136.692537679, 36.579893416 ], [ 136.692537129, 36.579963873 ], [ 136.692624537, 36.579964206 ], [ 136.692711215, 36.580034979 ], [ 136.692798355, 36.580105608 ], [ 136.692797786, 36.580176055 ], [ 136.692884623, 36.580246787 ], [ 136.692884254, 36.580317391 ], [ 136.692971128, 36.580317424 ], [ 136.692971039, 36.580387883 ], [ 136.693058316, 36.58038824 ], [ 136.693057709, 36.580458285 ], [ 136.693145087, 36.580458961 ], [ 136.693144238, 36.580599772 ], [ 136.693231444, 36.580600036 ], [ 136.693318377, 36.580670809 ], [ 136.693492483, 36.580671404 ], [ 136.693492596, 36.580741725 ], [ 136.693579705, 36.580741948 ], [ 136.693666757, 36.580812723 ], [ 136.693753241, 36.580883977 ], [ 136.693752505, 36.581024137 ], [ 136.693839843, 36.581024774 ], [ 136.693839355, 36.58109524 ], [ 136.693926654, 36.581095603 ], [ 136.693926243, 36.581165914 ], [ 136.694013083, 36.581236635 ], [ 136.694100335, 36.581236966 ], [ 136.694099464, 36.581377748 ], [ 136.694535884, 36.581379539 ], [ 136.694535416, 36.581449856 ], [ 136.694622676, 36.581450205 ], [ 136.694623057, 36.581379806 ], [ 136.694710336, 36.58138021 ], [ 136.694711723, 36.581169021 ], [ 136.694624353, 36.581168707 ], [ 136.694624818, 36.581098296 ], [ 136.694537976, 36.581027593 ], [ 136.69445243, 36.580745734 ], [ 136.694365583, 36.580674965 ], [ 136.694366018, 36.580604576 ], [ 136.694279175, 36.580533856 ], [ 136.694191906, 36.580533507 ], [ 136.694192316, 36.580463186 ], [ 136.694105078, 36.58046279 ], [ 136.694105362, 36.580392367 ], [ 136.694018232, 36.580392053 ], [ 136.693931394, 36.580321324 ], [ 136.693844178, 36.580320996 ], [ 136.693844555, 36.580250595 ], [ 136.693757288, 36.580250248 ], [ 136.693758573, 36.580039102 ], [ 136.693671305, 36.580038754 ], [ 136.693671742, 36.579968376 ], [ 136.693497232, 36.579967739 ], [ 136.693497622, 36.579897431 ], [ 136.693410574, 36.579897072 ], [ 136.693410773, 36.579826518 ], [ 136.693323532, 36.579826294 ], [ 136.693324284, 36.579685437 ], [ 136.693237153, 36.579685144 ], [ 136.693237665, 36.579614744 ], [ 136.693062886, 36.579613925 ], [ 136.693063314, 36.579543474 ], [ 136.692801937, 36.579542227 ], [ 136.69280235, 36.579471894 ] ] ] } },
{ "type": "Feature", "properties": { "A54_001": "1", "A54_002": "17", "A54_003": "石川県", "A54_004": "17201", "A54_005": "金沢市", "A54_006": "金沢市0025" }, "geometry": { "type": "Polygon", "coordinates": [ [ [ 136.699055472, 36.577686975 ], [ 136.698780196, 36.577785162 ], [ 136.698702614, 36.577827075 ], [ 136.698636917, 36.577891828 ], [ 136.698533681, 36.57812505 ], [ 136.698495165, 36.578199747 ], [ 136.698187342, 36.578428207 ], [ 136.698094459, 36.578478276 ], [ 136.698047433, 36.578507092 ], [ 136.697968928, 36.57854713 ], [ 136.697887705, 36.578613583 ], [ 136.697763619, 36.578749992 ], [ 136.697639793, 36.578861165 ], [ 136.697332727, 36.578888502 ], [ 136.696792565, 36.578782065 ], [ 136.696732862, 36.578860404 ], [ 136.696732844, 36.578863367 ], [ 136.69682767, 36.578990931 ], [ 136.697062382, 36.579120881 ], [ 136.697321821, 36.579263714 ], [ 136.697355884, 36.579379727 ], [ 136.697327623, 36.579454781 ], [ 136.697313813, 36.579892814 ], [ 136.697301947, 36.579909274 ], [ 136.697296753, 36.580173698 ], [ 136.69728226, 36.580238743 ], [ 136.697247523, 36.580302461 ], [ 136.697245388, 36.580686321 ], [ 136.697332671, 36.580686682 ], [ 136.697331403, 36.580897836 ], [ 136.697244115, 36.580897514 ], [ 136.697243723, 36.580967828 ], [ 136.697707656, 36.581087843 ], [ 136.698517176, 36.580442544 ], [ 136.698995846, 36.579848611 ], [ 136.698908568, 36.579848275 ], [ 136.698909001, 36.579777892 ], [ 136.698909775, 36.579636974 ], [ 136.698910275, 36.57956674 ], [ 136.698736173, 36.579495676 ], [ 136.69864896, 36.579495308 ], [ 136.698649418, 36.579424855 ], [ 136.698561783, 36.579424725 ], [ 136.698475209, 36.579353915 ], [ 136.698476083, 36.579213118 ], [ 136.698388792, 36.579212742 ], [ 136.69839008, 36.579001628 ], [ 136.69847777, 36.57893159 ], [ 136.698478203, 36.57886121 ], [ 136.698565415, 36.578861573 ], [ 136.698566153, 36.578720803 ], [ 136.698915796, 36.578651773 ], [ 136.699003487, 36.578581734 ], [ 136.699003907, 36.578511348 ], [ 136.6990916, 36.578441311 ], [ 136.699102454, 36.578441369 ], [ 136.699012706, 36.578290509 ], [ 136.699035369, 36.578168298 ], [ 136.699056153, 36.578109463 ], [ 136.699053183, 36.578070642 ], [ 136.699074187, 36.577995052 ], [ 136.699215806, 36.577772212 ], [ 136.699098826, 36.577713107 ], [ 136.699055472, 36.577686975 ] ] ] } },
{ "type": "Feature", "properties": { "A54_001": "1", "A54_002": "17", "A54_003": "石川県", "A54_004": "17201", "A54_005": "金沢市", "A54_006": "金沢市0026" }, "geometry": { "type": "Polygon", "coordinates": [ [ [ 136.688972354, 36.57783812 ], [ 136.68888511, 36.57783778 ], [ 136.688797337, 36.577907914 ], [ 136.688710125, 36.577907452 ], [ 136.688622429, 36.577977487 ], [ 136.688621749, 36.578047995 ], [ 136.688534297, 36.578117899 ], [ 136.688533396, 36.578188124 ], [ 136.688446163, 36.578258315 ], [ 136.688442169, 36.578891767 ], [ 136.688354124, 36.579032151 ], [ 136.688352963, 36.579172041 ], [ 136.688440007, 36.579243614 ], [ 136.688534261, 36.579244086 ], [ 136.688571214, 36.579220149 ], [ 136.688578645, 36.57921979 ], [ 136.688611732, 36.57918171 ], [ 136.688626673, 36.579132653 ], [ 136.688633318, 36.579121077 ], [ 136.688923378, 36.578580733 ], [ 136.689013074, 36.578439258 ], [ 136.689074662, 36.578390077 ], [ 136.689091993, 36.578371787 ], [ 136.689042042, 36.578343638 ], [ 136.68940448, 36.578074615 ], [ 136.689495047, 36.57801595 ], [ 136.689495215, 36.577980939 ], [ 136.689407313, 36.577980664 ], [ 136.689408201, 36.577910275 ], [ 136.688971756, 36.577908521 ], [ 136.688972354, 36.57783812 ] ] ] } },
{ "type": "Feature", "properties": { "A54_001": "1", "A54_002": "17", "A54_003": "石川県", "A54_004": "17201", "A54_005": "金沢市", "A54_006": "金沢市0027" }, "geometry": { "type": "Polygon", "coordinates": [ [ [ 136.69388896, 36.577728982 ], [ 136.69377195, 36.577892216 ], [ 136.693564314, 36.578089281 ], [ 136.693605975, 36.578131204 ], [ 136.6936148, 36.57813799 ], [ 136.693682898, 36.578138439 ], [ 136.693769731, 36.578209166 ], [ 136.693857018, 36.578209512 ], [ 136.693856567, 36.578279892 ], [ 136.694030911, 36.578350756 ], [ 136.694235656, 36.578445175 ], [ 136.694291791, 36.578492858 ], [ 136.694466085, 36.578493355 ], [ 136.694465631, 36.578574051 ], [ 136.694527811, 36.578615122 ], [ 136.694521886, 36.578626182 ], [ 136.694540838, 36.578634557 ], [ 136.694727083, 36.578635157 ], [ 136.69472688, 36.578705677 ], [ 136.694813977, 36.57870587 ], [ 136.694813629, 36.578730249 ], [ 136.694948406, 36.578767344 ], [ 136.695027818, 36.578770257 ], [ 136.695192869, 36.578737843 ], [ 136.695288062, 36.578778129 ], [ 136.6953391, 36.578768498 ], [ 136.695483799, 36.57846049 ], [ 136.694883698, 36.578186653 ], [ 136.694912968, 36.578143385 ], [ 136.694817026, 36.57814269 ], [ 136.694817724, 36.578072373 ], [ 136.694643235, 36.57807186 ], [ 136.694556401, 36.578001132 ], [ 136.694556884, 36.577930578 ], [ 136.69388896, 36.577728982 ] ] ] } },
{ "type": "Feature", "properties": { "A54_001": "1", "A54_002": "17", "A54_003": "石川県", "A54_004": "17201", "A54_005": "金沢市", "A54_006": "金沢市0028" }, "geometry": { "type": "Polygon", "coordinates": [ [ [ 136.688721814, 36.576007126 ], [ 136.68863414, 36.576077165 ], [ 136.688546444, 36.576147199 ], [ 136.688546009, 36.576217579 ], [ 136.688632839, 36.576288313 ], [ 136.688631482, 36.576499368 ], [ 136.688805652, 36.576570498 ], [ 136.688892456, 36.576641275 ], [ 136.68889159, 36.576782035 ], [ 136.68897842, 36.576852767 ], [ 136.689065073, 36.576923376 ], [ 136.689065249, 36.576923503 ], [ 136.689152082, 36.576994232 ], [ 136.689151647, 36.577064616 ], [ 136.689238502, 36.577135369 ], [ 136.689238045, 36.577205729 ], [ 136.689325307, 36.577206078 ], [ 136.689411703, 36.57734719 ], [ 136.689410852, 36.577487951 ], [ 136.689497671, 36.577558689 ], [ 136.689584907, 36.577558998 ], [ 136.689584066, 36.577699803 ], [ 136.689670901, 36.577770534 ], [ 136.689670155, 36.577913815 ], [ 136.689767155, 36.577855728 ], [ 136.689789418, 36.577841711 ], [ 136.689798706, 36.577815042 ], [ 136.689848069, 36.577781831 ], [ 136.690108716, 36.577602152 ], [ 136.69010833, 36.577561203 ], [ 136.689933984, 36.57756043 ], [ 136.689934214, 36.577490095 ], [ 136.68984718, 36.577489768 ], [ 136.689848265, 36.577278537 ], [ 136.689761718, 36.577207694 ], [ 136.68967462, 36.577137097 ], [ 136.68958797, 36.577066391 ], [ 136.689501135, 36.576995627 ], [ 136.6894143, 36.5769249 ], [ 136.689416367, 36.576573157 ], [ 136.68932969, 36.576502278 ], [ 136.689242492, 36.576501896 ], [ 136.689155675, 36.576431254 ], [ 136.689155927, 36.576360776 ], [ 136.689069521, 36.576219741 ], [ 136.689058372, 36.576136947 ], [ 136.688955803, 36.576008374 ], [ 136.688721814, 36.576007126 ] ] ] } },
{ "type": "Feature", "properties": { "A54_001": "1", "A54_002": "17", "A54_003": "石川県", "A54_004": "17201", "A54_005": "金沢市", "A54_006": "金沢市0029" }, "geometry": { "type": "Polygon", "coordinates": [ [ [ 136.694210781, 36.577371489 ], [ 136.69416259, 36.577440106 ], [ 136.694114993, 36.577478264 ], [ 136.694085883, 36.577515974 ], [ 136.694035953, 36.57752392 ], [ 136.69388896, 36.577728982 ], [ 136.694556884, 36.577930578 ], [ 136.694644092, 36.577931095 ], [ 136.694819067, 36.577861443 ], [ 136.695108756, 36.577862423 ], [ 136.695190913, 36.577745583 ], [ 136.69520188, 36.577749684 ], [ 136.695256515, 36.577665821 ], [ 136.695256653, 36.577651974 ], [ 136.694907597, 36.577650603 ], [ 136.69482076, 36.577579874 ], [ 136.694733492, 36.577579595 ], [ 136.694559393, 36.577508454 ], [ 136.694472563, 36.57743773 ], [ 136.694385632, 36.577437206 ], [ 136.694210781, 36.577371489 ] ] ] } },
{ "type": "Feature", "properties": { "A54_001": "1", "A54_002": "17", "A54_003": "石川県", "A54_004": "17201", "A54_005": "金沢市", "A54_006": "金沢市0030" }, "geometry": { "type": "Polygon", "coordinates": [ [ [ 136.690375633, 36.576717607 ], [ 136.690287781, 36.576787641 ], [ 136.690287325, 36.576858057 ], [ 136.690200181, 36.576857698 ], [ 136.690199215, 36.576998394 ], [ 136.690112, 36.576998068 ], [ 136.690110657, 36.577209275 ], [ 136.690283436, 36.577484635 ], [ 136.690673499, 36.577211467 ], [ 136.690721217, 36.577211686 ], [ 136.69072373, 36.576859792 ], [ 136.69072392, 36.576832276 ], [ 136.690585153, 36.576719153 ], [ 136.690375633, 36.576717607 ] ] ] } },
{ "type": "Feature", "properties": { "A54_001": "1", "A54_002": "17", "A54_003": "石川県", "A54_004": "17201", "A54_005": "金沢市", "A54_006": "金沢市0031" }, "geometry": { "type": "Polygon", "coordinates": [ [ [ 136.694741204, 36.576312649 ], [ 136.694566261, 36.576382356 ], [ 136.694565173, 36.57645182 ], [ 136.694129333, 36.576451018 ], [ 136.694128682, 36.576532887 ], [ 136.694430337, 36.57680348 ], [ 136.694563696, 36.576804642 ], [ 136.694562492, 36.576945654 ], [ 136.694824709, 36.57694666 ], [ 136.694825494, 36.577016243 ], [ 136.694911851, 36.577017199 ], [ 136.694910708, 36.577087631 ], [ 136.69499866, 36.577087761 ], [ 136.695085123, 36.577158619 ], [ 136.695259643, 36.577159302 ], [ 136.695260499, 36.577018546 ], [ 136.695435025, 36.577019237 ], [ 136.695435995, 36.576878641 ], [ 136.695261359, 36.576877785 ], [ 136.695174517, 36.57680705 ], [ 136.695087257, 36.576806707 ], [ 136.695000424, 36.576735979 ], [ 136.695001278, 36.576595216 ], [ 136.694741204, 36.576312649 ] ] ] } },
{ "type": "Feature", "properties": { "A54_001": "1", "A54_002": "17", "A54_003": "石川県", "A54_004": "17201", "A54_005": "金沢市", "A54_006": "金沢市0032" }, "geometry": { "type": "Polygon", "coordinates": [ [ [ 136.690990115, 36.576096328 ], [ 136.690599235, 36.576176388 ], [ 136.690536901, 36.57620056 ], [ 136.690606017, 36.576320186 ], [ 136.690772332, 36.576508031 ], [ 136.690805761, 36.57654593 ], [ 136.690827726, 36.576578633 ], [ 136.690899501, 36.5766493 ], [ 136.690986762, 36.576649648 ], [ 136.690986329, 36.576720033 ], [ 136.691073605, 36.576720373 ], [ 136.691072729, 36.576861141 ], [ 136.691159564, 36.576931871 ], [ 136.69115932, 36.577072491 ], [ 136.691238892, 36.577072691 ], [ 136.691509519, 36.576782067 ], [ 136.691510178, 36.576722188 ], [ 136.691423075, 36.576651386 ], [ 136.691423531, 36.576581005 ], [ 136.691336677, 36.576510276 ], [ 136.691337087, 36.576439918 ], [ 136.691162399, 36.576439339 ], [ 136.691163009, 36.576368807 ], [ 136.691075755, 36.57636845 ], [ 136.690989732, 36.57615695 ], [ 136.690990115, 36.576096328 ] ] ] } },
{ "type": "Feature", "properties": { "A54_001": "1", "A54_002": "17", "A54_003": "石川県", "A54_004": "17201", "A54_005": "金沢市", "A54_006": "金沢市0033" }, "geometry": { "type": "Polygon", "coordinates": [ [ [ 136.700917403, 36.574344786 ], [ 136.700654184, 36.574442551 ], [ 136.7009817, 36.575140191 ], [ 136.70103086, 36.575211238 ], [ 136.701117695, 36.575281965 ], [ 136.701204548, 36.575352686 ], [ 136.701204116, 36.575423069 ], [ 136.701291377, 36.575423408 ], [ 136.701378215, 36.575494129 ], [ 136.701465473, 36.575494471 ], [ 136.701552458, 36.57556525 ], [ 136.701551896, 36.575635575 ], [ 136.701639157, 36.575635918 ], [ 136.701638732, 36.575706301 ], [ 136.701725575, 36.575777023 ], [ 136.701812414, 36.575847746 ], [ 136.701898837, 36.575988849 ], [ 136.701897566, 36.5762 ], [ 136.70198499, 36.576200284 ], [ 136.701984353, 36.576270695 ], [ 136.702071584, 36.57627106 ], [ 136.702071249, 36.576341444 ], [ 136.70215809, 36.576412166 ], [ 136.702245356, 36.576412505 ], [ 136.702244933, 36.576482885 ], [ 136.702332198, 36.576483228 ], [ 136.702331773, 36.576553609 ], [ 136.702419038, 36.576553945 ], [ 136.702417353, 36.576835477 ], [ 136.702504439, 36.576850204 ], [ 136.702532665, 36.576867795 ], [ 136.702741034, 36.576996823 ], [ 136.70307023, 36.576739551 ], [ 136.7031761, 36.576767844 ], [ 136.703298362, 36.576844274 ], [ 136.703408788, 36.57675856 ], [ 136.703410091, 36.576730992 ], [ 136.703380042, 36.576695773 ], [ 136.703347704, 36.576674281 ], [ 136.703346371, 36.576656796 ], [ 136.703476802, 36.576590825 ], [ 136.703446406, 36.576529071 ], [ 136.703313582, 36.576425679 ], [ 136.703268195, 36.57634957 ], [ 136.703241762, 36.576282144 ], [ 136.702998364, 36.576290091 ], [ 136.702908111, 36.576189994 ], [ 136.702779436, 36.575996213 ], [ 136.702545055, 36.575690081 ], [ 136.702598844, 36.575670849 ], [ 136.702599024, 36.575639658 ], [ 136.702599358, 36.575569346 ], [ 136.702599861, 36.57549897 ], [ 136.702512617, 36.575498552 ], [ 136.702425776, 36.575427834 ], [ 136.702426619, 36.575287068 ], [ 136.702339358, 36.575286727 ], [ 136.70233978, 36.575216344 ], [ 136.702252515, 36.575216001 ], [ 136.702165678, 36.57514528 ], [ 136.702078415, 36.575144944 ], [ 136.70207926, 36.575004176 ], [ 136.701991996, 36.575003841 ], [ 136.701992417, 36.574933454 ], [ 136.701905579, 36.574862731 ], [ 136.701906014, 36.574792346 ], [ 136.701819166, 36.574721629 ], [ 136.701731882, 36.574721277 ], [ 136.701645009, 36.574650537 ], [ 136.701645292, 36.574580391 ], [ 136.701558592, 36.574509386 ], [ 136.701384023, 36.574438511 ], [ 136.701035769, 36.574366575 ], [ 136.700917403, 36.574344786 ] ] ] } },
{ "type": "Feature", "properties": { "A54_001": "1", "A54_002": "17", "A54_003": "石川県", "A54_004": "17201", "A54_005": "金沢市", "A54_006": "金沢市0034" }, "geometry": { "type": "Polygon", "coordinates": [ [ [ 136.700414335, 36.574309913 ], [ 136.70013752, 36.574446748 ], [ 136.699634452, 36.574677743 ], [ 136.699637235, 36.574783509 ], [ 136.699629835, 36.576012694 ], [ 136.700065895, 36.576004307 ], [ 136.700131463, 36.576025202 ], [ 136.700179456, 36.57608276 ], [ 136.700188476, 36.576235868 ], [ 136.700440909, 36.576843014 ], [ 136.700642188, 36.57677252 ], [ 136.700707819, 36.576892712 ], [ 136.700791536, 36.576862448 ], [ 136.700798916, 36.576850301 ], [ 136.700828994, 36.576829483 ], [ 136.700934121, 36.576804007 ], [ 136.700935111, 36.576618471 ], [ 136.70067337, 36.57569906 ], [ 136.70111638, 36.575493151 ], [ 136.701204116, 36.575423069 ], [ 136.701204548, 36.575352686 ], [ 136.701117695, 36.575281965 ], [ 136.70103086, 36.575211238 ], [ 136.7009817, 36.575140191 ], [ 136.700654184, 36.574442551 ], [ 136.700514098, 36.57449472 ], [ 136.700414335, 36.574309913 ] ] ] } },
{ "type": "Feature", "properties": { "A54_001": "1", "A54_002": "17", "A54_003": "石川県", "A54_004": "17201", "A54_005": "金沢市", "A54_006": "金沢市0035" }, "geometry": { "type": "Polygon", "coordinates": [ [ [ 136.70111638, 36.575493151 ], [ 136.70067337, 36.57569906 ], [ 136.700935111, 36.576618471 ], [ 136.701108915, 36.576619705 ], [ 136.701109491, 36.576689611 ], [ 136.70119659, 36.576690123 ], [ 136.70119623, 36.576728016 ], [ 136.701238719, 36.576714697 ], [ 136.701395345, 36.576494834 ], [ 136.701547086, 36.576440172 ], [ 136.701547254, 36.576409781 ], [ 136.701460413, 36.57633906 ], [ 136.70146168, 36.576127913 ], [ 136.701374416, 36.576127571 ], [ 136.701375683, 36.575916425 ], [ 136.701289265, 36.57577532 ], [ 136.701115586, 36.575633875 ], [ 136.70111638, 36.575493151 ] ] ] } },
{ "type": "Feature", "properties": { "A54_001": "1", "A54_002": "17", "A54_003": "石川県", "A54_004": "17201", "A54_005": "金沢市", "A54_006": "金沢市0036" }, "geometry": { "type": "Polygon", "coordinates": [ [ [ 136.696152276, 36.576177411 ], [ 136.695003847, 36.576172922 ], [ 136.695003607, 36.576243222 ], [ 136.694828894, 36.576242613 ], [ 136.694741204, 36.576312649 ], [ 136.695001278, 36.576595216 ], [ 136.695088542, 36.576595562 ], [ 136.695263491, 36.576525862 ], [ 136.695699818, 36.576527587 ], [ 136.695873907, 36.57659866 ], [ 136.696048128, 36.57659947 ], [ 136.696215265, 36.576569519 ], [ 136.69624993, 36.576570673 ], [ 136.69629212, 36.576578471 ], [ 136.69634986, 36.576597335 ], [ 136.696481326, 36.576462199 ], [ 136.696449201, 36.576433855 ], [ 136.69641723, 36.576398096 ], [ 136.696392246, 36.576365057 ], [ 136.69637288, 36.576333849 ], [ 136.696346197, 36.576278431 ], [ 136.696312347, 36.576248437 ], [ 136.696262827, 36.576234877 ], [ 136.69622488, 36.576215335 ], [ 136.696152276, 36.576177411 ] ] ] } },
{ "type": "Feature", "properties": { "A54_001": "1", "A54_002": "17", "A54_003": "石川県", "A54_004": "17201", "A54_005": "金沢市", "A54_006": "金沢市0037" }, "geometry": { "type": "Polygon", "coordinates": [ [ [ 136.699634452, 36.574677743 ], [ 136.699530706, 36.574718876 ], [ 136.699499875, 36.574730266 ], [ 136.699405604, 36.574757578 ], [ 136.699234284, 36.574797621 ], [ 136.699167507, 36.574809079 ], [ 136.699116334, 36.574818339 ], [ 136.699049483, 36.574826196 ], [ 136.698843656, 36.574828853 ], [ 136.698111123, 36.574847371 ], [ 136.697804615, 36.574854652 ], [ 136.69780358, 36.574916785 ], [ 136.697629422, 36.574916195 ], [ 136.697628947, 36.574986753 ], [ 136.697715803, 36.575057433 ], [ 136.697801768, 36.575268968 ], [ 136.697800918, 36.575409731 ], [ 136.697800492, 36.575480114 ], [ 136.697800067, 36.575550497 ], [ 136.697886904, 36.575621223 ], [ 136.697886053, 36.575761988 ], [ 136.697885629, 36.575832369 ], [ 136.698059724, 36.575903437 ], [ 136.698146563, 36.575974164 ], [ 136.698233401, 36.576044886 ], [ 136.698319615, 36.576209854 ], [ 136.69933974, 36.576224978 ], [ 136.699383599, 36.576190819 ], [ 136.699376474, 36.576017576 ], [ 136.699629835, 36.576012694 ], [ 136.699637235, 36.574783509 ], [ 136.699634452, 36.574677743 ] ] ] } },
{ "type": "Feature", "properties": { "A54_001": "1", "A54_002": "17", "A54_003": "石川県", "A54_004": "17201", "A54_005": "金沢市", "A54_006": "金沢市0038" }, "geometry": { "type": "Polygon", "coordinates": [ [ [ 136.703946912, 36.572582058 ], [ 136.703694778, 36.57259016 ], [ 136.703675684, 36.572722849 ], [ 136.703485018, 36.572725773 ], [ 136.703378892, 36.572799172 ], [ 136.703367583, 36.5728879 ], [ 136.703251113, 36.573060921 ], [ 136.703130035, 36.573153977 ], [ 136.702893872, 36.573248723 ], [ 136.702873842, 36.573388192 ], [ 136.70322359, 36.573389645 ], [ 136.70322212, 36.573600989 ], [ 136.703309273, 36.573601201 ], [ 136.703308442, 36.573742113 ], [ 136.703221248, 36.573741871 ], [ 136.703219102, 36.57409371 ], [ 136.70330628, 36.574094018 ], [ 136.703304696, 36.574375491 ], [ 136.70339154, 36.574446215 ], [ 136.703478375, 36.574516934 ], [ 136.703477287, 36.574658839 ], [ 136.703739334, 36.57465872 ], [ 136.703652543, 36.574587973 ], [ 136.703653313, 36.574447223 ], [ 136.703566058, 36.574446876 ], [ 136.703479196, 36.574376172 ], [ 136.70348134, 36.574024298 ], [ 136.703568332, 36.574024631 ], [ 136.703569694, 36.573813478 ], [ 136.703657069, 36.573813886 ], [ 136.70365745, 36.573743339 ], [ 136.703744341, 36.573743636 ], [ 136.703745227, 36.573673445 ], [ 136.703657868, 36.573673154 ], [ 136.703657981, 36.573602653 ], [ 136.703744849, 36.57360299 ], [ 136.703746644, 36.573391656 ], [ 136.704232229, 36.573393697 ], [ 136.70416695, 36.573052784 ], [ 136.704065662, 36.572981194 ], [ 136.70402841, 36.572947489 ], [ 136.703995952, 36.572910673 ], [ 136.703962961, 36.572829257 ], [ 136.703925553, 36.572689372 ], [ 136.703946912, 36.572582058 ] ] ] } },
{ "type": "Feature", "properties": { "A54_001": "1", "A54_002": "17", "A54_003": "石川県", "A54_004": "17201", "A54_005": "金沢市", "A54_006": "金沢市0039" }, "geometry": { "type": "Polygon", "coordinates": [ [ [ 136.68467309, 36.566675402 ], [ 136.683958096, 36.56671115 ], [ 136.683588935, 36.566848574 ], [ 136.683614683, 36.566859999 ], [ 136.683635257, 36.566872767 ], [ 136.683716619, 36.566923062 ], [ 136.683890648, 36.567048798 ], [ 136.683977588, 36.567119452 ], [ 136.684108947, 36.567471815 ], [ 136.684196513, 36.567743195 ], [ 136.684220929, 36.567799494 ], [ 136.684224509, 36.567804804 ], [ 136.684235067, 36.567820463 ], [ 136.684233903, 36.567992065 ], [ 136.684362756, 36.568033993 ], [ 136.68456014, 36.568030593 ], [ 136.684740874, 36.567202174 ], [ 136.684780236, 36.567175667 ], [ 136.684933675, 36.567181035 ], [ 136.685024403, 36.567194168 ], [ 136.685111254, 36.567195005 ], [ 136.685111831, 36.567124275 ], [ 136.685286287, 36.567125008 ], [ 136.685374029, 36.56705482 ], [ 136.685461339, 36.56705525 ], [ 136.685298715, 36.566948418 ], [ 136.68467309, 36.566675402 ] ] ] } },
{ "type": "Feature", "properties": { "A54_001": "1", "A54_002": "17", "A54_003": "石川県", "A54_004": "17201", "A54_005": "金沢市", "A54_006": "金沢市0040" }, "geometry": { "type": "Polygon", "coordinates": [ [ [ 136.686335664, 36.566707236 ], [ 136.685461339, 36.56705525 ], [ 136.685548136, 36.567125984 ], [ 136.685722684, 36.567126637 ], [ 136.685722381, 36.567167323 ], [ 136.685746726, 36.567188839 ], [ 136.685761761, 36.56719721 ], [ 136.685809413, 36.567197361 ], [ 136.685809265, 36.567223312 ], [ 136.685890511, 36.567268192 ], [ 136.685896251, 36.567268149 ], [ 136.685896257, 36.567271357 ], [ 136.686142769, 36.567409884 ], [ 136.686156636, 36.567410141 ], [ 136.686268747, 36.567480741 ], [ 136.686331248, 36.567481023 ], [ 136.686331087, 36.567507008 ], [ 136.686346535, 36.567511521 ], [ 136.686372312, 36.567514066 ], [ 136.686390273, 36.567514856 ], [ 136.68641782, 36.567551662 ], [ 136.686417662, 36.567601096 ], [ 136.686523966, 36.567641222 ], [ 136.686557542, 36.56764814 ], [ 136.686622921, 36.567646896 ], [ 136.686748183, 36.56762705 ], [ 136.686780967, 36.567627208 ], [ 136.686858266, 36.567606051 ], [ 136.686952186, 36.567569298 ], [ 136.686954406, 36.567473506 ], [ 136.686744504, 36.56726934 ], [ 136.686745996, 36.567263174 ], [ 136.686746854, 36.567253819 ], [ 136.686747681, 36.567243 ], [ 136.68674419, 36.567227161 ], [ 136.686740577, 36.567217008 ], [ 136.686723903, 36.567191958 ], [ 136.686682684, 36.567148845 ], [ 136.686600648, 36.567073653 ], [ 136.686584784, 36.56705958 ], [ 136.686508085, 36.567059603 ], [ 136.686508462, 36.566990743 ], [ 136.686427284, 36.566917718 ], [ 136.686361729, 36.566859713 ], [ 136.686341772, 36.566824798 ], [ 136.686335116, 36.566806597 ], [ 136.686335604, 36.566718094 ], [ 136.686335664, 36.566707236 ] ] ] } },
{ "type": "Feature", "properties": { "A54_001": "1", "A54_002": "17", "A54_003": "石川県", "A54_004": "17201", "A54_005": "金沢市", "A54_006": "金沢市0041" }, "geometry": { "type": "Polygon", "coordinates": [ [ [ 136.680420998, 36.563797136 ], [ 136.679982413, 36.56414717 ], [ 136.679894865, 36.564217292 ], [ 136.679894425, 36.564287676 ], [ 136.680068917, 36.564288389 ], [ 136.680242977, 36.564359482 ], [ 136.680242094, 36.56450024 ], [ 136.680154402, 36.564570273 ], [ 136.680153872, 36.564647932 ], [ 136.680212978, 36.564711282 ], [ 136.680415269, 36.564712103 ], [ 136.680414827, 36.564782486 ], [ 136.680414691, 36.564807479 ], [ 136.680588077, 36.564882941 ], [ 136.680681207, 36.564924343 ], [ 136.680762941, 36.564924675 ], [ 136.680850632, 36.564854648 ], [ 136.680937882, 36.564855003 ], [ 136.68111194, 36.564926095 ], [ 136.681286463, 36.564926803 ], [ 136.681285999, 36.564997188 ], [ 136.681372809, 36.565067927 ], [ 136.681460057, 36.565068281 ], [ 136.68145977, 36.565144443 ], [ 136.681458897, 36.565254252 ], [ 136.681458228, 36.565279299 ], [ 136.681457419, 36.565490575 ], [ 136.681544227, 36.565561311 ], [ 136.681631054, 36.565632059 ], [ 136.681717747, 36.565702793 ], [ 136.681717411, 36.565773168 ], [ 136.681804222, 36.565843904 ], [ 136.681803344, 36.565984669 ], [ 136.681802905, 36.566055046 ], [ 136.68180226, 36.566195432 ], [ 136.681888777, 36.566196216 ], [ 136.681975642, 36.56626666 ], [ 136.682149905, 36.566338003 ], [ 136.682236549, 36.566408473 ], [ 136.682294047, 36.566541435 ], [ 136.682487597, 36.566477453 ], [ 136.682699635, 36.566391847 ], [ 136.682700077, 36.566369654 ], [ 136.682760969, 36.56634024 ], [ 136.682935423, 36.566341295 ], [ 136.682934058, 36.566552319 ], [ 136.68302082, 36.566623059 ], [ 136.6831072, 36.566693848 ], [ 136.683204394, 36.56683479 ], [ 136.683216079, 36.566850345 ], [ 136.683248227, 36.566859243 ], [ 136.68335453, 36.566871016 ], [ 136.68337157, 36.566869069 ], [ 136.683427015, 36.566875016 ], [ 136.683460897, 36.566869739 ], [ 136.683520929, 36.566871413 ], [ 136.683588935, 36.566848574 ], [ 136.683958096, 36.56671115 ], [ 136.68467309, 36.566675402 ], [ 136.685298715, 36.566948418 ], [ 136.685461339, 36.56705525 ], [ 136.685379744, 36.566139931 ], [ 136.684682175, 36.566066727 ], [ 136.684595359, 36.565995993 ], [ 136.684420859, 36.565995287 ], [ 136.684421297, 36.565924903 ], [ 136.684334047, 36.565924552 ], [ 136.68424722, 36.565853813 ], [ 136.684073168, 36.565782729 ], [ 136.683899115, 36.565711638 ], [ 136.683550112, 36.565710229 ], [ 136.683463729, 36.565569127 ], [ 136.68337692, 36.565498372 ], [ 136.682853411, 36.565496254 ], [ 136.682853857, 36.565425865 ], [ 136.682767485, 36.565284746 ], [ 136.682680674, 36.565214009 ], [ 136.68250617, 36.565213304 ], [ 136.682507492, 36.565002155 ], [ 136.68259518, 36.564932129 ], [ 136.682769681, 36.564932837 ], [ 136.682770557, 36.56479207 ], [ 136.682683748, 36.564721334 ], [ 136.682596935, 36.564650598 ], [ 136.682510126, 36.564579861 ], [ 136.682510566, 36.56450948 ], [ 136.682423148, 36.564509153 ], [ 136.682413973, 36.564509092 ], [ 136.682468419, 36.564475136 ], [ 136.682423755, 36.564438742 ], [ 136.682336948, 36.564368003 ], [ 136.682249698, 36.564367652 ], [ 136.682162887, 36.564296917 ], [ 136.68198839, 36.564296206 ], [ 136.681901581, 36.56422547 ], [ 136.681727083, 36.564224757 ], [ 136.681727422, 36.564147138 ], [ 136.681728844, 36.563943231 ], [ 136.681030802, 36.563940422 ], [ 136.680768699, 36.563938837 ], [ 136.680594615, 36.563938609 ], [ 136.680420998, 36.563797136 ] ] ] } },
{ "type": "Feature", "properties": { "A54_001": "1", "A54_002": "17", "A54_003": "石川県", "A54_004": "17201", "A54_005": "金沢市", "A54_006": "金沢市0042" }, "geometry": { "type": "Polygon", "coordinates": [ [ [ 136.689580256, 36.564115646 ], [ 136.689493053, 36.564115297 ], [ 136.689492661, 36.564185342 ], [ 136.689404972, 36.564255742 ], [ 136.689143227, 36.564254692 ], [ 136.68905554, 36.564324726 ], [ 136.688968296, 36.564324375 ], [ 136.68888061, 36.564394409 ], [ 136.688357119, 36.564392312 ], [ 136.6882703, 36.564321575 ], [ 136.688183054, 36.564321231 ], [ 136.688181422, 36.564651666 ], [ 136.688180883, 36.564673139 ], [ 136.688093634, 36.564672788 ], [ 136.6880932, 36.564743172 ], [ 136.688005953, 36.56474282 ], [ 136.687918271, 36.564812856 ], [ 136.687482025, 36.564811104 ], [ 136.687394344, 36.564881132 ], [ 136.687306655, 36.564951162 ], [ 136.687218971, 36.565021192 ], [ 136.687131721, 36.565020842 ], [ 136.687044037, 36.565090876 ], [ 136.68695635, 36.565160905 ], [ 136.686955917, 36.565231288 ], [ 136.686868664, 36.56523094 ], [ 136.686868233, 36.565301325 ], [ 136.686693732, 36.565300617 ], [ 136.686606048, 36.565370649 ], [ 136.686518359, 36.565440679 ], [ 136.686517926, 36.565511064 ], [ 136.686430676, 36.565510709 ], [ 136.68643024, 36.565581093 ], [ 136.686342989, 36.565580742 ], [ 136.686342553, 36.565651122 ], [ 136.686080802, 36.565650068 ], [ 136.685993116, 36.565720098 ], [ 136.685992251, 36.565860865 ], [ 136.685904994, 36.565860511 ], [ 136.685817307, 36.565930543 ], [ 136.685816871, 36.566000926 ], [ 136.685642369, 36.566000222 ], [ 136.685554683, 36.56607025 ], [ 136.685379744, 36.566139931 ], [ 136.685461339, 36.56705525 ], [ 136.686335664, 36.566707236 ], [ 136.686346222, 36.566692505 ], [ 136.686615488, 36.566503232 ], [ 136.686654883, 36.566473628 ], [ 136.686696293, 36.56645324 ], [ 136.686704159, 36.566438343 ], [ 136.686705102, 36.566415845 ], [ 136.686701219, 36.566393545 ], [ 136.686706414, 36.566377122 ], [ 136.686712613, 36.566371738 ], [ 136.686727045, 36.566364695 ], [ 136.686753172, 36.56635224 ], [ 136.686805531, 36.566305999 ], [ 136.686893497, 36.566188883 ], [ 136.686928589, 36.566128064 ], [ 136.686995569, 36.566069267 ], [ 136.687020804, 36.566038397 ], [ 136.686981042, 36.565984332 ], [ 136.6870077, 36.565972565 ], [ 136.68722551, 36.565861549 ], [ 136.68747864, 36.565764437 ], [ 136.687479626, 36.565764456 ], [ 136.687737168, 36.566120099 ], [ 136.687841127, 36.565972729 ], [ 136.687828685, 36.565909876 ], [ 136.687864252, 36.56585266 ], [ 136.687911647, 36.565818016 ], [ 136.68780407, 36.565745086 ], [ 136.687771186, 36.565649286 ], [ 136.687771899, 36.565648829 ], [ 136.68780734, 36.565632021 ], [ 136.687890452, 36.565587171 ], [ 136.687967325, 36.565532348 ], [ 136.68797422, 36.565526958 ], [ 136.687991475, 36.565512759 ], [ 136.688028263, 36.565480523 ], [ 136.68806774, 36.565445203 ], [ 136.688082231, 36.565430425 ], [ 136.688113218, 36.565394951 ], [ 136.688153857, 36.565342428 ], [ 136.688180018, 36.565305209 ], [ 136.688194931, 36.565282308 ], [ 136.688228937, 36.565225634 ], [ 136.688251456, 36.565180134 ], [ 136.688281586, 36.565188688 ], [ 136.688310794, 36.565168846 ], [ 136.688385215, 36.565098611 ], [ 136.688475897, 36.565105763 ], [ 136.68858115, 36.565109355 ], [ 136.688658711, 36.565106085 ], [ 136.688800976, 36.565094376 ], [ 136.688801569, 36.565076585 ], [ 136.688800997, 36.565076049 ], [ 136.688775508, 36.56504966 ], [ 136.688680322, 36.564950438 ], [ 136.688649155, 36.564918292 ], [ 136.6886241, 36.564895041 ], [ 136.688608595, 36.564888055 ], [ 136.688601301, 36.564884718 ], [ 136.688584775, 36.564881809 ], [ 136.688575153, 36.564877195 ], [ 136.688570018, 36.564865182 ], [ 136.68856137, 36.564821466 ], [ 136.688666827, 36.564834524 ], [ 136.688836349, 36.564805556 ], [ 136.68903029, 36.564744495 ], [ 136.689251321, 36.56472892 ], [ 136.689265704, 36.564722155 ], [ 136.689268941, 36.564716425 ], [ 136.689272648, 36.564692176 ], [ 136.689269003, 36.564677518 ], [ 136.689579062, 36.564679181 ], [ 136.689580256, 36.564115646 ] ] ] } },
{ "type": "Feature", "properties": { "A54_001": "1", "A54_002": "17", "A54_003": "石川県", "A54_004": "17201", "A54_005": "金沢市", "A54_006": "金沢市0043" }, "geometry": { "type": "Polygon", "coordinates": [ [ [ 136.684827004, 36.562257894 ], [ 136.684153025, 36.562257616 ], [ 136.684152784, 36.562473082 ], [ 136.684126547, 36.562533359 ], [ 136.684091674, 36.562582569 ], [ 136.684056482, 36.562618626 ], [ 136.684033799, 36.56263774 ], [ 136.684008554, 36.562656885 ], [ 136.683985749, 36.562669839 ], [ 136.683985209, 36.562730855 ], [ 136.684565242, 36.562733131 ], [ 136.684647674, 36.562800383 ], [ 136.684730106, 36.562867635 ], [ 136.684906018, 36.562868146 ], [ 136.684988522, 36.562935847 ], [ 136.685153219, 36.563069618 ], [ 136.685235223, 36.563203471 ], [ 136.685317313, 36.563270971 ], [ 136.685316314, 36.56341316 ], [ 136.685399769, 36.563413542 ], [ 136.685399121, 36.56347989 ], [ 136.685481941, 36.563480225 ], [ 136.685480695, 36.56368073 ], [ 136.685647667, 36.563613758 ], [ 136.685906765, 36.563415372 ], [ 136.686072791, 36.563415095 ], [ 136.686239419, 36.563274252 ], [ 136.686239094, 36.563223715 ], [ 136.686295743, 36.563211285 ], [ 136.686398472, 36.563211459 ], [ 136.686521412, 36.563167422 ], [ 136.686670909, 36.56314245 ], [ 136.686912607, 36.563143522 ], [ 136.686994961, 36.563143888 ], [ 136.687077749, 36.563211016 ], [ 136.687161717, 36.563211551 ], [ 136.687161054, 36.563279287 ], [ 136.687471681, 36.56327893 ], [ 136.687490728, 36.563095055 ], [ 136.687321559, 36.563022644 ], [ 136.687217682, 36.562815673 ], [ 136.687221136, 36.56281061 ], [ 136.686666217, 36.562808428 ], [ 136.686582987, 36.562874916 ], [ 136.686489826, 36.56287454 ], [ 136.686489411, 36.56294136 ], [ 136.686240974, 36.562940356 ], [ 136.686158386, 36.562873158 ], [ 136.686158988, 36.562806383 ], [ 136.686076597, 36.562739221 ], [ 136.685993622, 36.562738911 ], [ 136.685994189, 36.562672077 ], [ 136.685911375, 36.562671744 ], [ 136.685828974, 36.56260459 ], [ 136.685487374, 36.562603212 ], [ 136.68540505, 36.562527702 ], [ 136.685239197, 36.562527061 ], [ 136.685156132, 36.56252674 ], [ 136.685073371, 36.562459602 ], [ 136.684908188, 36.5623256 ], [ 136.684827004, 36.562257894 ] ] ] } },
{ "type": "Feature", "properties": { "A54_001": "1", "A54_002": "17", "A54_003": "石川県", "A54_004": "17201", "A54_005": "金沢市", "A54_006": "金沢市0044" }, "geometry": { "type": "Polygon", "coordinates": [ [ [ 136.693018965, 36.556516591 ], [ 136.692684784, 36.556515376 ], [ 136.692433623, 36.556649171 ], [ 136.692348529, 36.556851102 ], [ 136.692348273, 36.55691822 ], [ 136.692431372, 36.556985938 ], [ 136.69259805, 36.557054026 ], [ 136.692764285, 36.557189463 ], [ 136.692847765, 36.557189768 ], [ 136.692931267, 36.55725749 ], [ 136.693180818, 36.557325731 ], [ 136.693347699, 36.557394124 ], [ 136.693430934, 36.55746161 ], [ 136.693597914, 36.557462308 ], [ 136.693597443, 36.557529681 ], [ 136.693848274, 36.557530828 ], [ 136.693848761, 36.557463409 ], [ 136.693766649, 36.55719367 ], [ 136.693767717, 36.556991126 ], [ 136.693600633, 36.556990648 ], [ 136.693350174, 36.556989614 ], [ 136.693267058, 36.556921917 ], [ 136.693101438, 36.556652053 ], [ 136.693101935, 36.556584226 ], [ 136.693018965, 36.556516591 ] ] ] } },
{ "type": "Feature", "properties": { "A54_001": "1", "A54_002": "17", "A54_003": "石川県", "A54_004": "17201", "A54_005": "金沢市", "A54_006": "金沢市0045" }, "geometry": { "type": "Polygon", "coordinates": [ [ [ 136.686003191, 36.556421143 ], [ 136.685834684, 36.556690041 ], [ 136.685750477, 36.55675722 ], [ 136.685749664, 36.556891492 ], [ 136.685831722, 36.557161479 ], [ 136.685915111, 36.557162139 ], [ 136.686082916, 36.557230085 ], [ 136.686081003, 36.557297665 ], [ 136.686248475, 36.557298266 ], [ 136.686666793, 36.55730038 ], [ 136.686833086, 36.557300687 ], [ 136.687083062, 36.557368845 ], [ 136.687166709, 36.557369216 ], [ 136.687584395, 36.557370919 ], [ 136.687751063, 36.557438937 ], [ 136.68800105, 36.557439635 ], [ 136.688169077, 36.557373136 ], [ 136.688169491, 36.557305962 ], [ 136.688086773, 36.557170962 ], [ 136.687919789, 36.557102557 ], [ 136.687836697, 36.556967815 ], [ 136.687587713, 36.55696644 ], [ 136.68750287, 36.557033572 ], [ 136.687335774, 36.55703298 ], [ 136.686834602, 36.557030953 ], [ 136.686667735, 36.556962851 ], [ 136.686669973, 36.556626242 ], [ 136.686586392, 36.55655802 ], [ 136.686503814, 36.556490541 ], [ 136.68633714, 36.55642252 ], [ 136.686003191, 36.556421143 ] ] ] } },
{ "type": "Feature", "properties": { "A54_001": "1", "A54_002": "17", "A54_003": "石川県", "A54_004": "17201", "A54_005": "金沢市", "A54_006": "金沢市0046" }, "geometry": { "type": "Polygon", "coordinates": [ [ [ 136.693440675, 36.555844298 ], [ 136.693356772, 36.555911759 ], [ 136.693355141, 36.556180961 ], [ 136.693104178, 36.556247337 ], [ 136.693103046, 36.556381995 ], [ 136.693019281, 36.55644921 ], [ 136.693018965, 36.556516591 ], [ 136.693101935, 36.556584226 ], [ 136.69326998, 36.556450204 ], [ 136.693436998, 36.556450851 ], [ 136.693520028, 36.556518903 ], [ 136.693519639, 36.556585976 ], [ 136.693770228, 36.556586944 ], [ 136.693853684, 36.556519681 ], [ 136.693854841, 36.556384229 ], [ 136.693771803, 36.556317224 ], [ 136.693772683, 36.556182844 ], [ 136.69360602, 36.556114596 ], [ 136.69352304, 36.556046793 ], [ 136.693524368, 36.555844847 ], [ 136.693440675, 36.555844298 ] ] ] } },
{ "type": "Feature", "properties": { "A54_001": "1", "A54_002": "17", "A54_003": "石川県", "A54_004": "17201", "A54_005": "金沢市", "A54_006": "金沢市0047" }, "geometry": { "type": "Polygon", "coordinates": [ [ [ 136.695867904, 36.555045338 ], [ 136.69578353, 36.555179779 ], [ 136.695616501, 36.555179113 ], [ 136.695532543, 36.555246237 ], [ 136.69553163, 36.555380987 ], [ 136.695614855, 36.555448649 ], [ 136.69586538, 36.555449663 ], [ 136.696032503, 36.555450299 ], [ 136.696115195, 36.555585386 ], [ 136.696113356, 36.555922149 ], [ 136.696196878, 36.555922601 ], [ 136.696195972, 36.556057526 ], [ 136.696279019, 36.556125157 ], [ 136.696362098, 36.556192856 ], [ 136.696528332, 36.556328306 ], [ 136.696611797, 36.556328622 ], [ 136.696695815, 36.556261583 ], [ 136.696696167, 36.55619418 ], [ 136.696779726, 36.556194525 ], [ 136.696863597, 36.55612746 ], [ 136.696864483, 36.555992693 ], [ 136.696781359, 36.555924977 ], [ 136.696697808, 36.555924666 ], [ 136.696698611, 36.555789975 ], [ 136.69661549, 36.555722091 ], [ 136.696532813, 36.555587048 ], [ 136.696367403, 36.555316851 ], [ 136.696200775, 36.555248821 ], [ 136.696034523, 36.555113368 ], [ 136.695951136, 36.555045728 ], [ 136.695867904, 36.555045338 ] ] ] } },
{ "type": "Feature", "properties": { "A54_001": "1", "A54_002": "17", "A54_003": "石川県", "A54_004": "17201", "A54_005": "金沢市", "A54_006": "金沢市0048" }, "geometry": { "type": "Polygon", "coordinates": [ [ [ 136.697040489, 36.554510837 ], [ 136.69695705, 36.554510537 ], [ 136.696872629, 36.554644956 ], [ 136.696870161, 36.555049239 ], [ 136.696953323, 36.555116894 ], [ 136.697036457, 36.55518472 ], [ 136.697370468, 36.555186064 ], [ 136.69745446, 36.555118948 ], [ 136.697621545, 36.555119626 ], [ 136.697622312, 36.554984852 ], [ 136.697539217, 36.554917156 ], [ 136.697456887, 36.554714718 ], [ 136.697290193, 36.554646841 ], [ 136.697207137, 36.554579003 ], [ 136.697040489, 36.554510837 ] ] ] } },
{ "type": "Feature", "properties": { "A54_001": "1", "A54_002": "17", "A54_003": "石川県", "A54_004": "17201", "A54_005": "金沢市", "A54_006": "金沢市0049" }, "geometry": { "type": "Polygon", "coordinates": [ [ [ 136.693448901, 36.554456469 ], [ 136.693448712, 36.55449654 ], [ 136.693532233, 36.554564598 ], [ 136.693612774, 36.554834487 ], [ 136.693696208, 36.555036713 ], [ 136.694197316, 36.555038712 ], [ 136.694531876, 36.554972631 ], [ 136.694533918, 36.554635863 ], [ 136.694450435, 36.554635408 ], [ 136.694367294, 36.554567665 ], [ 136.694283756, 36.554567339 ], [ 136.69421498, 36.554512284 ], [ 136.694102107, 36.554538603 ], [ 136.694023538, 36.554526756 ], [ 136.694026891, 36.554508114 ], [ 136.693749025, 36.554479795 ], [ 136.693517245, 36.554459589 ], [ 136.693448901, 36.554456469 ] ] ] } },
{ "type": "Feature", "properties": { "A54_001": "1", "A54_002": "17", "A54_003": "石川県", "A54_004": "17201", "A54_005": "金沢市", "A54_006": "金沢市0050" }, "geometry": { "type": "Polygon", "coordinates": [ [ [ 136.712047137, 36.550558667 ], [ 136.711953389, 36.550658599 ], [ 136.712101636, 36.55147383 ], [ 136.712303985, 36.551558339 ], [ 136.712328876, 36.551605692 ], [ 136.712392627, 36.551740058 ], [ 136.712427409, 36.551789928 ], [ 136.712515656, 36.551871453 ], [ 136.712549772, 36.551908863 ], [ 136.712674442, 36.55201048 ], [ 136.712674032, 36.552145439 ], [ 136.712721436, 36.552317663 ], [ 136.712840005, 36.552314329 ], [ 136.71293512, 36.552198431 ], [ 136.713008758, 36.552090157 ], [ 136.713075814, 36.552019439 ], [ 136.71308735, 36.551928329 ], [ 136.713039352, 36.55185279 ], [ 136.712951782, 36.551723422 ], [ 136.712785377, 36.551517441 ], [ 136.7126597, 36.551233072 ], [ 136.71267996, 36.551089987 ], [ 136.71272017, 36.551028631 ], [ 136.712047137, 36.550558667 ] ] ] } },
{ "type": "Feature", "properties": { "A54_001": "1", "A54_002": "17", "A54_003": "石川県", "A54_004": "17201", "A54_005": "金沢市", "A54_006": "金沢市0051" }, "geometry": { "type": "Polygon", "coordinates": [ [ [ 136.711953389, 36.550658599 ], [ 136.711762828, 36.550861729 ], [ 136.711678299, 36.550996026 ], [ 136.711511282, 36.550995358 ], [ 136.7115105, 36.551130119 ], [ 136.71159385, 36.551197678 ], [ 136.711677145, 36.551198147 ], [ 136.711675904, 36.551400306 ], [ 136.711592226, 36.551467195 ], [ 136.711591662, 36.551534824 ], [ 136.711507804, 36.551601739 ], [ 136.711506946, 36.551736541 ], [ 136.711421904, 36.551803224 ], [ 136.711422117, 36.551938276 ], [ 136.71150634, 36.551938327 ], [ 136.711587135, 36.551937655 ], [ 136.711586015, 36.552128804 ], [ 136.711659772, 36.55214328 ], [ 136.711894074, 36.55196343 ], [ 136.7120093, 36.551526586 ], [ 136.712101636, 36.55147383 ], [ 136.711953389, 36.550658599 ] ] ] } },
{ "type": "Feature", "properties": { "A54_001": "1", "A54_002": "17", "A54_003": "石川県", "A54_004": "17201", "A54_005": "金沢市", "A54_006": "金沢市0052" }, "geometry": { "type": "Polygon", "coordinates": [ [ [ 136.712851693, 36.550326551 ], [ 136.712266941, 36.550324363 ], [ 136.712047137, 36.550558667 ], [ 136.71272017, 36.551028631 ], [ 136.712763878, 36.551021969 ], [ 136.71343054, 36.551094336 ], [ 136.713559281, 36.551133726 ], [ 136.713682102, 36.55120503 ], [ 136.713810966, 36.551273619 ], [ 136.71415801, 36.551267364 ], [ 136.714311925, 36.551325115 ], [ 136.714434479, 36.551208296 ], [ 136.714433701, 36.551141296 ], [ 136.714434152, 36.55107387 ], [ 136.714351007, 36.551006159 ], [ 136.714351393, 36.550938779 ], [ 136.714184363, 36.550938141 ], [ 136.714018146, 36.550802705 ], [ 136.713934555, 36.550802438 ], [ 136.713934705, 36.550734849 ], [ 136.71410243, 36.550668269 ], [ 136.714103577, 36.550466125 ], [ 136.714020452, 36.550398392 ], [ 136.713352435, 36.55039577 ], [ 136.713268807, 36.550463096 ], [ 136.71293429, 36.550461673 ], [ 136.71293476, 36.550394297 ], [ 136.712851049, 36.550393961 ], [ 136.712851693, 36.550326551 ] ] ] } },
{ "type": "Feature", "properties": { "A54_001": "1", "A54_002": "17", "A54_003": "石川県", "A54_004": "17201", "A54_005": "金沢市", "A54_006": "金沢市0053" }, "geometry": { "type": "Polygon", "coordinates": [ [ [ 136.709438339, 36.548426635 ], [ 136.709187613, 36.548425735 ], [ 136.709182941, 36.549234282 ], [ 136.709517088, 36.549235618 ], [ 136.709600183, 36.549303314 ], [ 136.709683328, 36.549371034 ], [ 136.709850375, 36.549371672 ], [ 136.709849572, 36.549506452 ], [ 136.709932701, 36.549574154 ], [ 136.710182865, 36.549642501 ], [ 136.710349508, 36.549710529 ], [ 136.710349118, 36.549777913 ], [ 136.710347953, 36.549980311 ], [ 136.710347531, 36.550047463 ], [ 136.710263611, 36.550114532 ], [ 136.710263228, 36.550181937 ], [ 136.710179695, 36.5501816 ], [ 136.710178526, 36.550383772 ], [ 136.710094986, 36.550383443 ], [ 136.710093401, 36.55065299 ], [ 136.710678015, 36.550655211 ], [ 136.710761974, 36.550588155 ], [ 136.710762353, 36.550520789 ], [ 136.710845887, 36.550521089 ], [ 136.710846268, 36.550453713 ], [ 136.710930157, 36.55038663 ], [ 136.71101371, 36.550386953 ], [ 136.711096838, 36.550454664 ], [ 136.711180363, 36.550454981 ], [ 136.711179966, 36.550522368 ], [ 136.711263089, 36.55059007 ], [ 136.711346216, 36.550657771 ], [ 136.711513269, 36.550658423 ], [ 136.711512962, 36.550725856 ], [ 136.711596016, 36.550726026 ], [ 136.711596097, 36.550793539 ], [ 136.711679465, 36.550793785 ], [ 136.711679069, 36.55086141 ], [ 136.711762828, 36.550861729 ], [ 136.712266941, 36.550324363 ], [ 136.71226758, 36.550257531 ], [ 136.712184137, 36.550189233 ], [ 136.712101064, 36.55012155 ], [ 136.712017541, 36.550121232 ], [ 136.71201794, 36.550053893 ], [ 136.711934818, 36.549986148 ], [ 136.711851297, 36.549985833 ], [ 136.711852039, 36.549851025 ], [ 136.711768954, 36.549783341 ], [ 136.711686159, 36.549648209 ], [ 136.711685714, 36.549581283 ], [ 136.711770542, 36.549513792 ], [ 136.71177093, 36.5494464 ], [ 136.711604285, 36.549378437 ], [ 136.711520681, 36.549378192 ], [ 136.711521208, 36.549310626 ], [ 136.711437524, 36.549310443 ], [ 136.711354523, 36.549242651 ], [ 136.711271004, 36.549242305 ], [ 136.711187924, 36.549174589 ], [ 136.711104378, 36.549174396 ], [ 136.711021264, 36.549106585 ], [ 136.710603735, 36.54910518 ], [ 136.710604474, 36.548970308 ], [ 136.7105213, 36.54890252 ], [ 136.710521703, 36.548835124 ], [ 136.710354656, 36.548834494 ], [ 136.71027155, 36.548766803 ], [ 136.710104421, 36.548766235 ], [ 136.710021387, 36.548698439 ], [ 136.710021674, 36.548631028 ], [ 136.709854637, 36.548630376 ], [ 136.709855126, 36.548563025 ], [ 136.709688031, 36.548562466 ], [ 136.709521469, 36.54849434 ], [ 136.709438339, 36.548426635 ] ] ] } },
{ "type": "Feature", "properties": { "A54_001": "1", "A54_002": "17", "A54_003": "石川県", "A54_004": "17201", "A54_005": "金沢市", "A54_006": "金沢市0054" }, "geometry": { "type": "Polygon", "coordinates": [ [ [ 136.694733465, 36.549245174 ], [ 136.694649814, 36.549312534 ], [ 136.694649378, 36.549379789 ], [ 136.694565612, 36.54951371 ], [ 136.694513331, 36.549618398 ], [ 136.694396963, 36.549849067 ], [ 136.694812278, 36.550054388 ], [ 136.695062677, 36.550190889 ], [ 136.695228584, 36.550257687 ], [ 136.695311993, 36.550325745 ], [ 136.695645455, 36.550429751 ], [ 136.695702908, 36.550448556 ], [ 136.695813878, 36.55026004 ], [ 136.695730435, 36.550260139 ], [ 136.69564634, 36.550192447 ], [ 136.695647154, 36.550125166 ], [ 136.695564535, 36.549990507 ], [ 136.695481244, 36.549921853 ], [ 136.695482453, 36.549720093 ], [ 136.694733465, 36.549245174 ] ] ] } },
{ "type": "Feature", "properties": { "A54_001": "1", "A54_002": "17", "A54_003": "石川県", "A54_004": "17201", "A54_005": "金沢市", "A54_006": "金沢市0055" }, "geometry": { "type": "Polygon", "coordinates": [ [ [ 136.708272845, 36.547824141 ], [ 136.707943862, 36.547933819 ], [ 136.707858558, 36.547966115 ], [ 136.707695137, 36.548061828 ], [ 136.707657493, 36.548120583 ], [ 136.707686485, 36.548150836 ], [ 136.707684252, 36.548419794 ], [ 136.707600534, 36.548486957 ], [ 136.707517111, 36.54848665 ], [ 136.707433046, 36.548553691 ], [ 136.707266077, 36.548553103 ], [ 136.707265585, 36.548620376 ], [ 136.707098563, 36.548619807 ], [ 136.70734562, 36.549227335 ], [ 136.707679475, 36.549228637 ], [ 136.707846299, 36.549296595 ], [ 136.707929817, 36.549296911 ], [ 136.708430934, 36.549298838 ], [ 136.708514457, 36.549299159 ], [ 136.708514058, 36.549366546 ], [ 136.708597573, 36.549366864 ], [ 136.708597171, 36.549434265 ], [ 136.70884774, 36.549435237 ], [ 136.708846929, 36.54956998 ], [ 136.708930463, 36.54957031 ], [ 136.709013587, 36.54963802 ], [ 136.709012405, 36.549840134 ], [ 136.709095154, 36.549975238 ], [ 136.709178615, 36.549975617 ], [ 136.709262507, 36.549908515 ], [ 136.709263381, 36.549773473 ], [ 136.709347159, 36.549706728 ], [ 136.709348462, 36.549504527 ], [ 136.709265761, 36.549369467 ], [ 136.709182941, 36.549234282 ], [ 136.709187613, 36.548425735 ], [ 136.709188186, 36.5483583 ], [ 136.709104754, 36.548357946 ], [ 136.709021521, 36.548290273 ], [ 136.708938414, 36.548222573 ], [ 136.708854809, 36.54822237 ], [ 136.708855282, 36.548154863 ], [ 136.708771785, 36.548154577 ], [ 136.708688718, 36.548086764 ], [ 136.708272845, 36.547824141 ] ] ] } },
{ "type": "Feature", "properties": { "A54_001": "1", "A54_002": "17", "A54_003": "石川県", "A54_004": "17201", "A54_005": "金沢市", "A54_006": "金沢市0056" }, "geometry": { "type": "Polygon", "coordinates": [ [ [ 136.695070329, 36.5488423 ], [ 136.694986752, 36.548842112 ], [ 136.694922079, 36.548893882 ], [ 136.694819101, 36.548976313 ], [ 136.694734939, 36.549043412 ], [ 136.693982859, 36.54904005 ], [ 136.693731398, 36.549241507 ], [ 136.693646804, 36.549443269 ], [ 136.693562969, 36.549443069 ], [ 136.693563641, 36.549375584 ], [ 136.693396682, 36.549375109 ], [ 136.693139234, 36.549427979 ], [ 136.692978421, 36.549440662 ], [ 136.692976067, 36.549777518 ], [ 136.693143941, 36.54977856 ], [ 136.693227389, 36.549711095 ], [ 136.693562566, 36.549645053 ], [ 136.693896083, 36.549646687 ], [ 136.694313472, 36.549648108 ], [ 136.694481228, 36.549581165 ], [ 136.694565612, 36.54951371 ], [ 136.694649378, 36.549379789 ], [ 136.694649814, 36.549312534 ], [ 136.694733465, 36.549245174 ], [ 136.695482453, 36.549720093 ], [ 136.695578276, 36.549655753 ], [ 136.695603164, 36.549720626 ], [ 136.695899861, 36.549721938 ], [ 136.695984587, 36.549587212 ], [ 136.696152283, 36.549453216 ], [ 136.696152548, 36.54938564 ], [ 136.696236518, 36.549386185 ], [ 136.696237372, 36.549183973 ], [ 136.696071421, 36.549048496 ], [ 136.695904992, 36.548980619 ], [ 136.695736455, 36.548979685 ], [ 136.695070329, 36.5488423 ] ] ] } },
{ "type": "Feature", "properties": { "A54_001": "1", "A54_002": "17", "A54_003": "石川県", "A54_004": "17201", "A54_005": "金沢市", "A54_006": "金沢市0057" }, "geometry": { "type": "Polygon", "coordinates": [ [ [ 136.6953251, 36.548169518 ], [ 136.69524125, 36.548236653 ], [ 136.695072109, 36.548440002 ], [ 136.69507153, 36.548640611 ], [ 136.695405625, 36.548641592 ], [ 136.695573156, 36.548642154 ], [ 136.695990645, 36.548576451 ], [ 136.696240955, 36.548577412 ], [ 136.696242089, 36.548442744 ], [ 136.695741208, 36.54837342 ], [ 136.695575145, 36.548171203 ], [ 136.6953251, 36.548169518 ] ] ] } },
{ "type": "Feature", "properties": { "A54_001": "1", "A54_002": "17", "A54_003": "石川県", "A54_004": "17201", "A54_005": "金沢市", "A54_006": "金沢市0058" }, "geometry": { "type": "Polygon", "coordinates": [ [ [ 136.695830913, 36.547362908 ], [ 136.695747513, 36.547362762 ], [ 136.695578765, 36.547631443 ], [ 136.69549492, 36.547833074 ], [ 136.695409519, 36.547967841 ], [ 136.695576664, 36.547968072 ], [ 136.695911083, 36.548036843 ], [ 136.695994161, 36.548104812 ], [ 136.696159666, 36.548172905 ], [ 136.696743918, 36.54830992 ], [ 136.696745147, 36.548107751 ], [ 136.696578481, 36.548039812 ], [ 136.696496219, 36.547837243 ], [ 136.696079341, 36.547565634 ], [ 136.695830913, 36.547362908 ] ] ] } },
{ "type": "Feature", "properties": { "A54_001": "1", "A54_002": "17", "A54_003": "石川県", "A54_004": "17201", "A54_005": "金沢市", "A54_006": "金沢市0059" }, "geometry": { "type": "Polygon", "coordinates": [ [ [ 136.708199017, 36.546130504 ], [ 136.707948791, 36.54612985 ], [ 136.707864699, 36.546196708 ], [ 136.707780705, 36.546263843 ], [ 136.707696793, 36.546330923 ], [ 136.707696373, 36.546398295 ], [ 136.707612871, 36.546397975 ], [ 136.707612473, 36.546465363 ], [ 136.70752896, 36.546465045 ], [ 136.707527763, 36.5466672 ], [ 136.707444239, 36.546666879 ], [ 136.707360329, 36.546733946 ], [ 136.707358338, 36.547070886 ], [ 136.707190905, 36.547137627 ], [ 136.707189737, 36.547339673 ], [ 136.707022679, 36.547339164 ], [ 136.707021457, 36.547541308 ], [ 136.707019482, 36.547878245 ], [ 136.707102596, 36.547945953 ], [ 136.707603666, 36.547947878 ], [ 136.707604962, 36.547745755 ], [ 136.707605269, 36.547611127 ], [ 136.707606329, 36.547476269 ], [ 136.707774366, 36.547341768 ], [ 136.70785714, 36.547274494 ], [ 136.707942132, 36.547207847 ], [ 136.707943871, 36.546804486 ], [ 136.708027824, 36.5467361 ], [ 136.70819631, 36.54660238 ], [ 136.708363771, 36.546535601 ], [ 136.708447626, 36.546468569 ], [ 136.708531467, 36.546401393 ], [ 136.708531951, 36.546334122 ], [ 136.708532347, 36.546266734 ], [ 136.708282593, 36.546130997 ], [ 136.708199017, 36.546130504 ] ] ] } },
{ "type": "Feature", "properties": { "A54_001": "1", "A54_002": "17", "A54_003": "石川県", "A54_004": "17201", "A54_005": "金沢市", "A54_006": "金沢市0060" }, "geometry": { "type": "Polygon", "coordinates": [ [ [ 136.694069278, 36.544795043 ], [ 136.694026283, 36.544898224 ], [ 136.693580578, 36.54647794 ], [ 136.693747925, 36.546545962 ], [ 136.694005318, 36.546547325 ], [ 136.694291302, 36.54648405 ], [ 136.69431449, 36.546456411 ], [ 136.69432913, 36.546397229 ], [ 136.694454404, 36.546323676 ], [ 136.694587701, 36.546226101 ], [ 136.694702107, 36.546137894 ], [ 136.694925036, 36.54622412 ], [ 136.695027635, 36.546281299 ], [ 136.695253212, 36.546282556 ], [ 136.695252064, 36.546417138 ], [ 136.695335621, 36.546417364 ], [ 136.69533388, 36.546619313 ], [ 136.695417536, 36.546687304 ], [ 136.695417045, 36.546754722 ], [ 136.695499741, 36.546889835 ], [ 136.695582847, 36.546957534 ], [ 136.695665952, 36.547025274 ], [ 136.69574905, 36.547092924 ], [ 136.695831744, 36.547228087 ], [ 136.69624945, 36.547229772 ], [ 136.696583412, 36.547231061 ], [ 136.697084923, 36.547165646 ], [ 136.697336288, 36.547031859 ], [ 136.697587246, 36.546965458 ], [ 136.69775421, 36.54696631 ], [ 136.698005637, 36.546832128 ], [ 136.698080088, 36.546765482 ], [ 136.698173486, 36.546698212 ], [ 136.698257392, 36.546631172 ], [ 136.698292145, 36.546606725 ], [ 136.698425162, 36.546513148 ], [ 136.698427655, 36.546295268 ], [ 136.698092464, 36.546293578 ], [ 136.698008488, 36.546360574 ], [ 136.698007881, 36.546428194 ], [ 136.697924591, 36.546427673 ], [ 136.697840651, 36.54649478 ], [ 136.697757245, 36.546494333 ], [ 136.697420986, 36.546493458 ], [ 136.697098394, 36.546444579 ], [ 136.696755853, 36.546308359 ], [ 136.696338698, 36.546286509 ], [ 136.69625384, 36.546488483 ], [ 136.696087632, 36.546488507 ], [ 136.695754797, 36.546149591 ], [ 136.695756005, 36.545947409 ], [ 136.695588974, 36.545946752 ], [ 136.695254908, 36.545945433 ], [ 136.695255321, 36.545878043 ], [ 136.695088696, 36.545809995 ], [ 136.695005589, 36.545742282 ], [ 136.694922482, 36.54567456 ], [ 136.694923289, 36.545539812 ], [ 136.695007226, 36.545472729 ], [ 136.69509115, 36.545405671 ], [ 136.695174669, 36.545406003 ], [ 136.695676156, 36.545340595 ], [ 136.695676576, 36.54527321 ], [ 136.695175485, 36.545271229 ], [ 136.695092357, 36.545203549 ], [ 136.695008865, 36.545203181 ], [ 136.694758727, 36.545134804 ], [ 136.694758891, 36.545067939 ], [ 136.694592956, 36.54493193 ], [ 136.694509683, 36.544931381 ], [ 136.694259277, 36.544863273 ], [ 136.694175914, 36.544795693 ], [ 136.694069278, 36.544795043 ] ] ] } },
{ "type": "Feature", "properties": { "A54_001": "1", "A54_002": "17", "A54_003": "石川県", "A54_004": "17201", "A54_005": "金沢市", "A54_006": "金沢市0061" }, "geometry": { "type": "Polygon", "coordinates": [ [ [ 136.712297757, 36.545068103 ], [ 136.712130243, 36.545134949 ], [ 136.712129872, 36.54520228 ], [ 136.71204624, 36.545202059 ], [ 136.711962423, 36.545269048 ], [ 136.71196217, 36.545336481 ], [ 136.711878247, 36.545403458 ], [ 136.711794207, 36.545470555 ], [ 136.711793902, 36.545537951 ], [ 136.711710452, 36.54553757 ], [ 136.711627079, 36.545469891 ], [ 136.71154405, 36.545402198 ], [ 136.710792817, 36.545399512 ], [ 136.710625393, 36.545398702 ], [ 136.710458367, 36.545398065 ], [ 136.708781708, 36.546469856 ], [ 136.70869739, 36.546604316 ], [ 136.7086966, 36.546739086 ], [ 136.708529284, 36.546805888 ], [ 136.708361734, 36.546872578 ], [ 136.708360144, 36.547142108 ], [ 136.708443288, 36.547209973 ], [ 136.708777327, 36.547211031 ], [ 136.709445354, 36.547213569 ], [ 136.709612875, 36.54714693 ], [ 136.709696444, 36.54714725 ], [ 136.709696795, 36.547079878 ], [ 136.710615537, 36.547083368 ], [ 136.7106159, 36.547015997 ], [ 136.710699382, 36.547016288 ], [ 136.710783349, 36.546949169 ], [ 136.710785308, 36.546612313 ], [ 136.710618267, 36.546611687 ], [ 136.710619065, 36.546476899 ], [ 136.71086969, 36.546477805 ], [ 136.710952719, 36.546545556 ], [ 136.711119779, 36.546546167 ], [ 136.711203771, 36.54647909 ], [ 136.711370717, 36.546479772 ], [ 136.711453829, 36.546547517 ], [ 136.711620809, 36.54654813 ], [ 136.71178832, 36.546481364 ], [ 136.711954958, 36.546549421 ], [ 136.712289006, 36.546550663 ], [ 136.712288616, 36.546618042 ], [ 136.712396429, 36.54658859 ], [ 136.713459628, 36.546067463 ], [ 136.713672891, 36.546038351 ], [ 136.713831535, 36.546012849 ], [ 136.714169614, 36.54579809 ], [ 136.71453501, 36.545579084 ], [ 136.714707717, 36.545441021 ], [ 136.714765429, 36.545394642 ], [ 136.714766325, 36.545302516 ], [ 136.714907867, 36.545167844 ], [ 136.714811115, 36.545087846 ], [ 136.714727551, 36.545143681 ], [ 136.714301522, 36.545143125 ], [ 136.714217741, 36.545210258 ], [ 136.714050469, 36.545209454 ], [ 136.713966664, 36.545276751 ], [ 136.713882749, 36.54534396 ], [ 136.713798606, 36.545410971 ], [ 136.713715099, 36.545477851 ], [ 136.713714517, 36.545545324 ], [ 136.713547655, 36.54554463 ], [ 136.713380223, 36.545611381 ], [ 136.713213196, 36.545610739 ], [ 136.713212722, 36.545678124 ], [ 136.712795214, 36.545676519 ], [ 136.712796402, 36.545474379 ], [ 136.712713283, 36.545406669 ], [ 136.712714261, 36.545204581 ], [ 136.712631321, 36.545136771 ], [ 136.712548208, 36.545069111 ], [ 136.712297757, 36.545068103 ] ] ] } },
{ "type": "Feature", "properties": { "A54_001": "1", "A54_002": "17", "A54_003": "石川県", "A54_004": "17201", "A54_005": "金沢市", "A54_006": "金沢市0062" }, "geometry": { "type": "Polygon", "coordinates": [ [ [ 136.703452057, 36.543888097 ], [ 136.7034498, 36.54429234 ], [ 136.703447913, 36.544562374 ], [ 136.703615561, 36.544765083 ], [ 136.703780927, 36.544766156 ], [ 136.703779562, 36.544968013 ], [ 136.703863079, 36.544968299 ], [ 136.703862256, 36.545103094 ], [ 136.703945283, 36.545170752 ], [ 136.704028174, 36.545305885 ], [ 136.704026888, 36.545508064 ], [ 136.704026466, 36.545575433 ], [ 136.704109599, 36.545643162 ], [ 136.704109198, 36.545710548 ], [ 136.70419272, 36.545710872 ], [ 136.704192316, 36.54577825 ], [ 136.704358941, 36.545846295 ], [ 136.704357736, 36.546048457 ], [ 136.704440508, 36.546183559 ], [ 136.70452393, 36.546183894 ], [ 136.705296075, 36.546533817 ], [ 136.705818884, 36.546124885 ], [ 136.705363136, 36.545513243 ], [ 136.705195711, 36.545512637 ], [ 136.705197375, 36.54531052 ], [ 136.70511384, 36.545310128 ], [ 136.705030659, 36.545242398 ], [ 136.705031088, 36.545175018 ], [ 136.704948367, 36.545039852 ], [ 136.704949555, 36.544837743 ], [ 136.704866653, 36.544769879 ], [ 136.704699864, 36.54470202 ], [ 136.704616383, 36.544701693 ], [ 136.704533491, 36.544634113 ], [ 136.704533633, 36.544566562 ], [ 136.704283123, 36.544565608 ], [ 136.704199903, 36.544497905 ], [ 136.704200373, 36.544430559 ], [ 136.704117614, 36.54429543 ], [ 136.70411843, 36.544160643 ], [ 136.704034836, 36.544159942 ], [ 136.703951804, 36.544092608 ], [ 136.703952123, 36.544025036 ], [ 136.703869104, 36.54395749 ], [ 136.703869498, 36.543890126 ], [ 136.703452057, 36.543888097 ] ] ] } },
{ "type": "Feature", "properties": { "A54_001": "1", "A54_002": "17", "A54_003": "石川県", "A54_004": "17201", "A54_005": "金沢市", "A54_006": "金沢市0063" }, "geometry": { "type": "Polygon", "coordinates": [ [ [ 136.712971825, 36.543325601 ], [ 136.712884239, 36.543357094 ], [ 136.712486192, 36.543735342 ], [ 136.712073801, 36.544003731 ], [ 136.712006808, 36.544019228 ], [ 136.711947208, 36.544019001 ], [ 136.711917081, 36.544016952 ], [ 136.711535069, 36.543832083 ], [ 136.711495006, 36.543819264 ], [ 136.710817152, 36.543820422 ], [ 136.710803177, 36.543821986 ], [ 136.710801716, 36.543822331 ], [ 136.710801634, 36.543874829 ], [ 136.710800228, 36.544051548 ], [ 136.710716843, 36.544051259 ], [ 136.710632903, 36.544118347 ], [ 136.710632579, 36.544185717 ], [ 136.710548218, 36.54432019 ], [ 136.710464653, 36.544319884 ], [ 136.710382036, 36.544184716 ], [ 136.71029842, 36.544184284 ], [ 136.710298789, 36.544117034 ], [ 136.710131879, 36.544116401 ], [ 136.710047932, 36.544183494 ], [ 136.709963483, 36.544318056 ], [ 136.709963002, 36.544452422 ], [ 136.709461895, 36.544451107 ], [ 136.709459655, 36.54492324 ], [ 136.709124806, 36.544921267 ], [ 136.709124524, 36.544988636 ], [ 136.709040606, 36.545055681 ], [ 136.708956674, 36.545122759 ], [ 136.708956284, 36.545190141 ], [ 136.708870802, 36.545526778 ], [ 136.70853553, 36.545727637 ], [ 136.708532347, 36.546266734 ], [ 136.708531951, 36.546334122 ], [ 136.708698196, 36.546469535 ], [ 136.708781708, 36.546469856 ], [ 136.710458367, 36.545398065 ], [ 136.710625393, 36.545398702 ], [ 136.710625783, 36.545331308 ], [ 136.710709594, 36.545264241 ], [ 136.710793237, 36.545264588 ], [ 136.710793535, 36.545197194 ], [ 136.710877464, 36.545130091 ], [ 136.710961044, 36.545130431 ], [ 136.710961378, 36.545063186 ], [ 136.711462513, 36.545064933 ], [ 136.711463085, 36.544930254 ], [ 136.711630331, 36.54493083 ], [ 136.711630764, 36.544863409 ], [ 136.711881237, 36.544864444 ], [ 136.71196519, 36.544797339 ], [ 136.712215521, 36.544798328 ], [ 136.712299648, 36.544731206 ], [ 136.712717221, 36.544732796 ], [ 136.712717617, 36.544665411 ], [ 136.712801488, 36.544598329 ], [ 136.712801925, 36.544530937 ], [ 136.712718794, 36.544463229 ], [ 136.712719183, 36.544395872 ], [ 136.71280314, 36.54432879 ], [ 136.712803889, 36.544194012 ], [ 136.712887397, 36.544194331 ], [ 136.712888585, 36.543992171 ], [ 136.712972508, 36.54392511 ], [ 136.712972882, 36.543857717 ], [ 136.7130564, 36.54385803 ], [ 136.713056802, 36.54379063 ], [ 136.713140698, 36.543723574 ], [ 136.713820215, 36.543726099 ], [ 136.713349956, 36.543376283 ], [ 136.713137344, 36.543348214 ], [ 136.712971825, 36.543325601 ] ] ] } },
{ "type": "Feature", "properties": { "A54_001": "1", "A54_002": "17", "A54_003": "石川県", "A54_004": "17201", "A54_005": "金沢市", "A54_006": "金沢市0064" }, "geometry": { "type": "Polygon", "coordinates": [ [ [ 136.704545845, 36.542477369 ], [ 136.704462051, 36.542544462 ], [ 136.704462768, 36.54261227 ], [ 136.704378198, 36.542611709 ], [ 136.704375967, 36.542948748 ], [ 136.70454353, 36.542949217 ], [ 136.704538817, 36.543690534 ], [ 136.704621848, 36.54382529 ], [ 136.704704482, 36.543893126 ], [ 136.704704475, 36.543960819 ], [ 136.704787419, 36.544028383 ], [ 136.704870606, 36.544096104 ], [ 136.704869987, 36.544163406 ], [ 136.704953794, 36.54416381 ], [ 136.705035907, 36.544366425 ], [ 136.705035007, 36.544501143 ], [ 136.705118197, 36.544568862 ], [ 136.7052017, 36.544569169 ], [ 136.705285015, 36.544637126 ], [ 136.705367276, 36.544704496 ], [ 136.705451454, 36.544704916 ], [ 136.705534554, 36.544772623 ], [ 136.705701499, 36.544773114 ], [ 136.705784794, 36.544841311 ], [ 136.705783399, 36.545110908 ], [ 136.706298611, 36.545387847 ], [ 136.706430357, 36.545452529 ], [ 136.706723871, 36.545007038 ], [ 136.706831976, 36.544843876 ], [ 136.707083421, 36.544462584 ], [ 136.707346665, 36.544048105 ], [ 136.706959415, 36.543902267 ], [ 136.70687561, 36.543901635 ], [ 136.70687559, 36.543969137 ], [ 136.706374377, 36.543967143 ], [ 136.706124384, 36.543898939 ], [ 136.705873634, 36.543897851 ], [ 136.705790708, 36.543830173 ], [ 136.705623665, 36.543829538 ], [ 136.705540512, 36.543761781 ], [ 136.705457366, 36.543694034 ], [ 136.705459028, 36.543424543 ], [ 136.705292455, 36.543356497 ], [ 136.705294052, 36.543086955 ], [ 136.70521047, 36.543086625 ], [ 136.705127327, 36.543018904 ], [ 136.704960835, 36.542950969 ], [ 136.70487766, 36.542883186 ], [ 136.704795356, 36.542680708 ], [ 136.704795761, 36.542613321 ], [ 136.704712233, 36.542613005 ], [ 136.704712622, 36.542545475 ], [ 136.704629455, 36.54247792 ], [ 136.704545845, 36.542477369 ] ] ] } },
{ "type": "Feature", "properties": { "A54_001": "1", "A54_002": "17", "A54_003": "石川県", "A54_004": "17201", "A54_005": "金沢市", "A54_006": "金沢市0065" }, "geometry": { "type": "Polygon", "coordinates": [ [ [ 136.698976909, 36.54487292 ], [ 136.698906, 36.545284835 ], [ 136.699023783, 36.545324261 ], [ 136.699218203, 36.545386397 ], [ 136.699278223, 36.545398258 ], [ 136.699420006, 36.545409539 ], [ 136.699581045, 36.545394848 ], [ 136.699670492, 36.545379517 ], [ 136.699711726, 36.545357869 ], [ 136.699746529, 36.545302264 ], [ 136.699817171, 36.545178951 ], [ 136.699865696, 36.545099911 ], [ 136.699854672, 36.54497533 ], [ 136.69951993, 36.544951209 ], [ 136.69926992, 36.544950574 ], [ 136.698976909, 36.54487292 ] ] ] } },
{ "type": "Feature", "properties": { "A54_001": "1", "A54_002": "17", "A54_003": "石川県", "A54_004": "17201", "A54_005": "金沢市", "A54_006": "金沢市0066" }, "geometry": { "type": "Polygon", "coordinates": [ [ [ 136.706717497, 36.542485994 ], [ 136.706383294, 36.542484723 ], [ 136.70629938, 36.542551751 ], [ 136.706298238, 36.542753882 ], [ 136.706464407, 36.542889331 ], [ 136.706464003, 36.542956708 ], [ 136.706547121, 36.543024426 ], [ 136.706630643, 36.543024688 ], [ 136.706629841, 36.543159498 ], [ 136.706712951, 36.543227236 ], [ 136.706796535, 36.543227483 ], [ 136.706796183, 36.543294875 ], [ 136.706879535, 36.543295203 ], [ 136.706962695, 36.543362976 ], [ 136.706962291, 36.543430362 ], [ 136.707045805, 36.543430686 ], [ 136.707045388, 36.54349805 ], [ 136.707129003, 36.543498335 ], [ 136.707126806, 36.543835434 ], [ 136.707402025, 36.54393857 ], [ 136.707540867, 36.543590557 ], [ 136.707606222, 36.543348144 ], [ 136.707633002, 36.543140456 ], [ 136.707632396, 36.543095967 ], [ 136.707632577, 36.543028537 ], [ 136.707633189, 36.542961225 ], [ 136.707549652, 36.542960881 ], [ 136.707550083, 36.54289352 ], [ 136.707299523, 36.542892551 ], [ 136.707216419, 36.542824839 ], [ 136.707133297, 36.54275711 ], [ 136.707133746, 36.542689731 ], [ 136.707050127, 36.542689371 ], [ 136.707050609, 36.542622058 ], [ 136.706800061, 36.542621077 ], [ 136.706800456, 36.542553643 ], [ 136.706717497, 36.542485994 ] ] ] } },
{ "type": "Feature", "properties": { "A54_001": "1", "A54_002": "17", "A54_003": "石川県", "A54_004": "17201", "A54_005": "金沢市", "A54_006": "金沢市0067" }, "geometry": { "type": "Polygon", "coordinates": [ [ [ 136.708047423, 36.539665588 ], [ 136.708033046, 36.539679411 ], [ 136.70790237, 36.539795193 ], [ 136.70781899, 36.539794385 ], [ 136.707816934, 36.5401316 ], [ 136.707732412, 36.54033294 ], [ 136.707648379, 36.540400501 ], [ 136.707564686, 36.540400196 ], [ 136.707563616, 36.540602353 ], [ 136.707397115, 36.540534423 ], [ 136.707313471, 36.540533997 ], [ 136.707230349, 36.540466269 ], [ 136.707147179, 36.540398542 ], [ 136.706896698, 36.54039758 ], [ 136.706895879, 36.540532288 ], [ 136.706978679, 36.54066748 ], [ 136.706978246, 36.54073487 ], [ 136.707061361, 36.54080258 ], [ 136.70706096, 36.540869968 ], [ 136.70714446, 36.540870288 ], [ 136.707143672, 36.541005066 ], [ 136.707227188, 36.541005383 ], [ 136.707226391, 36.541140157 ], [ 136.707309909, 36.541140469 ], [ 136.707308706, 36.541342646 ], [ 136.707392211, 36.541342966 ], [ 136.707390637, 36.541612502 ], [ 136.70747373, 36.541680224 ], [ 136.707473337, 36.54174754 ], [ 136.707556403, 36.54181532 ], [ 136.707639337, 36.541950322 ], [ 136.707636858, 36.542354917 ], [ 136.707719925, 36.542422298 ], [ 136.707803019, 36.542490031 ], [ 136.707802647, 36.542557563 ], [ 136.707886209, 36.54255774 ], [ 136.707969226, 36.542625532 ], [ 136.708052341, 36.542693281 ], [ 136.708136077, 36.542761987 ], [ 136.70805155, 36.54282806 ], [ 136.707967453, 36.542894769 ], [ 136.707967436, 36.542962439 ], [ 136.707883725, 36.54296219 ], [ 136.707845064, 36.543194633 ], [ 136.707964713, 36.543738435 ], [ 136.708353487, 36.54379366 ], [ 136.708468786, 36.543682485 ], [ 136.70851794, 36.543666925 ], [ 136.708723875, 36.543470783 ], [ 136.708977764, 36.543237878 ], [ 136.709024719, 36.543172642 ], [ 136.709026252, 36.543150631 ], [ 136.709007831, 36.543111357 ], [ 136.708982047, 36.54303276 ], [ 136.7089735, 36.542966847 ], [ 136.708971193, 36.542846704 ], [ 136.70895896, 36.542761761 ], [ 136.708932364, 36.542707315 ], [ 136.708912498, 36.542666863 ], [ 136.708882048, 36.542622045 ], [ 136.708848528, 36.542586318 ], [ 136.708795801, 36.54253114 ], [ 136.708769043, 36.542504 ], [ 136.708755695, 36.542494847 ], [ 136.708641196, 36.542384096 ], [ 136.708523033, 36.542269636 ], [ 136.708372558, 36.542047625 ], [ 136.70833175, 36.541865419 ], [ 136.708282239, 36.541643886 ], [ 136.708384738, 36.541462367 ], [ 136.70838701, 36.541430283 ], [ 136.708391838, 36.541421667 ], [ 136.708403498, 36.541424921 ], [ 136.708439556, 36.541330862 ], [ 136.708591759, 36.54129765 ], [ 136.708513761, 36.541077179 ], [ 136.70818284, 36.541151341 ], [ 136.708035803, 36.54097161 ], [ 136.707913725, 36.540991058 ], [ 136.707886502, 36.540929579 ], [ 136.707886606, 36.54091194 ], [ 136.707899803, 36.540909641 ], [ 136.707887527, 36.540888306 ], [ 136.707889153, 36.540858933 ], [ 136.70789108, 36.540856623 ], [ 136.707891114, 36.540841014 ], [ 136.70788717, 36.540835313 ], [ 136.707901795, 36.540817524 ], [ 136.70792921, 36.540789782 ], [ 136.70797163, 36.540755518 ], [ 136.70802954, 36.540708155 ], [ 136.708062409, 36.540683678 ], [ 136.708104887, 36.540658607 ], [ 136.708126608, 36.540649498 ], [ 136.70818404, 36.540626377 ], [ 136.708273614, 36.540588329 ], [ 136.708320449, 36.540562914 ], [ 136.708345228, 36.540546516 ], [ 136.708360259, 36.540535579 ], [ 136.708379363, 36.540515735 ], [ 136.708397142, 36.540493273 ], [ 136.708410791, 36.540470434 ], [ 136.70842445, 36.540445883 ], [ 136.708434532, 36.540421768 ], [ 136.708452583, 36.54037209 ], [ 136.708468415, 36.540319969 ], [ 136.708471475, 36.54031241 ], [ 136.708474874, 36.540304222 ], [ 136.708483832, 36.540281456 ], [ 136.70849458, 36.540258065 ], [ 136.708498443, 36.540246904 ], [ 136.708500189, 36.540234925 ], [ 136.708499817, 36.540222216 ], [ 136.708495437, 36.540207419 ], [ 136.708489354, 36.540197392 ], [ 136.708482683, 36.540192139 ], [ 136.708471094, 36.540187768 ], [ 136.708455831, 36.540181311 ], [ 136.708443806, 36.540174956 ], [ 136.708402971, 36.540148844 ], [ 136.708359339, 36.540123622 ], [ 136.708328744, 36.540103587 ], [ 136.708316845, 36.540094799 ], [ 136.708305731, 36.540085474 ], [ 136.708295515, 36.540075521 ], [ 136.708286084, 36.54006494 ], [ 136.708277661, 36.540053913 ], [ 136.708270358, 36.540042439 ], [ 136.708256045, 36.540007506 ], [ 136.708252222, 36.539994985 ], [ 136.708255374, 36.539992408 ], [ 136.708251114, 36.539991355 ], [ 136.708247099, 36.539971423 ], [ 136.708245377, 36.539960421 ], [ 136.708244128, 36.539945005 ], [ 136.708245565, 36.539928608 ], [ 136.708249458, 36.539912401 ], [ 136.708256003, 36.539901071 ], [ 136.708265565, 36.539891816 ], [ 136.708269594, 36.539887965 ], [ 136.708281158, 36.539877645 ], [ 136.708268757, 36.539859393 ], [ 136.708256254, 36.539858443 ], [ 136.708246661, 36.539856424 ], [ 136.708230507, 36.539849602 ], [ 136.708217275, 36.539839728 ], [ 136.708205839, 36.539828238 ], [ 136.708196422, 36.539815315 ], [ 136.708179851, 36.539784429 ], [ 136.708161013, 36.539759302 ], [ 136.708137806, 36.539736412 ], [ 136.708114367, 36.539714872 ], [ 136.708095258, 36.539697765 ], [ 136.708053824, 36.539669893 ], [ 136.708052345, 36.539669313 ], [ 136.708047423, 36.539665588 ] ] ] } },
{ "type": "Feature", "properties": { "A54_001": "1", "A54_002": "17", "A54_003": "石川県", "A54_004": "17201", "A54_005": "金沢市", "A54_006": "金沢市0068" }, "geometry": { "type": "Polygon", "coordinates": [ [ [ 136.699977055, 36.540235924 ], [ 136.699715692, 36.540234925 ], [ 136.699631773, 36.540301992 ], [ 136.699464756, 36.540301339 ], [ 136.699464348, 36.540368726 ], [ 136.699296922, 36.540435463 ], [ 136.698103213, 36.540430968 ], [ 136.69798866, 36.540699246 ], [ 136.698069926, 36.540704058 ], [ 136.698291592, 36.540969826 ], [ 136.699849026, 36.540976726 ], [ 136.699849014, 36.5409386 ], [ 136.699977055, 36.540235924 ] ] ] } },
{ "type": "Feature", "properties": { "A54_001": "1", "A54_002": "17", "A54_003": "石川県", "A54_004": "17201", "A54_005": "金沢市", "A54_006": "金沢市0069" }, "geometry": { "type": "Polygon", "coordinates": [ [ [ 136.705520043, 36.533230788 ], [ 136.704767392, 36.533280976 ], [ 136.704767738, 36.533380666 ], [ 136.704766084, 36.533583323 ], [ 136.70476235, 36.534189595 ], [ 136.70467843, 36.534256655 ], [ 136.704594928, 36.534256331 ], [ 136.704594547, 36.534323715 ], [ 136.704511005, 36.534323408 ], [ 136.704510624, 36.53439078 ], [ 136.704426733, 36.534457873 ], [ 136.704426383, 36.534525229 ], [ 136.704342414, 36.5345923 ], [ 136.704342051, 36.534659557 ], [ 136.704258055, 36.534726694 ], [ 136.704174479, 36.534793791 ], [ 136.704090382, 36.534861086 ], [ 136.703813039, 36.535041219 ], [ 136.703834437, 36.535042711 ], [ 136.703842022, 36.535043391 ], [ 136.703898103, 36.535057009 ], [ 136.703973287, 36.535071235 ], [ 136.70406371, 36.535085016 ], [ 136.704120725, 36.535080686 ], [ 136.704145449, 36.535068838 ], [ 136.704154972, 36.53506435 ], [ 136.70417542, 36.535054315 ], [ 136.704214949, 36.535025715 ], [ 136.70421829, 36.535022917 ], [ 136.704233176, 36.534992962 ], [ 136.704268002, 36.534909207 ], [ 136.704332472, 36.534778192 ], [ 136.704416165, 36.534685885 ], [ 136.704524199, 36.534591817 ], [ 136.704579906, 36.534545196 ], [ 136.704647787, 36.534510592 ], [ 136.704742647, 36.534491184 ], [ 136.704783183, 36.534487401 ], [ 136.7048452, 36.534494332 ], [ 136.704910776, 36.534522168 ], [ 136.704991834, 36.534588508 ], [ 136.705051522, 36.534632941 ], [ 136.705118623, 36.53468316 ], [ 136.70515515, 36.534711709 ], [ 136.705193414, 36.534723548 ], [ 136.705267293, 36.534417258 ], [ 136.705413981, 36.534229251 ], [ 136.70553893, 36.534081288 ], [ 136.705598937, 36.533923232 ], [ 136.705516447, 36.533788102 ], [ 136.705433199, 36.533653355 ], [ 136.705433999, 36.533585684 ], [ 136.705517872, 36.533518616 ], [ 136.705519507, 36.533248987 ], [ 136.705520043, 36.533230788 ] ] ] } },
{ "type": "Feature", "properties": { "A54_001": "1", "A54_002": "17", "A54_003": "石川県", "A54_004": "17201", "A54_005": "金沢市", "A54_006": "金沢市0070" }, "geometry": { "type": "Polygon", "coordinates": [ [ [ 136.707106009, 36.533255157 ], [ 136.706938641, 36.533322044 ], [ 136.706855034, 36.533321631 ], [ 136.70668776, 36.533388358 ], [ 136.706687308, 36.533455796 ], [ 136.706603419, 36.533522792 ], [ 136.706519501, 36.533589847 ], [ 136.7064356, 36.533656949 ], [ 136.706351456, 36.533724097 ], [ 136.706267771, 36.533791099 ], [ 136.706183882, 36.533858147 ], [ 136.706016083, 36.533992274 ], [ 136.705837502, 36.53405897 ], [ 136.705779334, 36.534217901 ], [ 136.705614952, 36.534787517 ], [ 136.705831987, 36.53487071 ], [ 136.705997249, 36.534943506 ], [ 136.706168213, 36.535011065 ], [ 136.706942051, 36.534309417 ], [ 136.707399333, 36.533939637 ], [ 136.707436625, 36.533893595 ], [ 136.707465806, 36.533863524 ], [ 136.707520995, 36.533795043 ], [ 136.707522336, 36.533459016 ], [ 136.707439673, 36.533323958 ], [ 136.707356568, 36.533256123 ], [ 136.707106009, 36.533255157 ] ] ] } },
{ "type": "Feature", "properties": { "A54_001": "1", "A54_002": "17", "A54_003": "石川県", "A54_004": "17201", "A54_005": "金沢市", "A54_006": "金沢市0071" }, "geometry": { "type": "Polygon", "coordinates": [ [ [ 136.663369752, 36.532877273 ], [ 136.663297837, 36.532877162 ], [ 136.663295323, 36.533168524 ], [ 136.663223245, 36.53316857 ], [ 136.663222421, 36.533285272 ], [ 136.663077869, 36.533284679 ], [ 136.663076696, 36.533459702 ], [ 136.663004405, 36.533459359 ], [ 136.663002506, 36.533751073 ], [ 136.662930211, 36.53375077 ], [ 136.662856801, 36.533925577 ], [ 136.662784112, 36.533983529 ], [ 136.662638745, 36.534099596 ], [ 136.662555269, 36.534213491 ], [ 136.662491904, 36.534449062 ], [ 136.662781078, 36.534450272 ], [ 136.662925933, 36.534392344 ], [ 136.663070972, 36.534334784 ], [ 136.663360573, 36.534277684 ], [ 136.663577399, 36.534336843 ], [ 136.663793789, 36.534337742 ], [ 136.664518536, 36.534127115 ], [ 136.664373869, 36.534106923 ], [ 136.664302321, 36.533989939 ], [ 136.663799613, 36.533462754 ], [ 136.663583131, 36.533403455 ], [ 136.663585765, 36.532995058 ], [ 136.663513418, 36.532994809 ], [ 136.663513834, 36.532936406 ], [ 136.663369058, 36.532935728 ], [ 136.663369752, 36.532877273 ] ] ] } },
{ "type": "Feature", "properties": { "A54_001": "1", "A54_002": "17", "A54_003": "石川県", "A54_004": "17201", "A54_005": "金沢市", "A54_006": "金沢市0072" }, "geometry": { "type": "Polygon", "coordinates": [ [ [ 136.671759945, 36.532270774 ], [ 136.671687279, 36.532328822 ], [ 136.671541945, 36.532444902 ], [ 136.671468907, 36.532561286 ], [ 136.67081827, 36.532558558 ], [ 136.670812688, 36.533433623 ], [ 136.670884289, 36.533550684 ], [ 136.670956262, 36.53360932 ], [ 136.671245325, 36.53361056 ], [ 136.671242722, 36.534018963 ], [ 136.671748881, 36.534020983 ], [ 136.672043333, 36.533147073 ], [ 136.672046224, 36.532680763 ], [ 136.672048746, 36.532330316 ], [ 136.671976826, 36.532271674 ], [ 136.671759945, 36.532270774 ] ] ] } },
{ "type": "Feature", "properties": { "A54_001": "1", "A54_002": "17", "A54_003": "石川県", "A54_004": "17201", "A54_005": "金沢市", "A54_006": "金沢市0073" }, "geometry": { "type": "Polygon", "coordinates": [ [ [ 136.709446853, 36.532792475 ], [ 136.709362972, 36.532859569 ], [ 136.709279491, 36.532859303 ], [ 136.709279034, 36.532926587 ], [ 136.709195476, 36.532926226 ], [ 136.709111653, 36.532993383 ], [ 136.709027845, 36.533060402 ], [ 136.709027356, 36.533127827 ], [ 136.708943327, 36.533194842 ], [ 136.708859916, 36.533194558 ], [ 136.708776028, 36.533261727 ], [ 136.70877487, 36.533463783 ], [ 136.708826419, 36.534116875 ], [ 136.709283568, 36.533988656 ], [ 136.709826212, 36.534016464 ], [ 136.710094172, 36.53389295 ], [ 136.710074423, 36.533713477 ], [ 136.71002943, 36.533131663 ], [ 136.70986237, 36.533130997 ], [ 136.709779275, 36.533063308 ], [ 136.709779757, 36.532995842 ], [ 136.709696618, 36.532928262 ], [ 136.709613478, 36.532860497 ], [ 136.709613838, 36.532793123 ], [ 136.709446853, 36.532792475 ] ] ] } },
{ "type": "Feature", "properties": { "A54_001": "1", "A54_002": "17", "A54_003": "石川県", "A54_004": "17201", "A54_005": "金沢市", "A54_006": "金沢市0074" }, "geometry": { "type": "Polygon", "coordinates": [ [ [ 136.710285828, 36.532121843 ], [ 136.710281905, 36.532795635 ], [ 136.710197959, 36.532862731 ], [ 136.710114072, 36.532929808 ], [ 136.710113315, 36.533064508 ], [ 136.71002943, 36.533131663 ], [ 136.710074423, 36.533713477 ], [ 136.711095258, 36.53365 ], [ 136.711108048, 36.533566308 ], [ 136.711111783, 36.533307632 ], [ 136.711117153, 36.53238244 ], [ 136.710285828, 36.532121843 ] ] ] } },
{ "type": "Feature", "properties": { "A54_001": "1", "A54_002": "17", "A54_003": "石川県", "A54_004": "17201", "A54_005": "金沢市", "A54_006": "金沢市0075" }, "geometry": { "type": "Polygon", "coordinates": [ [ [ 136.70519946, 36.530889229 ], [ 136.705197847, 36.531158766 ], [ 136.705113963, 36.531225839 ], [ 136.705030438, 36.531225544 ], [ 136.704863021, 36.531292272 ], [ 136.704696211, 36.531291596 ], [ 136.704695688, 36.531359182 ], [ 136.704528805, 36.531358359 ], [ 136.704528232, 36.531425909 ], [ 136.704361265, 36.531425086 ], [ 136.704277377, 36.531492163 ], [ 136.704193457, 36.531559221 ], [ 136.704193053, 36.531626602 ], [ 136.704109562, 36.531626292 ], [ 136.704025657, 36.531693363 ], [ 136.704025237, 36.531760767 ], [ 136.703941778, 36.531760427 ], [ 136.703857854, 36.531827475 ], [ 136.703857453, 36.531894856 ], [ 136.703690449, 36.531894213 ], [ 136.703523048, 36.531960953 ], [ 136.703356067, 36.531960321 ], [ 136.703272962, 36.531892594 ], [ 136.70318984, 36.531824837 ], [ 136.703191061, 36.531622698 ], [ 136.703048194, 36.531622584 ], [ 136.703137817, 36.532018798 ], [ 136.703206865, 36.532649067 ], [ 136.703282631, 36.532834151 ], [ 136.703348619, 36.533173545 ], [ 136.703347974, 36.533308029 ], [ 136.704349539, 36.533311732 ], [ 136.704517433, 36.533245198 ], [ 136.704773937, 36.532235347 ], [ 136.704691611, 36.53203286 ], [ 136.704692456, 36.531898098 ], [ 136.7047767, 36.531763565 ], [ 136.704860658, 36.531696563 ], [ 136.704861097, 36.531629165 ], [ 136.704944997, 36.53156211 ], [ 136.705028916, 36.531495069 ], [ 136.705029256, 36.531427693 ], [ 136.705196273, 36.531428338 ], [ 136.70519663, 36.531360955 ], [ 136.705280511, 36.531293912 ], [ 136.705364107, 36.531294244 ], [ 136.705365672, 36.531024643 ], [ 136.705366066, 36.530957255 ], [ 136.705282566, 36.530956936 ], [ 136.705282972, 36.530889557 ], [ 136.70519946, 36.530889229 ] ] ] } },
{ "type": "Feature", "properties": { "A54_001": "1", "A54_002": "17", "A54_003": "石川県", "A54_004": "17201", "A54_005": "金沢市", "A54_006": "金沢市0076" }, "geometry": { "type": "Polygon", "coordinates": [ [ [ 136.706956548, 36.530289511 ], [ 136.706789557, 36.530288884 ], [ 136.706788353, 36.530491028 ], [ 136.706704852, 36.530490707 ], [ 136.706703261, 36.53076025 ], [ 136.706619363, 36.530827323 ], [ 136.706535461, 36.530894396 ], [ 136.70653303, 36.531298702 ], [ 136.706032086, 36.531296802 ], [ 136.706031648, 36.531363908 ], [ 136.705948217, 36.531363814 ], [ 136.705864272, 36.531430903 ], [ 136.705697273, 36.531430262 ], [ 136.705696877, 36.531497649 ], [ 136.705612971, 36.531564721 ], [ 136.705529067, 36.531631778 ], [ 136.705528732, 36.5316992 ], [ 136.705445171, 36.531698862 ], [ 136.705361295, 36.531765903 ], [ 136.705360882, 36.531833305 ], [ 136.705193464, 36.531900026 ], [ 136.705026067, 36.531966754 ], [ 136.704942142, 36.532033841 ], [ 136.704858658, 36.532033543 ], [ 136.704774411, 36.532167914 ], [ 136.704773937, 36.532235347 ], [ 136.704517433, 36.533245198 ], [ 136.704934977, 36.533246795 ], [ 136.705102303, 36.533180033 ], [ 136.705687153, 36.533114751 ], [ 136.705770539, 36.533115138 ], [ 136.705854683, 36.53304821 ], [ 136.706022056, 36.532981437 ], [ 136.706189396, 36.532914686 ], [ 136.706273632, 36.532780229 ], [ 136.706274639, 36.532645444 ], [ 136.706277106, 36.532241483 ], [ 136.70627906, 36.531904271 ], [ 136.706362255, 36.531904325 ], [ 136.707030312, 36.531907034 ], [ 136.707197868, 36.531840387 ], [ 136.707198156, 36.531773484 ], [ 136.707282177, 36.531705933 ], [ 136.707365701, 36.53170625 ], [ 136.707366082, 36.531638868 ], [ 136.707449977, 36.5315718 ], [ 136.707533482, 36.531572121 ], [ 136.707700891, 36.531505375 ], [ 136.707784309, 36.531505751 ], [ 136.707867474, 36.531573396 ], [ 136.707951155, 36.531573889 ], [ 136.707952521, 36.53130418 ], [ 136.708036519, 36.531237155 ], [ 136.708119935, 36.53123744 ], [ 136.708120503, 36.531170108 ], [ 136.708203849, 36.531170356 ], [ 136.70845396, 36.531238715 ], [ 136.708453564, 36.531306102 ], [ 136.708536683, 36.531373807 ], [ 136.708787189, 36.531374797 ], [ 136.708789153, 36.53103788 ], [ 136.708705609, 36.531037556 ], [ 136.708621763, 36.531104584 ], [ 136.708454755, 36.531103936 ], [ 136.708456352, 36.530834393 ], [ 136.708289381, 36.530833762 ], [ 136.708205459, 36.53090082 ], [ 136.707787919, 36.5308992 ], [ 136.70745366, 36.530965345 ], [ 136.707119666, 36.530963948 ], [ 136.707121955, 36.530559745 ], [ 136.707039301, 36.530424624 ], [ 136.706956548, 36.530289511 ] ] ] } },
{ "type": "Feature", "properties": { "A54_001": "1", "A54_002": "17", "A54_003": "石川県", "A54_004": "17201", "A54_005": "金沢市", "A54_006": "金沢市0077" }, "geometry": { "type": "Polygon", "coordinates": [ [ [ 136.674086651, 36.530180018 ], [ 136.673652951, 36.530178234 ], [ 136.673580304, 36.530236278 ], [ 136.673506858, 36.530411017 ], [ 136.673506064, 36.530527665 ], [ 136.67365066, 36.530528227 ], [ 136.673650359, 36.53058663 ], [ 136.673649985, 36.530644938 ], [ 136.673576552, 36.530819685 ], [ 136.673575815, 36.530936366 ], [ 136.673503148, 36.530994412 ], [ 136.67342975, 36.531169139 ], [ 136.673068276, 36.531167691 ], [ 136.672923406, 36.531225334 ], [ 136.672851051, 36.531225166 ], [ 136.672561487, 36.531282236 ], [ 136.672488823, 36.531340279 ], [ 136.672484395, 36.532040381 ], [ 136.672412075, 36.53204011 ], [ 136.672411704, 36.532098439 ], [ 136.672339394, 36.532098137 ], [ 136.672339038, 36.532156483 ], [ 136.672410949, 36.532215119 ], [ 136.672482864, 36.53227379 ], [ 136.672482412, 36.532332109 ], [ 136.672554059, 36.532449088 ], [ 136.672698655, 36.532449696 ], [ 136.672771685, 36.532333298 ], [ 136.672844352, 36.532275269 ], [ 136.672917018, 36.532217222 ], [ 136.672917763, 36.532100536 ], [ 136.672991248, 36.531867332 ], [ 136.673064083, 36.531809424 ], [ 136.673426424, 36.531694227 ], [ 136.673643294, 36.531695125 ], [ 136.673644034, 36.53157844 ], [ 136.673790813, 36.531228952 ], [ 136.673864988, 36.530937525 ], [ 136.674009902, 36.530879811 ], [ 136.6740826, 36.530821761 ], [ 136.674086651, 36.530180018 ] ] ] } },
{ "type": "Feature", "properties": { "A54_001": "1", "A54_002": "17", "A54_003": "石川県", "A54_004": "17201", "A54_005": "金沢市", "A54_006": "金沢市0078" }, "geometry": { "type": "Polygon", "coordinates": [ [ [ 136.702952308, 36.529667422 ], [ 136.702451239, 36.529665574 ], [ 136.702450453, 36.529800299 ], [ 136.702366453, 36.529867443 ], [ 136.702282618, 36.529934453 ], [ 136.702281807, 36.530069235 ], [ 136.702280197, 36.530338783 ], [ 136.702279765, 36.53040597 ], [ 136.702362921, 36.530473872 ], [ 136.702446285, 36.530474146 ], [ 136.702446014, 36.530541559 ], [ 136.702529428, 36.530541891 ], [ 136.702612578, 36.530609628 ], [ 136.702695676, 36.530677343 ], [ 136.702778775, 36.530745056 ], [ 136.702778375, 36.530812444 ], [ 136.702861877, 36.530812774 ], [ 136.702861467, 36.530880153 ], [ 136.702944981, 36.530880478 ], [ 136.702944556, 36.530947888 ], [ 136.703111518, 36.53094851 ], [ 136.703194666, 36.531016228 ], [ 136.70327816, 36.53101655 ], [ 136.703361239, 36.531084249 ], [ 136.703444766, 36.53108459 ], [ 136.703444342, 36.531151981 ], [ 136.703861864, 36.531153598 ], [ 136.703945761, 36.531086498 ], [ 136.704029243, 36.531086869 ], [ 136.704030067, 36.530952083 ], [ 136.704113947, 36.530885022 ], [ 136.704197866, 36.530817955 ], [ 136.70428177, 36.530750896 ], [ 136.704366072, 36.530616442 ], [ 136.704366468, 36.530549046 ], [ 136.704449971, 36.530549378 ], [ 136.704450373, 36.530481993 ], [ 136.704533868, 36.530482316 ], [ 136.704534675, 36.530347539 ], [ 136.704451174, 36.530347216 ], [ 136.704201078, 36.530278857 ], [ 136.703533085, 36.530276272 ], [ 136.703449978, 36.530208574 ], [ 136.703282957, 36.530207883 ], [ 136.703283393, 36.530140528 ], [ 136.703117074, 36.530005125 ], [ 136.70311749, 36.52993788 ], [ 136.702951251, 36.529869679 ], [ 136.702952308, 36.529667422 ] ] ] } },
{ "type": "Feature", "properties": { "A54_001": "1", "A54_002": "17", "A54_003": "石川県", "A54_004": "17201", "A54_005": "金沢市", "A54_006": "金沢市0079" }, "geometry": { "type": "Polygon", "coordinates": [ [ [ 136.69519999, 36.529623527 ], [ 136.695055043, 36.529681321 ], [ 136.695054333, 36.529797991 ], [ 136.695126636, 36.529798266 ], [ 136.695197861, 36.529973585 ], [ 136.695197136, 36.530090237 ], [ 136.69526908, 36.530148917 ], [ 136.695413324, 36.530207811 ], [ 136.695485284, 36.530266423 ], [ 136.695557186, 36.530325073 ], [ 136.695556468, 36.530441737 ], [ 136.695628791, 36.530442043 ], [ 136.69570065, 36.530498697 ], [ 136.696136339, 36.530213013 ], [ 136.696260304, 36.530141893 ], [ 136.69620895, 36.530094035 ], [ 136.695777328, 36.52980088 ], [ 136.695705356, 36.529742244 ], [ 136.695633688, 36.529625402 ], [ 136.69519999, 36.529623527 ] ] ] } },
{ "type": "Feature", "properties": { "A54_001": "1", "A54_002": "17", "A54_003": "石川県", "A54_004": "17201", "A54_005": "金沢市", "A54_006": "金沢市0080" }, "geometry": { "type": "Polygon", "coordinates": [ [ [ 136.701782453, 36.529797749 ], [ 136.701614967, 36.529864484 ], [ 136.701448046, 36.529863861 ], [ 136.701281434, 36.52979582 ], [ 136.70119793, 36.529795533 ], [ 136.701030133, 36.529929576 ], [ 136.701028116, 36.530266513 ], [ 136.701529101, 36.530268461 ], [ 136.701613008, 36.530201405 ], [ 136.701780009, 36.530202054 ], [ 136.701946605, 36.530270096 ], [ 136.702029698, 36.530337808 ], [ 136.702280197, 36.530338783 ], [ 136.702281807, 36.530069235 ], [ 136.702031311, 36.530068255 ], [ 136.702032046, 36.529933525 ], [ 136.701949402, 36.529798429 ], [ 136.701782453, 36.529797749 ] ] ] } },
{ "type": "Feature", "properties": { "A54_001": "1", "A54_002": "17", "A54_003": "石川県", "A54_004": "17201", "A54_005": "金沢市", "A54_006": "金沢市0081" }, "geometry": { "type": "Polygon", "coordinates": [ [ [ 136.703879593, 36.528255793 ], [ 136.703761929, 36.528255597 ], [ 136.703712076, 36.528255301 ], [ 136.703709561, 36.528295466 ], [ 136.703682188, 36.528318183 ], [ 136.703666504, 36.528339989 ], [ 136.703659625, 36.528358185 ], [ 136.703661722, 36.528385072 ], [ 136.703674426, 36.528430678 ], [ 136.703697455, 36.528502407 ], [ 136.703700513, 36.52853261 ], [ 136.703695412, 36.528564134 ], [ 136.703676805, 36.528594703 ], [ 136.703652112, 36.528615787 ], [ 136.70363083, 36.528626519 ], [ 136.703624527, 36.528928831 ], [ 136.703706906, 36.529131328 ], [ 136.703873509, 36.529199368 ], [ 136.70395658, 36.529267093 ], [ 136.704040101, 36.529267404 ], [ 136.704039677, 36.529334777 ], [ 136.704122781, 36.529402471 ], [ 136.704205903, 36.529470218 ], [ 136.704289421, 36.529470516 ], [ 136.704372496, 36.529538252 ], [ 136.704372086, 36.529605609 ], [ 136.704455223, 36.52967339 ], [ 136.704538704, 36.52967368 ], [ 136.704538279, 36.529741053 ], [ 136.704621779, 36.529741377 ], [ 136.704704876, 36.529809088 ], [ 136.704871876, 36.529809733 ], [ 136.704955773, 36.529742671 ], [ 136.705039276, 36.529742999 ], [ 136.70503967, 36.529675606 ], [ 136.70512357, 36.529608541 ], [ 136.705457569, 36.52960983 ], [ 136.705458344, 36.529475081 ], [ 136.70562536, 36.529475704 ], [ 136.705625759, 36.529408318 ], [ 136.705709657, 36.529341252 ], [ 136.705710058, 36.529273864 ], [ 136.705793537, 36.529274192 ], [ 136.705795551, 36.528937256 ], [ 136.705378462, 36.528868252 ], [ 136.705294957, 36.528867944 ], [ 136.705295422, 36.528800538 ], [ 136.705211884, 36.528800217 ], [ 136.705212278, 36.528732837 ], [ 136.704961777, 36.528731859 ], [ 136.704962177, 36.528664472 ], [ 136.70487868, 36.528664148 ], [ 136.704545077, 36.528595494 ], [ 136.704461896, 36.528527767 ], [ 136.704295819, 36.528392341 ], [ 136.703962418, 36.528323814 ], [ 136.703879593, 36.528255793 ] ] ] } },
{ "type": "Feature", "properties": { "A54_001": "1", "A54_002": "17", "A54_003": "石川県", "A54_004": "17201", "A54_005": "金沢市", "A54_006": "金沢市0082" }, "geometry": { "type": "Polygon", "coordinates": [ [ [ 136.694935963, 36.525480002 ], [ 136.69479139, 36.525479463 ], [ 136.694790679, 36.525596117 ], [ 136.694788553, 36.525946223 ], [ 136.694788203, 36.52600457 ], [ 136.694642925, 36.526120632 ], [ 136.694569919, 36.526237048 ], [ 136.694497279, 36.526295104 ], [ 136.694496879, 36.526412087 ], [ 136.694378237, 36.526766029 ], [ 136.694404603, 36.526928764 ], [ 136.69433655, 36.527152174 ], [ 136.694272248, 36.527636132 ], [ 136.694416409, 36.527695091 ], [ 136.694415011, 36.52792837 ], [ 136.69448664, 36.528045387 ], [ 136.694485866, 36.528162066 ], [ 136.694412951, 36.528278564 ], [ 136.694411178, 36.528570218 ], [ 136.694483468, 36.528570503 ], [ 136.694480612, 36.529037231 ], [ 136.694407611, 36.529153634 ], [ 136.694406208, 36.529387002 ], [ 136.694478158, 36.529445619 ], [ 136.694550425, 36.529445919 ], [ 136.694694252, 36.529563159 ], [ 136.694986032, 36.529155959 ], [ 136.694914594, 36.529038664 ], [ 136.694916495, 36.528688884 ], [ 136.694700443, 36.528513202 ], [ 136.694703065, 36.528104551 ], [ 136.694631576, 36.527987622 ], [ 136.694631919, 36.527929266 ], [ 136.694559512, 36.527928961 ], [ 136.694561051, 36.527695523 ], [ 136.69463347, 36.527695946 ], [ 136.694705945, 36.527637919 ], [ 136.694755142, 36.527635262 ], [ 136.694757131, 36.527638099 ], [ 136.694922876, 36.52763868 ], [ 136.694926093, 36.527113579 ], [ 136.694998425, 36.527113965 ], [ 136.695002188, 36.526472171 ], [ 136.695074516, 36.526472425 ], [ 136.695148567, 36.526180988 ], [ 136.695149932, 36.525947807 ], [ 136.695078774, 36.525772291 ], [ 136.695007906, 36.525538635 ], [ 136.694935963, 36.525480002 ] ] ] } },
{ "type": "Feature", "properties": { "A54_001": "1", "A54_002": "17", "A54_003": "石川県", "A54_004": "17201", "A54_005": "金沢市", "A54_006": "金沢市0083" }, "geometry": { "type": "Polygon", "coordinates": [ [ [ 136.704971786, 36.527047173 ], [ 136.704470811, 36.527045234 ], [ 136.704386914, 36.527112299 ], [ 136.704303018, 36.527179362 ], [ 136.704302218, 36.527314136 ], [ 136.704218624, 36.52738131 ], [ 136.704128866, 36.527380861 ], [ 136.703930519, 36.527986581 ], [ 136.703963838, 36.528054069 ], [ 136.704130484, 36.528122004 ], [ 136.704213661, 36.528189834 ], [ 136.704380166, 36.528257862 ], [ 136.704463199, 36.528325595 ], [ 136.705047665, 36.528327857 ], [ 136.705130775, 36.528395568 ], [ 136.705882245, 36.528398466 ], [ 136.705965967, 36.528331275 ], [ 136.706133607, 36.528264688 ], [ 136.70638363, 36.52833302 ], [ 136.706968103, 36.528335256 ], [ 136.707052427, 36.528200818 ], [ 136.707052815, 36.52813346 ], [ 136.707136719, 36.528066343 ], [ 136.707137095, 36.527998981 ], [ 136.707054786, 36.527796503 ], [ 136.706972095, 36.527661401 ], [ 136.706387668, 36.527659154 ], [ 136.706303752, 36.527726195 ], [ 136.706136735, 36.527725566 ], [ 136.706137133, 36.52765818 ], [ 136.705970109, 36.527657563 ], [ 136.705803559, 36.527589497 ], [ 136.705636953, 36.527521469 ], [ 136.705302972, 36.52752018 ], [ 136.705219855, 36.527452488 ], [ 136.705136756, 36.527384704 ], [ 136.705137587, 36.52724999 ], [ 136.705054481, 36.527182273 ], [ 136.705054918, 36.527114897 ], [ 136.704971385, 36.527114563 ], [ 136.704971786, 36.527047173 ] ] ] } },
{ "type": "Feature", "properties": { "A54_001": "1", "A54_002": "17", "A54_003": "石川県", "A54_004": "17201", "A54_005": "金沢市", "A54_006": "金沢市0084" }, "geometry": { "type": "Polygon", "coordinates": [ [ [ 136.692900783, 36.527280508 ], [ 136.69268323, 36.527396378 ], [ 136.692393784, 36.527453644 ], [ 136.69210463, 36.527452581 ], [ 136.692103235, 36.527685988 ], [ 136.692030922, 36.527744001 ], [ 136.691885322, 36.527860013 ], [ 136.691884581, 36.527976789 ], [ 136.692968995, 36.527981014 ], [ 136.692968305, 36.5280396 ], [ 136.693619216, 36.528041996 ], [ 136.693766001, 36.527691921 ], [ 136.693766201, 36.527634137 ], [ 136.693550085, 36.527516632 ], [ 136.693477888, 36.527458116 ], [ 136.693333579, 36.527457398 ], [ 136.693189687, 36.527281996 ], [ 136.692900783, 36.527280508 ] ] ] } },
{ "type": "Feature", "properties": { "A54_001": "1", "A54_002": "17", "A54_003": "石川県", "A54_004": "17201", "A54_005": "金沢市", "A54_006": "金沢市0085" }, "geometry": { "type": "Polygon", "coordinates": [ [ [ 136.710312581, 36.526312791 ], [ 136.710308308, 36.526315496 ], [ 136.710303844, 36.526314265 ], [ 136.710141919, 36.526382846 ], [ 136.709784544, 36.526830204 ], [ 136.709761774, 36.527604391 ], [ 136.709765819, 36.527739638 ], [ 136.709912342, 36.527757346 ], [ 136.710061119, 36.527753719 ], [ 136.71006019, 36.52790951 ], [ 136.710150152, 36.527900453 ], [ 136.710418318, 36.527871223 ], [ 136.710839795, 36.527759841 ], [ 136.711144265, 36.527756658 ], [ 136.711229953, 36.527757143 ], [ 136.711230405, 36.527677731 ], [ 136.711314309, 36.52761066 ], [ 136.711898774, 36.527612898 ], [ 136.712065812, 36.527680887 ], [ 136.712124591, 36.527681468 ], [ 136.712258221, 36.527370243 ], [ 136.712280061, 36.52731514 ], [ 136.712280864, 36.527311361 ], [ 136.712284884, 36.527292447 ], [ 136.712286292, 36.52726163 ], [ 136.712279466, 36.527225915 ], [ 136.712263862, 36.527182776 ], [ 136.712234334, 36.52711444 ], [ 136.712217575, 36.527077877 ], [ 136.712208434, 36.527037016 ], [ 136.712204297, 36.526940875 ], [ 136.712209351, 36.526936303 ], [ 136.712204109, 36.526936492 ], [ 136.712198603, 36.526808515 ], [ 136.71219457, 36.526734418 ], [ 136.712190294, 36.526701687 ], [ 136.712179986, 36.526669474 ], [ 136.712166247, 36.52663202 ], [ 136.712152534, 36.526609076 ], [ 136.712089912, 36.526509702 ], [ 136.712082802, 36.52650109 ], [ 136.71208026, 36.526498045 ], [ 136.712078131, 36.526495432 ], [ 136.712074611, 36.526491168 ], [ 136.712050404, 36.526467734 ], [ 136.712031067, 36.526451979 ], [ 136.712011695, 36.526441901 ], [ 136.711988298, 36.52643298 ], [ 136.711977236, 36.526429733 ], [ 136.711967452, 36.526426862 ], [ 136.711944589, 36.526421908 ], [ 136.711915238, 36.526419002 ], [ 136.711894642, 36.526417055 ], [ 136.711885231, 36.526416076 ], [ 136.711875122, 36.526415021 ], [ 136.71117181, 36.526388713 ], [ 136.7111164, 36.526386546 ], [ 136.71106934, 36.526384862 ], [ 136.711032034, 36.526383429 ], [ 136.711014636, 36.52638276 ], [ 136.710996743, 36.526382096 ], [ 136.710938211, 36.526379922 ], [ 136.710930793, 36.526379646 ], [ 136.710831989, 36.526376024 ], [ 136.710643754, 36.526370078 ], [ 136.710579005, 36.526367036 ], [ 136.710512371, 36.526361915 ], [ 136.710467058, 36.526357776 ], [ 136.710430686, 36.52635241 ], [ 136.710404923, 36.526347084 ], [ 136.710374584, 36.52634129 ], [ 136.710344274, 36.526330359 ], [ 136.710318451, 36.526316201 ], [ 136.710312581, 36.526312791 ] ] ] } },
{ "type": "Feature", "properties": { "A54_001": "1", "A54_002": "17", "A54_003": "石川県", "A54_004": "17201", "A54_005": "金沢市", "A54_006": "金沢市0086" }, "geometry": { "type": "Polygon", "coordinates": [ [ [ 136.692692851, 36.525821213 ], [ 136.692620315, 36.525879185 ], [ 136.692547478, 36.525937417 ], [ 136.692474809, 36.525996123 ], [ 136.692474253, 36.526112047 ], [ 136.693124848, 36.526114652 ], [ 136.693124565, 36.526172825 ], [ 136.693196341, 36.526172869 ], [ 136.693195294, 36.526290472 ], [ 136.693413452, 36.526290634 ], [ 136.693413536, 36.5263483 ], [ 136.693485379, 36.526349288 ], [ 136.693484848, 36.52640788 ], [ 136.693556175, 36.5264084 ], [ 136.693555332, 36.52675831 ], [ 136.693699524, 36.526761067 ], [ 136.693694136, 36.527397851 ], [ 136.693988067, 36.527402451 ], [ 136.694200632, 36.527519126 ], [ 136.694199957, 36.527635845 ], [ 136.694272248, 36.527636132 ], [ 136.69433655, 36.527152174 ], [ 136.694404603, 36.526928764 ], [ 136.694378237, 36.526766029 ], [ 136.694496879, 36.526412087 ], [ 136.69442432, 36.526411707 ], [ 136.694424737, 36.526353288 ], [ 136.694280151, 36.526352614 ], [ 136.69428147, 36.526119205 ], [ 136.693931639, 36.526018528 ], [ 136.693486645, 36.525941116 ], [ 136.692975261, 36.525822785 ], [ 136.692692851, 36.525821213 ] ] ] } },
{ "type": "Feature", "properties": { "A54_001": "1", "A54_002": "17", "A54_003": "石川県", "A54_004": "17201", "A54_005": "金沢市", "A54_006": "金沢市0087" }, "geometry": { "type": "Polygon", "coordinates": [ [ [ 136.706150713, 36.525368598 ], [ 136.705976134, 36.525513166 ], [ 136.705853379, 36.525615628 ], [ 136.705824933, 36.525635303 ], [ 136.705898231, 36.525702976 ], [ 136.705980123, 36.52597285 ], [ 136.705978527, 36.526242399 ], [ 136.706061641, 36.526310097 ], [ 136.706145121, 36.526310431 ], [ 136.706144718, 36.526377819 ], [ 136.706228216, 36.526378134 ], [ 136.706311307, 36.526445857 ], [ 136.706394803, 36.526446171 ], [ 136.706477903, 36.526513883 ], [ 136.70647748, 36.52658126 ], [ 136.706560569, 36.526648983 ], [ 136.706644169, 36.526649274 ], [ 136.706643707, 36.526716692 ], [ 136.707061163, 36.526718299 ], [ 136.707145066, 36.526651232 ], [ 136.707146266, 36.526449077 ], [ 136.707147454, 36.526246906 ], [ 136.70723135, 36.526179842 ], [ 136.707232144, 36.526045071 ], [ 136.707149048, 36.525977358 ], [ 136.707065952, 36.52590965 ], [ 136.70698246, 36.525909325 ], [ 136.706899363, 36.525841617 ], [ 136.706899762, 36.525774232 ], [ 136.706816269, 36.525773909 ], [ 136.706733159, 36.525706214 ], [ 136.70665007, 36.525638501 ], [ 136.70656698, 36.525570781 ], [ 136.706400007, 36.525570137 ], [ 136.70623338, 36.525501979 ], [ 136.706233927, 36.525434791 ], [ 136.706150713, 36.525368598 ] ] ] } },
{ "type": "Feature", "properties": { "A54_001": "1", "A54_002": "17", "A54_003": "石川県", "A54_004": "17201", "A54_005": "金沢市", "A54_006": "金沢市0088" }, "geometry": { "type": "Polygon", "coordinates": [ [ [ 136.688802132, 36.523705253 ], [ 136.688585455, 36.52370442 ], [ 136.688438469, 36.524112118 ], [ 136.688364326, 36.524403716 ], [ 136.688269121, 36.524544652 ], [ 136.68821829, 36.524636503 ], [ 136.688073853, 36.524752293 ], [ 136.688069496, 36.525335801 ], [ 136.688068637, 36.525452683 ], [ 136.68814038, 36.525569431 ], [ 136.688138389, 36.525861292 ], [ 136.68820923, 36.526095018 ], [ 136.688136589, 36.526152732 ], [ 136.688279229, 36.526445153 ], [ 136.688352303, 36.526328962 ], [ 136.688425037, 36.52627089 ], [ 136.688570024, 36.526213126 ], [ 136.688570509, 36.526096521 ], [ 136.688644764, 36.525804959 ], [ 136.688718808, 36.525513588 ], [ 136.688791822, 36.525397201 ], [ 136.688864463, 36.525339149 ], [ 136.68900939, 36.525281391 ], [ 136.689011189, 36.52498965 ], [ 136.689015476, 36.52428964 ], [ 136.689017356, 36.524056078 ], [ 136.688873789, 36.523822248 ], [ 136.688802132, 36.523705253 ] ] ] } },
{ "type": "Feature", "properties": { "A54_001": "1", "A54_002": "17", "A54_003": "石川県", "A54_004": "17201", "A54_005": "金沢市", "A54_006": "金沢市0089" }, "geometry": { "type": "Polygon", "coordinates": [ [ [ 136.649713935, 36.524746396 ], [ 136.649687171, 36.524767408 ], [ 136.649614174, 36.524883753 ], [ 136.649612222, 36.525175471 ], [ 136.649539946, 36.525175156 ], [ 136.649394971, 36.525232877 ], [ 136.649393785, 36.525407918 ], [ 136.64924924, 36.525407287 ], [ 136.649105053, 36.525348301 ], [ 136.649033154, 36.525289648 ], [ 136.648961221, 36.525231037 ], [ 136.648744403, 36.525230206 ], [ 136.648671842, 36.525288126 ], [ 136.648671292, 36.525346431 ], [ 136.648960091, 36.525406017 ], [ 136.648959308, 36.525522697 ], [ 136.649103502, 36.525581669 ], [ 136.649175394, 36.525640325 ], [ 136.6492473, 36.525698984 ], [ 136.649245033, 36.526144218 ], [ 136.649411214, 36.526050043 ], [ 136.649527614, 36.525986689 ], [ 136.649678456, 36.525891042 ], [ 136.649682967, 36.52540915 ], [ 136.649755256, 36.525409464 ], [ 136.649755642, 36.525351122 ], [ 136.649828706, 36.525234747 ], [ 136.649902565, 36.525001688 ], [ 136.649903352, 36.524879086 ], [ 136.649713935, 36.524746396 ] ] ] } },
{ "type": "Feature", "properties": { "A54_001": "1", "A54_002": "17", "A54_003": "石川県", "A54_004": "17201", "A54_005": "金沢市", "A54_006": "金沢市0090" }, "geometry": { "type": "Polygon", "coordinates": [ [ [ 136.693492938, 36.525007463 ], [ 136.693490876, 36.525357585 ], [ 136.69356222, 36.525474458 ], [ 136.69370635, 36.525591811 ], [ 136.693705405, 36.52570862 ], [ 136.693560344, 36.525824639 ], [ 136.693486645, 36.525941116 ], [ 136.693931639, 36.526018528 ], [ 136.69428147, 36.526119205 ], [ 136.694209893, 36.526002231 ], [ 136.694282891, 36.525885831 ], [ 136.694428255, 36.525769478 ], [ 136.69442959, 36.525536317 ], [ 136.694285322, 36.525477427 ], [ 136.694213433, 36.525418791 ], [ 136.693996774, 36.525359674 ], [ 136.693976048, 36.525328952 ], [ 136.693925076, 36.525300866 ], [ 136.693781202, 36.525183756 ], [ 136.693709521, 36.525066711 ], [ 136.693637444, 36.525008331 ], [ 136.693492938, 36.525007463 ] ] ] } },
{ "type": "Feature", "properties": { "A54_001": "1", "A54_002": "17", "A54_003": "石川県", "A54_004": "17201", "A54_005": "金沢市", "A54_006": "金沢市0091" }, "geometry": { "type": "Polygon", "coordinates": [ [ [ 136.648171928, 36.524352386 ], [ 136.648099646, 36.524352073 ], [ 136.648054707, 36.524385293 ], [ 136.647954292, 36.524468132 ], [ 136.647737043, 36.524525532 ], [ 136.647736654, 36.524583874 ], [ 136.647662811, 36.524816933 ], [ 136.64766212, 36.524933584 ], [ 136.647589383, 36.524991659 ], [ 136.6475163, 36.525108078 ], [ 136.647514809, 36.525328782 ], [ 136.647659305, 36.525363767 ], [ 136.647731979, 36.52528399 ], [ 136.647804654, 36.525225963 ], [ 136.647950015, 36.525109906 ], [ 136.648095755, 36.524935502 ], [ 136.648241084, 36.524819547 ], [ 136.64845801, 36.524820354 ], [ 136.648530072, 36.52482065 ], [ 136.648602931, 36.524762673 ], [ 136.648604096, 36.524587646 ], [ 136.648532199, 36.524528986 ], [ 136.648460299, 36.524470331 ], [ 136.64831569, 36.524469675 ], [ 136.64824374, 36.524410998 ], [ 136.648171928, 36.524352386 ] ] ] } },
{ "type": "Feature", "properties": { "A54_001": "1", "A54_002": "17", "A54_003": "石川県", "A54_004": "17201", "A54_005": "金沢市", "A54_006": "金沢市0092" }, "geometry": { "type": "Polygon", "coordinates": [ [ [ 136.69075228, 36.524004772 ], [ 136.690607663, 36.5240042 ], [ 136.690535075, 36.524062323 ], [ 136.690462458, 36.524120261 ], [ 136.689667307, 36.524117192 ], [ 136.689522224, 36.524174899 ], [ 136.689517153, 36.524401514 ], [ 136.689594434, 36.524654529 ], [ 136.689663582, 36.524700554 ], [ 136.689735508, 36.524759139 ], [ 136.689879373, 36.524876451 ], [ 136.690023942, 36.524877136 ], [ 136.690169494, 36.524702564 ], [ 136.690170694, 36.524527535 ], [ 136.690387884, 36.524470068 ], [ 136.690460451, 36.524411956 ], [ 136.690533534, 36.524295617 ], [ 136.69075228, 36.524004772 ] ] ] } },
{ "type": "Feature", "properties": { "A54_001": "1", "A54_002": "17", "A54_003": "石川県", "A54_004": "17201", "A54_005": "金沢市", "A54_006": "金沢市0093" }, "geometry": { "type": "Polygon", "coordinates": [ [ [ 136.646735566, 36.522945869 ], [ 136.64666289, 36.523003891 ], [ 136.646590204, 36.523061919 ], [ 136.64637324, 36.523060958 ], [ 136.646228826, 36.523060386 ], [ 136.646228056, 36.523176998 ], [ 136.646155332, 36.523235057 ], [ 136.645287858, 36.523231221 ], [ 136.645142901, 36.523289019 ], [ 136.645141372, 36.523522357 ], [ 136.645068307, 36.523638723 ], [ 136.645066733, 36.523872086 ], [ 136.644994053, 36.523930138 ], [ 136.644993277, 36.524046739 ], [ 136.644991327, 36.524338487 ], [ 136.645063297, 36.524397149 ], [ 136.645134731, 36.524514184 ], [ 136.645351563, 36.524515133 ], [ 136.645424266, 36.524457083 ], [ 136.645496937, 36.52439907 ], [ 136.645570411, 36.524224348 ], [ 136.645643455, 36.524107965 ], [ 136.645643837, 36.524049692 ], [ 136.645861105, 36.523992253 ], [ 136.645933776, 36.523934219 ], [ 136.646223325, 36.523877143 ], [ 136.64672932, 36.523879352 ], [ 136.646946571, 36.523821954 ], [ 136.647019638, 36.523705585 ], [ 136.647020418, 36.523588897 ], [ 136.646875844, 36.523588267 ], [ 136.646731663, 36.523529295 ], [ 136.646587092, 36.523528663 ], [ 136.646587869, 36.523411983 ], [ 136.646733219, 36.523295927 ], [ 136.646878178, 36.523238205 ], [ 136.646950471, 36.523238521 ], [ 136.646951251, 36.52312184 ], [ 136.646881071, 36.52294719 ], [ 136.646735566, 36.522945869 ] ] ] } },
{ "type": "Feature", "properties": { "A54_001": "1", "A54_002": "17", "A54_003": "石川県", "A54_004": "17201", "A54_005": "金沢市", "A54_006": "金沢市0094" }, "geometry": { "type": "Polygon", "coordinates": [ [ [ 136.652538111, 36.52215419 ], [ 136.652284474, 36.522268346 ], [ 136.652159516, 36.522444849 ], [ 136.652015102, 36.522560346 ], [ 136.652159287, 36.522619312 ], [ 136.652231571, 36.522619626 ], [ 136.652231183, 36.522677968 ], [ 136.652303083, 36.522736622 ], [ 136.652302687, 36.522794969 ], [ 136.652374982, 36.522795276 ], [ 136.652446888, 36.522853931 ], [ 136.65244611, 36.522970617 ], [ 136.652518391, 36.522970934 ], [ 136.652517238, 36.523145957 ], [ 136.652661425, 36.523204921 ], [ 136.652660653, 36.52332161 ], [ 136.652732166, 36.523438608 ], [ 136.652731782, 36.523496951 ], [ 136.65280368, 36.523555604 ], [ 136.652803294, 36.523613948 ], [ 136.652875197, 36.523672603 ], [ 136.652874816, 36.523730942 ], [ 136.652947095, 36.523731257 ], [ 136.653018611, 36.523848254 ], [ 136.653018224, 36.523906596 ], [ 136.65309012, 36.523965251 ], [ 136.653089741, 36.524023594 ], [ 136.653234313, 36.524024218 ], [ 136.653232771, 36.524257588 ], [ 136.653305069, 36.524257906 ], [ 136.653304687, 36.524316251 ], [ 136.653387815, 36.524316598 ], [ 136.653427211, 36.524048882 ], [ 136.653457975, 36.523942915 ], [ 136.653516307, 36.523877527 ], [ 136.653623691, 36.523827252 ], [ 136.653776391, 36.523789198 ], [ 136.653814257, 36.523776003 ], [ 136.653770866, 36.523708769 ], [ 136.653815258, 36.523690965 ], [ 136.653815692, 36.523559975 ], [ 136.653526494, 36.523558799 ], [ 136.653527309, 36.523442031 ], [ 136.653382737, 36.523441409 ], [ 136.653383508, 36.523324723 ], [ 136.653311609, 36.523266069 ], [ 136.653240096, 36.52314907 ], [ 136.653240479, 36.523090729 ], [ 136.653096295, 36.523031774 ], [ 136.653024392, 36.522973109 ], [ 136.653026318, 36.522681389 ], [ 136.652954425, 36.52262274 ], [ 136.652882138, 36.522622429 ], [ 136.652810237, 36.522563775 ], [ 136.652737954, 36.522563464 ], [ 136.652666511, 36.52244654 ], [ 136.65266718, 36.522329814 ], [ 136.652739881, 36.522271746 ], [ 136.652740738, 36.522155245 ], [ 136.652538111, 36.52215419 ] ] ] } },
{ "type": "Feature", "properties": { "A54_001": "1", "A54_002": "17", "A54_003": "石川県", "A54_004": "17201", "A54_005": "金沢市", "A54_006": "金沢市0095" }, "geometry": { "type": "Polygon", "coordinates": [ [ [ 136.688309505, 36.521544518 ], [ 136.687731171, 36.5215422 ], [ 136.687729555, 36.521833801 ], [ 136.687656818, 36.521892041 ], [ 136.68765633, 36.522008957 ], [ 136.687657778, 36.52218659 ], [ 136.687581689, 36.522358392 ], [ 136.687363944, 36.522532873 ], [ 136.68721766, 36.522765592 ], [ 136.687216275, 36.52300999 ], [ 136.687644898, 36.523078005 ], [ 136.687794305, 36.523067967 ], [ 136.687866778, 36.522942806 ], [ 136.687940008, 36.522826478 ], [ 136.688085115, 36.522768857 ], [ 136.688229637, 36.522769391 ], [ 136.688735324, 36.522829799 ], [ 136.688734907, 36.522887848 ], [ 136.688879177, 36.522947071 ], [ 136.689023747, 36.52294765 ], [ 136.689241323, 36.522831828 ], [ 136.689313968, 36.522773775 ], [ 136.689314325, 36.522715433 ], [ 136.68902592, 36.522597529 ], [ 136.688736764, 36.522596461 ], [ 136.68844797, 36.522536855 ], [ 136.688376058, 36.522478305 ], [ 136.688376835, 36.522361579 ], [ 136.688450099, 36.522186861 ], [ 136.688596136, 36.521954054 ], [ 136.688668702, 36.521895977 ], [ 136.68881373, 36.521838252 ], [ 136.688815141, 36.521604885 ], [ 136.688742841, 36.521604689 ], [ 136.688670581, 36.521604311 ], [ 136.688309505, 36.521544518 ] ] ] } },
{ "type": "Feature", "properties": { "A54_001": "1", "A54_002": "17", "A54_003": "石川県", "A54_004": "17201", "A54_005": "金沢市", "A54_006": "金沢市0096" }, "geometry": { "type": "Polygon", "coordinates": [ [ [ 136.640245302, 36.520641958 ], [ 136.640172624, 36.520699982 ], [ 136.640171058, 36.520933329 ], [ 136.640098377, 36.52099138 ], [ 136.639809218, 36.520990131 ], [ 136.639592377, 36.520989141 ], [ 136.6395908, 36.521222516 ], [ 136.639734978, 36.5212815 ], [ 136.640023697, 36.521341131 ], [ 136.640167833, 36.521400085 ], [ 136.64023976, 36.521458756 ], [ 136.640311656, 36.521517409 ], [ 136.640383884, 36.52151776 ], [ 136.640527771, 36.521635048 ], [ 136.6405273, 36.521693431 ], [ 136.640599215, 36.52175208 ], [ 136.640598819, 36.521810414 ], [ 136.640815675, 36.521811368 ], [ 136.640818043, 36.52146131 ], [ 136.640601585, 36.521402012 ], [ 136.640529673, 36.521343334 ], [ 136.640530087, 36.521285007 ], [ 136.640313648, 36.52122572 ], [ 136.640242115, 36.521108705 ], [ 136.640242537, 36.521050361 ], [ 136.640242932, 36.520992015 ], [ 136.640316005, 36.520875649 ], [ 136.640317632, 36.520642305 ], [ 136.640245302, 36.520641958 ] ] ] } },
{ "type": "Feature", "properties": { "A54_001": "1", "A54_002": "17", "A54_003": "石川県", "A54_004": "17201", "A54_005": "金沢市", "A54_006": "金沢市0097" }, "geometry": { "type": "Polygon", "coordinates": [ [ [ 136.633846957, 36.515537591 ], [ 136.633702501, 36.515537126 ], [ 136.633340187, 36.51565203 ], [ 136.633267514, 36.515710021 ], [ 136.633194887, 36.515767942 ], [ 136.633049838, 36.515825722 ], [ 136.632977168, 36.515883756 ], [ 136.632975157, 36.516175439 ], [ 136.633264274, 36.516176754 ], [ 136.633335753, 36.516293762 ], [ 136.63340803, 36.516294084 ], [ 136.633479508, 36.516411094 ], [ 136.6335502, 36.516644829 ], [ 136.633477109, 36.516761151 ], [ 136.633332169, 36.51681886 ], [ 136.633186825, 36.516934897 ], [ 136.633330551, 36.517052214 ], [ 136.633474721, 36.517111197 ], [ 136.633546587, 36.517169874 ], [ 136.633690761, 36.517228858 ], [ 136.633834882, 36.517346328 ], [ 136.633906508, 36.517404851 ], [ 136.63397848, 36.517463476 ], [ 136.634050338, 36.517522182 ], [ 136.634122353, 36.517581097 ], [ 136.634338671, 36.517640101 ], [ 136.634482748, 36.517699148 ], [ 136.634554191, 36.517816298 ], [ 136.634625991, 36.517874791 ], [ 136.634842447, 36.517934141 ], [ 136.63491434, 36.517992804 ], [ 136.634986266, 36.518051466 ], [ 136.635275193, 36.518052731 ], [ 136.635275718, 36.517994421 ], [ 136.635420952, 36.517878373 ], [ 136.635493755, 36.51782035 ], [ 136.635566778, 36.51770392 ], [ 136.635639491, 36.517645921 ], [ 136.635712182, 36.517587893 ], [ 136.63571259, 36.517529606 ], [ 136.635640683, 36.517470929 ], [ 136.635568827, 36.517412276 ], [ 136.635497055, 36.517353628 ], [ 136.635135541, 36.517352002 ], [ 136.634991762, 36.517234655 ], [ 136.634992212, 36.517176456 ], [ 136.63506606, 36.516943276 ], [ 136.63506684, 36.516826622 ], [ 136.634850403, 36.516767295 ], [ 136.634633598, 36.51676632 ], [ 136.634488972, 36.51676568 ], [ 136.634417403, 36.516648836 ], [ 136.634345659, 36.516589998 ], [ 136.634129222, 36.516530685 ], [ 136.634057741, 36.516413662 ], [ 136.63398585, 36.516355004 ], [ 136.633986286, 36.516296685 ], [ 136.633914782, 36.516179659 ], [ 136.634059756, 36.516121953 ], [ 136.634276598, 36.516122936 ], [ 136.634278178, 36.515889585 ], [ 136.634134037, 36.515772205 ], [ 136.633990443, 36.51565494 ], [ 136.633846957, 36.515537591 ] ] ] } },
{ "type": "Feature", "properties": { "A54_001": "9", "A54_002": "17", "A54_003": "石川県", "A54_004": "17203", "A54_005": "小松市", "A54_006": "小松市0001" }, "geometry": { "type": "Polygon", "coordinates": [ [ [ 136.528025864, 36.427721792 ], [ 136.526885328, 36.427551152 ], [ 136.52613498, 36.427296751 ], [ 136.525790819, 36.427166139 ], [ 136.525366464, 36.427099478 ], [ 136.524861973, 36.427089613 ], [ 136.524258581, 36.427265209 ], [ 136.524210728, 36.427701322 ], [ 136.524235103, 36.427966137 ], [ 136.524649727, 36.428140055 ], [ 136.525135344, 36.428292891 ], [ 136.52586067, 36.428361169 ], [ 136.526356141, 36.428392442 ], [ 136.526850675, 36.428435212 ], [ 136.526981516, 36.428774937 ], [ 136.526935203, 36.429025065 ], [ 136.526625149, 36.429052018 ], [ 136.526270012, 36.429178878 ], [ 136.525658284, 36.429290053 ], [ 136.5257441, 36.429619581 ], [ 136.526086274, 36.429993405 ], [ 136.526492941, 36.430059969 ], [ 136.526821291, 36.429961579 ], [ 136.527187511, 36.429562939 ], [ 136.527535671, 36.429207122 ], [ 136.527866418, 36.428815443 ], [ 136.528124764, 36.428616524 ], [ 136.528198274, 36.42828785 ], [ 136.528218847, 36.427937433 ], [ 136.528025864, 36.427721792 ] ] ] } },
{ "type": "Feature", "properties": { "A54_001": "9", "A54_002": "17", "A54_003": "石川県", "A54_004": "17203", "A54_005": "小松市", "A54_006": "小松市0001" }, "geometry": { "type": "Polygon", "coordinates": [ [ [ 136.52323803, 36.428647515 ], [ 136.52324222, 36.428139631 ], [ 136.523050313, 36.427795223 ], [ 136.52318551, 36.427502653 ], [ 136.523699268, 36.427462499 ], [ 136.524011144, 36.427213802 ], [ 136.524057466, 36.426963674 ], [ 136.524042768, 36.42659876 ], [ 136.523973487, 36.426412393 ], [ 136.523771078, 36.426268231 ], [ 136.523373285, 36.426201706 ], [ 136.523356879, 36.426044237 ], [ 136.523499449, 36.425930548 ], [ 136.523253964, 36.42564308 ], [ 136.523334927, 36.425486137 ], [ 136.523627677, 36.425409024 ], [ 136.523745224, 36.425109205 ], [ 136.523755432, 36.424944726 ], [ 136.523596753, 36.424865182 ], [ 136.523295684, 36.424877867 ], [ 136.523045245, 36.425191277 ], [ 136.522725409, 36.425332625 ], [ 136.522370283, 36.425459474 ], [ 136.522050918, 36.425543593 ], [ 136.522013205, 36.425822381 ], [ 136.522489006, 36.426089633 ], [ 136.522619418, 36.426376482 ], [ 136.522449109, 36.426633093 ], [ 136.522234009, 36.426953846 ], [ 136.522143245, 36.427225193 ], [ 136.522191154, 36.427854971 ], [ 136.522487212, 36.428450319 ], [ 136.522936002, 36.428774652 ], [ 136.52323803, 36.428647515 ] ] ] } },
{ "type": "Feature", "properties": { "A54_001": "9", "A54_002": "17", "A54_003": "石川県", "A54_004": "17203", "A54_005": "小松市", "A54_006": "小松市0002" }, "geometry": { "type": "Polygon", "coordinates": [ [ [ 136.52798583, 36.415832735 ], [ 136.527886483, 36.416075427 ], [ 136.527927808, 36.41643333 ], [ 136.52782002, 36.416625902 ], [ 136.527280722, 36.416551478 ], [ 136.52680373, 36.416434465 ], [ 136.526183664, 36.416495523 ], [ 136.525758015, 36.41659339 ], [ 136.52513824, 36.416618676 ], [ 136.525092693, 36.416775811 ], [ 136.525329777, 36.417006001 ], [ 136.525745286, 36.417065461 ], [ 136.526178907, 36.417074942 ], [ 136.52636659, 36.416854186 ], [ 136.526658073, 36.416927285 ], [ 136.526922945, 36.417007395 ], [ 136.527231779, 36.417123507 ], [ 136.527620796, 36.417175666 ], [ 136.527859236, 36.417241324 ], [ 136.528108107, 36.41711389 ], [ 136.528277616, 36.416950263 ], [ 136.528587094, 36.416987686 ], [ 136.528709833, 36.417131414 ], [ 136.528672383, 36.417381592 ], [ 136.528529251, 36.417566821 ], [ 136.528447664, 36.417802455 ], [ 136.528606275, 36.417889146 ], [ 136.528890433, 36.417776207 ], [ 136.529092187, 36.417999047 ], [ 136.529179467, 36.418149739 ], [ 136.529578101, 36.418108945 ], [ 136.530013422, 36.417910966 ], [ 136.530263576, 36.417626154 ], [ 136.530301487, 36.417318749 ], [ 136.530233016, 36.417032239 ], [ 136.529908462, 36.416672826 ], [ 136.529584087, 36.416291953 ], [ 136.529338142, 36.416061724 ], [ 136.528791516, 36.415801274 ], [ 136.528545984, 36.41552097 ], [ 136.528121339, 36.415497239 ], [ 136.52798583, 36.415832735 ] ] ] } },
{ "type": "Feature", "properties": { "A54_001": "9", "A54_002": "17", "A54_003": "石川県", "A54_004": "17203", "A54_005": "小松市", "A54_006": "小松市0002" }, "geometry": { "type": "Polygon", "coordinates": [ [ [ 136.52588627, 36.416064709 ], [ 136.526207413, 36.415758826 ], [ 136.526058952, 36.415514805 ], [ 136.525510812, 36.415440327 ], [ 136.525067409, 36.415545249 ], [ 136.525030242, 36.415759659 ], [ 136.525276997, 36.41588975 ], [ 136.525656627, 36.416006247 ], [ 136.52588627, 36.416064709 ] ] ] } },
{ "type": "Feature", "properties": { "A54_001": "9", "A54_002": "17", "A54_003": "石川県", "A54_004": "17203", "A54_005": "小松市", "A54_006": "小松市0002" }, "geometry": { "type": "Polygon", "coordinates": [ [ [ 136.523141376, 36.415127127 ], [ 136.523543889, 36.414614234 ], [ 136.523829752, 36.414293859 ], [ 136.524087058, 36.414216554 ], [ 136.524088472, 36.414044874 ], [ 136.523876773, 36.413957891 ], [ 136.523414495, 36.414205779 ], [ 136.523137718, 36.414497587 ], [ 136.522914276, 36.414761067 ], [ 136.522823884, 36.414989496 ], [ 136.522919644, 36.415183161 ], [ 136.523141376, 36.415127127 ] ] ] } },
{ "type": "Feature", "properties": { "A54_001": "9", "A54_002": "17", "A54_003": "石川県", "A54_004": "17203", "A54_005": "小松市", "A54_006": "小松市0002" }, "geometry": { "type": "Polygon", "coordinates": [ [ [ 136.527210782, 36.419705547 ], [ 136.527553274, 36.419726264 ], [ 136.527764721, 36.419582631 ], [ 136.527813146, 36.419375185 ], [ 136.527899786, 36.419256061 ], [ 136.527955844, 36.419067538 ], [ 136.527964765, 36.418929116 ], [ 136.527919226, 36.418784108 ], [ 136.527771524, 36.418751848 ], [ 136.527685039, 36.41885209 ], [ 136.527520937, 36.418920447 ], [ 136.527294794, 36.418957001 ], [ 136.52720836, 36.419050949 ], [ 136.52717298, 36.419566875 ], [ 136.527210782, 36.419705547 ] ] ] } },
{ "type": "Feature", "properties": { "A54_001": "9", "A54_002": "17", "A54_003": "石川県", "A54_004": "17203", "A54_005": "小松市", "A54_006": "小松市0002" }, "geometry": { "type": "Polygon", "coordinates": [ [ [ 136.526257216, 36.419178027 ], [ 136.526390428, 36.419078036 ], [ 136.526407087, 36.418945949 ], [ 136.526400436, 36.418807444 ], [ 136.52633066, 36.418769305 ], [ 136.52621385, 36.418768678 ], [ 136.526127879, 36.418805982 ], [ 136.526072231, 36.418944153 ], [ 136.526054744, 36.419176941 ], [ 136.526257216, 36.419178027 ] ] ] } },
{ "type": "Feature", "properties": { "A54_001": "9", "A54_002": "17", "A54_003": "石川県", "A54_004": "17203", "A54_005": "小松市", "A54_006": "小松市0002" }, "geometry": { "type": "Polygon", "coordinates": [ [ [ 136.524943893, 36.418837388 ], [ 136.52499975, 36.418674042 ], [ 136.524993671, 36.418466305 ], [ 136.524940558, 36.418296079 ], [ 136.524808951, 36.41820096 ], [ 136.524707923, 36.41817524 ], [ 136.524575436, 36.418187116 ], [ 136.524481108, 36.418293608 ], [ 136.524480123, 36.418413191 ], [ 136.524394049, 36.418463081 ], [ 136.524299979, 36.418538104 ], [ 136.524329729, 36.418708204 ], [ 136.524524257, 36.418728133 ], [ 136.524601819, 36.418766314 ], [ 136.524632088, 36.418873477 ], [ 136.524943893, 36.418837388 ] ] ] } },
{ "type": "Feature", "properties": { "A54_001": "9", "A54_002": "17", "A54_003": "石川県", "A54_004": "17203", "A54_005": "小松市", "A54_006": "小松市0002" }, "geometry": { "type": "Polygon", "coordinates": [ [ [ 136.51867645, 36.415826435 ], [ 136.51840617, 36.415905845 ], [ 136.518193164, 36.415976225 ], [ 136.518043085, 36.416137701 ], [ 136.518297809, 36.41640973 ], [ 136.518537117, 36.416662793 ], [ 136.518691082, 36.416877627 ], [ 136.518735035, 36.417211453 ], [ 136.518655177, 36.417450195 ], [ 136.518473091, 36.417807969 ], [ 136.518362971, 36.417939547 ], [ 136.518129249, 36.417950866 ], [ 136.517990335, 36.417799054 ], [ 136.51781238, 36.417659617 ], [ 136.517602492, 36.417614417 ], [ 136.517547353, 36.417689647 ], [ 136.517522682, 36.417846865 ], [ 136.517607189, 36.417985794 ], [ 136.517690964, 36.418212837 ], [ 136.517970887, 36.41826471 ], [ 136.518531624, 36.418261462 ], [ 136.518906145, 36.418175377 ], [ 136.519172427, 36.417994292 ], [ 136.519307212, 36.417705495 ], [ 136.519449418, 36.417460797 ], [ 136.519474607, 36.41724064 ], [ 136.519477113, 36.416938537 ], [ 136.519447792, 36.416718085 ], [ 136.519417688, 36.41659204 ], [ 136.519356174, 36.416497295 ], [ 136.519091465, 36.416489566 ], [ 136.518968387, 36.41630637 ], [ 136.518961749, 36.416167864 ], [ 136.518792681, 36.415896301 ], [ 136.51867645, 36.415826435 ] ] ] } },
{ "type": "Feature", "properties": { "A54_001": "9", "A54_002": "17", "A54_003": "石川県", "A54_004": "17203", "A54_005": "小松市", "A54_006": "小松市0002" }, "geometry": { "type": "Polygon", "coordinates": [ [ [ 136.516337531, 36.417085125 ], [ 136.516408717, 36.416953337 ], [ 136.516277647, 36.416795271 ], [ 136.516278224, 36.416726039 ], [ 136.516558823, 36.416696097 ], [ 136.516762022, 36.416609086 ], [ 136.516858298, 36.416269729 ], [ 136.516782, 36.416080491 ], [ 136.516588215, 36.415972436 ], [ 136.516129199, 36.415919584 ], [ 136.515982715, 36.415742551 ], [ 136.515780935, 36.415659628 ], [ 136.515399845, 36.415600903 ], [ 136.515259416, 36.415631608 ], [ 136.515210854, 36.415851636 ], [ 136.515302617, 36.416053547 ], [ 136.515482035, 36.416016761 ], [ 136.515537227, 36.415935239 ], [ 136.51573864, 36.416062219 ], [ 136.515902115, 36.416069404 ], [ 136.516220965, 36.416121494 ], [ 136.516328882, 36.416254258 ], [ 136.516350617, 36.416449493 ], [ 136.516271802, 36.416562358 ], [ 136.516038346, 36.416542204 ], [ 136.515757853, 36.416559557 ], [ 136.515741438, 36.416660173 ], [ 136.515825784, 36.416817985 ], [ 136.515926229, 36.416912944 ], [ 136.51613517, 36.417071435 ], [ 136.516337531, 36.417085125 ] ] ] } },
{ "type": "Feature", "properties": { "A54_001": "9", "A54_002": "17", "A54_003": "石川県", "A54_004": "17203", "A54_005": "小松市", "A54_006": "小松市0002" }, "geometry": { "type": "Polygon", "coordinates": [ [ [ 136.516372014, 36.415750966 ], [ 136.516691439, 36.415733823 ], [ 136.516801349, 36.415627421 ], [ 136.516817971, 36.41550163 ], [ 136.516740678, 36.415431974 ], [ 136.516608614, 36.415393491 ], [ 136.516406414, 36.415360919 ], [ 136.516297082, 36.415398089 ], [ 136.51629619, 36.415505083 ], [ 136.516295403, 36.41559949 ], [ 136.516372014, 36.415750966 ] ] ] } },
{ "type": "Feature", "properties": { "A54_001": "9", "A54_002": "17", "A54_003": "石川県", "A54_004": "17203", "A54_005": "小松市", "A54_006": "小松市0002" }, "geometry": { "type": "Polygon", "coordinates": [ [ [ 136.516635121, 36.41501599 ], [ 136.516676205, 36.414758156 ], [ 136.516576286, 36.414600259 ], [ 136.51651525, 36.414448869 ], [ 136.516469892, 36.414284975 ], [ 136.516260066, 36.41423348 ], [ 136.516042558, 36.414169354 ], [ 136.515895763, 36.414030084 ], [ 136.515756072, 36.413972676 ], [ 136.515638324, 36.414085327 ], [ 136.515587507, 36.41457599 ], [ 136.515663958, 36.414746347 ], [ 136.515943657, 36.414823401 ], [ 136.516278285, 36.4148504 ], [ 136.516417506, 36.414964452 ], [ 136.516440814, 36.414970873 ], [ 136.516635121, 36.41501599 ] ] ] } },
{ "type": "Feature", "properties": { "A54_001": "9", "A54_002": "17", "A54_003": "石川県", "A54_004": "17203", "A54_005": "小松市", "A54_006": "小松市0002" }, "geometry": { "type": "Polygon", "coordinates": [ [ [ 136.516704599, 36.414154077 ], [ 136.516713644, 36.414003068 ], [ 136.516567477, 36.413788273 ], [ 136.51660004, 36.41361851 ], [ 136.51625847, 36.413490768 ], [ 136.516016817, 36.413520922 ], [ 136.515898755, 36.413671337 ], [ 136.515850827, 36.41381584 ], [ 136.515958845, 36.413936016 ], [ 136.51613005, 36.413949537 ], [ 136.516339718, 36.414019915 ], [ 136.516455629, 36.414127545 ], [ 136.516556334, 36.414191035 ], [ 136.516704599, 36.414154077 ] ] ] } },
{ "type": "Feature", "properties": { "A54_001": "9", "A54_002": "17", "A54_003": "石川県", "A54_004": "17203", "A54_005": "小松市", "A54_006": "小松市0002" }, "geometry": { "type": "Polygon", "coordinates": [ [ [ 136.51638416, 36.413359277 ], [ 136.516710838, 36.413405114 ], [ 136.516944651, 36.41338121 ], [ 136.517015413, 36.413299772 ], [ 136.516992892, 36.413198944 ], [ 136.5167676, 36.413134777 ], [ 136.516636064, 36.413033356 ], [ 136.516614119, 36.412863296 ], [ 136.516662098, 36.412712498 ], [ 136.516802521, 36.412681792 ], [ 136.516988668, 36.412770923 ], [ 136.517096477, 36.412916273 ], [ 136.517430836, 36.412974739 ], [ 136.517633291, 36.412975839 ], [ 136.517789654, 36.41290116 ], [ 136.517806379, 36.412762781 ], [ 136.517565671, 36.412679649 ], [ 136.517386943, 36.412634619 ], [ 136.517224522, 36.41250156 ], [ 136.517202158, 36.41238185 ], [ 136.517257607, 36.412268858 ], [ 136.517415697, 36.411986483 ], [ 136.51740922, 36.411829096 ], [ 136.517136793, 36.411815026 ], [ 136.516832118, 36.411932956 ], [ 136.516566009, 36.412095154 ], [ 136.516463524, 36.412245654 ], [ 136.516446325, 36.412440678 ], [ 136.516319587, 36.412698045 ], [ 136.516177642, 36.412911271 ], [ 136.516190697, 36.413213459 ], [ 136.516244155, 36.413339632 ], [ 136.51638416, 36.413359277 ] ] ] } },
{ "type": "Feature", "properties": { "A54_001": "9", "A54_002": "17", "A54_003": "石川県", "A54_004": "17203", "A54_005": "小松市", "A54_006": "小松市0002" }, "geometry": { "type": "Polygon", "coordinates": [ [ [ 136.518401776, 36.413187503 ], [ 136.518705592, 36.412838623 ], [ 136.519211652, 36.41264822 ], [ 136.519470619, 36.412370632 ], [ 136.519436702, 36.412191607 ], [ 136.519048487, 36.412046429 ], [ 136.518623032, 36.412122811 ], [ 136.518373864, 36.412285992 ], [ 136.518089473, 36.412427521 ], [ 136.51799016, 36.412663052 ], [ 136.518111445, 36.412978471 ], [ 136.518162822, 36.413186205 ], [ 136.518401776, 36.413187503 ] ] ] } },
{ "type": "Feature", "properties": { "A54_001": "9", "A54_002": "17", "A54_003": "石川県", "A54_004": "17203", "A54_005": "小松市", "A54_006": "小松市0002" }, "geometry": { "type": "Polygon", "coordinates": [ [ [ 136.519722777, 36.413981568 ], [ 136.520149782, 36.413719196 ], [ 136.520382139, 36.413448615 ], [ 136.520313234, 36.413219326 ], [ 136.520102311, 36.413039343 ], [ 136.519829261, 36.412880484 ], [ 136.519652378, 36.412865218 ], [ 136.519544871, 36.413022016 ], [ 136.519560436, 36.413279631 ], [ 136.519585859, 36.413415688 ], [ 136.519504605, 36.413608396 ], [ 136.519459405, 36.413722609 ], [ 136.519511201, 36.41388027 ], [ 136.519722777, 36.413981568 ] ] ] } },
{ "type": "Feature", "properties": { "A54_001": "1", "A54_002": "17", "A54_003": "石川県", "A54_004": "17203", "A54_005": "小松市", "A54_006": "小松市0003" }, "geometry": { "type": "Polygon", "coordinates": [ [ [ 136.528151597, 36.413723237 ], [ 136.52765062, 36.413654982 ], [ 136.527311606, 36.41362336 ], [ 136.527112427, 36.413628255 ], [ 136.527111352, 36.413759399 ], [ 136.527596162, 36.41400045 ], [ 136.52805885, 36.41424138 ], [ 136.528359821, 36.41441587 ], [ 136.528809371, 36.414460002 ], [ 136.529318557, 36.414426953 ], [ 136.529417064, 36.414105565 ], [ 136.529506979, 36.413933165 ], [ 136.529780835, 36.413815398 ], [ 136.530032614, 36.413691552 ], [ 136.529990016, 36.413488639 ], [ 136.529644745, 36.413319879 ], [ 136.528870841, 36.413256134 ], [ 136.528511408, 36.413015758 ], [ 136.527907184, 36.412946952 ], [ 136.527613888, 36.412736735 ], [ 136.527370704, 36.412711587 ], [ 136.526868318, 36.412816201 ], [ 136.526990909, 36.413156656 ], [ 136.52735825, 36.413331503 ], [ 136.527564755, 36.413332609 ], [ 136.527977715, 36.41334078 ], [ 136.528197994, 36.413461185 ], [ 136.528322494, 36.413569156 ], [ 136.528424821, 36.413682969 ], [ 136.528402354, 36.413724578 ], [ 136.528151597, 36.413723237 ] ] ] } },
{ "type": "Feature", "properties": { "A54_001": "1", "A54_002": "17", "A54_003": "石川県", "A54_004": "17203", "A54_005": "小松市", "A54_006": "小松市0004" }, "geometry": { "type": "Polygon", "coordinates": [ [ [ 136.523154863, 36.410213303 ], [ 136.523421046, 36.410131278 ], [ 136.523540664, 36.409935197 ], [ 136.523631668, 36.409631657 ], [ 136.523626061, 36.409417018 ], [ 136.523517257, 36.409195861 ], [ 136.523318679, 36.409129216 ], [ 136.523069117, 36.408984799 ], [ 136.522907709, 36.408882585 ], [ 136.522781846, 36.40894152 ], [ 136.522756919, 36.409281184 ], [ 136.522733958, 36.409382404 ], [ 136.522644821, 36.409459421 ], [ 136.522658193, 36.409626411 ], [ 136.522745609, 36.409758033 ], [ 136.522721517, 36.409996358 ], [ 136.522691526, 36.41005581 ], [ 136.52275667, 36.410205195 ], [ 136.522896251, 36.410271523 ], [ 136.523154863, 36.410213303 ] ] ] } },
{ "type": "Feature", "properties": { "A54_001": "1", "A54_002": "17", "A54_003": "石川県", "A54_004": "17203", "A54_005": "小松市", "A54_006": "小松市0004" }, "geometry": { "type": "Polygon", "coordinates": [ [ [ 136.520366814, 36.40756928 ], [ 136.520759395, 36.407362757 ], [ 136.520812744, 36.407154397 ], [ 136.520651145, 36.407076025 ], [ 136.520385414, 36.407104394 ], [ 136.520281084, 36.407234979 ], [ 136.519986051, 36.407239343 ], [ 136.519786444, 36.407297876 ], [ 136.519762986, 36.407458706 ], [ 136.520101427, 36.407555921 ], [ 136.520366814, 36.40756928 ] ] ] } },
{ "type": "Feature", "properties": { "A54_001": "1", "A54_002": "17", "A54_003": "石川県", "A54_004": "17203", "A54_005": "小松市", "A54_006": "小松市0004" }, "geometry": { "type": "Polygon", "coordinates": [ [ [ 136.520680221, 36.408018079 ], [ 136.5202465, 36.407848814 ], [ 136.520032833, 36.407823811 ], [ 136.519936123, 36.407924631 ], [ 136.520030512, 36.408103983 ], [ 136.520278732, 36.408409357 ], [ 136.520578922, 36.408673282 ], [ 136.520775524, 36.408978376 ], [ 136.521003203, 36.409092873 ], [ 136.521313879, 36.408981286 ], [ 136.521529472, 36.408773803 ], [ 136.521620087, 36.408517954 ], [ 136.521695755, 36.408285869 ], [ 136.522020684, 36.408233972 ], [ 136.522264196, 36.408217402 ], [ 136.522590403, 36.408010514 ], [ 136.522732341, 36.407790708 ], [ 136.522741142, 36.407617876 ], [ 136.522587014, 36.407527624 ], [ 136.522143257, 36.407680226 ], [ 136.522026741, 36.407500755 ], [ 136.522008162, 36.407071436 ], [ 136.521987811, 36.406856717 ], [ 136.52186274, 36.406820273 ], [ 136.521745289, 36.406754064 ], [ 136.521625621, 36.406956104 ], [ 136.521419282, 36.406937105 ], [ 136.521339295, 36.406799561 ], [ 136.521186057, 36.406602008 ], [ 136.521001892, 36.406577167 ], [ 136.520853563, 36.406677708 ], [ 136.520888018, 36.406970002 ], [ 136.521040172, 36.4072987 ], [ 136.521205991, 36.407758622 ], [ 136.521394971, 36.40809348 ], [ 136.52135652, 36.408284036 ], [ 136.521083312, 36.408324289 ], [ 136.520832672, 36.408311011 ], [ 136.520790052, 36.408114055 ], [ 136.520680221, 36.408018079 ] ] ] } },
{ "type": "Feature", "properties": { "A54_001": "1", "A54_002": "17", "A54_003": "石川県", "A54_004": "17203", "A54_005": "小松市", "A54_006": "小松市0004" }, "geometry": { "type": "Polygon", "coordinates": [ [ [ 136.52058887, 36.406580894 ], [ 136.520694333, 36.406313203 ], [ 136.52097555, 36.406195496 ], [ 136.521278594, 36.406113675 ], [ 136.521375842, 36.405947282 ], [ 136.521370439, 36.405708798 ], [ 136.5211496, 36.405659914 ], [ 136.520920845, 36.405676561 ], [ 136.520699119, 36.405734975 ], [ 136.520461903, 36.405882726 ], [ 136.520364851, 36.406025274 ], [ 136.520318925, 36.406227712 ], [ 136.520346054, 36.406514005 ], [ 136.52058887, 36.406580894 ] ] ] } },
{ "type": "Feature", "properties": { "A54_001": "1", "A54_002": "17", "A54_003": "石川県", "A54_004": "17203", "A54_005": "小松市", "A54_006": "小松市0003" }, "geometry": { "type": "Polygon", "coordinates": [ [ [ 136.529834297, 36.412675943 ], [ 136.529799498, 36.412486439 ], [ 136.529687308, 36.412378124 ], [ 136.529598841, 36.412331954 ], [ 136.529381072, 36.412294887 ], [ 136.529223583, 36.412294046 ], [ 136.529142632, 36.412316463 ], [ 136.529230433, 36.412444232 ], [ 136.52937113, 36.412523322 ], [ 136.529487598, 36.412602283 ], [ 136.529680339, 36.41273714 ], [ 136.529768674, 36.41279963 ], [ 136.529837483, 36.412780412 ], [ 136.529834297, 36.412675943 ] ] ] } },
{ "type": "Feature", "properties": { "A54_001": "1", "A54_002": "17", "A54_003": "石川県", "A54_004": "17203", "A54_005": "小松市", "A54_006": "小松市0005" }, "geometry": { "type": "Polygon", "coordinates": [ [ [ 136.499856721, 36.400272827 ], [ 136.500554667, 36.400405488 ], [ 136.501245169, 36.400373569 ], [ 136.501697122, 36.400297396 ], [ 136.502017928, 36.400034497 ], [ 136.50215352, 36.39969903 ], [ 136.502164256, 36.399477327 ], [ 136.501846316, 36.399404021 ], [ 136.501483159, 36.39944492 ], [ 136.501215385, 36.399715267 ], [ 136.500709916, 36.399841215 ], [ 136.500366041, 36.399696224 ], [ 136.500174059, 36.399380392 ], [ 136.500167714, 36.399087057 ], [ 136.500409311, 36.398773645 ], [ 136.501055617, 36.398734327 ], [ 136.501561688, 36.398536844 ], [ 136.501777097, 36.398180361 ], [ 136.501511827, 36.398157423 ], [ 136.501007406, 36.398161766 ], [ 136.500849781, 36.397967739 ], [ 136.50050567, 36.397851361 ], [ 136.500090284, 36.397791814 ], [ 136.500083207, 36.397584319 ], [ 136.500068992, 36.397176481 ], [ 136.500027194, 36.396890102 ], [ 136.500331332, 36.396505502 ], [ 136.500466192, 36.396255876 ], [ 136.500481914, 36.395980469 ], [ 136.500430086, 36.395832338 ], [ 136.500341767, 36.395812769 ], [ 136.500158946, 36.395806979 ], [ 136.499916974, 36.395819936 ], [ 136.499805631, 36.39573347 ], [ 136.499718534, 36.395570835 ], [ 136.499519525, 36.395388497 ], [ 136.499212872, 36.395377246 ], [ 136.499088468, 36.395438549 ], [ 136.499074224, 36.395724615 ], [ 136.499219044, 36.396035416 ], [ 136.4993886, 36.396212821 ], [ 136.499439529, 36.396465867 ], [ 136.499414711, 36.396608802 ], [ 136.499224766, 36.396746044 ], [ 136.499011062, 36.39690223 ], [ 136.498745002, 36.396972279 ], [ 136.498696342, 36.397143695 ], [ 136.49894177, 36.397416906 ], [ 136.499058157, 36.397603551 ], [ 136.499055425, 36.397923066 ], [ 136.499029504, 36.39819476 ], [ 136.498945614, 36.398346902 ], [ 136.498884748, 36.39856594 ], [ 136.498894506, 36.39880445 ], [ 136.499057149, 36.399101043 ], [ 136.499065481, 36.399506463 ], [ 136.499063197, 36.39977352 ], [ 136.498932887, 36.39983479 ], [ 136.498836829, 36.400029786 ], [ 136.498830033, 36.400134668 ], [ 136.499000617, 36.400192851 ], [ 136.499431252, 36.400195258 ], [ 136.499625759, 36.400215421 ], [ 136.499856721, 36.400272827 ] ] ] } },
{ "type": "Feature", "properties": { "A54_001": "1", "A54_002": "17", "A54_003": "石川県", "A54_004": "17203", "A54_005": "小松市", "A54_006": "小松市0006" }, "geometry": { "type": "Polygon", "coordinates": [ [ [ 136.447243799, 36.350857998 ], [ 136.446698234, 36.350561412 ], [ 136.44606319, 36.350378742 ], [ 136.445656811, 36.350333369 ], [ 136.445549707, 36.350440028 ], [ 136.445537764, 36.350776179 ], [ 136.445649953, 36.351077311 ], [ 136.445948637, 36.351293723 ], [ 136.4466737, 36.351305247 ], [ 136.447372233, 36.351316607 ], [ 136.447795647, 36.351433614 ], [ 136.448101933, 36.351785986 ], [ 136.44830401, 36.351930275 ], [ 136.448587712, 36.351853289 ], [ 136.448615686, 36.351696076 ], [ 136.448299175, 36.351493871 ], [ 136.448177672, 36.351242762 ], [ 136.448089899, 36.351170697 ], [ 136.448117874, 36.351013484 ], [ 136.448401573, 36.350936499 ], [ 136.448342694, 36.350607076 ], [ 136.448371456, 36.350364024 ], [ 136.448170895, 36.350055209 ], [ 136.44801238, 36.34998272 ], [ 136.447817114, 36.350060236 ], [ 136.447776811, 36.35059652 ], [ 136.447607282, 36.350760034 ], [ 136.447508891, 36.350881055 ], [ 136.447243799, 36.350857998 ] ] ] } },
{ "type": "Feature", "properties": { "A54_001": "1", "A54_002": "17", "A54_003": "石川県", "A54_004": "17203", "A54_005": "小松市", "A54_006": "小松市0007" }, "geometry": { "type": "Polygon", "coordinates": [ [ [ 136.447452556, 36.339226764 ], [ 136.447448814, 36.339316458 ], [ 136.447386243, 36.339344091 ], [ 136.44725495, 36.339315291 ], [ 136.447181305, 36.339262539 ], [ 136.447023091, 36.3392824 ], [ 136.446969431, 36.339508611 ], [ 136.447181351, 36.339700652 ], [ 136.447481251, 36.339940913 ], [ 136.447855492, 36.340110084 ], [ 136.448009402, 36.340200431 ], [ 136.448178213, 36.340272982 ], [ 136.448319302, 36.340154602 ], [ 136.448336611, 36.33987452 ], [ 136.448360412, 36.339689859 ], [ 136.448436391, 36.339439936 ], [ 136.448431814, 36.339135876 ], [ 136.448374621, 36.338944768 ], [ 136.448242543, 36.33888436 ], [ 136.448153744, 36.338925556 ], [ 136.448056646, 36.339068046 ], [ 136.447995894, 36.339264407 ], [ 136.447833578, 36.339287277 ], [ 136.447664934, 36.339196841 ], [ 136.447452556, 36.339226764 ] ] ] } },
{ "type": "Feature", "properties": { "A54_001": "1", "A54_002": "17", "A54_003": "石川県", "A54_004": "17203", "A54_005": "小松市", "A54_006": "小松市0008" }, "geometry": { "type": "Polygon", "coordinates": [ [ [ 136.430946319, 36.328408779 ], [ 136.431295145, 36.3281367 ], [ 136.431519402, 36.327792318 ], [ 136.431536599, 36.327530121 ], [ 136.431272789, 36.327379463 ], [ 136.431022874, 36.327318311 ], [ 136.430808954, 36.327346802 ], [ 136.430719206, 36.327489323 ], [ 136.430746208, 36.327751792 ], [ 136.430714442, 36.327996014 ], [ 136.430640044, 36.328073055 ], [ 136.430652143, 36.328353316 ], [ 136.430946319, 36.328408779 ] ] ] } },
{ "type": "Feature", "properties": { "A54_001": "9", "A54_002": "17", "A54_003": "石川県", "A54_004": "17203", "A54_005": "小松市", "A54_006": "小松市0009" }, "geometry": { "type": "Polygon", "coordinates": [ [ [ 136.439126649, 36.331725701 ], [ 136.440001756, 36.331745331 ], [ 136.440541444, 36.331705688 ], [ 136.440719454, 36.331578003 ], [ 136.440579528, 36.331412618 ], [ 136.440244973, 36.331260358 ], [ 136.440203691, 36.330945344 ], [ 136.440064497, 36.330701272 ], [ 136.439914803, 36.330635979 ], [ 136.439702361, 36.330663302 ], [ 136.439558318, 36.33094142 ], [ 136.439589893, 36.331349373 ], [ 136.439439135, 36.331398532 ], [ 136.439424046, 36.331119446 ], [ 136.439372663, 36.330940291 ], [ 136.439205221, 36.330882043 ], [ 136.438938803, 36.331009188 ], [ 136.438796486, 36.331101319 ], [ 136.438723498, 36.331344101 ], [ 136.438722034, 36.331501473 ], [ 136.438799938, 36.33168079 ], [ 136.439011586, 36.331739308 ], [ 136.439126649, 36.331725701 ] ] ] } },
{ "type": "Feature", "properties": { "A54_001": "1", "A54_002": "17", "A54_003": "石川県", "A54_004": "17203", "A54_005": "小松市", "A54_006": "小松市0010" }, "geometry": { "type": "Polygon", "coordinates": [ [ [ 136.403010854, 36.315693357 ], [ 136.403227003, 36.31560261 ], [ 136.403331658, 36.315428334 ], [ 136.403374858, 36.315228307 ], [ 136.40335245, 36.315108935 ], [ 136.403247406, 36.315003344 ], [ 136.403129787, 36.314978747 ], [ 136.402953057, 36.314972849 ], [ 136.402652304, 36.314994773 ], [ 136.402527629, 36.315089359 ], [ 136.40251375, 36.315303881 ], [ 136.402529799, 36.315470904 ], [ 136.402594106, 36.315523775 ], [ 136.402716967, 36.315615173 ], [ 136.402804612, 36.315692039 ], [ 136.403010854, 36.315693357 ] ] ] } },
{ "type": "Feature", "properties": { "A54_001": "1", "A54_002": "17", "A54_003": "石川県", "A54_004": "17206", "A54_005": "加賀市", "A54_006": "加賀市0001" }, "geometry": { "type": "Polygon", "coordinates": [ [ [ 136.301240893, 36.344570539 ], [ 136.301508525, 36.344357869 ], [ 136.301600503, 36.344036622 ], [ 136.301620249, 36.343583703 ], [ 136.301302115, 36.343032957 ], [ 136.300978576, 36.342971 ], [ 136.300800157, 36.34311278 ], [ 136.300620813, 36.343338011 ], [ 136.300558436, 36.343647549 ], [ 136.300553025, 36.344136339 ], [ 136.300726828, 36.34441182 ], [ 136.300931688, 36.344544454 ], [ 136.301240893, 36.344570539 ] ] ] } },
{ "type": "Feature", "properties": { "A54_001": "1", "A54_002": "17", "A54_003": "石川県", "A54_004": "17206", "A54_005": "加賀市", "A54_006": "加賀市0002" }, "geometry": { "type": "Polygon", "coordinates": [ [ [ 136.298085101, 36.339432814 ], [ 136.297481339, 36.339392657 ], [ 136.296452366, 36.339158637 ], [ 136.296010963, 36.339095809 ], [ 136.295377999, 36.339031583 ], [ 136.294935667, 36.339052202 ], [ 136.294859466, 36.339278177 ], [ 136.29493155, 36.339421775 ], [ 136.295298081, 36.339591366 ], [ 136.295723025, 36.339809072 ], [ 136.296222977, 36.339908096 ], [ 136.296705941, 36.340209679 ], [ 136.297145629, 36.340427488 ], [ 136.297891859, 36.340909822 ], [ 136.29833076, 36.341199156 ], [ 136.298696249, 36.34146411 ], [ 136.299268442, 36.341694796 ], [ 136.29987143, 36.341806475 ], [ 136.300491269, 36.341727511 ], [ 136.300907705, 36.34138477 ], [ 136.300984155, 36.341134948 ], [ 136.301001661, 36.340884698 ], [ 136.30101798, 36.340741744 ], [ 136.300667354, 36.340464982 ], [ 136.300303579, 36.340045052 ], [ 136.299868507, 36.339409995 ], [ 136.299255691, 36.338857105 ], [ 136.29890508, 36.338580338 ], [ 136.298567223, 36.338482503 ], [ 136.298110159, 36.338503027 ], [ 136.298004761, 36.338704947 ], [ 136.298193014, 36.339004382 ], [ 136.298352724, 36.339220151 ], [ 136.298335739, 36.339422713 ], [ 136.298085101, 36.339432814 ] ] ] } },
{ "type": "Feature", "properties": { "A54_001": "1", "A54_002": "17", "A54_003": "石川県", "A54_004": "17206", "A54_005": "加賀市", "A54_006": "加賀市0003" }, "geometry": { "type": "Polygon", "coordinates": [ [ [ 136.329962951, 36.333722731 ], [ 136.329687455, 36.333303507 ], [ 136.329041558, 36.33307245 ], [ 136.328496764, 36.333032863 ], [ 136.32793238, 36.333446199 ], [ 136.327691386, 36.333933339 ], [ 136.327551872, 36.334576187 ], [ 136.3274727, 36.335088308 ], [ 136.327672854, 36.335662004 ], [ 136.327977306, 36.336129126 ], [ 136.328402071, 36.336370561 ], [ 136.328843487, 36.336433269 ], [ 136.329271445, 36.336376655 ], [ 136.329659659, 36.335902466 ], [ 136.329990586, 36.335272878 ], [ 136.330072673, 36.334486553 ], [ 136.330033439, 36.334021293 ], [ 136.329962951, 36.333722731 ] ] ] } },
{ "type": "Feature", "properties": { "A54_001": "1", "A54_002": "17", "A54_003": "石川県", "A54_004": "17206", "A54_005": "加賀市", "A54_006": "加賀市0004" }, "geometry": { "type": "Polygon", "coordinates": [ [ [ 136.331373, 36.335532925 ], [ 136.330888782, 36.335338776 ], [ 136.33059421, 36.335324793 ], [ 136.330340785, 36.335597243 ], [ 136.330366306, 36.335967026 ], [ 136.330658078, 36.33624329 ], [ 136.33123084, 36.336426135 ], [ 136.331775787, 36.336453789 ], [ 136.332145692, 36.336313299 ], [ 136.332075322, 36.336002817 ], [ 136.331959857, 36.335775479 ], [ 136.331607997, 36.335606103 ], [ 136.331373, 36.335532925 ] ] ] } },
{ "type": "Feature", "properties": { "A54_001": "1", "A54_002": "17", "A54_003": "石川県", "A54_004": "17206", "A54_005": "加賀市", "A54_006": "加賀市0005" }, "geometry": { "type": "Polygon", "coordinates": [ [ [ 136.336034233, 36.326766434 ], [ 136.336638933, 36.326711021 ], [ 136.337303829, 36.326536795 ], [ 136.337308629, 36.326083765 ], [ 136.337076308, 36.325760238 ], [ 136.336772093, 36.325269294 ], [ 136.336598961, 36.324922333 ], [ 136.336351282, 36.324658312 ], [ 136.335970628, 36.324429135 ], [ 136.335634681, 36.324152577 ], [ 136.33535906, 36.323745287 ], [ 136.335184292, 36.323553308 ], [ 136.334862451, 36.323336459 ], [ 136.33434858, 36.323165964 ], [ 136.333890219, 36.323317767 ], [ 136.333841836, 36.32371088 ], [ 136.333896582, 36.324104712 ], [ 136.334159872, 36.324285388 ], [ 136.334512701, 36.324359381 ], [ 136.334747795, 36.324420631 ], [ 136.334965496, 36.324732137 ], [ 136.335079307, 36.325114457 ], [ 136.33551497, 36.325713624 ], [ 136.3355837, 36.326179089 ], [ 136.335581295, 36.326405604 ], [ 136.335829484, 36.326621939 ], [ 136.336034233, 36.326766434 ] ] ] } },
{ "type": "Feature", "properties": { "A54_001": "1", "A54_002": "17", "A54_003": "石川県", "A54_004": "17206", "A54_005": "加賀市", "A54_006": "加賀市0006" }, "geometry": { "type": "Polygon", "coordinates": [ [ [ 136.343027194, 36.323508183 ], [ 136.342629829, 36.323430649 ], [ 136.342542602, 36.323934624 ], [ 136.342261539, 36.324477367 ], [ 136.341437733, 36.323876473 ], [ 136.341117902, 36.323721404 ], [ 136.341205129, 36.323905549 ], [ 136.341205129, 36.324477367 ], [ 136.340972525, 36.324826273 ], [ 136.339974266, 36.325446551 ], [ 136.339916115, 36.32570823 ], [ 136.340662386, 36.325785765 ], [ 136.342755823, 36.325824532 ], [ 136.343172572, 36.325262406 ], [ 136.343463327, 36.325087953 ], [ 136.343918843, 36.325058877 ], [ 136.34469419, 36.325068569 ], [ 136.345750601, 36.325369016 ], [ 136.345789368, 36.325039494 ], [ 136.345925054, 36.324923192 ], [ 136.346060739, 36.324797198 ], [ 136.346710092, 36.32480689 ], [ 136.346535639, 36.324671204 ], [ 136.345605223, 36.324409524 ], [ 136.345721525, 36.32407031 ], [ 136.346283652, 36.324147845 ], [ 136.346661633, 36.324002467 ], [ 136.34659379, 36.323721404 ], [ 136.346516256, 36.32312051 ], [ 136.3452757, 36.323178661 ], [ 136.344442203, 36.323672945 ], [ 136.343240415, 36.32359541 ], [ 136.343027194, 36.323508183 ] ] ] } },
{ "type": "Feature", "properties": { "A54_001": "1", "A54_002": "17", "A54_003": "石川県", "A54_004": "17206", "A54_005": "加賀市", "A54_006": "加賀市0007" }, "geometry": { "type": "Polygon", "coordinates": [ [ [ 136.342718266, 36.323080875 ], [ 136.343499476, 36.323050489 ], [ 136.344515908, 36.323069407 ], [ 136.345136308, 36.322918676 ], [ 136.345403247, 36.322753592 ], [ 136.345568432, 36.322456658 ], [ 136.345601022, 36.322158813 ], [ 136.345561076, 36.321753165 ], [ 136.345446592, 36.321430464 ], [ 136.345241964, 36.321274062 ], [ 136.344801119, 36.321163727 ], [ 136.344080361, 36.321051465 ], [ 136.343328385, 36.321105902 ], [ 136.343019132, 36.321091848 ], [ 136.342589636, 36.321303498 ], [ 136.342219443, 36.321479787 ], [ 136.341747378, 36.321536144 ], [ 136.341395183, 36.321402563 ], [ 136.341118536, 36.321090661 ], [ 136.340869595, 36.320945868 ], [ 136.34032299, 36.321085164 ], [ 136.339717202, 36.321247893 ], [ 136.339333405, 36.321316774 ], [ 136.339197412, 36.321637747 ], [ 136.339047316, 36.321899009 ], [ 136.338984353, 36.322280101 ], [ 136.338834254, 36.322541362 ], [ 136.338786653, 36.322862946 ], [ 136.338914583, 36.323304974 ], [ 136.339043523, 36.323651626 ], [ 136.339373372, 36.324467675 ], [ 136.339421831, 36.324748739 ], [ 136.339867655, 36.324991034 ], [ 136.340245637, 36.324855349 ], [ 136.340722812, 36.323687087 ], [ 136.341109385, 36.32335592 ], [ 136.341376334, 36.323190845 ], [ 136.341863267, 36.32312267 ], [ 136.342349572, 36.323114101 ], [ 136.342718266, 36.323080875 ] ] ] } },
{ "type": "Feature", "properties": { "A54_001": "1", "A54_002": "17", "A54_003": "石川県", "A54_004": "17206", "A54_005": "加賀市", "A54_006": "加賀市0008" }, "geometry": { "type": "Polygon", "coordinates": [ [ [ 136.336877929, 36.32362469 ], [ 136.337101952, 36.323340099 ], [ 136.337106121, 36.322946678 ], [ 136.337140512, 36.322481929 ], [ 136.336952905, 36.322111022 ], [ 136.336748419, 36.321942684 ], [ 136.33649822, 36.321917101 ], [ 136.336187574, 36.322034171 ], [ 136.335979422, 36.322211566 ], [ 136.335812937, 36.322627705 ], [ 136.335722011, 36.322865528 ], [ 136.335734719, 36.32305638 ], [ 136.33586453, 36.323319583 ], [ 136.336055043, 36.323416288 ], [ 136.336333448, 36.323561296 ], [ 136.336568035, 36.32367023 ], [ 136.336877929, 36.32362469 ] ] ] } },
{ "type": "Feature", "properties": { "A54_001": "1", "A54_002": "17", "A54_003": "石川県", "A54_004": "17206", "A54_005": "加賀市", "A54_006": "加賀市0009" }, "geometry": { "type": "Polygon", "coordinates": [ [ [ 136.394805345, 36.302551406 ], [ 136.395168758, 36.303042587 ], [ 136.395506237, 36.303175915 ], [ 136.395935259, 36.302987916 ], [ 136.396320913, 36.302716175 ], [ 136.39689769, 36.302481432 ], [ 136.397297832, 36.302233628 ], [ 136.397726845, 36.302045621 ], [ 136.398082094, 36.301869062 ], [ 136.398438043, 36.30162097 ], [ 136.399030001, 36.301338622 ], [ 136.399282493, 36.301125631 ], [ 136.399328314, 36.300959006 ], [ 136.399330649, 36.300720563 ], [ 136.399185697, 36.300481176 ], [ 136.398719053, 36.300001267 ], [ 136.398443651, 36.299546429 ], [ 136.398252765, 36.299485589 ], [ 136.398046099, 36.299531952 ], [ 136.397984846, 36.299770016 ], [ 136.398069125, 36.300187857 ], [ 136.398182628, 36.300629732 ], [ 136.398195018, 36.300868269 ], [ 136.398001439, 36.301081636 ], [ 136.397676821, 36.301139163 ], [ 136.397485347, 36.301137932 ], [ 136.397107433, 36.300622818 ], [ 136.396789844, 36.299965017 ], [ 136.396312005, 36.299127341 ], [ 136.395901838, 36.298898164 ], [ 136.395635672, 36.299003754 ], [ 136.395325202, 36.29912098 ], [ 136.395161899, 36.299251078 ], [ 136.395201859, 36.299680559 ], [ 136.395532754, 36.300481523 ], [ 136.395951677, 36.301318823 ], [ 136.396036415, 36.301688978 ], [ 136.396048682, 36.301939436 ], [ 136.395854508, 36.30221241 ], [ 136.395484171, 36.302424634 ], [ 136.395041714, 36.302481394 ], [ 136.394805345, 36.302551406 ] ] ] } },
{ "type": "Feature", "properties": { "A54_001": "1", "A54_002": "17", "A54_003": "石川県", "A54_004": "17206", "A54_005": "加賀市", "A54_006": "加賀市0010" }, "geometry": { "type": "Polygon", "coordinates": [ [ [ 136.400117102, 36.300129464 ], [ 136.400750666, 36.300109678 ], [ 136.402874026, 36.299872878 ], [ 136.403935992, 36.299724658 ], [ 136.404511912, 36.299573333 ], [ 136.405057563, 36.299505272 ], [ 136.405530612, 36.29932944 ], [ 136.405723935, 36.299139905 ], [ 136.405862162, 36.298556564 ], [ 136.40526027, 36.298350045 ], [ 136.404583116, 36.298309963 ], [ 136.403949452, 36.298341692 ], [ 136.403197148, 36.298456121 ], [ 136.40254794, 36.298571203 ], [ 136.40182567, 36.298626201 ], [ 136.40092631, 36.298715829 ], [ 136.400439692, 36.298772326 ], [ 136.399864703, 36.298828255 ], [ 136.399583931, 36.298921838 ], [ 136.399405789, 36.299063769 ], [ 136.399417716, 36.299349994 ], [ 136.399548055, 36.299577364 ], [ 136.399707618, 36.299828768 ], [ 136.399881095, 36.30016372 ], [ 136.400117102, 36.300129464 ] ] ] } },
{ "type": "Feature", "properties": { "A54_001": "1", "A54_002": "17", "A54_003": "石川県", "A54_004": "17206", "A54_005": "加賀市", "A54_006": "加賀市0013" }, "geometry": { "type": "Polygon", "coordinates": [ [ [ 136.33925707, 36.324457983 ], [ 136.339247378, 36.324273839 ], [ 136.338481723, 36.323973392 ], [ 136.338249119, 36.323653561 ], [ 136.33852049, 36.323207736 ], [ 136.338588333, 36.322955749 ], [ 136.338568949, 36.322403314 ], [ 136.338568949, 36.32217071 ], [ 136.338326653, 36.321947798 ], [ 136.338016515, 36.32195749 ], [ 136.337745143, 36.322393622 ], [ 136.337580382, 36.322839447 ], [ 136.337425313, 36.323411265 ], [ 136.337270243, 36.323711712 ], [ 136.336931029, 36.324147845 ], [ 136.336901953, 36.324777814 ], [ 136.337909904, 36.324865041 ], [ 136.338084357, 36.324516134 ], [ 136.338355729, 36.324370757 ], [ 136.338850013, 36.324506443 ], [ 136.339179535, 36.324525826 ], [ 136.33925707, 36.324457983 ] ] ] } },
{ "type": "Feature", "properties": { "A54_001": "1", "A54_002": "17", "A54_003": "石川県", "A54_004": "17206", "A54_005": "加賀市", "A54_006": "加賀市0014" }, "geometry": { "type": "Polygon", "coordinates": [ [ [ 136.337745143, 36.32789374 ], [ 136.337779065, 36.328150573 ], [ 136.337977747, 36.328199033 ], [ 136.338258811, 36.32810696 ], [ 136.338268502, 36.327767746 ], [ 136.338287886, 36.327225003 ], [ 136.338108587, 36.327084471 ], [ 136.337905058, 36.326968169 ], [ 136.337556152, 36.327006937 ], [ 136.337328394, 36.327113547 ], [ 136.337216938, 36.327195927 ], [ 136.337216938, 36.327496374 ], [ 136.337313856, 36.327709595 ], [ 136.337657917, 36.327903431 ], [ 136.337745143, 36.32789374 ] ] ] } },
{ "type": "Feature", "properties": { "A54_001": "2", "A54_002": "17", "A54_003": "石川県", "A54_004": "17206", "A54_005": "加賀市", "A54_006": "加賀市0015" }, "geometry": { "type": "Polygon", "coordinates": [ [ [ 136.34020687, 36.328291105 ], [ 136.34055093, 36.328232954 ], [ 136.340715691, 36.328111806 ], [ 136.340725383, 36.327966428 ], [ 136.340856223, 36.327690211 ], [ 136.341054906, 36.327195927 ], [ 136.341268126, 36.326890635 ], [ 136.341306893, 36.326779178 ], [ 136.340962833, 36.326687106 ], [ 136.340492779, 36.326653185 ], [ 136.340366785, 36.326827638 ], [ 136.340342555, 36.327278308 ], [ 136.34020687, 36.327384918 ], [ 136.339940344, 36.327685365 ], [ 136.339935498, 36.327879202 ], [ 136.340124489, 36.328092422 ], [ 136.34020687, 36.328291105 ] ] ] } },
{ "type": "Feature", "properties": { "A54_001": "1", "A54_002": "17", "A54_003": "石川県", "A54_004": "17206", "A54_005": "加賀市", "A54_006": "加賀市0012" }, "geometry": { "type": "Polygon", "coordinates": [ [ [ 136.356131969, 36.264957281 ], [ 136.356127123, 36.264714985 ], [ 136.356228887, 36.264758599 ], [ 136.356417878, 36.265005741 ], [ 136.356476029, 36.265311033 ], [ 136.356543872, 36.265558175 ], [ 136.356791014, 36.265563021 ], [ 136.35711569, 36.265543638 ], [ 136.357387062, 36.265131734 ], [ 136.357643896, 36.264714985 ], [ 136.358055799, 36.264346696 ], [ 136.358138179, 36.264327312 ], [ 136.358109104, 36.264099554 ], [ 136.358104258, 36.263862104 ], [ 136.357895883, 36.263644037 ], [ 136.357682663, 36.2636295 ], [ 136.357425829, 36.263818491 ], [ 136.357222301, 36.264041403 ], [ 136.357072077, 36.264046249 ], [ 136.356723171, 36.264055941 ], [ 136.356553564, 36.264065632 ], [ 136.356456645, 36.264007481 ], [ 136.356301576, 36.263833028 ], [ 136.356369419, 36.26360527 ], [ 136.356480875, 36.263358128 ], [ 136.356602023, 36.263203059 ], [ 136.356597177, 36.263062527 ], [ 136.356466337, 36.263038298 ], [ 136.356088356, 36.263091603 ], [ 136.355724912, 36.263072219 ], [ 136.355405081, 36.262965609 ], [ 136.355303317, 36.263043144 ], [ 136.355094942, 36.263445355 ], [ 136.355201553, 36.263532581 ], [ 136.355245166, 36.263828182 ], [ 136.355269395, 36.264506611 ], [ 136.355419619, 36.26466168 ], [ 136.355637685, 36.264690756 ], [ 136.355443849, 36.264908822 ], [ 136.355414773, 36.265015432 ], [ 136.355627993, 36.265092967 ], [ 136.356064126, 36.265068738 ], [ 136.356131969, 36.264957281 ] ] ] } },
{ "type": "Feature", "properties": { "A54_001": "1", "A54_002": "17", "A54_003": "石川県", "A54_004": "17211", "A54_005": "能美市", "A54_006": "能美市0001" }, "geometry": { "type": "Polygon", "coordinates": [ [ [ 136.589668559, 36.448606953 ], [ 136.589675637, 36.448576516 ], [ 136.589682258, 36.448536702 ], [ 136.589681097, 36.448515601 ], [ 136.589674382, 36.448496817 ], [ 136.589665513, 36.448484415 ], [ 136.589657643, 36.448478006 ], [ 136.589641898, 36.448468797 ], [ 136.589617657, 36.448458567 ], [ 136.589592315, 36.448450773 ], [ 136.589572451, 36.448448451 ], [ 136.589549913, 36.448447759 ], [ 136.589536207, 36.44844568 ], [ 136.589526588, 36.448442955 ], [ 136.589518335, 36.448439018 ], [ 136.589510387, 36.448434231 ], [ 136.589498523, 36.448426143 ], [ 136.589486359, 36.448421213 ], [ 136.589454933, 36.448414121 ], [ 136.589441745, 36.448406615 ], [ 136.589417438, 36.448394077 ], [ 136.589391688, 36.448379372 ], [ 136.589376349, 36.448376254 ], [ 136.58936813, 36.448372713 ], [ 136.589354442, 36.448370334 ], [ 136.589333584, 36.448368703 ], [ 136.589310632, 36.448371576 ], [ 136.589269711, 36.44838054 ], [ 136.589227033, 36.448391041 ], [ 136.589186884, 36.448402779 ], [ 136.589156117, 36.448408445 ], [ 136.589127188, 36.448409895 ], [ 136.58909687, 36.448409566 ], [ 136.589075363, 36.448405444 ], [ 136.589054023, 36.448399131 ], [ 136.589018105, 36.44838631 ], [ 136.588973906, 36.448377533 ], [ 136.588951681, 36.44837474 ], [ 136.588935274, 36.44837332 ], [ 136.588918246, 36.448374578 ], [ 136.588897292, 36.448377162 ], [ 136.588875415, 36.448382293 ], [ 136.58885685, 36.44838756 ], [ 136.588838654, 36.448392525 ], [ 136.588815285, 36.448395821 ], [ 136.588793854, 36.448398145 ], [ 136.588758807, 36.448397666 ], [ 136.588697554, 36.448394703 ], [ 136.588650362, 36.448390077 ], [ 136.588608135, 36.44839089 ], [ 136.588589662, 36.448393997 ], [ 136.588572286, 36.448399433 ], [ 136.588557943, 36.448407017 ], [ 136.588548445, 36.448416277 ], [ 136.588542719, 36.448422373 ], [ 136.588534651, 36.448431101 ], [ 136.588528554, 36.448440812 ], [ 136.588523896, 36.4484538 ], [ 136.588517012, 36.448472601 ], [ 136.588512313, 36.448479536 ], [ 136.588504599, 36.448486735 ], [ 136.588494738, 36.448499316 ], [ 136.588486175, 36.448505049 ], [ 136.58847473, 36.448512091 ], [ 136.58846176, 36.448518686 ], [ 136.588445458, 36.448523547 ], [ 136.588420434, 36.448525856 ], [ 136.588403217, 36.448523455 ], [ 136.588380836, 36.448517343 ], [ 136.588366166, 36.44851101 ], [ 136.58834191, 36.448496685 ], [ 136.588329139, 36.448486582 ], [ 136.588313395, 36.448471403 ], [ 136.588283867, 36.448436448 ], [ 136.588269449, 36.448410565 ], [ 136.588261764, 36.4483858 ], [ 136.58825714, 36.448369583 ], [ 136.588255459, 36.448347414 ], [ 136.588257733, 36.448325051 ], [ 136.588259501, 36.448302298 ], [ 136.58826069, 36.448284039 ], [ 136.588257414, 36.448279031 ], [ 136.588242305, 36.448272787 ], [ 136.588219465, 36.448265614 ], [ 136.588207565, 36.448265921 ], [ 136.588199888, 36.448270297 ], [ 136.588180374, 36.44828177 ], [ 136.588158557, 36.448299069 ], [ 136.588145665, 36.448311305 ], [ 136.588130922, 36.448329132 ], [ 136.588121331, 36.448342967 ], [ 136.58810882, 36.448357023 ], [ 136.588096984, 36.448368776 ], [ 136.588077507, 36.448389275 ], [ 136.588069598, 36.448399709 ], [ 136.58806196, 36.448414161 ], [ 136.588055818, 36.448430082 ], [ 136.588047975, 36.448440379 ], [ 136.588030221, 36.448458191 ], [ 136.587993149, 36.448503051 ], [ 136.587984067, 36.448519414 ], [ 136.58797892, 36.44853814 ], [ 136.587978011, 36.448554118 ], [ 136.587975807, 36.448572123 ], [ 136.587973775, 36.448579072 ], [ 136.587968919, 36.448584057 ], [ 136.587948946, 36.44860027 ], [ 136.587937174, 36.448609398 ], [ 136.587929879, 36.448618199 ], [ 136.587923875, 36.448627145 ], [ 136.587914601, 36.448640272 ], [ 136.58791152, 36.448649372 ], [ 136.587904758, 36.448667638 ], [ 136.587895248, 36.448691525 ], [ 136.587881788, 36.448719344 ], [ 136.587868646, 36.44874485 ], [ 136.587860907, 36.448762726 ], [ 136.58785305, 36.44878631 ], [ 136.587846073, 36.448802384 ], [ 136.587835877, 36.44882414 ], [ 136.587829397, 36.448835758 ], [ 136.587823048, 36.448847113 ], [ 136.587816787, 36.44885575 ], [ 136.58780934, 36.448863283 ], [ 136.587803751, 36.448867511 ], [ 136.58779684, 36.448873272 ], [ 136.58778864, 36.448878202 ], [ 136.587777115, 36.448887209 ], [ 136.587764978, 36.44889656 ], [ 136.58775996, 36.44890242 ], [ 136.587745638, 36.448924853 ], [ 136.587738923, 36.448935079 ], [ 136.587730764, 36.448949954 ], [ 136.587727616, 36.448956479 ], [ 136.587722329, 36.448961602 ], [ 136.587715429, 36.448968784 ], [ 136.587711149, 36.448977321 ], [ 136.587709274, 36.448986287 ], [ 136.587706193, 36.449007216 ], [ 136.587701379, 36.449023648 ], [ 136.587693312, 36.449043716 ], [ 136.58768422, 36.449065642 ], [ 136.587673428, 36.449095448 ], [ 136.587664232, 36.449116833 ], [ 136.587653942, 36.449139857 ], [ 136.587649053, 36.449149331 ], [ 136.587649688, 36.449165163 ], [ 136.587654134, 36.449182543 ], [ 136.587658313, 36.449187678 ], [ 136.587672275, 36.449193712 ], [ 136.587689868, 36.449197571 ], [ 136.58770883, 36.449199733 ], [ 136.587730617, 36.449201589 ], [ 136.5877446, 36.449204823 ], [ 136.587761407, 36.449213184 ], [ 136.587803286, 36.449242489 ], [ 136.587814947, 36.449254234 ], [ 136.587827399, 36.44926087 ], [ 136.587842268, 36.449266543 ], [ 136.587856079, 36.449272577 ], [ 136.587865983, 36.449277495 ], [ 136.58787662, 36.449285218 ], [ 136.587896282, 36.449304469 ], [ 136.587908542, 36.449316827 ], [ 136.587925271, 36.449335538 ], [ 136.587932595, 36.449343123 ], [ 136.587941911, 36.449346211 ], [ 136.587969739, 36.449350852 ], [ 136.58798781, 36.44935384 ], [ 136.587996808, 36.44935912 ], [ 136.588017038, 36.449372977 ], [ 136.588033634, 36.449389496 ], [ 136.588069065, 36.449427604 ], [ 136.588090137, 36.449449867 ], [ 136.588113027, 36.449480761 ], [ 136.588122834, 36.449498829 ], [ 136.588129953, 36.449513597 ], [ 136.588132728, 36.449527011 ], [ 136.588136363, 36.449547345 ], [ 136.588141822, 36.449577913 ], [ 136.588143574, 36.449625035 ], [ 136.5881493, 36.449634865 ], [ 136.588171974, 36.449669494 ], [ 136.588183364, 36.449697463 ], [ 136.588201343, 36.449715271 ], [ 136.588224353, 36.449741726 ], [ 136.588231529, 36.449751833 ], [ 136.588233046, 36.449756154 ], [ 136.588231577, 36.449768532 ], [ 136.58822719, 36.449779852 ], [ 136.588222979, 36.449792495 ], [ 136.588223277, 36.449810169 ], [ 136.588227432, 36.449818678 ], [ 136.58823859, 36.449845981 ], [ 136.588241105, 36.449854968 ], [ 136.588243416, 36.449869008 ], [ 136.588245034, 36.449882862 ], [ 136.588250653, 36.449891169 ], [ 136.58825751, 36.449899343 ], [ 136.588261373, 36.449900684 ], [ 136.58826827, 36.449899117 ], [ 136.588276337, 36.449890598 ], [ 136.588286647, 36.449880002 ], [ 136.588294687, 36.449875101 ], [ 136.58830833, 36.449869114 ], [ 136.588317213, 36.449866722 ], [ 136.588320207, 36.449866288 ], [ 136.588321346, 36.44986358 ], [ 136.588319049, 36.44986009 ], [ 136.588313229, 36.44985554 ], [ 136.588302164, 36.449848098 ], [ 136.588295728, 36.449845632 ], [ 136.588289982, 36.449842891 ], [ 136.588287938, 36.449839889 ], [ 136.588285315, 36.449833893 ], [ 136.588286118, 36.449814379 ], [ 136.58828733, 36.449792512 ], [ 136.588287755, 36.449781799 ], [ 136.588290019, 36.449778261 ], [ 136.588306321, 36.4497734 ], [ 136.588330947, 36.449766205 ], [ 136.58834871, 36.449761699 ], [ 136.588376577, 36.449758932 ], [ 136.588400761, 36.449758911 ], [ 136.588409881, 36.44975832 ], [ 136.588418051, 36.449753368 ], [ 136.588439671, 36.44974227 ], [ 136.588472811, 36.449729466 ], [ 136.588494535, 36.449724701 ], [ 136.588541568, 36.449720364 ], [ 136.588574501, 36.449715994 ], [ 136.588590608, 36.449717168 ], [ 136.588605999, 36.449713347 ], [ 136.588626097, 36.449704433 ], [ 136.588632915, 36.449699109 ], [ 136.588636708, 36.449695231 ], [ 136.588638559, 36.449689395 ], [ 136.588642446, 36.449683781 ], [ 136.588648332, 36.449679218 ], [ 136.588685697, 36.449659478 ], [ 136.588738909, 36.449636612 ], [ 136.588760435, 36.449623636 ], [ 136.588782613, 36.449609953 ], [ 136.588799967, 36.449602593 ], [ 136.588852479, 36.449584448 ], [ 136.588868519, 36.449575558 ], [ 136.588901657, 36.449554897 ], [ 136.58893067, 36.449539631 ], [ 136.58896503, 36.449516291 ], [ 136.588982312, 36.449501276 ], [ 136.588992951, 36.449488298 ], [ 136.589006346, 36.449469247 ], [ 136.589031407, 36.449443087 ], [ 136.589051176, 36.449423353 ], [ 136.589079659, 36.449395589 ], [ 136.58911096, 36.449361361 ], [ 136.589142987, 36.449326525 ], [ 136.58918829, 36.449283286 ], [ 136.589219843, 36.44925297 ], [ 136.589240289, 36.44923463 ], [ 136.589287694, 36.449202573 ], [ 136.589330918, 36.449177534 ], [ 136.589384837, 36.449146932 ], [ 136.589416449, 36.449128787 ], [ 136.589429778, 36.449118623 ], [ 136.589448209, 36.449111042 ], [ 136.589478257, 36.449100959 ], [ 136.58951739, 36.449089708 ], [ 136.589535198, 36.449081944 ], [ 136.589552844, 36.449069992 ], [ 136.589564201, 36.449059529 ], [ 136.589569959, 36.449049051 ], [ 136.589571757, 36.449038693 ], [ 136.589573554, 36.449018272 ], [ 136.589569847, 36.44899878 ], [ 136.589564863, 36.448980126 ], [ 136.589560273, 36.44895886 ], [ 136.589562194, 36.448920864 ], [ 136.589567264, 36.44888716 ], [ 136.589577538, 36.44883546 ], [ 136.589594634, 36.448786209 ], [ 136.589609189, 36.448752794 ], [ 136.589642638, 36.448672427 ], [ 136.589668559, 36.448606953 ] ] ] } },
{ "type": "Feature", "properties": { "A54_001": "1", "A54_002": "17", "A54_003": "石川県", "A54_004": "17211", "A54_005": "能美市", "A54_006": "能美市0002" }, "geometry": { "type": "Polygon", "coordinates": [ [ [ 136.592167997, 36.447283118 ], [ 136.592183977, 36.447245895 ], [ 136.592189507, 36.447231188 ], [ 136.592192478, 36.447216469 ], [ 136.592196048, 36.447201997 ], [ 136.592198812, 36.447194827 ], [ 136.592200542, 36.44718703 ], [ 136.592197427, 36.447180623 ], [ 136.592177784, 36.447163695 ], [ 136.592174745, 36.447160636 ], [ 136.592170418, 36.447152335 ], [ 136.592167036, 36.447144109 ], [ 136.592158433, 36.447130512 ], [ 136.592151607, 36.447118826 ], [ 136.592144689, 36.447111556 ], [ 136.592139408, 36.447104155 ], [ 136.592129712, 36.447089496 ], [ 136.592123121, 36.447084594 ], [ 136.592116211, 36.447082247 ], [ 136.592095052, 36.447080049 ], [ 136.592070567, 36.447077014 ], [ 136.592051131, 36.44707511 ], [ 136.59201691, 36.447073067 ], [ 136.591982143, 36.447070373 ], [ 136.591947157, 36.447068505 ], [ 136.591928816, 36.44706841 ], [ 136.591920834, 36.447068372 ], [ 136.591913895, 36.447069922 ], [ 136.591910548, 36.447074289 ], [ 136.591911997, 36.447082089 ], [ 136.59191826, 36.447090643 ], [ 136.591932617, 36.447104348 ], [ 136.591941444, 36.447112427 ], [ 136.591950234, 36.447119151 ], [ 136.591962177, 36.447126741 ], [ 136.591962948, 36.447128932 ], [ 136.591959441, 36.447131022 ], [ 136.591954715, 36.447131675 ], [ 136.591936615, 36.447131701 ], [ 136.591927626, 36.447131669 ], [ 136.591911017, 36.447133172 ], [ 136.591885922, 36.447136098 ], [ 136.591873603, 36.447137924 ], [ 136.591853043, 36.447139025 ], [ 136.591833626, 36.447140392 ], [ 136.591817929, 36.447141439 ], [ 136.591790552, 36.447144013 ], [ 136.591776921, 36.447145101 ], [ 136.591753504, 36.447147828 ], [ 136.59172733, 36.447147171 ], [ 136.591695584, 36.44714425 ], [ 136.591681314, 36.447141955 ], [ 136.591650564, 36.447137998 ], [ 136.591607396, 36.447134476 ], [ 136.59158679, 36.447130724 ], [ 136.591570399, 36.447127114 ], [ 136.591551772, 36.447120754 ], [ 136.591542334, 36.447116811 ], [ 136.591530848, 36.447110563 ], [ 136.591523652, 36.447105937 ], [ 136.591515943, 36.447101168 ], [ 136.591506566, 36.447094735 ], [ 136.591499036, 36.447088715 ], [ 136.591493175, 36.447083782 ], [ 136.591490546, 36.447080111 ], [ 136.59148467, 36.447075063 ], [ 136.591472738, 36.447061145 ], [ 136.591470617, 36.447057099 ], [ 136.591470561, 36.447052994 ], [ 136.591474731, 36.447047725 ], [ 136.591494522, 36.447029447 ], [ 136.591501628, 36.447022941 ], [ 136.591506056, 36.447017466 ], [ 136.591510756, 36.447010391 ], [ 136.59152418, 36.446992417 ], [ 136.591533976, 36.446980737 ], [ 136.591540942, 36.446972116 ], [ 136.591543236, 36.446967793 ], [ 136.591542923, 36.446963578 ], [ 136.591541619, 36.446960271 ], [ 136.591539623, 36.446957558 ], [ 136.591531812, 36.446930281 ], [ 136.591522703, 36.44689493 ], [ 136.59151817, 36.446878339 ], [ 136.591514263, 36.446871362 ], [ 136.591509738, 36.446866401 ], [ 136.591503417, 36.4468599 ], [ 136.59149933, 36.446853826 ], [ 136.591492991, 36.446849829 ], [ 136.59147831, 36.446843136 ], [ 136.591469771, 36.44684067 ], [ 136.591453309, 36.446835115 ], [ 136.591445398, 36.446830553 ], [ 136.591433756, 36.446822078 ], [ 136.591423623, 36.446811745 ], [ 136.591414048, 36.446802683 ], [ 136.591393691, 36.446782049 ], [ 136.591388528, 36.446773083 ], [ 136.591383221, 36.446769161 ], [ 136.591375061, 36.446766964 ], [ 136.591344035, 36.446757522 ], [ 136.591331657, 36.446752614 ], [ 136.591321864, 36.446750131 ], [ 136.591312575, 36.446747903 ], [ 136.591306635, 36.446748153 ], [ 136.591299773, 36.446750155 ], [ 136.591291471, 36.446755472 ], [ 136.591272636, 36.446769623 ], [ 136.591262454, 36.446776571 ], [ 136.591254939, 36.4467811 ], [ 136.591243554, 36.446791263 ], [ 136.591238939, 36.446795853 ], [ 136.591235416, 36.446800209 ], [ 136.591231419, 36.44680202 ], [ 136.591227716, 36.446803072 ], [ 136.591220447, 36.446801845 ], [ 136.59119382, 36.446797123 ], [ 136.591162812, 36.446793313 ], [ 136.59115172, 36.446791868 ], [ 136.591149254, 36.446787889 ], [ 136.591149916, 36.446779822 ], [ 136.59115831, 36.446745248 ], [ 136.591158838, 36.446725882 ], [ 136.591158376, 36.446706764 ], [ 136.591154317, 36.44667536 ], [ 136.591149827, 36.446662546 ], [ 136.591144615, 36.446654606 ], [ 136.591138361, 36.446644713 ], [ 136.591131189, 36.446637007 ], [ 136.591124065, 36.446631767 ], [ 136.591113872, 36.446625177 ], [ 136.591097029, 36.446614346 ], [ 136.59107386, 36.446601588 ], [ 136.591066845, 36.446595919 ], [ 136.591060766, 36.446589466 ], [ 136.591056586, 36.446584297 ], [ 136.591052058, 36.446579823 ], [ 136.591037656, 36.44655715 ], [ 136.591021449, 36.446535381 ], [ 136.591006711, 36.446514967 ], [ 136.590991619, 36.446491468 ], [ 136.590985077, 36.446485031 ], [ 136.590973279, 36.446474329 ], [ 136.590962774, 36.446463425 ], [ 136.59095507, 36.446453253 ], [ 136.590946603, 36.446437261 ], [ 136.590934186, 36.446415854 ], [ 136.590926307, 36.446401814 ], [ 136.590907766, 36.446376661 ], [ 136.590890603, 36.446355269 ], [ 136.590850806, 36.446321289 ], [ 136.590830589, 36.446295543 ], [ 136.590814671, 36.446268105 ], [ 136.590802366, 36.446256287 ], [ 136.590791666, 36.446245758 ], [ 136.590780214, 36.446234838 ], [ 136.59077105, 36.446226265 ], [ 136.590754921, 36.446216374 ], [ 136.59074123, 36.446208314 ], [ 136.59072042, 36.44619477 ], [ 136.590708952, 36.446186087 ], [ 136.590683808, 36.446164419 ], [ 136.590676292, 36.446156729 ], [ 136.590665965, 36.446144921 ], [ 136.590659002, 36.446132154 ], [ 136.590644782, 36.446108751 ], [ 136.590639848, 36.446096538 ], [ 136.590634178, 36.446083499 ], [ 136.590630335, 36.446068918 ], [ 136.590626955, 36.446060394 ], [ 136.590623088, 36.446050716 ], [ 136.590621817, 36.446043362 ], [ 136.590621546, 36.44603355 ], [ 136.590617777, 36.446031027 ], [ 136.590611328, 36.446030439 ], [ 136.590589913, 36.446030497 ], [ 136.590555595, 36.446031178 ], [ 136.590514269, 36.446028184 ], [ 136.590497651, 36.44602576 ], [ 136.590489207, 36.446027041 ], [ 136.590480903, 36.446032845 ], [ 136.59047402, 36.446038261 ], [ 136.590470193, 36.446043739 ], [ 136.590467807, 36.446052077 ], [ 136.590465769, 36.446067327 ], [ 136.590461544, 36.446098118 ], [ 136.590456454, 36.446114409 ], [ 136.590448821, 36.446128253 ], [ 136.590438474, 36.44614245 ], [ 136.590427921, 36.446152128 ], [ 136.590406992, 36.446167794 ], [ 136.590377423, 36.446185969 ], [ 136.590355798, 36.446197918 ], [ 136.590337661, 36.446205266 ], [ 136.590333412, 36.446209507 ], [ 136.590330491, 36.44621753 ], [ 136.590330932, 36.446239449 ], [ 136.590334519, 36.446243241 ], [ 136.59034189, 36.446244372 ], [ 136.590358735, 36.446247619 ], [ 136.590379909, 36.44625588 ], [ 136.59041228, 36.44626841 ], [ 136.590427497, 36.446277859 ], [ 136.590439545, 36.446288145 ], [ 136.590448924, 36.446302893 ], [ 136.590457774, 36.446317852 ], [ 136.590470447, 36.446350728 ], [ 136.590492561, 36.446396441 ], [ 136.590512253, 36.446442318 ], [ 136.590524623, 36.44647565 ], [ 136.590531836, 36.44649821 ], [ 136.590535323, 36.446515517 ], [ 136.590537836, 36.446542195 ], [ 136.590539036, 36.44657095 ], [ 136.590538723, 36.446590013 ], [ 136.590537345, 36.446634171 ], [ 136.590528774, 36.446688466 ], [ 136.590513087, 36.446744224 ], [ 136.590507473, 36.446770132 ], [ 136.59050654, 36.446779257 ], [ 136.590508969, 36.446796924 ], [ 136.590514895, 36.446810346 ], [ 136.590520075, 36.446822669 ], [ 136.590538561, 36.446853412 ], [ 136.590544191, 36.446865981 ], [ 136.590548636, 36.446879784 ], [ 136.590551983, 36.44689563 ], [ 136.590553116, 36.446905254 ], [ 136.590557732, 36.446912582 ], [ 136.590562199, 36.446919422 ], [ 136.590580126, 36.446948886 ], [ 136.590588538, 36.446963538 ], [ 136.590602381, 36.446985769 ], [ 136.590614514, 36.447009415 ], [ 136.590621942, 36.447028982 ], [ 136.590626367, 36.447041545 ], [ 136.590628948, 36.447059213 ], [ 136.590630873, 36.447063606 ], [ 136.590635194, 36.447069958 ], [ 136.590648843, 36.447087771 ], [ 136.590656864, 36.447102909 ], [ 136.590662072, 36.447111457 ], [ 136.5906691, 36.447118431 ], [ 136.590676517, 36.447125859 ], [ 136.590679606, 36.447135736 ], [ 136.590685199, 36.447153418 ], [ 136.590688686, 36.447170604 ], [ 136.590690248, 36.447186355 ], [ 136.590690185, 36.447215213 ], [ 136.590686588, 36.447233337 ], [ 136.590677804, 36.447271643 ], [ 136.590668713, 36.447299361 ], [ 136.590657813, 36.447327587 ], [ 136.590655469, 36.447339143 ], [ 136.590657366, 36.447347432 ], [ 136.590657155, 36.447355589 ], [ 136.590653945, 36.447362028 ], [ 136.59064893, 36.447368091 ], [ 136.590639687, 36.447375596 ], [ 136.590630571, 36.447385043 ], [ 136.590620432, 36.447394457 ], [ 136.59060564, 36.447404613 ], [ 136.590595439, 36.447410757 ], [ 136.590580929, 36.447417943 ], [ 136.590554852, 36.447431289 ], [ 136.590529224, 36.447443433 ], [ 136.590516608, 36.447448684 ], [ 136.590508137, 36.447453582 ], [ 136.590501387, 36.44745856 ], [ 136.590495924, 36.44746403 ], [ 136.590490526, 36.447472562 ], [ 136.59048665, 36.447480254 ], [ 136.590482801, 36.447488654 ], [ 136.590478536, 36.447495244 ], [ 136.590471206, 36.447505926 ], [ 136.59045841, 36.447525345 ], [ 136.590446222, 36.44754416 ], [ 136.590432396, 36.447561673 ], [ 136.59041689, 36.447581201 ], [ 136.590400499, 36.447598169 ], [ 136.590389702, 36.44760817 ], [ 136.590375917, 36.44761894 ], [ 136.590359426, 36.447628967 ], [ 136.590347642, 36.447633902 ], [ 136.590327926, 36.447642208 ], [ 136.590305542, 36.447651285 ], [ 136.590290386, 36.447658269 ], [ 136.590276392, 36.44766516 ], [ 136.590254693, 36.447674601 ], [ 136.590251225, 36.447678132 ], [ 136.590251772, 36.44768551 ], [ 136.590258378, 36.447700014 ], [ 136.590259307, 36.447703237 ], [ 136.590256698, 36.447706842 ], [ 136.590252904, 36.447707868 ], [ 136.590242923, 36.447707471 ], [ 136.590230033, 36.447707866 ], [ 136.590218508, 36.447709006 ], [ 136.590204886, 36.447712141 ], [ 136.590191291, 36.447715311 ], [ 136.590184379, 36.447718965 ], [ 136.590175545, 36.447726507 ], [ 136.590161827, 36.447739064 ], [ 136.590148224, 36.44775071 ], [ 136.590137863, 36.447761706 ], [ 136.590134112, 36.447768436 ], [ 136.590131913, 36.447775036 ], [ 136.590129307, 36.447789843 ], [ 136.590130555, 36.447805844 ], [ 136.590133422, 36.447825409 ], [ 136.590132325, 36.447845864 ], [ 136.590130581, 36.447857544 ], [ 136.590127655, 36.447866176 ], [ 136.590118791, 36.447876769 ], [ 136.590110561, 36.447884034 ], [ 136.590102864, 36.447889077 ], [ 136.59009458, 36.447892029 ], [ 136.590081053, 36.447894055 ], [ 136.590068568, 36.447894899 ], [ 136.590054723, 36.447896206 ], [ 136.590038804, 36.447895851 ], [ 136.590025311, 36.44789473 ], [ 136.590010706, 36.44789118 ], [ 136.589991131, 36.447886876 ], [ 136.589971915, 36.447878364 ], [ 136.589953398, 36.447867938 ], [ 136.589941611, 36.447859272 ], [ 136.589935939, 36.447852427 ], [ 136.589926254, 36.447838255 ], [ 136.589918974, 36.447824705 ], [ 136.589914688, 36.447808354 ], [ 136.589908831, 36.447786058 ], [ 136.589904723, 36.447771305 ], [ 136.589901334, 36.447761182 ], [ 136.589894532, 36.447743981 ], [ 136.589887256, 36.447724966 ], [ 136.589878344, 36.447694111 ], [ 136.589867814, 36.447663363 ], [ 136.589848628, 36.44762044 ], [ 136.589836971, 36.447590512 ], [ 136.589822452, 36.447558053 ], [ 136.589817839, 36.447540345 ], [ 136.589819056, 36.447507082 ], [ 136.589822898, 36.447486645 ], [ 136.589833774, 36.447450473 ], [ 136.589837898, 36.44742748 ], [ 136.589834101, 36.447406366 ], [ 136.589819753, 36.447386267 ], [ 136.589801443, 36.447367427 ], [ 136.589784152, 36.447344397 ], [ 136.589772989, 36.44732133 ], [ 136.589764916, 36.447301355 ], [ 136.589755315, 36.447281066 ], [ 136.589754114, 36.447265292 ], [ 136.589742885, 36.447251174 ], [ 136.58974045, 36.447239668 ], [ 136.589737917, 36.447225806 ], [ 136.58972771, 36.447215954 ], [ 136.589704032, 36.447210087 ], [ 136.589682462, 36.447204442 ], [ 136.589662676, 36.447202908 ], [ 136.589641843, 36.447204513 ], [ 136.58962969, 36.44720829 ], [ 136.589617764, 36.447217181 ], [ 136.58960584, 36.447225647 ], [ 136.589596854, 36.447229013 ], [ 136.589567473, 36.447230296 ], [ 136.58954799, 36.447227432 ], [ 136.589535896, 36.447223324 ], [ 136.589528532, 36.447219332 ], [ 136.58952405, 36.447214439 ], [ 136.589518085, 36.447206374 ], [ 136.589513494, 36.447196002 ], [ 136.589509232, 36.447181614 ], [ 136.589506888, 36.447172713 ], [ 136.589502242, 36.44714405 ], [ 136.589501041, 36.447132562 ], [ 136.589497337, 36.447124386 ], [ 136.58949091, 36.447117658 ], [ 136.589485705, 36.447108744 ], [ 136.589482302, 36.447100447 ], [ 136.589480389, 36.44709435 ], [ 136.589474698, 36.447076089 ], [ 136.589473312, 36.447059888 ], [ 136.589473468, 36.447046049 ], [ 136.589474082, 36.447028684 ], [ 136.589471924, 36.447015036 ], [ 136.589469756, 36.447002606 ], [ 136.58946739, 36.44699675 ], [ 136.589463358, 36.446992103 ], [ 136.589453905, 36.446980295 ], [ 136.58944269, 36.446969281 ], [ 136.589432179, 36.446960021 ], [ 136.589417292, 36.446950352 ], [ 136.589409583, 36.446945305 ], [ 136.589385, 36.446923536 ], [ 136.589371708, 36.446912095 ], [ 136.589364204, 36.446908649 ], [ 136.589353956, 36.446909574 ], [ 136.589343538, 36.446913055 ], [ 136.589339277, 36.446918878 ], [ 136.589336172, 36.446931405 ], [ 136.589328793, 36.446949208 ], [ 136.589316646, 36.446972573 ], [ 136.58930756, 36.446979225 ], [ 136.589304048, 36.446985784 ], [ 136.589300919, 36.44702181 ], [ 136.58929907, 36.447032486 ], [ 136.589293985, 36.447042903 ], [ 136.589286273, 36.447052241 ], [ 136.589274594, 36.447063265 ], [ 136.589274559, 36.447067953 ], [ 136.589284249, 36.44707631 ], [ 136.589293133, 36.447086794 ], [ 136.589295948, 36.447098101 ], [ 136.589293777, 36.447106614 ], [ 136.589285545, 36.447114885 ], [ 136.589272479, 36.44714187 ], [ 136.589255079, 36.447178223 ], [ 136.589241782, 36.44719381 ], [ 136.589229276, 36.447209731 ], [ 136.589227359, 36.447219524 ], [ 136.589229837, 36.447240844 ], [ 136.589235522, 36.447256213 ], [ 136.589243076, 36.447268183 ], [ 136.589249072, 36.447277162 ], [ 136.589256663, 36.44728423 ], [ 136.589304164, 36.447328422 ], [ 136.589318512, 36.447343467 ], [ 136.589326726, 36.447352639 ], [ 136.589333279, 36.447362778 ], [ 136.589339792, 36.447376184 ], [ 136.589344697, 36.447390058 ], [ 136.589349811, 36.447411391 ], [ 136.58935175, 36.447434201 ], [ 136.589351143, 36.44748065 ], [ 136.589353996, 36.447498084 ], [ 136.589357794, 36.447518984 ], [ 136.589364271, 36.447534145 ], [ 136.589376752, 36.447557218 ], [ 136.589429307, 36.447634329 ], [ 136.589440245, 36.447652068 ], [ 136.589444907, 36.44766317 ], [ 136.58944851, 36.447674908 ], [ 136.58945262, 36.447693865 ], [ 136.589455399, 36.447710073 ], [ 136.589456563, 36.447730748 ], [ 136.589461221, 36.44774249 ], [ 136.589472392, 36.447764492 ], [ 136.589489753, 36.447784766 ], [ 136.589504134, 36.44780039 ], [ 136.589514282, 36.447817912 ], [ 136.589526784, 36.447838215 ], [ 136.589535801, 36.447854646 ], [ 136.589543037, 36.447874072 ], [ 136.5895471, 36.447894974 ], [ 136.589547503, 36.447911596 ], [ 136.589542349, 36.447931389 ], [ 136.589540111, 36.44794885 ], [ 136.589540296, 36.447959506 ], [ 136.589543136, 36.447967403 ], [ 136.589560954, 36.447995004 ], [ 136.589575296, 36.448015956 ], [ 136.589585437, 36.448034543 ], [ 136.589598317, 36.448086038 ], [ 136.589611815, 36.448114018 ], [ 136.58962224, 36.448130049 ], [ 136.58963744, 36.448141842 ], [ 136.589653709, 36.44815151 ], [ 136.589665514, 36.448159025 ], [ 136.589682584, 36.448167418 ], [ 136.589697832, 36.448172819 ], [ 136.589705195, 36.448175197 ], [ 136.589713346, 36.448177795 ], [ 136.589720697, 36.448181665 ], [ 136.589775069, 36.448206393 ], [ 136.589803732, 36.448215481 ], [ 136.589817106, 36.448219564 ], [ 136.589832142, 36.448223046 ], [ 136.589842351, 36.448227478 ], [ 136.589849557, 36.448230557 ], [ 136.589896917, 36.448246874 ], [ 136.589917803, 36.448253428 ], [ 136.589925478, 36.448254318 ], [ 136.589934371, 36.448253508 ], [ 136.58996237, 36.448247906 ], [ 136.589983907, 36.44824801 ], [ 136.589992174, 36.448250241 ], [ 136.589996826, 36.448252455 ], [ 136.590007174, 36.448258471 ], [ 136.590024523, 36.448273677 ], [ 136.590030486, 36.448282107 ], [ 136.590033155, 36.448287721 ], [ 136.590040336, 36.448294331 ], [ 136.590052139, 36.448307174 ], [ 136.590068005, 36.4483257 ], [ 136.590077379, 36.448341087 ], [ 136.590087172, 36.448361104 ], [ 136.590130766, 36.448450435 ], [ 136.590136044, 36.448469821 ], [ 136.590141446, 36.448492982 ], [ 136.590144676, 36.448517597 ], [ 136.590149848, 36.44855135 ], [ 136.59015601, 36.448618098 ], [ 136.590158109, 36.448654972 ], [ 136.590161075, 36.44867479 ], [ 136.590162945, 36.448702134 ], [ 136.590162674, 36.448718327 ], [ 136.590162312, 36.448730063 ], [ 136.590158261, 36.448748429 ], [ 136.590156361, 36.448760962 ], [ 136.59015782, 36.4487673 ], [ 136.590165604, 36.44877367 ], [ 136.590215096, 36.448802135 ], [ 136.590253349, 36.448823299 ], [ 136.590269082, 36.448834333 ], [ 136.590274468, 36.448839229 ], [ 136.590280926, 36.448841574 ], [ 136.59028726, 36.448840631 ], [ 136.590296239, 36.448828011 ], [ 136.590317103, 36.448804788 ], [ 136.590328565, 36.448787583 ], [ 136.590338639, 36.448779535 ], [ 136.590368529, 36.448765189 ], [ 136.590383911, 36.448752478 ], [ 136.590404285, 36.44874171 ], [ 136.590429609, 36.448731721 ], [ 136.590452993, 36.448726262 ], [ 136.590491579, 36.448722431 ], [ 136.590531382, 36.448712973 ], [ 136.590565655, 36.448701693 ], [ 136.590578508, 36.448696093 ], [ 136.590587148, 36.448688707 ], [ 136.590598078, 36.448677071 ], [ 136.590610983, 36.44866313 ], [ 136.590620681, 36.448655141 ], [ 136.590641333, 36.448643894 ], [ 136.590675633, 36.448628839 ], [ 136.59069434, 36.448624546 ], [ 136.5907377, 36.448620482 ], [ 136.590772203, 36.448618943 ], [ 136.590784882, 36.44861523 ], [ 136.590789739, 36.448610018 ], [ 136.59079492, 36.448602007 ], [ 136.590828316, 36.448564954 ], [ 136.590853533, 36.448540997 ], [ 136.59087551, 36.448527466 ], [ 136.590933987, 36.448505594 ], [ 136.590974361, 36.448499183 ], [ 136.591028675, 36.448496675 ], [ 136.591068077, 36.448490842 ], [ 136.591095985, 36.448484766 ], [ 136.591116675, 36.448477196 ], [ 136.591139745, 36.448463456 ], [ 136.591153065, 36.44845451 ], [ 136.591193079, 36.448413768 ], [ 136.591207976, 36.448395088 ], [ 136.591288372, 36.448282654 ], [ 136.591331809, 36.448227315 ], [ 136.591370353, 36.44818318 ], [ 136.591422489, 36.448134819 ], [ 136.591450061, 36.448113004 ], [ 136.591489246, 36.448089114 ], [ 136.591537458, 36.448069823 ], [ 136.591591587, 36.448056659 ], [ 136.591643246, 36.448047812 ], [ 136.591653563, 36.448042747 ], [ 136.591663637, 36.448034912 ], [ 136.591679234, 36.448028595 ], [ 136.591688245, 36.448021819 ], [ 136.591694128, 36.448010341 ], [ 136.591697119, 36.447997997 ], [ 136.591697218, 36.447984573 ], [ 136.591694408, 36.447972414 ], [ 136.591686595, 36.447951536 ], [ 136.591676609, 36.447928105 ], [ 136.591666452, 36.447911436 ], [ 136.591652104, 36.447891337 ], [ 136.591650289, 36.447887279 ], [ 136.591653996, 36.447884954 ], [ 136.591656632, 36.447884967 ], [ 136.59166717, 36.447885656 ], [ 136.591725662, 36.447888495 ], [ 136.591806054, 36.447896913 ], [ 136.591831352, 36.447897674 ], [ 136.591963525, 36.447905796 ], [ 136.591968266, 36.447890032 ], [ 136.591999272, 36.447856619 ], [ 136.592022275, 36.447819496 ], [ 136.592058554, 36.447771605 ], [ 136.592066257, 36.447754893 ], [ 136.592070587, 36.447736926 ], [ 136.592077096, 36.447725631 ], [ 136.592094939, 36.447706656 ], [ 136.592097433, 36.447671745 ], [ 136.592098408, 36.447642896 ], [ 136.592105005, 36.447629307 ], [ 136.592109177, 36.447616063 ], [ 136.592111017, 36.447595183 ], [ 136.59211386, 36.44756679 ], [ 136.592119019, 36.447540618 ], [ 136.592122669, 36.447518558 ], [ 136.592129895, 36.447481561 ], [ 136.59213533, 36.447456896 ], [ 136.592142026, 36.447419954 ], [ 136.592148788, 36.447373924 ], [ 136.592148827, 36.447358791 ], [ 136.592148704, 36.447347749 ], [ 136.592147757, 36.447331643 ], [ 136.59215294, 36.447323022 ], [ 136.592167997, 36.447283118 ] ] ] } },
{ "type": "Feature", "properties": { "A54_001": "1", "A54_002": "17", "A54_003": "石川県", "A54_004": "17211", "A54_005": "能美市", "A54_006": "能美市0003" }, "geometry": { "type": "Polygon", "coordinates": [ [ [ 136.571742739, 36.448650501 ], [ 136.571798548, 36.448627998 ], [ 136.571913755, 36.44847746 ], [ 136.571888249, 36.448491339 ], [ 136.571859324, 36.44850946 ], [ 136.571829661, 36.448529372 ], [ 136.57180803, 36.448535674 ], [ 136.571797751, 36.448544109 ], [ 136.57177948, 36.448563552 ], [ 136.571767351, 36.448575412 ], [ 136.571765249, 36.448576012 ], [ 136.571760944, 36.448571976 ], [ 136.57176371, 36.448522136 ], [ 136.571760835, 36.448509214 ], [ 136.571755001, 36.448495772 ], [ 136.571739697, 36.448480977 ], [ 136.571723041, 36.448464855 ], [ 136.571708725, 36.448455436 ], [ 136.571703161, 36.448443776 ], [ 136.571692332, 36.448415057 ], [ 136.571687547, 36.448402362 ], [ 136.571690187, 36.448373099 ], [ 136.571703552, 36.448338892 ], [ 136.571715731, 36.448300013 ], [ 136.571733571, 36.448271021 ], [ 136.571742932, 36.448256468 ], [ 136.571769813, 36.448199276 ], [ 136.571790699, 36.448158271 ], [ 136.571799109, 36.448144679 ], [ 136.571810382, 36.448130278 ], [ 136.571821227, 36.448113714 ], [ 136.571839147, 36.448093387 ], [ 136.571861267, 36.448070511 ], [ 136.571873935, 36.448059654 ], [ 136.571876427, 36.448051934 ], [ 136.571892632, 36.448038526 ], [ 136.571905123, 36.448028889 ], [ 136.57192059, 36.448012237 ], [ 136.571932322, 36.447994728 ], [ 136.571947092, 36.447966418 ], [ 136.571959413, 36.447948793 ], [ 136.57197612, 36.447926354 ], [ 136.571992001, 36.44790388 ], [ 136.572024248, 36.447878523 ], [ 136.572052628, 36.447856737 ], [ 136.572095619, 36.447837006 ], [ 136.572106342, 36.447828174 ], [ 136.572133132, 36.447806411 ], [ 136.572165619, 36.447788173 ], [ 136.572193051, 36.447777593 ], [ 136.572190188, 36.44762948 ], [ 136.572167477, 36.447623313 ], [ 136.572139084, 36.44761154 ], [ 136.572130419, 36.447593847 ], [ 136.572130517, 36.44758091 ], [ 136.572134138, 36.447568227 ], [ 136.572144639, 36.447544616 ], [ 136.572155757, 36.447530665 ], [ 136.572166702, 36.447520156 ], [ 136.572186033, 36.447504975 ], [ 136.572184112, 36.447454875 ], [ 136.572185379, 36.447358809 ], [ 136.572177843, 36.447345833 ], [ 136.572153849, 36.447302285 ], [ 136.572139531, 36.447261775 ], [ 136.57213644, 36.447243599 ], [ 136.572138282, 36.447210314 ], [ 136.572145545, 36.447193054 ], [ 136.572152088, 36.447182235 ], [ 136.572167188, 36.447161699 ], [ 136.572170951, 36.447152425 ], [ 136.572171772, 36.44714368 ], [ 136.572179935, 36.447132246 ], [ 136.572178524, 36.447124642 ], [ 136.572180203, 36.447116342 ], [ 136.572182614, 36.447108163 ], [ 136.572187912, 36.447080947 ], [ 136.572197532, 36.447032388 ], [ 136.572205091, 36.446997217 ], [ 136.572219225, 36.446967999 ], [ 136.572246763, 36.44692832 ], [ 136.572265741, 36.446901582 ], [ 136.572270218, 36.446892108 ], [ 136.572275948, 36.44686657 ], [ 136.572275921, 36.446812444 ], [ 136.572279552, 36.446782372 ], [ 136.572289818, 36.446750227 ], [ 136.572308651, 36.446702496 ], [ 136.572324286, 36.446658446 ], [ 136.572342389, 36.446610471 ], [ 136.572362877, 36.446566265 ], [ 136.572382973, 36.446534932 ], [ 136.572438848, 36.446365064 ], [ 136.572481441, 36.446158862 ], [ 136.572453031, 36.446157726 ], [ 136.572425054, 36.446149159 ], [ 136.572404955, 36.44613668 ], [ 136.572395649, 36.446124764 ], [ 136.572387854, 36.446107276 ], [ 136.572383169, 36.446077946 ], [ 136.572384854, 36.446049467 ], [ 136.572390551, 36.446007788 ], [ 136.572402798, 36.445976881 ], [ 136.572417521, 36.445934418 ], [ 136.572433492, 36.44593036 ], [ 136.572450718, 36.44592811 ], [ 136.572465812, 36.445929067 ], [ 136.57248157, 36.445919921 ], [ 136.57254616, 36.445884137 ], [ 136.572579347, 36.44573912 ], [ 136.572640417, 36.445476115 ], [ 136.572758893, 36.445138925 ], [ 136.572746998, 36.445096212 ], [ 136.572749543, 36.445065689 ], [ 136.572757429, 36.445042256 ], [ 136.572770179, 36.445022633 ], [ 136.572789147, 36.444998305 ], [ 136.572814172, 36.444970298 ], [ 136.572843556, 36.444935968 ], [ 136.572856035, 36.444916801 ], [ 136.572865288, 36.44488496 ], [ 136.572870319, 36.444847276 ], [ 136.572861307, 36.444835362 ], [ 136.572843455, 36.444802319 ], [ 136.572829227, 36.444764779 ], [ 136.572826845, 36.444749811 ], [ 136.572825879, 36.444741735 ], [ 136.572835316, 36.444717093 ], [ 136.572843656, 36.444701585 ], [ 136.572877135, 36.444647512 ], [ 136.572892085, 36.444617077 ], [ 136.572896789, 36.44459704 ], [ 136.572897605, 36.444586243 ], [ 136.572892872, 36.444571619 ], [ 136.572887637, 36.444561551 ], [ 136.572883338, 36.444553186 ], [ 136.572873237, 36.444542413 ], [ 136.572862115, 36.444527427 ], [ 136.572844187, 36.444507014 ], [ 136.572834793, 36.444487501 ], [ 136.572832276, 36.444468623 ], [ 136.572831211, 36.444445798 ], [ 136.57282806, 36.444391744 ], [ 136.572834004, 36.444363048 ], [ 136.572839997, 36.444347291 ], [ 136.572863411, 36.444301391 ], [ 136.572881561, 36.444258298 ], [ 136.572888667, 36.444233737 ], [ 136.572895236, 36.444180831 ], [ 136.572905214, 36.444140594 ], [ 136.572912263, 36.444121162 ], [ 136.57292355, 36.444104126 ], [ 136.572952931, 36.444066487 ], [ 136.572964542, 36.444053828 ], [ 136.57297291, 36.444045683 ], [ 136.572984622, 36.444020926 ], [ 136.57298508, 36.444015841 ], [ 136.572981407, 36.444002461 ], [ 136.572973725, 36.443990755 ], [ 136.572968344, 36.4439813 ], [ 136.572951555, 36.443965925 ], [ 136.572940936, 36.443953052 ], [ 136.572925148, 36.443934435 ], [ 136.572912942, 36.443917875 ], [ 136.572903445, 36.443892538 ], [ 136.572898589, 36.443847672 ], [ 136.572898069, 36.443800287 ], [ 136.572902182, 36.443745248 ], [ 136.572910932, 36.443711589 ], [ 136.572919875, 36.443689199 ], [ 136.572929679, 36.443674174 ], [ 136.57294241, 36.443660468 ], [ 136.573003417, 36.443611159 ], [ 136.573025602, 36.443589785 ], [ 136.573038795, 36.443574423 ], [ 136.573049099, 36.443557174 ], [ 136.573048434, 36.443545301 ], [ 136.573043159, 36.443533103 ], [ 136.573038082, 36.443527855 ], [ 136.573029719, 36.443524355 ], [ 136.573024326, 36.44351646 ], [ 136.573016775, 36.44350969 ], [ 136.57300937, 36.44350165 ], [ 136.572991941, 36.443482463 ], [ 136.572979358, 36.443468652 ], [ 136.572971556, 36.443457625 ], [ 136.572960781, 36.443441043 ], [ 136.572951119, 36.443416297 ], [ 136.572948638, 36.443400549 ], [ 136.572944143, 36.443353701 ], [ 136.572938823, 36.443324029 ], [ 136.572933922, 36.443312135 ], [ 136.572926695, 36.443300784 ], [ 136.572919118, 36.443293353 ], [ 136.572911204, 36.443286056 ], [ 136.572897255, 36.443271937 ], [ 136.572882035, 36.443258656 ], [ 136.572866542, 36.443246703 ], [ 136.572847963, 36.443232264 ], [ 136.572840136, 36.443224561 ], [ 136.572830766, 36.443212461 ], [ 136.572816429, 36.443205861 ], [ 136.572802659, 36.443177795 ], [ 136.572797306, 36.443167442 ], [ 136.572788275, 36.443158019 ], [ 136.572771768, 36.44315566 ], [ 136.57276148, 36.443157033 ], [ 136.572743615, 36.443161878 ], [ 136.572728356, 36.443160615 ], [ 136.572720748, 36.443158307 ], [ 136.572710321, 36.443158848 ], [ 136.572687282, 36.443157428 ], [ 136.572653453, 36.443152673 ], [ 136.572629988, 36.44314947 ], [ 136.572616036, 36.443149994 ], [ 136.572630444, 36.443166683 ], [ 136.572661146, 36.443193143 ], [ 136.572685715, 36.443205728 ], [ 136.572709085, 36.443221394 ], [ 136.572726411, 36.443234144 ], [ 136.572737787, 36.443244052 ], [ 136.572745472, 36.443256672 ], [ 136.57276091, 36.443272892 ], [ 136.5727651, 36.443281815 ], [ 136.572782034, 36.443305312 ], [ 136.572794411, 36.443337897 ], [ 136.572805768, 36.443367198 ], [ 136.572812341, 36.443390851 ], [ 136.572814844, 36.443405594 ], [ 136.57281278, 36.44344048 ], [ 136.572808218, 36.443466007 ], [ 136.572796454, 36.443492537 ], [ 136.572788046, 36.443506756 ], [ 136.572775859, 36.44352628 ], [ 136.5727498, 36.443559905 ], [ 136.572716181, 36.443603152 ], [ 136.572703444, 36.443617688 ], [ 136.57269086, 36.443631513 ], [ 136.572676025, 36.443653992 ], [ 136.572662048, 36.443677187 ], [ 136.572651131, 36.443710643 ], [ 136.572643834, 36.443743367 ], [ 136.572633138, 36.443790006 ], [ 136.572623812, 36.443819278 ], [ 136.572613305, 36.443841716 ], [ 136.572602935, 36.44385389 ], [ 136.572586831, 36.443867223 ], [ 136.572564702, 36.443881237 ], [ 136.572542134, 36.443891459 ], [ 136.572496985, 36.443914826 ], [ 136.572481203, 36.443924362 ], [ 136.572466893, 36.44393343 ], [ 136.572454945, 36.44394441 ], [ 136.572443546, 36.443956816 ], [ 136.572431961, 36.443974207 ], [ 136.572424359, 36.443994148 ], [ 136.572417303, 36.444014528 ], [ 136.572408741, 36.444052031 ], [ 136.572402202, 36.444081555 ], [ 136.572383976, 36.444138181 ], [ 136.572364518, 36.444196661 ], [ 136.572342956, 36.444261545 ], [ 136.572329651, 36.444294828 ], [ 136.572320672, 36.444306179 ], [ 136.572312208, 36.44431357 ], [ 136.572301493, 36.444321452 ], [ 136.572286301, 36.444333382 ], [ 136.572265697, 36.44434891 ], [ 136.572243955, 36.444350868 ], [ 136.572225761, 36.444349353 ], [ 136.572177227, 36.444349556 ], [ 136.572141349, 36.444332313 ], [ 136.572140767, 36.444331598 ], [ 136.572129223, 36.444324418 ], [ 136.572083312, 36.444494284 ], [ 136.571939572, 36.444771725 ], [ 136.571778081, 36.445295098 ], [ 136.571653288, 36.445700228 ], [ 136.571682807, 36.445704516 ], [ 136.571691088, 36.445715952 ], [ 136.571699347, 36.445730355 ], [ 136.571687834, 36.445775053 ], [ 136.571683485, 36.445806189 ], [ 136.571704886, 36.445829976 ], [ 136.571717474, 36.445841445 ], [ 136.571716734, 36.44584427 ], [ 136.571711953, 36.445848059 ], [ 136.571711648, 36.445854976 ], [ 136.571716861, 36.445871298 ], [ 136.571729185, 36.445891656 ], [ 136.571739558, 36.445917614 ], [ 136.571735398, 36.445943351 ], [ 136.57173044, 36.44597731 ], [ 136.571721787, 36.446004998 ], [ 136.571711428, 36.446034977 ], [ 136.571682635, 36.44612303 ], [ 136.57167142, 36.446149799 ], [ 136.571653279, 36.446190608 ], [ 136.571626578, 36.446246863 ], [ 136.571603776, 36.446293628 ], [ 136.571578031, 36.446341327 ], [ 136.571574671, 36.446377632 ], [ 136.571570739, 36.446418507 ], [ 136.571539071, 36.446561573 ], [ 136.571461116, 36.446917647 ], [ 136.571385971, 36.447212035 ], [ 136.571363808, 36.44729796 ], [ 136.571379837, 36.447318604 ], [ 136.571390096, 36.447337896 ], [ 136.571398099, 36.447366601 ], [ 136.571401302, 36.447384481 ], [ 136.571452868, 36.447426325 ], [ 136.571468818, 36.447457355 ], [ 136.571499569, 36.447513881 ], [ 136.571506282, 36.447538485 ], [ 136.571524137, 36.44761863 ], [ 136.571531997, 36.44766603 ], [ 136.571540944, 36.447773048 ], [ 136.571547031, 36.447830746 ], [ 136.571546129, 36.447881634 ], [ 136.571543891, 36.447916046 ], [ 136.571537009, 36.447942392 ], [ 136.571530207, 36.447958352 ], [ 136.571515381, 36.447981959 ], [ 136.571493413, 36.448016207 ], [ 136.571486592, 36.448044185 ], [ 136.571474003, 36.448097047 ], [ 136.571475897, 36.448115988 ], [ 136.571478313, 36.448145675 ], [ 136.571477194, 36.448160091 ], [ 136.57147349, 36.448183693 ], [ 136.571467268, 36.448191022 ], [ 136.571457241, 36.448199714 ], [ 136.571457793, 36.448202818 ], [ 136.571503294, 36.448214146 ], [ 136.571562762, 36.448232722 ], [ 136.571577485, 36.44823843 ], [ 136.57159161, 36.448253694 ], [ 136.571592316, 36.448257377 ], [ 136.571591818, 36.448264971 ], [ 136.571582527, 36.448292878 ], [ 136.571576674, 36.448309585 ], [ 136.571571888, 36.448331815 ], [ 136.571579527, 36.448331311 ], [ 136.571599508, 36.448317166 ], [ 136.571612789, 36.448304142 ], [ 136.571621753, 36.448304303 ], [ 136.571621313, 36.448307317 ], [ 136.571616584, 36.448311324 ], [ 136.571614011, 36.448326384 ], [ 136.57160464, 36.44834499 ], [ 136.571586069, 36.448383014 ], [ 136.571563123, 36.448426818 ], [ 136.571553891, 36.448438071 ], [ 136.571526145, 36.448471316 ], [ 136.571507899, 36.448475328 ], [ 136.57147576, 36.448492497 ], [ 136.571456372, 36.448512698 ], [ 136.57143238, 36.448540391 ], [ 136.571416541, 36.448558482 ], [ 136.571403737, 36.448562454 ], [ 136.571370542, 36.448601384 ], [ 136.571532058, 36.448677641 ], [ 136.571578032, 36.448656972 ], [ 136.571614052, 36.448650624 ], [ 136.571639401, 36.448656195 ], [ 136.571661458, 36.448651795 ], [ 136.571689181, 36.448635938 ], [ 136.571726151, 36.448613892 ], [ 136.571746444, 36.448603248 ], [ 136.571750519, 36.448596951 ], [ 136.571747551, 36.448619884 ], [ 136.571748108, 36.448634741 ], [ 136.571742739, 36.448650501 ] ] ] } },
{ "type": "Feature", "properties": { "A54_001": "1", "A54_002": "17", "A54_003": "石川県", "A54_004": "17211", "A54_005": "能美市", "A54_006": "能美市0004" }, "geometry": { "type": "Polygon", "coordinates": [ [ [ 136.593640914, 36.447618575 ], [ 136.593655863, 36.447552237 ], [ 136.593665854, 36.44751889 ], [ 136.593686856, 36.447458129 ], [ 136.593695705, 36.447436664 ], [ 136.593729817, 36.447351873 ], [ 136.593738457, 36.447327212 ], [ 136.593742557, 36.447305824 ], [ 136.593742805, 36.447294837 ], [ 136.593729624, 36.447284668 ], [ 136.593707919, 36.447264055 ], [ 136.593698055, 36.447259192 ], [ 136.593682368, 36.447247518 ], [ 136.593669294, 36.447241406 ], [ 136.593645535, 36.447228587 ], [ 136.593626696, 36.447223478 ], [ 136.593608693, 36.44721755 ], [ 136.593571957, 36.447201824 ], [ 136.593546041, 36.447190775 ], [ 136.593522382, 36.447177529 ], [ 136.593507495, 36.447165469 ], [ 136.593492776, 36.447150561 ], [ 136.593475167, 36.447128024 ], [ 136.593453369, 36.447087414 ], [ 136.593427877, 36.44703442 ], [ 136.59340337, 36.446977802 ], [ 136.593385929, 36.446935467 ], [ 136.59336812, 36.446901552 ], [ 136.59334651, 36.446885306 ], [ 136.593315047, 36.446863757 ], [ 136.593276193, 36.446838139 ], [ 136.59325646, 36.446829091 ], [ 136.593217362, 36.446804759 ], [ 136.593189888, 36.446787416 ], [ 136.593167647, 36.446773974 ], [ 136.593141664, 36.446753434 ], [ 136.59310154, 36.446728069 ], [ 136.593061973, 36.44670546 ], [ 136.593024428, 36.446688766 ], [ 136.593020053, 36.446744533 ], [ 136.593014511, 36.446844524 ], [ 136.593009401, 36.446860642 ], [ 136.59300317, 36.446869396 ], [ 136.592964623, 36.446890567 ], [ 136.592904012, 36.446922057 ], [ 136.592880566, 36.446930877 ], [ 136.592851415, 36.446935813 ], [ 136.592814846, 36.446947269 ], [ 136.59276049, 36.446966742 ], [ 136.5927466, 36.446968752 ], [ 136.592741916, 36.446976831 ], [ 136.592742907, 36.446981821 ], [ 136.592747354, 36.447005938 ], [ 136.592765472, 36.44702285 ], [ 136.592786334, 36.447050993 ], [ 136.592787017, 36.447070519 ], [ 136.592784279, 36.447128252 ], [ 136.592780224, 36.447159962 ], [ 136.59277231, 36.447187966 ], [ 136.592762433, 36.44720329 ], [ 136.592749263, 36.447212307 ], [ 136.592732915, 36.447219232 ], [ 136.592707319, 36.447225993 ], [ 136.592664011, 36.447234175 ], [ 136.592588032, 36.447242831 ], [ 136.592562329, 36.447244013 ], [ 136.592533694, 36.447240711 ], [ 136.592515418, 36.447245193 ], [ 136.592489353, 36.447260855 ], [ 136.592475475, 36.447268105 ], [ 136.592465273, 36.447277789 ], [ 136.592464217, 36.447317822 ], [ 136.59247192, 36.447348364 ], [ 136.592487813, 36.447323514 ], [ 136.592499011, 36.447298167 ], [ 136.592508095, 36.447300703 ], [ 136.592554856, 36.447323663 ], [ 136.592588821, 36.447338496 ], [ 136.592632012, 36.447354965 ], [ 136.592720781, 36.447382737 ], [ 136.592785202, 36.447403478 ], [ 136.59281108, 36.447418321 ], [ 136.592844176, 36.447427345 ], [ 136.592875647, 36.447440316 ], [ 136.592917381, 36.447463878 ], [ 136.592969823, 36.447492151 ], [ 136.59298488, 36.447501007 ], [ 136.593000018, 36.447512758 ], [ 136.593027655, 36.447498191 ], [ 136.593065324, 36.447518597 ], [ 136.593128253, 36.447554123 ], [ 136.593176492, 36.447587007 ], [ 136.593220052, 36.447612554 ], [ 136.593233325, 36.447624488 ], [ 136.59325201, 36.447639177 ], [ 136.593307213, 36.447679453 ], [ 136.593334162, 36.447699863 ], [ 136.593407938, 36.44775184 ], [ 136.593431141, 36.44776823 ], [ 136.59344396, 36.447774188 ], [ 136.593465646, 36.44777999 ], [ 136.593472309, 36.447782434 ], [ 136.593488562, 36.447796959 ], [ 136.593500395, 36.447807936 ], [ 136.593530037, 36.44783437 ], [ 136.593540069, 36.447839166 ], [ 136.593601638, 36.447861501 ], [ 136.593647367, 36.447878362 ], [ 136.593703776, 36.44789442 ], [ 136.593720595, 36.447898217 ], [ 136.593741806, 36.447888942 ], [ 136.593770336, 36.44788255 ], [ 136.593787857, 36.447875869 ], [ 136.593810356, 36.44787111 ], [ 136.59385124, 36.447859377 ], [ 136.593874572, 36.447861151 ], [ 136.593905453, 36.447854533 ], [ 136.593910125, 36.447839978 ], [ 136.59390922, 36.447823356 ], [ 136.593901365, 36.447813348 ], [ 136.593891659, 36.447806661 ], [ 136.59388342, 36.447789055 ], [ 136.5938803, 36.447774084 ], [ 136.593874679, 36.447762317 ], [ 136.59386595, 36.447751355 ], [ 136.593857823, 36.447738378 ], [ 136.593854945, 36.447730411 ], [ 136.593812914, 36.44772503 ], [ 136.593749463, 36.447709321 ], [ 136.593735566, 36.447702489 ], [ 136.593702332, 36.447677723 ], [ 136.593681544, 36.447659454 ], [ 136.593640914, 36.447618575 ] ] ] } },
{ "type": "Feature", "properties": { "A54_001": "1", "A54_002": "17", "A54_003": "石川県", "A54_004": "17211", "A54_005": "能美市", "A54_006": "能美市0005" }, "geometry": { "type": "Polygon", "coordinates": [ [ [ 136.591141963, 36.446986538 ], [ 136.591129297, 36.446991954 ], [ 136.591112364, 36.447001368 ], [ 136.591102381, 36.447009035 ], [ 136.591090426, 36.44702404 ], [ 136.591085915, 36.44703473 ], [ 136.591064985, 36.447071313 ], [ 136.591053313, 36.447078419 ], [ 136.591041883, 36.44709254 ], [ 136.591034391, 36.447109363 ], [ 136.591055444, 36.447165636 ], [ 136.591064093, 36.447176515 ], [ 136.591086578, 36.44719854 ], [ 136.591100502, 36.447209506 ], [ 136.591118936, 36.447212783 ], [ 136.591144877, 36.447208317 ], [ 136.591163883, 36.447202237 ], [ 136.591180344, 36.447189285 ], [ 136.591195992, 36.447176027 ], [ 136.591202784, 36.447165682 ], [ 136.591210998, 36.447151758 ], [ 136.591219229, 36.447139182 ], [ 136.591231261, 36.447124308 ], [ 136.591232205, 36.447119933 ], [ 136.591233965, 36.447082828 ], [ 136.591241157, 36.447061354 ], [ 136.591233177, 36.447048496 ], [ 136.591220436, 36.44702422 ], [ 136.591210563, 36.447004895 ], [ 136.591204843, 36.446995575 ], [ 136.591190391, 36.446991269 ], [ 136.591175159, 36.446986177 ], [ 136.591150143, 36.446985651 ], [ 136.591141963, 36.446986538 ] ] ] } },
{ "type": "Feature", "properties": { "A54_001": "1", "A54_002": "17", "A54_003": "石川県", "A54_004": "17211", "A54_005": "能美市", "A54_006": "能美市0006" }, "geometry": { "type": "Polygon", "coordinates": [ [ [ 136.541475536, 36.445872495 ], [ 136.541832105, 36.445639931 ], [ 136.541794419, 36.445468309 ], [ 136.541782955, 36.445455994 ], [ 136.541770848, 36.445427888 ], [ 136.541765943, 36.445398781 ], [ 136.541757094, 36.445380871 ], [ 136.541747543, 36.44535444 ], [ 136.541745936, 36.445318535 ], [ 136.541749816, 36.445281769 ], [ 136.54175391, 36.445254126 ], [ 136.541759569, 36.44521809 ], [ 136.541759306, 36.44511725 ], [ 136.541757504, 36.445049576 ], [ 136.541769125, 36.444970589 ], [ 136.541767654, 36.444896536 ], [ 136.541767809, 36.444792731 ], [ 136.541765652, 36.444716866 ], [ 136.541753584, 36.444619706 ], [ 136.541746592, 36.444566467 ], [ 136.541694367, 36.444575125 ], [ 136.54166148, 36.444575161 ], [ 136.541628103, 36.444572286 ], [ 136.541592121, 36.444565243 ], [ 136.541556681, 36.444554137 ], [ 136.541530037, 36.44454462 ], [ 136.541502393, 36.444533375 ], [ 136.541473862, 36.444521119 ], [ 136.541453661, 36.444513654 ], [ 136.541430306, 36.444506024 ], [ 136.541396205, 36.444493812 ], [ 136.541324763, 36.444466955 ], [ 136.541292752, 36.444453909 ], [ 136.541252707, 36.444435507 ], [ 136.541239995, 36.444427962 ], [ 136.541223776, 36.444418263 ], [ 136.541196892, 36.444400993 ], [ 136.541176136, 36.444388383 ], [ 136.541166487, 36.444383348 ], [ 136.541143359, 36.444374799 ], [ 136.541108506, 36.444363718 ], [ 136.541070364, 36.444349675 ], [ 136.541054864, 36.444341879 ], [ 136.541027431, 36.444322943 ], [ 136.541015376, 36.444309322 ], [ 136.541008856, 36.444295926 ], [ 136.541000261, 36.444273108 ], [ 136.540985018, 36.444214403 ], [ 136.540979737, 36.444144181 ], [ 136.540974439, 36.444103427 ], [ 136.540973959, 36.444011234 ], [ 136.540971004, 36.44396526 ], [ 136.540965145, 36.443930139 ], [ 136.540957865, 36.443904225 ], [ 136.540951085, 36.443889233 ], [ 136.54094453, 36.443875942 ], [ 136.540935378, 36.443863906 ], [ 136.540926551, 36.443854076 ], [ 136.540918553, 36.443847116 ], [ 136.540911039, 36.4438426 ], [ 136.540888779, 36.443831906 ], [ 136.540858757, 36.443822608 ], [ 136.540841301, 36.443820736 ], [ 136.540816183, 36.443817778 ], [ 136.540784366, 36.443812626 ], [ 136.540754154, 36.443807571 ], [ 136.540700657, 36.443801988 ], [ 136.540665474, 36.443795513 ], [ 136.540633408, 36.443784781 ], [ 136.540594531, 36.443772099 ], [ 136.540569511, 36.443761522 ], [ 136.540511937, 36.443736939 ], [ 136.540484987, 36.443723422 ], [ 136.540459716, 36.443707503 ], [ 136.540422932, 36.443682094 ], [ 136.540395255, 36.443663817 ], [ 136.540375107, 36.443647297 ], [ 136.540334812, 36.443619899 ], [ 136.540318098, 36.443606585 ], [ 136.540302015, 36.443592628 ], [ 136.540291335, 36.443587943 ], [ 136.540282981, 36.443586237 ], [ 136.54027469, 36.443576579 ], [ 136.540261204, 36.443563704 ], [ 136.540232875, 36.443538955 ], [ 136.540194887, 36.443509297 ], [ 136.540178536, 36.443497934 ], [ 136.540149781, 36.443475626 ], [ 136.540114546, 36.44344823 ], [ 136.540106931, 36.443436765 ], [ 136.540104206, 36.44342408 ], [ 136.540096127, 36.443406381 ], [ 136.540090626, 36.443399375 ], [ 136.540046794, 36.443389895 ], [ 136.540029047, 36.443377158 ], [ 136.540009558, 36.443362753 ], [ 136.539983969, 36.443344712 ], [ 136.539978204, 36.443341125 ], [ 136.539960603, 36.443339133 ], [ 136.539934976, 36.443336858 ], [ 136.539920578, 36.443332984 ], [ 136.539911747, 36.443332408 ], [ 136.5399052, 36.443332848 ], [ 136.53990115, 36.443335676 ], [ 136.539900426, 36.443342319 ], [ 136.539908763, 36.44335664 ], [ 136.539914491, 36.443374958 ], [ 136.539919002, 36.443387734 ], [ 136.53994072, 36.443406184 ], [ 136.539958471, 36.4434261 ], [ 136.539962977, 36.443431702 ], [ 136.539974372, 36.443438647 ], [ 136.54000954, 36.443452793 ], [ 136.540023728, 36.443459277 ], [ 136.54003817, 36.443470867 ], [ 136.540044322, 36.443472561 ], [ 136.540063996, 36.443497502 ], [ 136.540078059, 36.443519653 ], [ 136.540100351, 36.443559434 ], [ 136.540130471, 36.443589637 ], [ 136.540139807, 36.443597045 ], [ 136.540173946, 36.443614732 ], [ 136.540203984, 36.443630516 ], [ 136.540210563, 36.443636587 ], [ 136.540223406, 36.443654894 ], [ 136.540263531, 36.443683609 ], [ 136.540282544, 36.443710891 ], [ 136.540325554, 36.44376905 ], [ 136.540342002, 36.443786674 ], [ 136.540366079, 36.44380508 ], [ 136.540420769, 36.443844698 ], [ 136.540441184, 36.443862017 ], [ 136.540462911, 36.443880529 ], [ 136.540489254, 36.443909154 ], [ 136.540498138, 36.443918103 ], [ 136.540504351, 36.44393048 ], [ 136.54050905, 36.443948666 ], [ 136.54051102, 36.443959359 ], [ 136.540511538, 36.443986187 ], [ 136.540505794, 36.444006811 ], [ 136.540499659, 36.444021141 ], [ 136.540489827, 36.444038894 ], [ 136.540475868, 36.444058524 ], [ 136.540458057, 36.444082645 ], [ 136.540448992, 36.444096248 ], [ 136.540436497, 36.44411648 ], [ 136.540429925, 36.444130452 ], [ 136.540420953, 36.44415082 ], [ 136.540419485, 36.444168973 ], [ 136.540415094, 36.444203847 ], [ 136.540410981, 36.444222461 ], [ 136.540411327, 36.444270773 ], [ 136.540408491, 36.444276574 ], [ 136.540401689, 36.444282592 ], [ 136.540396375, 36.444286125 ], [ 136.540392469, 36.444297262 ], [ 136.540385661, 36.444303993 ], [ 136.540376816, 36.444308457 ], [ 136.540373587, 36.44430844 ], [ 136.540368456, 36.444307463 ], [ 136.540356284, 36.444305738 ], [ 136.540354821, 36.444305136 ], [ 136.540348689, 36.444300831 ], [ 136.540334885, 36.444301233 ], [ 136.540327274, 36.444298345 ], [ 136.540315411, 36.44429484 ], [ 136.540310019, 36.444289827 ], [ 136.54030403, 36.444285997 ], [ 136.540297753, 36.444281572 ], [ 136.540288553, 36.444275352 ], [ 136.540269904, 36.444266041 ], [ 136.540246557, 36.444258661 ], [ 136.540206875, 36.444245552 ], [ 136.540173929, 36.444234696 ], [ 136.540111749, 36.444219597 ], [ 136.540058181, 36.444203529 ], [ 136.540004554, 36.444200742 ], [ 136.539951902, 36.444198596 ], [ 136.539913204, 36.444194408 ], [ 136.539857843, 36.444181602 ], [ 136.539843459, 36.444181111 ], [ 136.53982167, 36.444174972 ], [ 136.539805298, 36.444185534 ], [ 136.53978969, 36.444191149 ], [ 136.539781607, 36.444192294 ], [ 136.53976399, 36.44419324 ], [ 136.539742832, 36.444195384 ], [ 136.539728785, 36.444189494 ], [ 136.539686471, 36.444170047 ], [ 136.539652203, 36.444150133 ], [ 136.539630528, 36.44412987 ], [ 136.539609654, 36.44410035 ], [ 136.539599421, 36.444076557 ], [ 136.539363211, 36.444037242 ], [ 136.539118366, 36.443976501 ], [ 136.538948909, 36.443993096 ], [ 136.538832365, 36.444038449 ], [ 136.53871839, 36.444071824 ], [ 136.538504995, 36.444043738 ], [ 136.538361471, 36.444062968 ], [ 136.537802359, 36.444066408 ], [ 136.537764897, 36.444171839 ], [ 136.537791511, 36.444185066 ], [ 136.537871499, 36.444236226 ], [ 136.537922129, 36.444266197 ], [ 136.537984057, 36.444296851 ], [ 136.538025517, 36.44431701 ], [ 136.538083896, 36.444341829 ], [ 136.538120272, 36.444355107 ], [ 136.538137437, 36.444361221 ], [ 136.538158485, 36.444363617 ], [ 136.538164597, 36.444370296 ], [ 136.538185379, 36.444373936 ], [ 136.538252508, 36.444396931 ], [ 136.53829862, 36.444413584 ], [ 136.53832074, 36.444410585 ], [ 136.53833213, 36.444400051 ], [ 136.538339024, 36.444395547 ], [ 136.53835262, 36.44439494 ], [ 136.538363358, 36.444394997 ], [ 136.538383359, 36.444405717 ], [ 136.5383974, 36.444412302 ], [ 136.538425436, 36.444417537 ], [ 136.538430556, 36.444419938 ], [ 136.538451443, 36.444433223 ], [ 136.538509309, 36.444467001 ], [ 136.538562946, 36.444497313 ], [ 136.538580597, 36.444511412 ], [ 136.538607017, 36.444530424 ], [ 136.53867963, 36.444574368 ], [ 136.538710017, 36.444593045 ], [ 136.538766377, 36.444631681 ], [ 136.538774708, 36.444636235 ], [ 136.538779698, 36.444636499 ], [ 136.538783756, 36.444643049 ], [ 136.538791507, 36.444646769 ], [ 136.538796026, 36.444650828 ], [ 136.538800266, 36.444652987 ], [ 136.53880756, 36.444658842 ], [ 136.538836744, 36.444680954 ], [ 136.538870879, 36.444708316 ], [ 136.538900632, 36.444732805 ], [ 136.538905025, 36.444734253 ], [ 136.538910995, 36.444740338 ], [ 136.538915965, 36.444743094 ], [ 136.538922524, 36.444748944 ], [ 136.538954067, 36.444770001 ], [ 136.539004187, 36.444799464 ], [ 136.539219731, 36.444852386 ], [ 136.539278438, 36.444859329 ], [ 136.53928265, 36.444867559 ], [ 136.539421174, 36.444916727 ], [ 136.539612668, 36.444985083 ], [ 136.539876979, 36.445079773 ], [ 136.539902326, 36.445065387 ], [ 136.539945127, 36.445045833 ], [ 136.539961391, 36.445049835 ], [ 136.539978344, 36.445059539 ], [ 136.539980948, 36.4450643 ], [ 136.539980027, 36.445069281 ], [ 136.539972027, 36.44507826 ], [ 136.539969932, 36.445083116 ], [ 136.539963739, 36.445086525 ], [ 136.539955865, 36.445097998 ], [ 136.539962398, 36.445114288 ], [ 136.539971338, 36.445116353 ], [ 136.540020049, 36.445159102 ], [ 136.54007005, 36.445200256 ], [ 136.540079878, 36.445209125 ], [ 136.540084944, 36.445220699 ], [ 136.540085823, 36.445239844 ], [ 136.540132621, 36.445285454 ], [ 136.540215136, 36.445368278 ], [ 136.540469314, 36.445621126 ], [ 136.540513688, 36.445663776 ], [ 136.540712563, 36.445786323 ], [ 136.540924057, 36.445845732 ], [ 136.541475536, 36.445872495 ] ] ] } },
{ "type": "Feature", "properties": { "A54_001": "1", "A54_002": "17", "A54_003": "石川県", "A54_004": "17211", "A54_005": "能美市", "A54_006": "能美市0007" }, "geometry": { "type": "Polygon", "coordinates": [ [ [ 136.544217903, 36.4448673 ], [ 136.544242618, 36.444838051 ], [ 136.544223041, 36.444812162 ], [ 136.544216681, 36.444804236 ], [ 136.544197313, 36.444784401 ], [ 136.544196674, 36.444767988 ], [ 136.544196056, 36.444714562 ], [ 136.544189869, 36.444685033 ], [ 136.54419616, 36.444655323 ], [ 136.544214993, 36.444603478 ], [ 136.544232282, 36.444561816 ], [ 136.544238634, 36.444538585 ], [ 136.544270554, 36.444450483 ], [ 136.544278333, 36.444424013 ], [ 136.544262994, 36.444414437 ], [ 136.544251059, 36.444407171 ], [ 136.544267612, 36.444335965 ], [ 136.544266616, 36.444332043 ], [ 136.544242655, 36.444335835 ], [ 136.544228988, 36.444337425 ], [ 136.544225425, 36.444342392 ], [ 136.544216862, 36.444348401 ], [ 136.544213368, 36.444363101 ], [ 136.544207596, 36.444373531 ], [ 136.544204086, 36.444379651 ], [ 136.544198176, 36.444384368 ], [ 136.544195322, 36.444384489 ], [ 136.544192844, 36.444379728 ], [ 136.544184217, 36.44437201 ], [ 136.544177724, 36.444365669 ], [ 136.544174206, 36.444364904 ], [ 136.544156109, 36.444362584 ], [ 136.544141833, 36.444357779 ], [ 136.54412345, 36.444351222 ], [ 136.544110565, 36.444346882 ], [ 136.544097948, 36.444345314 ], [ 136.544092466, 36.444343009 ], [ 136.544082027, 36.444336986 ], [ 136.54407575, 36.444335054 ], [ 136.544051485, 36.444329077 ], [ 136.544038193, 36.444324476 ], [ 136.544020527, 36.444316346 ], [ 136.544004746, 36.444307006 ], [ 136.543955417, 36.444281767 ], [ 136.543900539, 36.444254183 ], [ 136.543845491, 36.444223428 ], [ 136.543824869, 36.444207748 ], [ 136.543816587, 36.444197022 ], [ 136.543807319, 36.44418095 ], [ 136.543797684, 36.444166966 ], [ 136.543790681, 36.44416135 ], [ 136.543761876, 36.444145584 ], [ 136.543718594, 36.444114549 ], [ 136.54367116, 36.444079337 ], [ 136.543655194, 36.444055474 ], [ 136.543634913, 36.44404424 ], [ 136.543617122, 36.44403048 ], [ 136.543614646, 36.444027975 ], [ 136.543610983, 36.444027125 ], [ 136.543593923, 36.444012436 ], [ 136.543588528, 36.444007778 ], [ 136.543313303, 36.44395789 ], [ 136.543000233, 36.44396658 ], [ 136.54298551, 36.443985212 ], [ 136.542978529, 36.443995265 ], [ 136.542953672, 36.44401935 ], [ 136.542937488, 36.444031632 ], [ 136.542912702, 36.444046814 ], [ 136.54289929, 36.444053273 ], [ 136.542870218, 36.444065191 ], [ 136.54283106, 36.44407828 ], [ 136.542811856, 36.444083966 ], [ 136.54276444, 36.444093608 ], [ 136.54271755, 36.444100603 ], [ 136.542659584, 36.444106584 ], [ 136.542613001, 36.444112038 ], [ 136.542547628, 36.444115991 ], [ 136.542487714, 36.444115389 ], [ 136.542440661, 36.444109534 ], [ 136.542414274, 36.444104648 ], [ 136.542395451, 36.444102135 ], [ 136.542272712, 36.444135742 ], [ 136.542272162, 36.444157431 ], [ 136.542269406, 36.444179687 ], [ 136.542260405, 36.444203617 ], [ 136.542259763, 36.444224602 ], [ 136.542264633, 36.44423453 ], [ 136.542271048, 36.444240125 ], [ 136.54227632, 36.444241781 ], [ 136.542294351, 36.444241676 ], [ 136.542302793, 36.444241061 ], [ 136.542311392, 36.444242374 ], [ 136.542326604, 36.444249507 ], [ 136.542367549, 36.444256742 ], [ 136.542389626, 36.444255161 ], [ 136.542423958, 36.444248796 ], [ 136.542453454, 36.444251188 ], [ 136.542482669, 36.444259209 ], [ 136.542504321, 36.444267453 ], [ 136.542509244, 36.444281248 ], [ 136.542524729, 36.444296145 ], [ 136.542550587, 36.444317976 ], [ 136.542562533, 36.444324346 ], [ 136.542575424, 36.44432666 ], [ 136.542583948, 36.444330775 ], [ 136.54259467, 36.444343243 ], [ 136.542607051, 36.444362079 ], [ 136.542613582, 36.444374186 ], [ 136.542618384, 36.444392008 ], [ 136.542627294, 36.444422632 ], [ 136.542634603, 36.444445854 ], [ 136.542641295, 36.444476445 ], [ 136.542779535, 36.444482936 ], [ 136.542782912, 36.444459282 ], [ 136.542781411, 36.444429001 ], [ 136.542776785, 36.444401677 ], [ 136.542774256, 36.44438742 ], [ 136.542775015, 36.444384337 ], [ 136.542793228, 36.444383364 ], [ 136.542823845, 36.444391714 ], [ 136.542864832, 36.44440227 ], [ 136.542873018, 36.444404077 ], [ 136.542876166, 36.444409112 ], [ 136.542877754, 36.44442038 ], [ 136.542879191, 36.444433617 ], [ 136.542883964, 36.444442169 ], [ 136.542886352, 36.444443305 ], [ 136.542928889, 36.444448276 ], [ 136.543006415, 36.444457753 ], [ 136.543046402, 36.444461352 ], [ 136.543082059, 36.444463793 ], [ 136.543096123, 36.444467546 ], [ 136.543126632, 36.444467138 ], [ 136.543135668, 36.444449211 ], [ 136.54313867, 36.444443582 ], [ 136.543142276, 36.444442205 ], [ 136.543146109, 36.444442497 ], [ 136.543147009, 36.444443897 ], [ 136.543146834, 36.444453779 ], [ 136.543144582, 36.444463033 ], [ 136.543144258, 36.444467488 ], [ 136.543164707, 36.444470852 ], [ 136.543202809, 36.444484107 ], [ 136.543235567, 36.444495029 ], [ 136.543282598, 36.444517906 ], [ 136.543330553, 36.444542218 ], [ 136.543348869, 36.444553263 ], [ 136.543357156, 36.444555545 ], [ 136.543362397, 36.444561202 ], [ 136.543373652, 36.444564088 ], [ 136.543376205, 36.444570002 ], [ 136.543382235, 36.44457139 ], [ 136.543384991, 36.444572965 ], [ 136.543384051, 36.44457513 ], [ 136.543368861, 36.444575662 ], [ 136.543356027, 36.444575527 ], [ 136.543352568, 36.44457795 ], [ 136.543354223, 36.444585373 ], [ 136.543360291, 36.444592391 ], [ 136.543413537, 36.44461281 ], [ 136.543545781, 36.444674756 ], [ 136.543629943, 36.444714881 ], [ 136.543672082, 36.444746674 ], [ 136.543708959, 36.444774596 ], [ 136.543725877, 36.44478869 ], [ 136.543767665, 36.444796639 ], [ 136.543824068, 36.444808061 ], [ 136.543830245, 36.444805589 ], [ 136.54383825, 36.44478541 ], [ 136.543845037, 36.444773389 ], [ 136.543846311, 36.444762667 ], [ 136.543872628, 36.444755411 ], [ 136.543902934, 36.444756214 ], [ 136.543933524, 36.444760104 ], [ 136.543956254, 36.444764118 ], [ 136.543970884, 36.444770502 ], [ 136.543995649, 36.444784278 ], [ 136.544019616, 36.44479556 ], [ 136.544024358, 36.444800536 ], [ 136.544035328, 36.444800458 ], [ 136.544054041, 36.444791183 ], [ 136.544067042, 36.444787365 ], [ 136.544081781, 36.444780116 ], [ 136.544093901, 36.444771913 ], [ 136.544096164, 36.444772196 ], [ 136.544097031, 36.444779187 ], [ 136.544101085, 36.44478633 ], [ 136.544126311, 36.444801871 ], [ 136.544138966, 36.444811399 ], [ 136.544153027, 36.444826055 ], [ 136.544161002, 36.444833414 ], [ 136.544183013, 36.444839972 ], [ 136.544188549, 36.444840137 ], [ 136.54420196, 36.444852127 ], [ 136.544206203, 36.444856694 ], [ 136.54420937, 36.44485922 ], [ 136.544212592, 36.444865544 ], [ 136.544217903, 36.4448673 ] ] ] } },
{ "type": "Feature", "properties": { "A54_001": "1", "A54_002": "17", "A54_003": "石川県", "A54_004": "17211", "A54_005": "能美市", "A54_006": "能美市0008" }, "geometry": { "type": "Polygon", "coordinates": [ [ [ 136.591703117, 36.442898821 ], [ 136.591674236, 36.442916477 ], [ 136.591608306, 36.442972778 ], [ 136.591505775, 36.443071136 ], [ 136.591494418, 36.443078321 ], [ 136.59146338, 36.443086481 ], [ 136.591435066, 36.443118474 ], [ 136.591412245, 36.443147208 ], [ 136.591414277, 36.443152848 ], [ 136.59141749, 36.443155119 ], [ 136.591374404, 36.443209335 ], [ 136.591392126, 36.443215117 ], [ 136.591448692, 36.44330882 ], [ 136.591466959, 36.443336416 ], [ 136.591473856, 36.443336806 ], [ 136.591482744, 36.443345988 ], [ 136.591485589, 36.443358347 ], [ 136.591486316, 36.443385487 ], [ 136.591493003, 36.443394422 ], [ 136.591568689, 36.443426227 ], [ 136.591582665, 36.443422377 ], [ 136.591578019, 36.443435293 ], [ 136.591558212, 36.443468299 ], [ 136.591541774, 36.44350739 ], [ 136.591536384, 36.443521608 ], [ 136.591558437, 36.44354854 ], [ 136.59159202, 36.443585906 ], [ 136.591593722, 36.443593986 ], [ 136.591619828, 36.443613771 ], [ 136.591651159, 36.443625673 ], [ 136.591682035, 36.443638717 ], [ 136.59173769, 36.443662547 ], [ 136.591795546, 36.443687383 ], [ 136.591847702, 36.443710387 ], [ 136.591870181, 36.443722433 ], [ 136.59188312, 36.443734501 ], [ 136.591884731, 36.443743665 ], [ 136.591886806, 36.443746592 ], [ 136.591877838, 36.443756858 ], [ 136.591878838, 36.443769136 ], [ 136.591881911, 36.443773288 ], [ 136.591894905, 36.443774707 ], [ 136.59190176, 36.443777996 ], [ 136.591905466, 36.443775979 ], [ 136.591913477, 36.443759633 ], [ 136.591923501, 36.443765582 ], [ 136.591931341, 36.44377186 ], [ 136.591941938, 36.443779643 ], [ 136.591952717, 36.44380045 ], [ 136.591957637, 36.443810088 ], [ 136.591962288, 36.443816521 ], [ 136.591965331, 36.443821995 ], [ 136.591978453, 36.443834284 ], [ 136.591990997, 36.443845502 ], [ 136.59203225, 36.443870883 ], [ 136.592070672, 36.443896707 ], [ 136.592094203, 36.443911064 ], [ 136.592148739, 36.443943855 ], [ 136.592195979, 36.443983342 ], [ 136.592292053, 36.444057493 ], [ 136.59233311, 36.444089287 ], [ 136.592338033, 36.444098688 ], [ 136.592336382, 36.444103546 ], [ 136.592334867, 36.444109949 ], [ 136.592353817, 36.444113393 ], [ 136.592375625, 36.444122519 ], [ 136.592391906, 36.444124615 ], [ 136.59241428, 36.444136711 ], [ 136.592438234, 36.444149727 ], [ 136.59244743, 36.444157012 ], [ 136.592462356, 36.444163612 ], [ 136.592466732, 36.444167432 ], [ 136.59248591, 36.444174883 ], [ 136.592492455, 36.444183224 ], [ 136.592503113, 36.444185543 ], [ 136.592507073, 36.444194583 ], [ 136.592511086, 36.444196501 ], [ 136.592480471, 36.444237397 ], [ 136.592454367, 36.444273356 ], [ 136.592448457, 36.44428131 ], [ 136.592456092, 36.444292538 ], [ 136.59247555, 36.444304671 ], [ 136.592488485, 36.444314025 ], [ 136.592499423, 36.444316884 ], [ 136.592521951, 36.444327913 ], [ 136.592559009, 36.444343295 ], [ 136.592578588, 36.444350376 ], [ 136.592605924, 36.444362928 ], [ 136.592625885, 36.444375097 ], [ 136.592643907, 36.444386464 ], [ 136.592670871, 36.444405357 ], [ 136.592695916, 36.444419271 ], [ 136.592712393, 36.444426066 ], [ 136.592739592, 36.444433051 ], [ 136.592788061, 36.444434586 ], [ 136.592822732, 36.444431429 ], [ 136.592854635, 36.444425528 ], [ 136.59289157, 36.44441285 ], [ 136.592921766, 36.444399344 ], [ 136.592949564, 36.444392594 ], [ 136.592961914, 36.44439016 ], [ 136.592976417, 36.444366485 ], [ 136.592983809, 36.444359398 ], [ 136.593032393, 36.444353601 ], [ 136.593048249, 36.444353558 ], [ 136.593064195, 36.44436135 ], [ 136.59308095, 36.444358819 ], [ 136.593100178, 36.444359505 ], [ 136.59311295, 36.444359566 ], [ 136.593113726, 36.444353873 ], [ 136.593109519, 36.444347087 ], [ 136.593109729, 36.444338423 ], [ 136.593095801, 36.444335744 ], [ 136.593089659, 36.44433254 ], [ 136.593087497, 36.444327069 ], [ 136.593081203, 36.444324428 ], [ 136.593067856, 36.444322702 ], [ 136.593057332, 36.44431636 ], [ 136.593044605, 36.444310127 ], [ 136.59302853, 36.44429996 ], [ 136.592969388, 36.444276723 ], [ 136.592914376, 36.444255783 ], [ 136.592867414, 36.444248287 ], [ 136.592846139, 36.444241537 ], [ 136.59281143, 36.444230999 ], [ 136.592710084, 36.444199554 ], [ 136.592656269, 36.444180601 ], [ 136.592604287, 36.444167978 ], [ 136.592568143, 36.444156795 ], [ 136.592538929, 36.444146476 ], [ 136.5924972, 36.444126127 ], [ 136.592470157, 36.444108333 ], [ 136.592419106, 36.444082924 ], [ 136.592379034, 36.444057116 ], [ 136.592372171, 36.444049932 ], [ 136.592363398, 36.444045006 ], [ 136.592353639, 36.44403743 ], [ 136.592347204, 36.444034008 ], [ 136.592329754, 36.444022664 ], [ 136.592310929, 36.444010022 ], [ 136.59229242, 36.443992774 ], [ 136.592278103, 36.443983091 ], [ 136.592275493, 36.443978686 ], [ 136.592264383, 36.443972223 ], [ 136.592247559, 36.443964086 ], [ 136.592227531, 36.443952476 ], [ 136.59220684, 36.443941196 ], [ 136.592199086, 36.443937479 ], [ 136.592195154, 36.443933187 ], [ 136.592186822, 36.443928162 ], [ 136.592191005, 36.443918449 ], [ 136.592209116, 36.443911295 ], [ 136.592249818, 36.443895623 ], [ 136.592262813, 36.443885477 ], [ 136.592267925, 36.443869122 ], [ 136.592281558, 36.443835796 ], [ 136.592291405, 36.443814478 ], [ 136.592292463, 36.443801582 ], [ 136.592288376, 36.443798357 ], [ 136.592270931, 36.443794831 ], [ 136.592273814, 36.443782263 ], [ 136.592272706, 36.443774431 ], [ 136.592267195, 36.443765265 ], [ 136.592262686, 36.443759427 ], [ 136.592271241, 36.443754008 ], [ 136.59227231, 36.443748434 ], [ 136.592290577, 36.443727565 ], [ 136.592311703, 36.443709743 ], [ 136.592313932, 36.443706074 ], [ 136.59232085, 36.443703615 ], [ 136.592336197, 36.443693013 ], [ 136.592344151, 36.44368949 ], [ 136.592347422, 36.443683927 ], [ 136.592360683, 36.443677463 ], [ 136.592373073, 36.44366957 ], [ 136.592381614, 36.443666168 ], [ 136.592386057, 36.443660848 ], [ 136.592401078, 36.44365463 ], [ 136.592429222, 36.443635662 ], [ 136.592443971, 36.443626593 ], [ 136.592456655, 36.443618583 ], [ 136.592472869, 36.443609877 ], [ 136.592495336, 36.443594384 ], [ 136.592506829, 36.443588623 ], [ 136.59252303, 36.443581698 ], [ 136.592548078, 36.443579466 ], [ 136.592611236, 36.443555675 ], [ 136.592691435, 36.443523947 ], [ 136.592768798, 36.443485148 ], [ 136.592797882, 36.443469316 ], [ 136.592816891, 36.443459911 ], [ 136.592827634, 36.443456402 ], [ 136.592843241, 36.443450305 ], [ 136.592850271, 36.443452594 ], [ 136.592853039, 36.443455575 ], [ 136.592867726, 36.443454696 ], [ 136.592881002, 36.443446213 ], [ 136.592895635, 36.443432871 ], [ 136.592910007, 36.443418817 ], [ 136.592921296, 36.443410868 ], [ 136.592926953, 36.443406011 ], [ 136.592942471, 36.443406289 ], [ 136.59295111, 36.443401583 ], [ 136.592959823, 36.44339179 ], [ 136.592994182, 36.443373366 ], [ 136.593026342, 36.443355835 ], [ 136.593065492, 36.443331177 ], [ 136.593091879, 36.443313804 ], [ 136.593117944, 36.443297139 ], [ 136.593130771, 36.443298218 ], [ 136.593130189, 36.443297605 ], [ 136.593141139, 36.443303237 ], [ 136.593169702, 36.44331705 ], [ 136.593177489, 36.44331919 ], [ 136.593202515, 36.443304253 ], [ 136.593245693, 36.443272757 ], [ 136.593283932, 36.443243622 ], [ 136.593322719, 36.443223526 ], [ 136.593367783, 36.443204632 ], [ 136.593424358, 36.443182611 ], [ 136.593473749, 36.443159138 ], [ 136.593502288, 36.443147744 ], [ 136.593514598, 36.443139461 ], [ 136.593516119, 36.443137908 ], [ 136.593521189, 36.443132913 ], [ 136.593525963, 36.443122567 ], [ 136.59352924, 36.443110442 ], [ 136.593574318, 36.443101815 ], [ 136.593600091, 36.443097087 ], [ 136.593669097, 36.443096469 ], [ 136.593719779, 36.443059656 ], [ 136.593744051, 36.443042587 ], [ 136.593767355, 36.443027981 ], [ 136.593784291, 36.443020703 ], [ 136.593785842, 36.443009434 ], [ 136.593805292, 36.442999912 ], [ 136.593801796, 36.442996097 ], [ 136.593797588, 36.442989311 ], [ 136.593804397, 36.44295688 ], [ 136.593823867, 36.44291448 ], [ 136.593829996, 36.442904576 ], [ 136.593829199, 36.442893177 ], [ 136.59382421, 36.442892797 ], [ 136.593809109, 36.442889994 ], [ 136.593791806, 36.442887181 ], [ 136.593778493, 36.442880708 ], [ 136.593759065, 36.442861126 ], [ 136.593738294, 36.442839519 ], [ 136.59372562, 36.442826164 ], [ 136.593715428, 36.442816763 ], [ 136.593706601, 36.442807835 ], [ 136.593701986, 36.442803616 ], [ 136.593683444, 36.442809581 ], [ 136.59365847, 36.442816776 ], [ 136.593624784, 36.442825754 ], [ 136.593607992, 36.442829531 ], [ 136.593595662, 36.442829234 ], [ 136.593582444, 36.442831174 ], [ 136.593564637, 36.442836904 ], [ 136.59353475, 36.442849588 ], [ 136.593517869, 36.442869329 ], [ 136.593495502, 36.442897531 ], [ 136.593469576, 36.442929337 ], [ 136.593460281, 36.442935583 ], [ 136.593435334, 36.442937733 ], [ 136.593395328, 36.442937779 ], [ 136.593376702, 36.442935196 ], [ 136.59335912, 36.442930364 ], [ 136.593322044, 36.442921061 ], [ 136.593275901, 36.442919645 ], [ 136.593261772, 36.44291937 ], [ 136.593237156, 36.442912812 ], [ 136.59321098, 36.44290874 ], [ 136.593156505, 36.442899374 ], [ 136.593155802, 36.442890231 ], [ 136.593143985, 36.442889966 ], [ 136.593138832, 36.442892019 ], [ 136.593095869, 36.442899706 ], [ 136.59306317, 36.442911338 ], [ 136.59305156, 36.44291793 ], [ 136.59303662, 36.442923259 ], [ 136.593030416, 36.442928422 ], [ 136.593017526, 36.442934384 ], [ 136.592996638, 36.442944877 ], [ 136.5929735, 36.442946843 ], [ 136.592953685, 36.442951318 ], [ 136.592932832, 36.442957034 ], [ 136.592881873, 36.442969045 ], [ 136.592818301, 36.442984318 ], [ 136.592776608, 36.442994088 ], [ 136.59273107, 36.443002594 ], [ 136.592705602, 36.443007041 ], [ 136.592660824, 36.443017004 ], [ 136.592624274, 36.443026176 ], [ 136.592605227, 36.443030862 ], [ 136.592594527, 36.443018555 ], [ 136.592585547, 36.44301685 ], [ 136.592559581, 36.443019218 ], [ 136.59253102, 36.443024897 ], [ 136.592484434, 36.443036305 ], [ 136.592402085, 36.443054396 ], [ 136.592373513, 36.443061737 ], [ 136.592347283, 36.443064934 ], [ 136.59231206, 36.443068296 ], [ 136.592270696, 36.443068305 ], [ 136.592249384, 36.44306654 ], [ 136.59222473, 36.443065175 ], [ 136.592197503, 36.443064213 ], [ 136.592176772, 36.443063431 ], [ 136.592169147, 36.443062089 ], [ 136.592158465, 36.443057289 ], [ 136.592133068, 36.443057167 ], [ 136.592103856, 36.443056552 ], [ 136.592094179, 36.443054843 ], [ 136.592087305, 36.443051368 ], [ 136.592077781, 36.44304883 ], [ 136.592067512, 36.443047712 ], [ 136.592054447, 36.44304753 ], [ 136.592027443, 36.443046213 ], [ 136.592019533, 36.443043801 ], [ 136.592012223, 36.443039612 ], [ 136.592005918, 36.443038632 ], [ 136.591976709, 36.44303766 ], [ 136.591956598, 36.443037326 ], [ 136.591944581, 36.44303442 ], [ 136.591923333, 36.443028976 ], [ 136.591917465, 36.443028473 ], [ 136.591907641, 36.443026764 ], [ 136.591886653, 36.443025832 ], [ 136.591870236, 36.443022429 ], [ 136.591842685, 36.44301565 ], [ 136.591829063, 36.443011311 ], [ 136.591820437, 36.443006521 ], [ 136.591815011, 36.443005664 ], [ 136.59180698, 36.442999691 ], [ 136.591796006, 36.442994771 ], [ 136.591789433, 36.442990229 ], [ 136.591783158, 36.442984976 ], [ 136.591776892, 36.442978655 ], [ 136.591773862, 36.4429714 ], [ 136.591765883, 36.442958423 ], [ 136.591768703, 36.442954401 ], [ 136.591775769, 36.442951824 ], [ 136.591788258, 36.44295046 ], [ 136.591807674, 36.442945449 ], [ 136.591814746, 36.442942041 ], [ 136.591815483, 36.44294157 ], [ 136.591820773, 36.442941002 ], [ 136.591826236, 36.442936755 ], [ 136.591825015, 36.442923217 ], [ 136.591821424, 36.442912399 ], [ 136.591820103, 36.442912392 ], [ 136.591803199, 36.44291516 ], [ 136.591788658, 36.442916039 ], [ 136.591775891, 36.442915266 ], [ 136.591757121, 36.442912326 ], [ 136.591737123, 36.442908084 ], [ 136.591720454, 36.442904545 ], [ 136.591707912, 36.442898855 ], [ 136.591703117, 36.442898821 ] ] ] } },
{ "type": "Feature", "properties": { "A54_001": "1", "A54_002": "17", "A54_003": "石川県", "A54_004": "17211", "A54_005": "能美市", "A54_006": "能美市0009" }, "geometry": { "type": "Polygon", "coordinates": [ [ [ 136.536552011, 36.438181521 ], [ 136.536229328, 36.438572041 ], [ 136.536334903, 36.438629498 ], [ 136.536421017, 36.438675664 ], [ 136.536439668, 36.438651867 ], [ 136.5364593, 36.438628778 ], [ 136.536502276, 36.438579592 ], [ 136.53652272, 36.438556673 ], [ 136.536545486, 36.438532549 ], [ 136.536572121, 36.438506576 ], [ 136.536588569, 36.438491091 ], [ 136.536602439, 36.438482381 ], [ 136.536621921, 36.438469427 ], [ 136.536640511, 36.438458011 ], [ 136.536664944, 36.438447202 ], [ 136.536694996, 36.438434422 ], [ 136.536733855, 36.438421689 ], [ 136.536764757, 36.438414077 ], [ 136.536818269, 36.438407356 ], [ 136.536844336, 36.43840746 ], [ 136.536864037, 36.438410341 ], [ 136.536889067, 36.438417722 ], [ 136.53690677, 36.438424907 ], [ 136.536937365, 36.438440442 ], [ 136.53696235, 36.438455054 ], [ 136.536967768, 36.438459025 ], [ 136.536993749, 36.438475399 ], [ 136.537014001, 36.438490966 ], [ 136.537031074, 36.438503757 ], [ 136.537043309, 36.438515691 ], [ 136.537055655, 36.438532136 ], [ 136.537056943, 36.438538949 ], [ 136.53705547, 36.438544707 ], [ 136.537052816, 36.438551408 ], [ 136.537043171, 36.438561463 ], [ 136.537034862, 36.438572407 ], [ 136.537026264, 36.438577508 ], [ 136.537016543, 36.438581493 ], [ 136.537011674, 36.438584553 ], [ 136.537007655, 36.438591416 ], [ 136.536999947, 36.438600515 ], [ 136.536985171, 36.438612426 ], [ 136.536974381, 36.438626042 ], [ 136.536964296, 36.438638689 ], [ 136.536950658, 36.438655116 ], [ 136.536940264, 36.438669661 ], [ 136.536932744, 36.438678323 ], [ 136.53692668, 36.43868387 ], [ 136.536925615, 36.438688494 ], [ 136.536921437, 36.438696781 ], [ 136.536915656, 36.438703753 ], [ 136.536909803, 36.438719509 ], [ 136.536905661, 36.438732455 ], [ 136.536907064, 36.438740534 ], [ 136.536916596, 36.438760051 ], [ 136.536926442, 36.438776958 ], [ 136.536933787, 36.438787733 ], [ 136.536939135, 36.438798088 ], [ 136.536942239, 36.438813654 ], [ 136.53694255, 36.438829679 ], [ 136.536940004, 36.438850586 ], [ 136.536923771, 36.438918853 ], [ 136.53692554, 36.438943261 ], [ 136.537149587, 36.43904497 ], [ 136.537357556, 36.439132221 ], [ 136.537443655, 36.439176367 ], [ 136.537474198, 36.439192931 ], [ 136.537481428, 36.439176487 ], [ 136.537489252, 36.4391473 ], [ 136.537493558, 36.439113205 ], [ 136.537494382, 36.439074781 ], [ 136.537492064, 36.439033705 ], [ 136.537492519, 36.438981322 ], [ 136.537492087, 36.438958597 ], [ 136.53749627, 36.438931437 ], [ 136.537502022, 36.438909983 ], [ 136.537509107, 36.438885843 ], [ 136.537515975, 36.438871636 ], [ 136.537524683, 36.438858764 ], [ 136.537533084, 36.438846803 ], [ 136.537540094, 36.438841007 ], [ 136.537548074, 36.438834478 ], [ 136.537558533, 36.438827343 ], [ 136.537577221, 36.438821274 ], [ 136.537591836, 36.438818977 ], [ 136.53761239, 36.438819054 ], [ 136.537650516, 36.438824359 ], [ 136.537711748, 36.438839519 ], [ 136.537754069, 36.43885268 ], [ 136.537843059, 36.438878884 ], [ 136.537909596, 36.43890422 ], [ 136.537927574, 36.43891393 ], [ 136.537941747, 36.438922313 ], [ 136.537968359, 36.438951341 ], [ 136.537982561, 36.438974325 ], [ 136.537992665, 36.438995625 ], [ 136.538000236, 36.43902166 ], [ 136.538005436, 36.439044662 ], [ 136.538008481, 36.439081237 ], [ 136.538008469, 36.43911468 ], [ 136.538007066, 36.439126718 ], [ 136.538001162, 36.439148883 ], [ 136.537994704, 36.439166891 ], [ 136.537987828, 36.439182137 ], [ 136.537980398, 36.439193256 ], [ 136.537972113, 36.439201284 ], [ 136.537965154, 36.439208606 ], [ 136.537950045, 36.43921961 ], [ 136.53793869, 36.43922596 ], [ 136.537919378, 36.439235947 ], [ 136.537901106, 36.439244397 ], [ 136.537884586, 36.439254044 ], [ 136.537862944, 36.439267431 ], [ 136.537846522, 36.439279953 ], [ 136.537827846, 36.439299593 ], [ 136.537811686, 36.439321738 ], [ 136.537795758, 36.439355973 ], [ 136.537791979, 36.439390986 ], [ 136.537782446, 36.439405362 ], [ 136.5377874, 36.439415201 ], [ 136.53774433, 36.439442894 ], [ 136.537744085, 36.439443629 ], [ 136.537737329, 36.439449213 ], [ 136.537725151, 36.439459085 ], [ 136.537716624, 36.439465823 ], [ 136.537706831, 36.439473436 ], [ 136.537696535, 36.439481114 ], [ 136.537693165, 36.43948286 ], [ 136.537689972, 36.439483589 ], [ 136.537686235, 36.439489267 ], [ 136.537685859, 36.439504594 ], [ 136.537688467, 36.439512836 ], [ 136.537693011, 36.439521474 ], [ 136.537697918, 36.43952679 ], [ 136.537710941, 36.439534659 ], [ 136.537717393, 36.439538123 ], [ 136.53772391, 36.43954148 ], [ 136.537734205, 36.439544316 ], [ 136.537755246, 36.439556635 ], [ 136.537769851, 36.439563949 ], [ 136.537791638, 36.439577357 ], [ 136.537804403, 36.439586107 ], [ 136.537823594, 36.439598252 ], [ 136.537840626, 36.439608313 ], [ 136.537860436, 36.439617235 ], [ 136.537881916, 36.439626411 ], [ 136.537905406, 36.439636709 ], [ 136.537939277, 36.43965214 ], [ 136.537963681, 36.439667174 ], [ 136.53798237, 36.439679854 ], [ 136.538002507, 36.439695035 ], [ 136.538022935, 36.439710455 ], [ 136.538041337, 36.439722303 ], [ 136.538052171, 36.439725962 ], [ 136.538088699, 36.439733089 ], [ 136.538150549, 36.439744513 ], [ 136.538117055, 36.4397265 ], [ 136.538093213, 36.439715691 ], [ 136.538064251, 36.439702601 ], [ 136.538037636, 36.43968976 ], [ 136.538001955, 36.439672361 ], [ 136.537982213, 36.43966288 ], [ 136.537963786, 36.439654118 ], [ 136.537939214, 36.439642831 ], [ 136.537923782, 36.4396352 ], [ 136.537893944, 36.439620515 ], [ 136.537870212, 36.439606817 ], [ 136.53790114, 36.439594558 ], [ 136.537941941, 36.43957768 ], [ 136.537967124, 36.439567961 ], [ 136.537982018, 36.439577891 ], [ 136.53800261, 36.439591175 ], [ 136.538018099, 36.439600159 ], [ 136.53803857, 36.439610356 ], [ 136.538060372, 36.439619255 ], [ 136.538074141, 36.439623007 ], [ 136.538111765, 36.439633776 ], [ 136.538147808, 36.439642631 ], [ 136.538205399, 36.439655516 ], [ 136.538232469, 36.43966646 ], [ 136.538253227, 36.43967749 ], [ 136.538264773, 36.439683841 ], [ 136.538294129, 36.43970275 ], [ 136.538315574, 36.439719481 ], [ 136.53833189, 36.439735235 ], [ 136.538344413, 36.439747883 ], [ 136.538355227, 36.439760875 ], [ 136.538361468, 36.439769692 ], [ 136.538373139, 36.439788429 ], [ 136.538379703, 36.439801957 ], [ 136.538382443, 36.439811201 ], [ 136.538384837, 36.439823795 ], [ 136.538384851, 36.439848989 ], [ 136.538373584, 36.4398443 ], [ 136.538354284, 36.439834584 ], [ 136.538339644, 36.439829522 ], [ 136.538308587, 36.439817408 ], [ 136.53830845, 36.4398345 ], [ 136.538300057, 36.439846079 ], [ 136.538293004, 36.439855962 ], [ 136.538286984, 36.439866426 ], [ 136.538278326, 36.439879022 ], [ 136.538272277, 36.43989047 ], [ 136.538262551, 36.439909504 ], [ 136.538249891, 36.43993199 ], [ 136.538245874, 36.439945144 ], [ 136.538242485, 36.439959728 ], [ 136.538242023, 36.439996837 ], [ 136.538238324, 36.440000972 ], [ 136.538232239, 36.440007507 ], [ 136.538242744, 36.440028404 ], [ 136.538247376, 36.440036625 ], [ 136.538254111, 36.440045843 ], [ 136.538263982, 36.440059783 ], [ 136.538277401, 36.440070586 ], [ 136.538289731, 36.44008069 ], [ 136.538309052, 36.440096104 ], [ 136.538318235, 36.440104342 ], [ 136.538330341, 36.440114139 ], [ 136.538339955, 36.440123448 ], [ 136.538357303, 36.440138496 ], [ 136.538376402, 36.440154976 ], [ 136.538387754, 36.440167262 ], [ 136.538392252, 36.440173814 ], [ 136.538400381, 36.440185252 ], [ 136.538401823, 36.440188583 ], [ 136.538400654, 36.440206025 ], [ 136.538397933, 36.440234024 ], [ 136.538395521, 36.440260124 ], [ 136.538391858, 36.440277435 ], [ 136.538392199, 36.440289781 ], [ 136.538396066, 36.44030179 ], [ 136.538400999, 36.440314741 ], [ 136.538426133, 36.440404082 ], [ 136.538431556, 36.440432569 ], [ 136.538419271, 36.440490458 ], [ 136.538411726, 36.44051924 ], [ 136.538420466, 36.44055175 ], [ 136.538425676, 36.440586214 ], [ 136.538420973, 36.440605062 ], [ 136.538415068, 36.440627346 ], [ 136.538409489, 36.440645715 ], [ 136.538401238, 36.440667512 ], [ 136.538395513, 36.440685761 ], [ 136.538386515, 36.440709216 ], [ 136.53838168, 36.440726283 ], [ 136.53838299, 36.440745875 ], [ 136.538382157, 36.440758152 ], [ 136.538363222, 36.440788558 ], [ 136.53834804, 36.440811122 ], [ 136.53833567, 36.440828595 ], [ 136.538329213, 36.440837471 ], [ 136.538318207, 36.440850709 ], [ 136.538306293, 36.440862982 ], [ 136.538299553, 36.440879564 ], [ 136.538292069, 36.440897448 ], [ 136.538280759, 36.44091638 ], [ 136.538268581, 36.440933646 ], [ 136.538258344, 36.440947005 ], [ 136.538251389, 36.440953853 ], [ 136.538244741, 36.440958922 ], [ 136.538230009, 36.440965373 ], [ 136.538211736, 36.440973823 ], [ 136.538194796, 36.440980974 ], [ 136.538184777, 36.440985432 ], [ 136.538169113, 36.440998169 ], [ 136.538161146, 36.441002993 ], [ 136.538152427, 36.441010069 ], [ 136.538137952, 36.441021032 ], [ 136.538124687, 36.44102749 ], [ 136.538106136, 36.44103404 ], [ 136.538078143, 36.441046356 ], [ 136.538055017, 36.441055967 ], [ 136.538041017, 36.44106254 ], [ 136.538022725, 36.441073483 ], [ 136.537995446, 36.441088295 ], [ 136.537966539, 36.441104642 ], [ 136.537947385, 36.441113206 ], [ 136.53793921, 36.441107465 ], [ 136.537931917, 36.441101611 ], [ 136.537926074, 36.441098019 ], [ 136.537916512, 36.441100461 ], [ 136.537905894, 36.44110634 ], [ 136.537884249, 36.441114298 ], [ 136.537869985, 36.44111719 ], [ 136.537845001, 36.441120501 ], [ 136.537835344, 36.441122171 ], [ 136.537812532, 36.441129173 ], [ 136.537789578, 36.441135699 ], [ 136.537769711, 36.441141529 ], [ 136.537730409, 36.441153303 ], [ 136.537699052, 36.441164058 ], [ 136.537678041, 36.441173124 ], [ 136.537666399, 36.441178523 ], [ 136.537650466, 36.441188172 ], [ 136.537635701, 36.441198658 ], [ 136.537625602, 36.441208427 ], [ 136.537616195, 36.441220248 ], [ 136.537610711, 36.441227307 ], [ 136.537605065, 36.441235704 ], [ 136.537599965, 36.44124909 ], [ 136.537595893, 36.441262482 ], [ 136.537594293, 36.441278854 ], [ 136.537593973, 36.4412913 ], [ 136.537598035, 36.441315417 ], [ 136.537603213, 36.441346899 ], [ 136.537609792, 36.441368537 ], [ 136.53761679, 36.441392788 ], [ 136.537621238, 36.441405512 ], [ 136.537627167, 36.441416701 ], [ 136.537635109, 36.441433123 ], [ 136.537648018, 36.441452539 ], [ 136.537663533, 36.441476598 ], [ 136.53768111, 36.441499718 ], [ 136.537689105, 36.441509612 ], [ 136.537696507, 36.441520215 ], [ 136.537708328, 36.441528942 ], [ 136.537708092, 36.44153998 ], [ 136.537717548, 36.441550712 ], [ 136.537720442, 36.44155595 ], [ 136.537721152, 36.441558921 ], [ 136.537721148, 36.441559396 ], [ 136.537720054, 36.441567581 ], [ 136.537720121, 36.441577552 ], [ 136.537724492, 36.441599771 ], [ 136.537726817, 36.44162103 ], [ 136.537722794, 36.441646529 ], [ 136.537721247, 36.441666484 ], [ 136.537719206, 36.441682972 ], [ 136.537719661, 36.441699355 ], [ 136.537721968, 36.441713611 ], [ 136.537728126, 36.441732872 ], [ 136.537736777, 36.441752384 ], [ 136.537752956, 36.441784993 ], [ 136.537775548, 36.441823451 ], [ 136.537781627, 36.441834285 ], [ 136.53778554, 36.441858757 ], [ 136.537783765, 36.44187857 ], [ 136.537780011, 36.44191068 ], [ 136.537772828, 36.441941177 ], [ 136.537763046, 36.4419754 ], [ 136.537758517, 36.441995317 ], [ 136.537757136, 36.442007358 ], [ 136.537757744, 36.44202751 ], [ 136.537760958, 36.442043106 ], [ 136.53776754, 36.442055188 ], [ 136.537780554, 36.442066266 ], [ 136.537792059, 36.442073181 ], [ 136.537807939, 36.442079289 ], [ 136.537835908, 36.442083641 ], [ 136.53786325, 36.442085591 ], [ 136.537916477, 36.442087974 ], [ 136.537945875, 36.442090622 ], [ 136.537965152, 36.442094165 ], [ 136.537998575, 36.442101657 ], [ 136.538016784, 36.442107811 ], [ 136.538041871, 36.44211693 ], [ 136.538075689, 36.442134575 ], [ 136.53809651, 36.442148216 ], [ 136.538112445, 36.442159701 ], [ 136.538120766, 36.442165561 ], [ 136.538137679, 36.442180012 ], [ 136.53814826, 36.442178698 ], [ 136.538185821, 36.442174831 ], [ 136.538199569, 36.442190452 ], [ 136.538207129, 36.442199625 ], [ 136.538223701, 36.442224497 ], [ 136.538237321, 36.442251484 ], [ 136.538249323, 36.44227982 ], [ 136.538252065, 36.442290428 ], [ 136.538256307, 36.442306029 ], [ 136.538262338, 36.442322679 ], [ 136.538263504, 36.442337433 ], [ 136.538264583, 36.442362988 ], [ 136.538262313, 36.442383504 ], [ 136.538258934, 36.442420252 ], [ 136.538250537, 36.4424738 ], [ 136.538249727, 36.442510562 ], [ 136.53824662, 36.442545443 ], [ 136.538241995, 36.442577408 ], [ 136.538237431, 36.442597147 ], [ 136.538233024, 36.442615641 ], [ 136.538225148, 36.442636609 ], [ 136.538220161, 36.442649706 ], [ 136.538210749, 36.442669835 ], [ 136.53820639, 36.442677935 ], [ 136.538180808, 36.44271887 ], [ 136.538155684, 36.442748926 ], [ 136.538141105, 36.442768063 ], [ 136.538124992, 36.442786465 ], [ 136.538105675, 36.442801878 ], [ 136.5380892, 36.442810367 ], [ 136.538181178, 36.443064937 ], [ 136.538271, 36.443191315 ], [ 136.538314461, 36.443194368 ], [ 136.53827925, 36.443142847 ], [ 136.538267469, 36.443110855 ], [ 136.538265363, 36.443079523 ], [ 136.538266771, 36.443055108 ], [ 136.53828059, 36.443025325 ], [ 136.538335012, 36.442947014 ], [ 136.538373655, 36.442885895 ], [ 136.538435749, 36.4427995 ], [ 136.538462747, 36.442767091 ], [ 136.538477157, 36.442746039 ], [ 136.538490849, 36.442727683 ], [ 136.538508631, 36.442707242 ], [ 136.538530996, 36.442682789 ], [ 136.538548162, 36.442666025 ], [ 136.538562223, 36.442651855 ], [ 136.538577475, 36.442636831 ], [ 136.538598776, 36.442616883 ], [ 136.538614292, 36.442604383 ], [ 136.538632174, 36.442589758 ], [ 136.538657477, 36.442563986 ], [ 136.538675665, 36.44254782 ], [ 136.538691956, 36.44253476 ], [ 136.538709969, 36.442522154 ], [ 136.538725895, 36.442513335 ], [ 136.538745484, 36.442505604 ], [ 136.538768317, 36.442500502 ], [ 136.538780667, 36.442498311 ], [ 136.53881076, 36.442498707 ], [ 136.538840573, 36.44250192 ], [ 136.538859772, 36.442506057 ], [ 136.538885493, 36.442511556 ], [ 136.538908773, 36.442519394 ], [ 136.538931921, 36.442524249 ], [ 136.538958126, 36.442533407 ], [ 136.538989179, 36.442542236 ], [ 136.538999676, 36.442544969 ], [ 136.539004946, 36.442546896 ], [ 136.539010155, 36.442545906 ], [ 136.539014552, 36.442541656 ], [ 136.539018468, 36.442534554 ], [ 136.539016991, 36.44252723 ], [ 136.539014774, 36.442521249 ], [ 136.539009782, 36.442516068 ], [ 136.538995481, 36.442500813 ], [ 136.538983257, 36.442487318 ], [ 136.538969562, 36.44247235 ], [ 136.53896176, 36.442461931 ], [ 136.538948951, 36.442445487 ], [ 136.538941235, 36.442434797 ], [ 136.538935177, 36.442426626 ], [ 136.538920487, 36.442411453 ], [ 136.538909655, 36.442402172 ], [ 136.538897909, 36.442391936 ], [ 136.538884901, 36.442382168 ], [ 136.538871006, 36.442373685 ], [ 136.538844111, 36.442357078 ], [ 136.538826682, 36.442346745 ], [ 136.538795472, 36.442326826 ], [ 136.538772699, 36.442312068 ], [ 136.538754267, 36.442299296 ], [ 136.53874125, 36.442290545 ], [ 136.538717606, 36.442274011 ], [ 136.538692417, 36.44225314 ], [ 136.538678439, 36.442238823 ], [ 136.538665893, 36.442219804 ], [ 136.538653277, 36.44220039 ], [ 136.538635807, 36.44216503 ], [ 136.538618818, 36.442129153 ], [ 136.538607714, 36.442104287 ], [ 136.538597217, 36.442080677 ], [ 136.538587213, 36.44206638 ], [ 136.538577171, 36.442055407 ], [ 136.538571948, 36.442047783 ], [ 136.538555966, 36.442030436 ], [ 136.538546053, 36.442021719 ], [ 136.538534847, 36.442009553 ], [ 136.538528597, 36.442001686 ], [ 136.538514722, 36.44198705 ], [ 136.538501486, 36.441971787 ], [ 136.538460329, 36.441915015 ], [ 136.538448444, 36.44189608 ], [ 136.538440919, 36.441882508 ], [ 136.538429318, 36.441855879 ], [ 136.53842583, 36.441842359 ], [ 136.538420797, 36.441829246 ], [ 136.538417266, 36.441821127 ], [ 136.538411961, 36.441809882 ], [ 136.538409482, 36.441798652 ], [ 136.53840471, 36.441785125 ], [ 136.538399193, 36.441742474 ], [ 136.53839541, 36.441701754 ], [ 136.538396302, 36.441654814 ], [ 136.538400568, 36.441615642 ], [ 136.538404656, 36.441586582 ], [ 136.538412898, 36.441552144 ], [ 136.538421284, 36.44152993 ], [ 136.538428459, 36.441514062 ], [ 136.538436639, 36.44150093 ], [ 136.538449167, 36.441484534 ], [ 136.538466358, 36.441464564 ], [ 136.538486547, 36.44144151 ], [ 136.538522823, 36.441405047 ], [ 136.538546352, 36.441381906 ], [ 136.538569603, 36.441358463 ], [ 136.538598633, 36.441332269 ], [ 136.538618246, 36.441313584 ], [ 136.538626076, 36.441304207 ], [ 136.538650184, 36.441279454 ], [ 136.538663825, 36.441262789 ], [ 136.538673149, 36.441253461 ], [ 136.538702308, 36.441230292 ], [ 136.538724615, 36.441212961 ], [ 136.538732626, 36.441202676 ], [ 136.538742864, 36.441189199 ], [ 136.538765046, 36.441160935 ], [ 136.538775949, 36.441147075 ], [ 136.538798717, 36.441127254 ], [ 136.538816569, 36.441113677 ], [ 136.53883879, 36.441098007 ], [ 136.538864339, 36.441083809 ], [ 136.538895541, 36.441069433 ], [ 136.538920818, 36.441057102 ], [ 136.538937866, 36.441047702 ], [ 136.538943835, 36.441040255 ], [ 136.538959835, 36.441031407 ], [ 136.538969377, 36.441026888 ], [ 136.538977679, 36.441016961 ], [ 136.538986032, 36.441000595 ], [ 136.538991929, 36.440954174 ], [ 136.53899599, 36.440928438 ], [ 136.538993675, 36.440900903 ], [ 136.538986143, 36.440879053 ], [ 136.538973804, 36.440848037 ], [ 136.538970583, 36.440823366 ], [ 136.538968511, 36.440793444 ], [ 136.538968597, 36.44078285 ], [ 136.538962273, 36.440770562 ], [ 136.538953091, 36.440734857 ], [ 136.53894614, 36.440704701 ], [ 136.538945135, 36.440670006 ], [ 136.538946963, 36.440632418 ], [ 136.538950307, 36.440618192 ], [ 136.538953037, 36.440607286 ], [ 136.538958174, 36.440596156 ], [ 136.53896953, 36.440571407 ], [ 136.538961644, 36.440566262 ], [ 136.538962492, 36.44055631 ], [ 136.53896955, 36.440544545 ], [ 136.538980427, 36.440531122 ], [ 136.538988555, 36.440524517 ], [ 136.539005522, 36.440514042 ], [ 136.539033251, 36.440502519 ], [ 136.539044768, 36.440494389 ], [ 136.539054868, 36.440479842 ], [ 136.539068071, 36.440458235 ], [ 136.539077722, 36.440440214 ], [ 136.539079665, 36.440422152 ], [ 136.539078862, 36.44040222 ], [ 136.539072834, 36.440385155 ], [ 136.539065709, 36.440369761 ], [ 136.539058351, 36.440353698 ], [ 136.539048606, 36.44033556 ], [ 136.539041364, 36.440323415 ], [ 136.539034087, 36.440315543 ], [ 136.539024187, 36.440305283 ], [ 136.539012404, 36.440292921 ], [ 136.538996754, 36.440258357 ], [ 136.538992087, 36.44024165 ], [ 136.538991883, 36.44022598 ], [ 136.53899088, 36.440204728 ], [ 136.538986732, 36.440191056 ], [ 136.538986498, 36.440183696 ], [ 136.538988912, 36.440175637 ], [ 136.538991511, 36.440170367 ], [ 136.538989616, 36.440166016 ], [ 136.538987039, 36.440163086 ], [ 136.538987827, 36.440159088 ], [ 136.538994668, 36.440142914 ], [ 136.538994875, 36.440135318 ], [ 136.538985792, 36.440131116 ], [ 136.538980597, 36.440127016 ], [ 136.538951886, 36.440112065 ], [ 136.538934534, 36.440103874 ], [ 136.538935574, 36.440070467 ], [ 136.538937264, 36.440050351 ], [ 136.538938716, 36.440036259 ], [ 136.538945565, 36.439997121 ], [ 136.538947309, 36.439971996 ], [ 136.538951631, 36.439937558 ], [ 136.538951874, 36.439905774 ], [ 136.538947803, 36.439893052 ], [ 136.538940769, 36.439884957 ], [ 136.538935519, 36.439880688 ], [ 136.538928967, 36.439873887 ], [ 136.538919628, 36.439866835 ], [ 136.5388989, 36.4398522 ], [ 136.538883717, 36.439841675 ], [ 136.538870403, 36.439828066 ], [ 136.538862572, 36.439816037 ], [ 136.538857236, 36.439804139 ], [ 136.538856135, 36.43979503 ], [ 136.538857786, 36.439779966 ], [ 136.538859622, 36.439770717 ], [ 136.538862209, 36.439759455 ], [ 136.538863029, 36.439748776 ], [ 136.538861475, 36.439741171 ], [ 136.538857018, 36.439729516 ], [ 136.538848664, 36.439712318 ], [ 136.538833513, 36.439695517 ], [ 136.538815145, 36.439679426 ], [ 136.538804986, 36.439664832 ], [ 136.538798189, 36.439647555 ], [ 136.538790159, 36.439627741 ], [ 136.538782838, 36.439611708 ], [ 136.53877344, 36.439598364 ], [ 136.538765284, 36.43959022 ], [ 136.538742569, 36.439571614 ], [ 136.538727237, 36.439561355 ], [ 136.538709377, 36.439549054 ], [ 136.538690687, 36.439536492 ], [ 136.538675825, 36.439522526 ], [ 136.538664906, 36.439511193 ], [ 136.538649913, 36.439485097 ], [ 136.538644132, 36.43947379 ], [ 136.538634947, 36.439446508 ], [ 136.538631418, 36.439428922 ], [ 136.538628632, 36.439410391 ], [ 136.538627773, 36.439394013 ], [ 136.538628295, 36.439365647 ], [ 136.538633831, 36.439318286 ], [ 136.53864191, 36.439278877 ], [ 136.5386534, 36.439237653 ], [ 136.53865874, 36.439208051 ], [ 136.538661229, 36.439190556 ], [ 136.538662198, 36.439160518 ], [ 136.538658746, 36.439142635 ], [ 136.538652949, 36.439128688 ], [ 136.538643538, 36.439117006 ], [ 136.538631319, 36.439103024 ], [ 136.538614351, 36.439084617 ], [ 136.538599086, 36.439066049 ], [ 136.538588427, 36.439049791 ], [ 136.538580123, 36.439028144 ], [ 136.538574867, 36.439010876 ], [ 136.53857064, 36.438993405 ], [ 136.53856671, 36.438971559 ], [ 136.538560833, 36.43895396 ], [ 136.538552894, 36.438932047 ], [ 136.538545827, 36.438916341 ], [ 136.538539609, 36.438904676 ], [ 136.538533095, 36.438893247 ], [ 136.538515475, 36.4388658 ], [ 136.538507227, 36.438850919 ], [ 136.53849956, 36.438836754 ], [ 136.538493819, 36.438820462 ], [ 136.538484031, 36.438781205 ], [ 136.53847865, 36.43874654 ], [ 136.538483587, 36.438707722 ], [ 136.53849382, 36.438675144 ], [ 136.538505712, 36.438643247 ], [ 136.538518696, 36.438616846 ], [ 136.538537898, 36.438582873 ], [ 136.538543916, 36.438569403 ], [ 136.53855132, 36.438543269 ], [ 136.538556856, 36.438522517 ], [ 136.538559979, 36.438517548 ], [ 136.538569042, 36.438508664 ], [ 136.538576022, 36.438503295 ], [ 136.538580271, 36.438499936 ], [ 136.53858785, 36.4384933 ], [ 136.53859424, 36.438479338 ], [ 136.538596829, 36.438476859 ], [ 136.538603214, 36.438472422 ], [ 136.538608354, 36.438469611 ], [ 136.538614342, 36.438466319 ], [ 136.538621562, 36.438463034 ], [ 136.538625702, 36.438459316 ], [ 136.538628817, 36.438455386 ], [ 136.538638627, 36.438449414 ], [ 136.53864731, 36.438446935 ], [ 136.53866611, 36.438432181 ], [ 136.53868555, 36.438418834 ], [ 136.538710163, 36.4384102 ], [ 136.538724413, 36.438408851 ], [ 136.538749657, 36.438410771 ], [ 136.538766977, 36.438412355 ], [ 136.538798891, 36.43841325 ], [ 136.538865379, 36.438419416 ], [ 136.5389179, 36.438429507 ], [ 136.539012426, 36.438449332 ], [ 136.539095326, 36.438459862 ], [ 136.539129584, 36.438465078 ], [ 136.539130614, 36.438453078 ], [ 136.539130715, 36.438443958 ], [ 136.539083423, 36.438428285 ], [ 136.539002218, 36.438399192 ], [ 136.538927417, 36.438372418 ], [ 136.53889439, 36.438358327 ], [ 136.538881098, 36.438349949 ], [ 136.538866003, 36.438342184 ], [ 136.538853464, 36.438336094 ], [ 136.53884324, 36.438329601 ], [ 136.538833778, 36.43832415 ], [ 136.538831735, 36.438322685 ], [ 136.538827122, 36.438321207 ], [ 136.53881306, 36.438312824 ], [ 136.538784699, 36.438293565 ], [ 136.538766835, 36.438278723 ], [ 136.538756102, 36.438275108 ], [ 136.538752529, 36.438272181 ], [ 136.538750511, 36.438265488 ], [ 136.538753868, 36.438257102 ], [ 136.53874406, 36.438239085 ], [ 136.538739006, 36.438225192 ], [ 136.538733514, 36.438205415 ], [ 136.538730907, 36.43818443 ], [ 136.538723319, 36.438096978 ], [ 136.538718003, 36.437930325 ], [ 136.538723832, 36.437895658 ], [ 136.538622743, 36.437815569 ], [ 136.538587802, 36.437788988 ], [ 136.538435494, 36.437765651 ], [ 136.538405688, 36.437760918 ], [ 136.538408713, 36.43776813 ], [ 136.538409961, 36.437772706 ], [ 136.538410197, 36.4377752 ], [ 136.538410184, 36.437776862 ], [ 136.538409914, 36.437778522 ], [ 136.538400594, 36.437787405 ], [ 136.538391205, 36.437800205 ], [ 136.538389102, 36.437806129 ], [ 136.538388757, 36.437812536 ], [ 136.538393942, 36.437824908 ], [ 136.538399331, 36.437848439 ], [ 136.538404675, 36.437897754 ], [ 136.538408764, 36.437932257 ], [ 136.538410433, 36.43798025 ], [ 136.538410637, 36.438018679 ], [ 136.538403698, 36.438050839 ], [ 136.538397569, 36.438078226 ], [ 136.538388138, 36.438100818 ], [ 136.53837773, 36.438117173 ], [ 136.53837339, 36.438122907 ], [ 136.538367173, 36.438129284 ], [ 136.538359638, 36.438135298 ], [ 136.538346205, 36.438144367 ], [ 136.53833427, 36.438149883 ], [ 136.538331475, 36.438150581 ], [ 136.538320136, 36.438154913 ], [ 136.538301599, 36.438159919 ], [ 136.538282057, 36.438162072 ], [ 136.538264365, 36.438161758 ], [ 136.538243109, 36.438157966 ], [ 136.538219383, 36.438151076 ], [ 136.538200061, 36.43814409 ], [ 136.53816867, 36.438133078 ], [ 136.538152254, 36.438129787 ], [ 136.538131905, 36.438129613 ], [ 136.538114717, 36.438131184 ], [ 136.538094573, 36.438135114 ], [ 136.538074825, 36.438140032 ], [ 136.538045851, 36.438146764 ], [ 136.538029693, 36.438150181 ], [ 136.538009134, 36.438151022 ], [ 136.537987712, 36.438149604 ], [ 136.53797714, 36.438148739 ], [ 136.537958833, 36.43814342 ], [ 136.537934538, 36.438134153 ], [ 136.537919637, 36.438125135 ], [ 136.537906209, 36.438115449 ], [ 136.537892496, 36.438104813 ], [ 136.537884033, 36.438095403 ], [ 136.537868594, 36.438081587 ], [ 136.537858674, 36.43807387 ], [ 136.537843945, 36.438063128 ], [ 136.537833926, 36.43805731 ], [ 136.537825557, 36.438054824 ], [ 136.537809549, 36.438054177 ], [ 136.537800483, 36.438055011 ], [ 136.537777532, 36.43805918 ], [ 136.537753288, 36.438065118 ], [ 136.537739339, 36.438068029 ], [ 136.537720316, 36.43807088 ], [ 136.537704871, 36.438072019 ], [ 136.537675292, 36.438070481 ], [ 136.537663221, 36.438069468 ], [ 136.53764058, 36.438065156 ], [ 136.53760688, 36.438057145 ], [ 136.537578055, 36.438047682 ], [ 136.537560657, 36.438038807 ], [ 136.537545312, 36.43803018 ], [ 136.537526423, 36.438012736 ], [ 136.537515941, 36.438001879 ], [ 136.537504601, 36.437988169 ], [ 136.537488265, 36.437969653 ], [ 136.53747633, 36.437957008 ], [ 136.537464063, 36.437948983 ], [ 136.53744254, 36.437941867 ], [ 136.537421981, 36.437942708 ], [ 136.537396252, 36.437947558 ], [ 136.537370359, 36.437954424 ], [ 136.53734712, 36.437959881 ], [ 136.53732171, 36.437961527 ], [ 136.53730381, 36.437960364 ], [ 136.537288273, 36.437957315 ], [ 136.537273926, 36.437952373 ], [ 136.537255922, 36.437945868 ], [ 136.537236763, 36.437936984 ], [ 136.53722011, 36.437926806 ], [ 136.537203753, 36.437916275 ], [ 136.537189594, 36.43790623 ], [ 136.537171217, 36.437891414 ], [ 136.537160007, 36.437879723 ], [ 136.537149096, 36.437867439 ], [ 136.537135028, 36.437846237 ], [ 136.537127719, 36.437824121 ], [ 136.53712346, 36.437806175 ], [ 136.537123608, 36.437787896 ], [ 136.537128394, 36.437758722 ], [ 136.537133691, 36.437739046 ], [ 136.537138344, 36.43772637 ], [ 136.537143411, 36.437717019 ], [ 136.537153369, 36.437701878 ], [ 136.537170309, 36.437676566 ], [ 136.537180711, 36.437660953 ], [ 136.53719063, 36.437650679 ], [ 136.537190449, 36.437636672 ], [ 136.5371961, 36.43762768 ], [ 136.537201611, 36.437617858 ], [ 136.537204019, 36.437610511 ], [ 136.537205409, 36.437602091 ], [ 136.537215671, 36.437585646 ], [ 136.537215446, 36.437558938 ], [ 136.537208104, 36.437559136 ], [ 136.537178258, 36.437564795 ], [ 136.537171912, 36.437568916 ], [ 136.537164093, 36.437573742 ], [ 136.537152748, 36.437578786 ], [ 136.537142429, 36.437584073 ], [ 136.537134893, 36.437590205 ], [ 136.536552011, 36.438181521 ] ] ] } },
{ "type": "Feature", "properties": { "A54_001": "1", "A54_002": "17", "A54_003": "石川県", "A54_004": "17211", "A54_005": "能美市", "A54_006": "能美市0010" }, "geometry": { "type": "Polygon", "coordinates": [ [ [ 136.535837102, 36.438212338 ], [ 136.535791438, 36.438160853 ], [ 136.535748706, 36.438122009 ], [ 136.535709566, 36.438084417 ], [ 136.535678896, 36.438046612 ], [ 136.53566106, 36.438003109 ], [ 136.535653169, 36.437976313 ], [ 136.535656792, 36.437951692 ], [ 136.535659323, 36.437936823 ], [ 136.53566993, 36.437920744 ], [ 136.535680369, 36.437903435 ], [ 136.535666959, 36.437881748 ], [ 136.535646633, 36.437848076 ], [ 136.535646076, 36.437835671 ], [ 136.535662443, 36.437817724 ], [ 136.535665508, 36.437810248 ], [ 136.535664066, 36.437802748 ], [ 136.535653743, 36.437794088 ], [ 136.535629608, 36.437757303 ], [ 136.535593072, 36.437700813 ], [ 136.535565713, 36.437646997 ], [ 136.535556284, 36.437620724 ], [ 136.535538041, 36.437554072 ], [ 136.535519548, 36.43747796 ], [ 136.535504399, 36.437415921 ], [ 136.53549814, 36.437400295 ], [ 136.535492609, 36.437387408 ], [ 136.535486649, 36.437344416 ], [ 136.535483633, 36.437322821 ], [ 136.535475099, 36.437294325 ], [ 136.535460728, 36.437247861 ], [ 136.535458397, 36.437238104 ], [ 136.53545829, 36.437223144 ], [ 136.535454457, 36.437209925 ], [ 136.535445923, 36.437186466 ], [ 136.535435352, 36.437161423 ], [ 136.535419295, 36.437124279 ], [ 136.535410163, 36.437106578 ], [ 136.535397382, 36.437083434 ], [ 136.535384698, 36.437058812 ], [ 136.535372879, 36.437037803 ], [ 136.535350677, 36.43700798 ], [ 136.535344599, 36.436999277 ], [ 136.53534318, 36.436988971 ], [ 136.535338319, 36.436979544 ], [ 136.535313143, 36.43695385 ], [ 136.5352825, 36.436922504 ], [ 136.535242181, 36.436887488 ], [ 136.535216568, 36.43686682 ], [ 136.535210067, 36.436857749 ], [ 136.535177165, 36.436834719 ], [ 136.535144334, 36.436814712 ], [ 136.535091109, 36.436784841 ], [ 136.535063029, 36.436768336 ], [ 136.535041003, 36.436755285 ], [ 136.535029682, 36.436746189 ], [ 136.535018093, 36.436743116 ], [ 136.535010562, 36.436752998 ], [ 136.535001933, 36.436763229 ], [ 136.534995761, 36.436767803 ], [ 136.534988525, 36.436768296 ], [ 136.53496282, 36.436755272 ], [ 136.534948483, 36.436778483 ], [ 136.534927823, 36.436813164 ], [ 136.534931534, 36.436834142 ], [ 136.534937177, 36.436843809 ], [ 136.534943449, 36.436873305 ], [ 136.534947096, 36.436887809 ], [ 136.534944645, 36.436896706 ], [ 136.534934319, 36.436893247 ], [ 136.534913904, 36.436878357 ], [ 136.53488922, 36.436869677 ], [ 136.53486212, 36.436860826 ], [ 136.534812898, 36.436844841 ], [ 136.53477649, 36.436832217 ], [ 136.534755175, 36.436820157 ], [ 136.534743328, 36.436814222 ], [ 136.534748125, 36.436840268 ], [ 136.534748544, 36.436850395 ], [ 136.534756205, 36.436867862 ], [ 136.534757656, 36.436878147 ], [ 136.534752429, 36.436901153 ], [ 136.534743037, 36.436924491 ], [ 136.53472458, 36.436969695 ], [ 136.534711802, 36.436985928 ], [ 136.534688982, 36.437013801 ], [ 136.534669868, 36.437039214 ], [ 136.534657981, 36.437046859 ], [ 136.534650165, 36.437044609 ], [ 136.534604291, 36.437021067 ], [ 136.534573756, 36.437007332 ], [ 136.534558448, 36.437026589 ], [ 136.534548017, 36.437036641 ], [ 136.534538071, 36.43704327 ], [ 136.534525125, 36.437049277 ], [ 136.534503678, 36.437053567 ], [ 136.53446495, 36.437056906 ], [ 136.534438146, 36.437058789 ], [ 136.534411933, 36.437064117 ], [ 136.534395103, 36.437068543 ], [ 136.534380807, 36.437075642 ], [ 136.534373837, 36.437081463 ], [ 136.534363887, 36.437090725 ], [ 136.534357393, 36.437099672 ], [ 136.534351165, 36.437106654 ], [ 136.534341429, 36.437117064 ], [ 136.534328785, 36.437132213 ], [ 136.53432059, 36.437145751 ], [ 136.534309559, 36.437162018 ], [ 136.534301206, 36.437168569 ], [ 136.534295323, 36.437172675 ], [ 136.534283855, 36.43718011 ], [ 136.534269141, 36.437185644 ], [ 136.534256743, 36.437190214 ], [ 136.534235258, 36.437196424 ], [ 136.534215152, 36.43720082 ], [ 136.53419002, 36.437204512 ], [ 136.534138598, 36.437209891 ], [ 136.534082528, 36.437216181 ], [ 136.534043662, 36.437221627 ], [ 136.534008843, 36.437227755 ], [ 136.533986885, 36.437233308 ], [ 136.53397326, 36.437239763 ], [ 136.533965906, 36.437246551 ], [ 136.533964068, 36.437252558 ], [ 136.533963288, 36.437260014 ], [ 136.533966985, 36.437267337 ], [ 136.533977657, 36.437280372 ], [ 136.53398684, 36.437286264 ], [ 136.534019409, 36.43730065 ], [ 136.534038169, 36.437307924 ], [ 136.534073945, 36.437322292 ], [ 136.534120009, 36.437340894 ], [ 136.534147921, 36.437347045 ], [ 136.534166295, 36.437351192 ], [ 136.534211661, 36.437365962 ], [ 136.534241886, 36.437379328 ], [ 136.534262954, 36.437390982 ], [ 136.534289349, 36.437405663 ], [ 136.53431864, 36.437422423 ], [ 136.53435128, 36.437439189 ], [ 136.534392314, 36.437463376 ], [ 136.534418342, 36.437480928 ], [ 136.534426573, 36.437488934 ], [ 136.534434893, 36.437495284 ], [ 136.534447128, 36.43750216 ], [ 136.534463651, 36.437518345 ], [ 136.534475156, 36.437529868 ], [ 136.534494446, 36.437559939 ], [ 136.534505432, 36.437579538 ], [ 136.534505443, 36.437598389 ], [ 136.534505193, 36.437613777 ], [ 136.534501571, 36.437621256 ], [ 136.534489848, 36.437630914 ], [ 136.534482147, 36.437638669 ], [ 136.534478091, 36.437644621 ], [ 136.534470532, 36.437650352 ], [ 136.534454381, 36.437659708 ], [ 136.534436939, 36.437664273 ], [ 136.534426286, 36.43766533 ], [ 136.534404991, 36.437668286 ], [ 136.53437545, 36.437678526 ], [ 136.534354372, 36.437683578 ], [ 136.534334786, 36.437688119 ], [ 136.534297666, 36.437694909 ], [ 136.534251172, 36.437704439 ], [ 136.534222574, 36.437710261 ], [ 136.5341757, 36.437714556 ], [ 136.534116821, 36.437719699 ], [ 136.534073488, 36.4377221 ], [ 136.534012805, 36.437720007 ], [ 136.533987147, 36.437717567 ], [ 136.533958777, 36.437710836 ], [ 136.533915659, 36.437698723 ], [ 136.533899289, 36.437694587 ], [ 136.533864981, 36.43768564 ], [ 136.533820633, 36.437676593 ], [ 136.533778845, 36.437670417 ], [ 136.533736686, 36.437669339 ], [ 136.533709939, 36.437674766 ], [ 136.533691978, 36.437681555 ], [ 136.533679354, 36.437690221 ], [ 136.533665104, 36.437702598 ], [ 136.533653842, 36.437717017 ], [ 136.533642181, 36.437732547 ], [ 136.533626148, 36.43774856 ], [ 136.53361556, 36.437759084 ], [ 136.533601066, 36.43777055 ], [ 136.533586846, 36.437779283 ], [ 136.533568322, 36.437789771 ], [ 136.533544433, 36.437801794 ], [ 136.533513497, 36.437817032 ], [ 136.533490659, 36.437829442 ], [ 136.533478628, 36.437838364 ], [ 136.533469104, 36.437848148 ], [ 136.533462894, 36.437858335 ], [ 136.533460424, 36.437872107 ], [ 136.533464352, 36.437890583 ], [ 136.533479749, 36.437908696 ], [ 136.533495266, 36.437925383 ], [ 136.533518253, 36.437947651 ], [ 136.533527245, 36.437959328 ], [ 136.533536317, 36.43797231 ], [ 136.533543154, 36.437985075 ], [ 136.533555352, 36.438009511 ], [ 136.533561796, 36.438030395 ], [ 136.533567389, 36.438050877 ], [ 136.533582721, 36.438072874 ], [ 136.533594929, 36.438085089 ], [ 136.533620613, 36.438099942 ], [ 136.533657691, 36.438110983 ], [ 136.533708251, 36.438118309 ], [ 136.533830531, 36.438117795 ], [ 136.533876202, 36.438117262 ], [ 136.533937893, 36.438130169 ], [ 136.534027925, 36.438152683 ], [ 136.534105219, 36.438173557 ], [ 136.534170443, 36.4381781 ], [ 136.534194942, 36.438183545 ], [ 136.534224429, 36.438195395 ], [ 136.534242072, 36.4382086 ], [ 136.534256412, 36.438223736 ], [ 136.534263275, 36.438245095 ], [ 136.534264592, 36.438271857 ], [ 136.534262117, 36.438306748 ], [ 136.534264819, 36.438341833 ], [ 136.534270906, 36.438374821 ], [ 136.534277072, 36.438398043 ], [ 136.534273753, 36.438410439 ], [ 136.53426303, 36.438435719 ], [ 136.534249359, 36.438459356 ], [ 136.534232687, 36.438476986 ], [ 136.534229859, 36.438486083 ], [ 136.534249103, 36.438475554 ], [ 136.534271642, 36.438444692 ], [ 136.534296441, 36.438417473 ], [ 136.534294904, 36.438439334 ], [ 136.534292047, 36.438451356 ], [ 136.534283875, 36.438461959 ], [ 136.534268715, 36.438477886 ], [ 136.534257656, 36.438491597 ], [ 136.534245346, 36.438509593 ], [ 136.534237303, 36.438530784 ], [ 136.534230926, 36.438568269 ], [ 136.534224552, 36.438583093 ], [ 136.534205466, 36.438605064 ], [ 136.534191389, 36.438619183 ], [ 136.534182988, 36.438651436 ], [ 136.534177541, 36.438671795 ], [ 136.53417168, 36.438684116 ], [ 136.53415661, 36.438704919 ], [ 136.534145342, 36.438720147 ], [ 136.534139379, 36.438750002 ], [ 136.534138413, 36.43878418 ], [ 136.534144531, 36.438840379 ], [ 136.534149445, 36.43888459 ], [ 136.534151552, 36.438962517 ], [ 136.534150194, 36.439026926 ], [ 136.534143201, 36.439078626 ], [ 136.534131469, 36.439160687 ], [ 136.534124211, 36.439199883 ], [ 136.534115066, 36.43923122 ], [ 136.534107319, 36.439246487 ], [ 136.534091916, 36.439277386 ], [ 136.534086377, 36.439290728 ], [ 136.534082451, 36.439296174 ], [ 136.53407362, 36.439304227 ], [ 136.534072939, 36.439310906 ], [ 136.53406755, 36.439321129 ], [ 136.534071499, 36.439328338 ], [ 136.534081401, 36.439327176 ], [ 136.534094846, 36.439321375 ], [ 136.534116141, 36.439320475 ], [ 136.534144039, 36.439309959 ], [ 136.5341651, 36.439307196 ], [ 136.534221805, 36.43930582 ], [ 136.534277451, 36.439307709 ], [ 136.53434348, 36.439316099 ], [ 136.534356796, 36.439322371 ], [ 136.534374507, 36.439327248 ], [ 136.534389117, 36.439336185 ], [ 136.534433048, 36.439377435 ], [ 136.534461461, 36.43941373 ], [ 136.534480338, 36.439433795 ], [ 136.534488105, 36.43943333 ], [ 136.534491501, 36.439431424 ], [ 136.534523761, 36.439494273 ], [ 136.534563168, 36.439563794 ], [ 136.534573697, 36.439589541 ], [ 136.534585074, 36.439618836 ], [ 136.534598511, 36.439647864 ], [ 136.534601583, 36.439655069 ], [ 136.53460141, 36.439661041 ], [ 136.534651977, 36.439718874 ], [ 136.534687442, 36.43975867 ], [ 136.534710102, 36.439790176 ], [ 136.534787787, 36.439912389 ], [ 136.534808218, 36.43994277 ], [ 136.534821139, 36.439970783 ], [ 136.53485271, 36.440037522 ], [ 136.534895126, 36.440102613 ], [ 136.534934066, 36.440150386 ], [ 136.53494858, 36.440174161 ], [ 136.534973928, 36.440198493 ], [ 136.535028766, 36.440267801 ], [ 136.535072547, 36.440320915 ], [ 136.535097353, 36.44034837 ], [ 136.535115938, 36.440372869 ], [ 136.535125141, 36.440388529 ], [ 136.535130153, 36.44040354 ], [ 136.535130836, 36.440412048 ], [ 136.535130615, 36.440423791 ], [ 136.535125972, 36.440436631 ], [ 136.535119616, 36.440448342 ], [ 136.535108508, 36.440459218 ], [ 136.535098161, 36.44046987 ], [ 136.535083704, 36.440481253 ], [ 136.535067364, 36.440485047 ], [ 136.535057669, 36.440486376 ], [ 136.535043978, 36.440491569 ], [ 136.535029239, 36.440494655 ], [ 136.535019395, 36.440496468 ], [ 136.535018582, 36.440499646 ], [ 136.535014189, 36.440503094 ], [ 136.535013777, 36.440528371 ], [ 136.535018182, 36.44058716 ], [ 136.535018409, 36.440605487 ], [ 136.53501264, 36.440606671 ], [ 136.534997138, 36.440603477 ], [ 136.534991621, 36.440604359 ], [ 136.534977283, 36.440612079 ], [ 136.534967628, 36.44061561 ], [ 136.534960236, 36.440615976 ], [ 136.534956623, 36.44062922 ], [ 136.534950423, 36.440637084 ], [ 136.534939289, 36.440656946 ], [ 136.534920974, 36.440695709 ], [ 136.534922667, 36.440722281 ], [ 136.53492799, 36.440733732 ], [ 136.534977719, 36.440700741 ], [ 136.535013335, 36.440675903 ], [ 136.535036067, 36.440667721 ], [ 136.535039726, 36.440673087 ], [ 136.535050668, 36.440682662 ], [ 136.535057497, 36.440674295 ], [ 136.535056567, 36.440665482 ], [ 136.535050118, 36.440657753 ], [ 136.535048738, 36.440649385 ], [ 136.535048687, 36.440640272 ], [ 136.535056098, 36.440637375 ], [ 136.53508712, 36.440638252 ], [ 136.535093899, 36.440640544 ], [ 136.535119065, 36.440631645 ], [ 136.535124724, 36.440628637 ], [ 136.53514389, 36.440612438 ], [ 136.535191707, 36.44058276 ], [ 136.535217114, 36.440568922 ], [ 136.535227832, 36.440559791 ], [ 136.535264717, 36.440547355 ], [ 136.535292693, 36.440549762 ], [ 136.535319602, 36.440555397 ], [ 136.535352946, 36.440551144 ], [ 136.535400157, 36.44055085 ], [ 136.535433097, 36.440556858 ], [ 136.53548558, 36.440570602 ], [ 136.535502375, 36.440572872 ], [ 136.535530579, 36.440581435 ], [ 136.535604319, 36.440607656 ], [ 136.535657116, 36.440627089 ], [ 136.53569853, 36.440639103 ], [ 136.535723504, 36.440645603 ], [ 136.535769024, 36.440654426 ], [ 136.535812463, 36.440658566 ], [ 136.53588712, 36.440666052 ], [ 136.535932483, 36.440671797 ], [ 136.535971197, 36.44068086 ], [ 136.53600295, 36.440692393 ], [ 136.536040078, 36.440708029 ], [ 136.536092702, 36.440723559 ], [ 136.536136934, 36.440732802 ], [ 136.536187364, 36.44073722 ], [ 136.536236624, 36.440733591 ], [ 136.536266271, 36.440725775 ], [ 136.536309248, 36.44070717 ], [ 136.536353068, 36.440703313 ], [ 136.536396991, 36.440700343 ], [ 136.536397073, 36.440713568 ], [ 136.536393987, 36.440715965 ], [ 136.536391552, 36.440718795 ], [ 136.536391719, 36.440726842 ], [ 136.53645664, 36.440731802 ], [ 136.536500652, 36.440732811 ], [ 136.536570909, 36.440730861 ], [ 136.536595542, 36.440735243 ], [ 136.536644607, 36.44073909 ], [ 136.536670772, 36.440735988 ], [ 136.53669331, 36.440726367 ], [ 136.536704386, 36.440719338 ], [ 136.536711306, 36.440715325 ], [ 136.53671262, 36.440707738 ], [ 136.536709803, 36.440699928 ], [ 136.536696794, 36.440692783 ], [ 136.536692676, 36.44068877 ], [ 136.536687523, 36.440680006 ], [ 136.536679004, 36.44065175 ], [ 136.536663193, 36.440638948 ], [ 136.536650638, 36.440627441 ], [ 136.536649237, 36.440608127 ], [ 136.536644446, 36.440596661 ], [ 136.536636254, 36.440587607 ], [ 136.536614162, 36.440579688 ], [ 136.536595763, 36.440578579 ], [ 136.536578567, 36.440578709 ], [ 136.536541024, 36.440585466 ], [ 136.536512606, 36.440581531 ], [ 136.536487205, 36.440579094 ], [ 136.536470286, 36.44057068 ], [ 136.536457054, 36.440565548 ], [ 136.536433941, 36.44056162 ], [ 136.536419508, 36.440557823 ], [ 136.536381018, 36.440558295 ], [ 136.536347969, 36.44055316 ], [ 136.536323675, 36.440545966 ], [ 136.536290261, 36.440531792 ], [ 136.536261582, 36.440514815 ], [ 136.536204115, 36.440479384 ], [ 136.536176887, 36.440459041 ], [ 136.536162563, 36.440444043 ], [ 136.536152575, 36.440425502 ], [ 136.536149782, 36.440411454 ], [ 136.536149653, 36.440396935 ], [ 136.536161436, 36.440369617 ], [ 136.536173651, 36.440345686 ], [ 136.536215935, 36.440305012 ], [ 136.536196508, 36.440307238 ], [ 136.536165502, 36.440316667 ], [ 136.536110545, 36.440333466 ], [ 136.536079686, 36.440340187 ], [ 136.536060624, 36.440343626 ], [ 136.536032436, 36.440345299 ], [ 136.535990491, 36.440345123 ], [ 136.535956028, 36.440340765 ], [ 136.535930818, 36.440335591 ], [ 136.535906951, 36.440329289 ], [ 136.535883518, 36.440320617 ], [ 136.535851172, 36.440307261 ], [ 136.535824969, 36.440295682 ], [ 136.535791732, 36.440281876 ], [ 136.535753716, 36.440266792 ], [ 136.535724161, 36.440256008 ], [ 136.535687875, 36.440242377 ], [ 136.535658748, 36.440230793 ], [ 136.535625994, 36.440214726 ], [ 136.535614683, 36.440206509 ], [ 136.535594709, 36.440190792 ], [ 136.535586626, 36.440181608 ], [ 136.535571378, 36.440161793 ], [ 136.53555326, 36.440130537 ], [ 136.535537075, 36.440098425 ], [ 136.535512933, 36.440037102 ], [ 136.535488144, 36.43996543 ], [ 136.535444792, 36.43985861 ], [ 136.535423731, 36.439811204 ], [ 136.535407049, 36.439765257 ], [ 136.535389243, 36.43971137 ], [ 136.535379053, 36.439677462 ], [ 136.535376093, 36.439656387 ], [ 136.535371565, 36.439604781 ], [ 136.535364817, 36.439587533 ], [ 136.53535262, 36.439568687 ], [ 136.535341348, 36.439553542 ], [ 136.53531051, 36.439513197 ], [ 136.535290098, 36.439479084 ], [ 136.535257928, 36.43941756 ], [ 136.535228652, 36.439349617 ], [ 136.535217689, 36.439327184 ], [ 136.535181551, 36.439241873 ], [ 136.535168223, 36.43920991 ], [ 136.535165015, 36.439182759 ], [ 136.535163366, 36.43916512 ], [ 136.535156273, 36.439144125 ], [ 136.535160151, 36.439094141 ], [ 136.535173188, 36.439053812 ], [ 136.535191589, 36.439015433 ], [ 136.535207322, 36.438990002 ], [ 136.53522215, 36.438966914 ], [ 136.535250382, 36.438890127 ], [ 136.535261098, 36.438838624 ], [ 136.535271537, 36.438792623 ], [ 136.535279032, 36.438738179 ], [ 136.535265798, 36.43867263 ], [ 136.535260448, 36.438656832 ], [ 136.53526591, 36.438631701 ], [ 136.535274039, 36.438602919 ], [ 136.535283751, 36.438578773 ], [ 136.535305957, 36.438542745 ], [ 136.535328497, 36.438506928 ], [ 136.535355146, 36.43846147 ], [ 136.535379306, 36.438431427 ], [ 136.535416382, 36.438399142 ], [ 136.535443708, 36.438382407 ], [ 136.535392438, 36.438337833 ], [ 136.535423205, 36.438322971 ], [ 136.535490026, 36.438301017 ], [ 136.535520942, 36.438289215 ], [ 136.535549282, 36.438270678 ], [ 136.535569563, 36.4382557 ], [ 136.535582795, 36.438245329 ], [ 136.535595319, 36.438229702 ], [ 136.535614252, 36.438211071 ], [ 136.535636672, 36.438194939 ], [ 136.535661682, 36.438183631 ], [ 136.535690694, 36.43817898 ], [ 136.535699567, 36.438178912 ], [ 136.535719271, 36.438184458 ], [ 136.535736343, 36.438190305 ], [ 136.535750416, 36.438194219 ], [ 136.53576715, 36.438199876 ], [ 136.535793924, 36.438208119 ], [ 136.535837102, 36.438212338 ] ] ] } },
{ "type": "Feature", "properties": { "A54_001": "1", "A54_002": "17", "A54_003": "石川県", "A54_004": "17211", "A54_005": "能美市", "A54_006": "能美市0011" }, "geometry": { "type": "Polygon", "coordinates": [ [ [ 136.531282313, 36.437249332 ], [ 136.531201927, 36.437207206 ], [ 136.531053638, 36.43712581 ], [ 136.531022859, 36.437166071 ], [ 136.530990058, 36.437217792 ], [ 136.530973263, 36.437240493 ], [ 136.530975187, 36.43725395 ], [ 136.530975864, 36.437273895 ], [ 136.530969956, 36.437298824 ], [ 136.530965511, 36.437308974 ], [ 136.530944752, 36.437318936 ], [ 136.53092254, 36.437327092 ], [ 136.530900126, 36.437330314 ], [ 136.530868901, 36.437332725 ], [ 136.530867114, 36.437325526 ], [ 136.530864724, 36.437289453 ], [ 136.53081972, 36.437290822 ], [ 136.530792357, 36.437291223 ], [ 136.530771299, 36.437287158 ], [ 136.53073077, 36.43727905 ], [ 136.530700534, 36.43727106 ], [ 136.530676279, 36.437271124 ], [ 136.530667149, 36.437273789 ], [ 136.530658467, 36.437280467 ], [ 136.530649288, 36.437300882 ], [ 136.530651685, 36.437312678 ], [ 136.530662089, 36.437335174 ], [ 136.530665559, 36.437341704 ], [ 136.530684302, 36.437368121 ], [ 136.530680424, 36.437381954 ], [ 136.530684219, 36.437410326 ], [ 136.530686025, 36.437435839 ], [ 136.530680571, 36.437465535 ], [ 136.530665875, 36.437498285 ], [ 136.530647313, 36.437533236 ], [ 136.530642039, 36.437542297 ], [ 136.53062495, 36.437559841 ], [ 136.530600284, 36.437580871 ], [ 136.5305864, 36.437596398 ], [ 136.530570806, 36.437612644 ], [ 136.530551882, 36.437628957 ], [ 136.530534543, 36.437642043 ], [ 136.53051197, 36.437647349 ], [ 136.530471664, 36.437659585 ], [ 136.530437684, 36.437670663 ], [ 136.530408042, 36.437684613 ], [ 136.530385879, 36.437696874 ], [ 136.530375586, 36.437704144 ], [ 136.530360026, 36.43771939 ], [ 136.530330849, 36.437748358 ], [ 136.530304276, 36.437776839 ], [ 136.530262303, 36.437821593 ], [ 136.530239842, 36.437839516 ], [ 136.530224148, 36.437850691 ], [ 136.53015547, 36.437905392 ], [ 136.530133194, 36.437921281 ], [ 136.530102225, 36.437958997 ], [ 136.530075711, 36.437995652 ], [ 136.530061143, 36.438012803 ], [ 136.53004307, 36.43802372 ], [ 136.530010746, 36.438037384 ], [ 136.529975611, 36.438040825 ], [ 136.529945975, 36.438033478 ], [ 136.529921535, 36.438029371 ], [ 136.529904486, 36.438021548 ], [ 136.52989403, 36.438007519 ], [ 136.529884802, 36.437987122 ], [ 136.529874835, 36.437956365 ], [ 136.529863888, 36.43792814 ], [ 136.529852324, 36.437906102 ], [ 136.529842926, 36.4378923 ], [ 136.529827093, 36.437879329 ], [ 136.529799702, 36.437864125 ], [ 136.529787112, 36.437854731 ], [ 136.529770211, 36.437849351 ], [ 136.529740025, 36.437847697 ], [ 136.529696558, 36.437849433 ], [ 136.529643191, 36.437851163 ], [ 136.529623871, 36.43784308 ], [ 136.529603368, 36.437838401 ], [ 136.529574037, 36.43783778 ], [ 136.529525762, 36.437830221 ], [ 136.529501215, 36.437826267 ], [ 136.529479469, 36.437820531 ], [ 136.529464854, 36.437814019 ], [ 136.529437492, 36.437799702 ], [ 136.529426054, 36.437791657 ], [ 136.529405269, 36.437776852 ], [ 136.52937913, 36.437752236 ], [ 136.529375917, 36.437746483 ], [ 136.529406995, 36.437746181 ], [ 136.529392679, 36.437729516 ], [ 136.529374014, 36.437704611 ], [ 136.52934454, 36.437655039 ], [ 136.52931974, 36.437594897 ], [ 136.529304134, 36.437541416 ], [ 136.52930008, 36.43751488 ], [ 136.529301696, 36.43749316 ], [ 136.529309642, 36.437457893 ], [ 136.529313033, 36.437441788 ], [ 136.52931696, 36.437430569 ], [ 136.529317358, 36.437422878 ], [ 136.529314246, 36.437416582 ], [ 136.529295587, 36.437412219 ], [ 136.529280238, 36.43741189 ], [ 136.529256147, 36.437415327 ], [ 136.529232061, 36.437420974 ], [ 136.529217292, 36.43742604 ], [ 136.529196431, 36.437432983 ], [ 136.529182471, 36.437440195 ], [ 136.529193416, 36.437461648 ], [ 136.529227829, 36.43752305 ], [ 136.52925539, 36.437572576 ], [ 136.529303191, 36.437658921 ], [ 136.529337999, 36.437721126 ], [ 136.529366261, 36.437773436 ], [ 136.529397103, 36.437828265 ], [ 136.529447159, 36.437918247 ], [ 136.529468031, 36.437955777 ], [ 136.529515406, 36.437962305 ], [ 136.52953155, 36.437969445 ], [ 136.52955394, 36.437986541 ], [ 136.529580037, 36.437999451 ], [ 136.529597248, 36.438004969 ], [ 136.529651861, 36.438023777 ], [ 136.529687312, 36.438038152 ], [ 136.529715829, 36.438047145 ], [ 136.529770609, 36.438057204 ], [ 136.529800227, 36.438066722 ], [ 136.529812468, 36.438060869 ], [ 136.529817278, 36.438062135 ], [ 136.529823971, 36.438067707 ], [ 136.529824511, 36.43807495 ], [ 136.529843154, 36.438091359 ], [ 136.529851304, 36.438102952 ], [ 136.529857967, 36.438120662 ], [ 136.529872073, 36.438159 ], [ 136.52987625, 36.438181677 ], [ 136.529877925, 36.438202576 ], [ 136.529879329, 36.438228409 ], [ 136.529890132, 36.438261431 ], [ 136.529909784, 36.438301036 ], [ 136.529926713, 36.438323645 ], [ 136.529939208, 36.438334429 ], [ 136.529978004, 36.4383642 ], [ 136.529999219, 36.438375437 ], [ 136.530043385, 36.438391001 ], [ 136.530077131, 36.438402305 ], [ 136.530096864, 36.438410142 ], [ 136.530113356, 36.43842461 ], [ 136.530136301, 36.438450099 ], [ 136.530153835, 36.438454975 ], [ 136.530167221, 36.438477336 ], [ 136.53018583, 36.438520166 ], [ 136.530196217, 36.438554211 ], [ 136.530196556, 36.43857429 ], [ 136.530192384, 36.438592039 ], [ 136.530186573, 36.438610329 ], [ 136.530169308, 36.4386392 ], [ 136.530150853, 36.438669963 ], [ 136.530147148, 36.438687069 ], [ 136.530152882, 36.438704006 ], [ 136.530173072, 36.438717543 ], [ 136.530209225, 36.438728181 ], [ 136.530257996, 36.438734469 ], [ 136.530289294, 36.438743861 ], [ 136.530310155, 36.438757402 ], [ 136.53032284, 36.438765473 ], [ 136.530331802, 36.438777458 ], [ 136.53035468, 36.43881759 ], [ 136.530367432, 36.438838006 ], [ 136.530403179, 36.438882963 ], [ 136.530428905, 36.438917285 ], [ 136.530449476, 36.43894834 ], [ 136.530460379, 36.438969289 ], [ 136.530466551, 36.438989035 ], [ 136.530470271, 36.439006011 ], [ 136.530467831, 36.439037818 ], [ 136.530464774, 36.439062897 ], [ 136.530471181, 36.439104959 ], [ 136.530471293, 36.439163121 ], [ 136.530470996, 36.439174856 ], [ 136.530468007, 36.439217334 ], [ 136.530463729, 36.439237863 ], [ 136.530458716, 36.439255878 ], [ 136.530449022, 36.439271969 ], [ 136.530426577, 36.439303381 ], [ 136.530405548, 36.439330807 ], [ 136.530390661, 36.439356112 ], [ 136.530380442, 36.439374777 ], [ 136.530367944, 36.439405504 ], [ 136.530360989, 36.439440559 ], [ 136.530347654, 36.439491494 ], [ 136.530342886, 36.439514191 ], [ 136.530330892, 36.439544785 ], [ 136.530318115, 36.439572441 ], [ 136.53031013, 36.43958453 ], [ 136.530309787, 36.439605261 ], [ 136.530321217, 36.43961688 ], [ 136.53031805, 36.439634862 ], [ 136.530313785, 36.439652281 ], [ 136.530310348, 36.439667499 ], [ 136.53029772, 36.439687664 ], [ 136.530267972, 36.4397486 ], [ 136.530254135, 36.439778778 ], [ 136.530220226, 36.439885062 ], [ 136.53020967, 36.439924481 ], [ 136.530191831, 36.439996311 ], [ 136.530182203, 36.440045366 ], [ 136.530165243, 36.440128337 ], [ 136.530195691, 36.440187858 ], [ 136.530197964, 36.440238198 ], [ 136.53020227, 36.440304175 ], [ 136.530203304, 36.440342028 ], [ 136.530219637, 36.440352425 ], [ 136.530227272, 36.440356729 ], [ 136.530233774, 36.440347074 ], [ 136.530253882, 36.440338422 ], [ 136.530264256, 36.440336074 ], [ 136.53039667, 36.44032599 ], [ 136.530466895, 36.440319718 ], [ 136.53047991, 36.440307917 ], [ 136.530484831, 36.440282287 ], [ 136.530491673, 36.440271403 ], [ 136.530507585, 36.440264366 ], [ 136.530560642, 36.440275094 ], [ 136.53056792, 36.44028273 ], [ 136.530583929, 36.440335754 ], [ 136.530586526, 36.440397624 ], [ 136.530591686, 36.440478099 ], [ 136.530855253, 36.440420526 ], [ 136.530882525, 36.440388622 ], [ 136.530889171, 36.440365868 ], [ 136.530890115, 36.440358039 ], [ 136.530877228, 36.440354172 ], [ 136.530844922, 36.440355187 ], [ 136.530829071, 36.440354628 ], [ 136.530808274, 36.440348582 ], [ 136.530768375, 36.440344571 ], [ 136.530732064, 36.440332745 ], [ 136.530723073, 36.440324215 ], [ 136.530719187, 36.440327585 ], [ 136.530713219, 36.440339356 ], [ 136.530700748, 36.440346072 ], [ 136.530692555, 36.440342637 ], [ 136.530675527, 36.440332202 ], [ 136.530670983, 36.440318443 ], [ 136.530674862, 36.440295403 ], [ 136.530681556, 36.44027314 ], [ 136.530690863, 36.440263423 ], [ 136.530708854, 36.440258635 ], [ 136.530724658, 36.440202526 ], [ 136.530731984, 36.440188864 ], [ 136.530748274, 36.440166432 ], [ 136.530763576, 36.440150102 ], [ 136.530768538, 36.440138191 ], [ 136.530771461, 36.440129524 ], [ 136.530778383, 36.440124271 ], [ 136.530774679, 36.440113269 ], [ 136.530778442, 36.440104472 ], [ 136.530796082, 36.440047031 ], [ 136.53079894, 36.440025749 ], [ 136.530798602, 36.439981049 ], [ 136.530799116, 36.439959211 ], [ 136.530805028, 36.439954359 ], [ 136.530804198, 36.439923697 ], [ 136.530813526, 36.439892031 ], [ 136.530821933, 36.439869286 ], [ 136.530836357, 36.439849286 ], [ 136.530854766, 36.439834462 ], [ 136.530878964, 36.439818522 ], [ 136.530913816, 36.43980365 ], [ 136.53096093, 36.439786944 ], [ 136.530980703, 36.439769414 ], [ 136.530978302, 36.43975133 ], [ 136.53097219, 36.439739631 ], [ 136.530959051, 36.439725453 ], [ 136.530947935, 36.439710065 ], [ 136.530930679, 36.439686454 ], [ 136.530923046, 36.439676104 ], [ 136.530912731, 36.439665332 ], [ 136.530903607, 36.439656474 ], [ 136.530915161, 36.439618398 ], [ 136.53093479, 36.439587641 ], [ 136.530964093, 36.439558835 ], [ 136.530983654, 36.439536386 ], [ 136.531013971, 36.439506295 ], [ 136.531032103, 36.43948428 ], [ 136.531043701, 36.439467621 ], [ 136.531078647, 36.439441083 ], [ 136.531097738, 36.439424906 ], [ 136.5311139, 36.439407841 ], [ 136.531116332, 36.439397679 ], [ 136.531111013, 36.439391547 ], [ 136.531100159, 36.439385249 ], [ 136.531084864, 36.439376858 ], [ 136.531070532, 36.439370813 ], [ 136.531039521, 36.439358964 ], [ 136.531018505, 36.439346261 ], [ 136.530995329, 36.439328503 ], [ 136.53096853, 36.439306282 ], [ 136.530950922, 36.43928462 ], [ 136.530937472, 36.439246878 ], [ 136.530932668, 36.439218503 ], [ 136.530936533, 36.439134087 ], [ 136.530944046, 36.439097501 ], [ 136.530951717, 36.439060788 ], [ 136.530961166, 36.439033236 ], [ 136.530968501, 36.439018514 ], [ 136.531001071, 36.439002632 ], [ 136.531011588, 36.438994393 ], [ 136.531031785, 36.438973392 ], [ 136.531052745, 36.438955786 ], [ 136.531077456, 36.438937319 ], [ 136.531106106, 36.438910364 ], [ 136.531096197, 36.438835172 ], [ 136.531009472, 36.438687374 ], [ 136.530971316, 36.438711689 ], [ 136.530942913, 36.438727952 ], [ 136.530902504, 36.438745508 ], [ 136.53087775, 36.438756635 ], [ 136.530863905, 36.438771144 ], [ 136.530833592, 36.438785091 ], [ 136.530799642, 36.438797526 ], [ 136.530774271, 36.438802003 ], [ 136.530745421, 36.438801035 ], [ 136.530722732, 36.438798168 ], [ 136.530691275, 36.438787826 ], [ 136.530652856, 36.438777235 ], [ 136.530612621, 36.438759 ], [ 136.530589606, 36.438742056 ], [ 136.530563103, 36.438720888 ], [ 136.530543474, 36.438701487 ], [ 136.530529393, 36.438679436 ], [ 136.530508222, 36.438629326 ], [ 136.530494897, 36.438592937 ], [ 136.530478827, 36.438551465 ], [ 136.53047194, 36.438537785 ], [ 136.530462597, 36.438520173 ], [ 136.530449598, 36.438503515 ], [ 136.530431436, 36.43848122 ], [ 136.530418018, 36.438468901 ], [ 136.530387508, 36.438435761 ], [ 136.530362277, 36.438407189 ], [ 136.530387698, 36.43838792 ], [ 136.53036808, 36.438368158 ], [ 136.530360551, 36.438345764 ], [ 136.530337743, 36.438315061 ], [ 136.530325372, 36.438289085 ], [ 136.53031568, 36.438267667 ], [ 136.530310748, 36.438234677 ], [ 136.530306516, 36.438194297 ], [ 136.530307084, 36.438131119 ], [ 136.530311064, 36.43809955 ], [ 136.530319555, 36.438066496 ], [ 136.530330752, 36.438038824 ], [ 136.530341191, 36.438018909 ], [ 136.530355642, 36.437998599 ], [ 136.530369111, 36.437970014 ], [ 136.530384399, 36.437945513 ], [ 136.530406287, 36.437918421 ], [ 136.530483033, 36.437881465 ], [ 136.530552529, 36.437827997 ], [ 136.53059258, 36.437798517 ], [ 136.530636023, 36.437766564 ], [ 136.530651125, 36.437762038 ], [ 136.530691314, 36.437756584 ], [ 136.530794593, 36.437720143 ], [ 136.530818219, 36.437703177 ], [ 136.530878166, 36.43765572 ], [ 136.530923684, 36.437664795 ], [ 136.530950466, 36.437669525 ], [ 136.53096897, 36.437657609 ], [ 136.530966716, 36.437663566 ], [ 136.530959135, 36.437676315 ], [ 136.530929389, 36.43771103 ], [ 136.530890791, 36.43775715 ], [ 136.530878855, 36.437767401 ], [ 136.530846531, 36.437792887 ], [ 136.53080718, 36.437826121 ], [ 136.530758799, 36.437862267 ], [ 136.530729314, 36.437888518 ], [ 136.53071298, 36.437904632 ], [ 136.530768571, 36.437871209 ], [ 136.530915791, 36.437782659 ], [ 136.530936944, 36.437760389 ], [ 136.530964619, 36.437740731 ], [ 136.531044681, 36.437682292 ], [ 136.531083625, 36.437659166 ], [ 136.531134813, 36.437636513 ], [ 136.53120295, 36.437613352 ], [ 136.531241052, 36.437608284 ], [ 136.531295276, 36.437604198 ], [ 136.531329406, 36.437604127 ], [ 136.53134496, 36.437601264 ], [ 136.531363391, 36.437598339 ], [ 136.531365916, 36.437594399 ], [ 136.531363193, 36.437587408 ], [ 136.531354732, 36.437574423 ], [ 136.531358346, 36.437563319 ], [ 136.531353767, 36.437548643 ], [ 136.531332535, 36.437514712 ], [ 136.53132162, 36.437495256 ], [ 136.531305271, 36.437472656 ], [ 136.531274212, 36.437417722 ], [ 136.531264903, 36.437386472 ], [ 136.531265189, 36.437371958 ], [ 136.531258642, 36.437372466 ], [ 136.531269781, 36.437313094 ], [ 136.531282313, 36.437249332 ] ] ] } },
{ "type": "Feature", "properties": { "A54_001": "1", "A54_002": "17", "A54_003": "石川県", "A54_004": "17211", "A54_005": "能美市", "A54_006": "能美市0012" }, "geometry": { "type": "Polygon", "coordinates": [ [ [ 136.528300469, 36.43579514 ], [ 136.528289151, 36.435795932 ], [ 136.528265503, 36.43582063 ], [ 136.528245041, 36.435846218 ], [ 136.528239747, 36.43586053 ], [ 136.528243672, 36.435911712 ], [ 136.528245137, 36.435978598 ], [ 136.528245194, 36.436072172 ], [ 136.528240188, 36.436145738 ], [ 136.528233171, 36.436182448 ], [ 136.528224305, 36.436199764 ], [ 136.528213954, 36.436214088 ], [ 136.528201943, 36.436226233 ], [ 136.528191269, 36.436235323 ], [ 136.528177005, 36.436244471 ], [ 136.528156153, 36.436254156 ], [ 136.528140682, 36.436258569 ], [ 136.528116785, 36.436259405 ], [ 136.528094664, 36.436256438 ], [ 136.528078618, 36.436249163 ], [ 136.528067983, 36.436243414 ], [ 136.528044887, 36.436230655 ], [ 136.528032979, 36.436221445 ], [ 136.528007352, 36.436201691 ], [ 136.527994306, 36.436191001 ], [ 136.527982547, 36.436179674 ], [ 136.527973984, 36.436171644 ], [ 136.527955859, 36.436158971 ], [ 136.527946316, 36.436153727 ], [ 136.527936565, 36.436150341 ], [ 136.527929196, 36.436148674 ], [ 136.527905896, 36.436210856 ], [ 136.527911721, 36.436231925 ], [ 136.527917868, 36.436300735 ], [ 136.527927058, 36.436371446 ], [ 136.527932421, 36.436413121 ], [ 136.527928588, 36.436458301 ], [ 136.527921596, 36.436497739 ], [ 136.52791316, 36.43652401 ], [ 136.527902101, 36.436556488 ], [ 136.527894186, 36.436574739 ], [ 136.527885796, 36.436592523 ], [ 136.527874305, 36.436622607 ], [ 136.527867924, 36.436640945 ], [ 136.527865003, 36.436656377 ], [ 136.52786104, 36.436669564 ], [ 136.527852535, 36.436689596 ], [ 136.527847644, 36.436702268 ], [ 136.527833954, 36.436714539 ], [ 136.527805257, 36.436735954 ], [ 136.527785319, 36.436748057 ], [ 136.527757693, 36.43676161 ], [ 136.527720918, 36.436774513 ], [ 136.52768627, 36.436781435 ], [ 136.527675452, 36.436801897 ], [ 136.527643971, 36.436855957 ], [ 136.527628702, 36.436881717 ], [ 136.52756803, 36.437046056 ], [ 136.527527489, 36.437154135 ], [ 136.527485945, 36.437334775 ], [ 136.527410276, 36.437481047 ], [ 136.527288339, 36.437599438 ], [ 136.527280551, 36.437644482 ], [ 136.527268478, 36.437684571 ], [ 136.527257312, 36.437726242 ], [ 136.527254941, 36.437749426 ], [ 136.52725588, 36.437782885 ], [ 136.52726265, 36.437807687 ], [ 136.527284827, 36.437843576 ], [ 136.52728862, 36.4378516 ], [ 136.527288565, 36.437858246 ], [ 136.527280302, 36.437886806 ], [ 136.527280164, 36.437897052 ], [ 136.527274272, 36.437914074 ], [ 136.527263269, 36.437930533 ], [ 136.527263346, 36.437964244 ], [ 136.527256647, 36.437999323 ], [ 136.527242074, 36.438010541 ], [ 136.527220991, 36.438025998 ], [ 136.527197445, 36.43803977 ], [ 136.527158243, 36.438063241 ], [ 136.527140261, 36.438075787 ], [ 136.527123749, 36.438091822 ], [ 136.527108793, 36.438108145 ], [ 136.52709628, 36.438124246 ], [ 136.527077716, 36.438153518 ], [ 136.527066032, 36.438168737 ], [ 136.527044979, 36.438194011 ], [ 136.527034985, 36.438203525 ], [ 136.527022565, 36.438216135 ], [ 136.527011691, 36.438225705 ], [ 136.527002591, 36.438233054 ], [ 136.526987395, 36.438242698 ], [ 136.526973283, 36.438254001 ], [ 136.526961078, 36.438264 ], [ 136.526939606, 36.438280198 ], [ 136.526921218, 36.438291173 ], [ 136.526905517, 36.438300535 ], [ 136.526891212, 36.438308077 ], [ 136.526872591, 36.438318231 ], [ 136.526856865, 36.438325234 ], [ 136.526830188, 36.438335906 ], [ 136.526808865, 36.438342625 ], [ 136.526790857, 36.438351864 ], [ 136.526779875, 36.43836051 ], [ 136.526766229, 36.438374816 ], [ 136.526753037, 36.438391887 ], [ 136.526739294, 36.438410113 ], [ 136.526740951, 36.438421551 ], [ 136.526741924, 36.438431478 ], [ 136.526733018, 36.438430268 ], [ 136.526723833, 36.438427971 ], [ 136.526713575, 36.438427916 ], [ 136.526713548, 36.438431171 ], [ 136.526726582, 36.438431784 ], [ 136.526732281, 36.438438248 ], [ 136.526739449, 36.438452627 ], [ 136.526738771, 36.438471 ], [ 136.526754616, 36.438495501 ], [ 136.526760546, 36.438505087 ], [ 136.526752005, 36.438527759 ], [ 136.526755252, 36.438557326 ], [ 136.526757811, 36.438593017 ], [ 136.526763574, 36.438606342 ], [ 136.526784109, 36.438617989 ], [ 136.526809118, 36.438631301 ], [ 136.526819199, 36.438652939 ], [ 136.52682569, 36.438670977 ], [ 136.526825165, 36.438676478 ], [ 136.526817565, 36.438686945 ], [ 136.526797722, 36.438710016 ], [ 136.526783562, 36.438725478 ], [ 136.526761919, 36.438745981 ], [ 136.526739118, 36.438766858 ], [ 136.526720997, 36.438783338 ], [ 136.526705589, 36.438801242 ], [ 136.526686822, 36.438819989 ], [ 136.526663294, 36.438841853 ], [ 136.526653795, 36.438853317 ], [ 136.526628513, 36.438873336 ], [ 136.526616155, 36.438883823 ], [ 136.526638006, 36.438894734 ], [ 136.526623459, 36.438917735 ], [ 136.526620806, 36.43892555 ], [ 136.526611032, 36.43893666 ], [ 136.526607693, 36.438949936 ], [ 136.526598773, 36.438962059 ], [ 136.526579179, 36.438965016 ], [ 136.526560975, 36.438966551 ], [ 136.526549789, 36.438977699 ], [ 136.526530257, 36.439006624 ], [ 136.526525686, 36.439011619 ], [ 136.526481677, 36.439016708 ], [ 136.526463022, 36.439020542 ], [ 136.526444807, 36.43903211 ], [ 136.526436857, 36.439039935 ], [ 136.526434101, 36.439043853 ], [ 136.526429727, 36.439049544 ], [ 136.526432128, 36.439057353 ], [ 136.526432529, 36.439061829 ], [ 136.526428757, 36.439068002 ], [ 136.526419166, 36.439075126 ], [ 136.5264109, 36.439083033 ], [ 136.52640045, 36.439094759 ], [ 136.526387392, 36.43911094 ], [ 136.526380277, 36.439118661 ], [ 136.526375183, 36.439125215 ], [ 136.52637254, 36.439131179 ], [ 136.526371199, 36.439142684 ], [ 136.526359342, 36.439152232 ], [ 136.526351474, 36.439160047 ], [ 136.526336909, 36.439172416 ], [ 136.526327168, 36.43918355 ], [ 136.526320066, 36.439187808 ], [ 136.526305154, 36.439195834 ], [ 136.526297448, 36.439208253 ], [ 136.52629748, 36.43922771 ], [ 136.526286616, 36.439243078 ], [ 136.52626557, 36.439267535 ], [ 136.526242032, 36.439293997 ], [ 136.526232791, 36.439309961 ], [ 136.52621704, 36.439329222 ], [ 136.526206704, 36.439340329 ], [ 136.526194609, 36.439355452 ], [ 136.526190513, 36.439367301 ], [ 136.526181068, 36.43938048 ], [ 136.526172144, 36.439394097 ], [ 136.526157573, 36.43941386 ], [ 136.526143076, 36.439431013 ], [ 136.526133567, 36.439441548 ], [ 136.526113259, 36.439466562 ], [ 136.526099571, 36.439483019 ], [ 136.526094213, 36.439488438 ], [ 136.52608553, 36.439487107 ], [ 136.526077525, 36.439487862 ], [ 136.526074477, 36.439488538 ], [ 136.526067445, 36.439495173 ], [ 136.526064368, 36.439498299 ], [ 136.526052696, 36.439505323 ], [ 136.526042521, 36.439512597 ], [ 136.52603643, 36.439518766 ], [ 136.526025266, 36.439524054 ], [ 136.526015917, 36.43953005 ], [ 136.526011324, 36.439540568 ], [ 136.526002133, 36.439550751 ], [ 136.525992309, 36.439560434 ], [ 136.525975086, 36.439579566 ], [ 136.52596463, 36.439591912 ], [ 136.525953317, 36.439603634 ], [ 136.525931352, 36.439626479 ], [ 136.525906074, 36.439652467 ], [ 136.525891496, 36.439671332 ], [ 136.525879092, 36.439690392 ], [ 136.525865832, 36.439711483 ], [ 136.525861257, 36.439727127 ], [ 136.525859178, 36.439756781 ], [ 136.525843322, 36.43978749 ], [ 136.525833383, 36.439816602 ], [ 136.525826612, 36.439844375 ], [ 136.525819437, 36.439858648 ], [ 136.525806204, 36.439876483 ], [ 136.525791069, 36.439898204 ], [ 136.525790965, 36.439907147 ], [ 136.525783774, 36.439918891 ], [ 136.525767372, 36.4399395 ], [ 136.525759448, 36.439958759 ], [ 136.525742599, 36.439999171 ], [ 136.525737611, 36.440011082 ], [ 136.525737606, 36.440026275 ], [ 136.525740558, 36.440028694 ], [ 136.525809363, 36.439983661 ], [ 136.525836507, 36.43996466 ], [ 136.525856668, 36.439972985 ], [ 136.525864175, 36.439957832 ], [ 136.525869315, 36.439950728 ], [ 136.525867344, 36.439937525 ], [ 136.525883913, 36.439939552 ], [ 136.525891341, 36.439934088 ], [ 136.525915117, 36.439934139 ], [ 136.525947068, 36.439928133 ], [ 136.525970578, 36.439925546 ], [ 136.525980549, 36.439916782 ], [ 136.52603908, 36.439948893 ], [ 136.526066297, 36.439921026 ], [ 136.52611616, 36.439956406 ], [ 136.526132011, 36.43995665 ], [ 136.526169785, 36.439944992 ], [ 136.526183113, 36.439944831 ], [ 136.526190776, 36.439963161 ], [ 136.526194733, 36.439994964 ], [ 136.526202131, 36.440021557 ], [ 136.526208921, 36.440035237 ], [ 136.526223124, 36.440054765 ], [ 136.526234291, 36.440072499 ], [ 136.526254165, 36.440103825 ], [ 136.526261418, 36.440116178 ], [ 136.526267118, 36.440128877 ], [ 136.5262863, 36.440142402 ], [ 136.526298489, 36.440152478 ], [ 136.526311588, 36.440143424 ], [ 136.526320443, 36.440137525 ], [ 136.526323603, 36.440125463 ], [ 136.526331488, 36.440112615 ], [ 136.526336509, 36.440105034 ], [ 136.526350332, 36.440106271 ], [ 136.526359898, 36.44011723 ], [ 136.526363734, 36.440117074 ], [ 136.526373082, 36.440095801 ], [ 136.526384691, 36.440071368 ], [ 136.526396223, 36.440035763 ], [ 136.52640369, 36.439994166 ], [ 136.526407593, 36.43995849 ], [ 136.526433135, 36.439965293 ], [ 136.526436485, 36.439983503 ], [ 136.526442825, 36.439993692 ], [ 136.526446625, 36.439997976 ], [ 136.526443084, 36.440008809 ], [ 136.526440892, 36.440017688 ], [ 136.526439124, 36.440026183 ], [ 136.526440258, 36.440031516 ], [ 136.526454005, 36.440031944 ], [ 136.526471042, 36.440011818 ], [ 136.526469169, 36.440006304 ], [ 136.526470272, 36.440000418 ], [ 136.526479268, 36.439990777 ], [ 136.526487303, 36.440004618 ], [ 136.526509288, 36.440024357 ], [ 136.526528822, 36.44002733 ], [ 136.526534048, 36.439922086 ], [ 136.526529537, 36.439922682 ], [ 136.526524593, 36.439925631 ], [ 136.526510306, 36.43993043 ], [ 136.526494251, 36.439934109 ], [ 136.526485198, 36.439938288 ], [ 136.526480405, 36.43994154 ], [ 136.526475156, 36.439932304 ], [ 136.526478644, 36.439927827 ], [ 136.5264679, 36.43990806 ], [ 136.526460821, 36.439898236 ], [ 136.526457118, 36.439893798 ], [ 136.526470372, 36.439846743 ], [ 136.526481837, 36.439797594 ], [ 136.526490649, 36.439763597 ], [ 136.526494608, 36.439722817 ], [ 136.526501621, 36.439666497 ], [ 136.526507141, 36.439634945 ], [ 136.526519636, 36.439589687 ], [ 136.526535994, 36.439559078 ], [ 136.526555179, 36.43952502 ], [ 136.52660642, 36.439510334 ], [ 136.526635327, 36.439449025 ], [ 136.526661079, 36.439378804 ], [ 136.52668486, 36.43931807 ], [ 136.526702923, 36.43927313 ], [ 136.526724124, 36.439228364 ], [ 136.526734353, 36.439172437 ], [ 136.526754082, 36.439097889 ], [ 136.526775938, 36.439077865 ], [ 136.526797811, 36.439064417 ], [ 136.526825035, 36.439057294 ], [ 136.526873692, 36.439056225 ], [ 136.526897694, 36.439014823 ], [ 136.527048379, 36.438865269 ], [ 136.527042686, 36.438834126 ], [ 136.527043032, 36.43881457 ], [ 136.527044006, 36.438803991 ], [ 136.527047598, 36.438786763 ], [ 136.527051803, 36.438774361 ], [ 136.527066181, 36.438751338 ], [ 136.527072993, 36.438727345 ], [ 136.527097023, 36.438719722 ], [ 136.527118792, 36.438691962 ], [ 136.52714324, 36.438668528 ], [ 136.527151927, 36.438661366 ], [ 136.527239762, 36.438638213 ], [ 136.527286256, 36.438629194 ], [ 136.52734027, 36.438602648 ], [ 136.527392072, 36.438598783 ], [ 136.527449596, 36.438601533 ], [ 136.527522541, 36.438539439 ], [ 136.527711716, 36.438376321 ], [ 136.527874572, 36.438212646 ], [ 136.528032239, 36.438008157 ], [ 136.528183997, 36.437797387 ], [ 136.528220764, 36.437668277 ], [ 136.528218385, 36.437519536 ], [ 136.528164021, 36.437380067 ], [ 136.528156992, 36.437342046 ], [ 136.528155416, 36.437284437 ], [ 136.528156644, 36.43726257 ], [ 136.528162997, 36.437241883 ], [ 136.528175656, 36.437212877 ], [ 136.528189094, 36.43719043 ], [ 136.528202052, 36.437159934 ], [ 136.528231203, 36.43713717 ], [ 136.528261568, 36.437116945 ], [ 136.528297867, 36.437100778 ], [ 136.5283379, 36.437088241 ], [ 136.528379529, 36.437084796 ], [ 136.528440116, 36.437085168 ], [ 136.528507483, 36.437069013 ], [ 136.528626073, 36.437047721 ], [ 136.528678568, 36.437035202 ], [ 136.528698772, 36.437026473 ], [ 136.528706018, 36.437031473 ], [ 136.528774152, 36.437036885 ], [ 136.528805291, 36.437039145 ], [ 136.528814735, 36.437033226 ], [ 136.52881847, 36.437033634 ], [ 136.528813312, 36.437043063 ], [ 136.528806875, 36.437044734 ], [ 136.528798703, 36.437047481 ], [ 136.528780309, 36.437057615 ], [ 136.528755691, 36.437071233 ], [ 136.528698518, 36.437106958 ], [ 136.528669576, 36.437123494 ], [ 136.528643498, 36.43713537 ], [ 136.528585259, 36.437162911 ], [ 136.528554337, 36.437176612 ], [ 136.528528741, 36.437188102 ], [ 136.528494973, 36.437204661 ], [ 136.528469075, 36.437219256 ], [ 136.528448366, 36.437228148 ], [ 136.528424717, 36.43723672 ], [ 136.528416042, 36.43724241 ], [ 136.528407244, 36.437251432 ], [ 136.528402558, 36.437261717 ], [ 136.528399606, 36.437274675 ], [ 136.528401203, 36.437278637 ], [ 136.528397595, 36.437292658 ], [ 136.528400017, 36.437301275 ], [ 136.528406176, 36.43732623 ], [ 136.528414271, 36.437344645 ], [ 136.528417152, 36.43734404 ], [ 136.528423017, 36.437330196 ], [ 136.528437672, 36.437308337 ], [ 136.528452815, 36.437290435 ], [ 136.528483961, 36.437265318 ], [ 136.528516738, 36.437243168 ], [ 136.528556519, 36.437223299 ], [ 136.528604991, 36.437204566 ], [ 136.528671196, 36.437181743 ], [ 136.528708427, 36.437168153 ], [ 136.528721986, 36.437163032 ], [ 136.528759511, 36.437158194 ], [ 136.528829146, 36.437143857 ], [ 136.528855908, 36.437130435 ], [ 136.528907601, 36.437109021 ], [ 136.528924329, 36.437091592 ], [ 136.528932991, 36.437083024 ], [ 136.528942421, 36.437067106 ], [ 136.528966695, 36.43707646 ], [ 136.528978359, 36.437079492 ], [ 136.529034511, 36.437055859 ], [ 136.529083177, 36.437017943 ], [ 136.529110629, 36.437002121 ], [ 136.529140749, 36.436988261 ], [ 136.529199277, 36.436970803 ], [ 136.52922623, 36.436964033 ], [ 136.529253841, 36.436952335 ], [ 136.529268528, 36.43694129 ], [ 136.529267954, 36.436929349 ], [ 136.529257815, 36.436917764 ], [ 136.529244488, 36.436897142 ], [ 136.529227197, 36.436877922 ], [ 136.529183603, 36.436836119 ], [ 136.529140994, 36.436787533 ], [ 136.529124553, 36.436766961 ], [ 136.52911135, 36.436748421 ], [ 136.529103158, 36.436742021 ], [ 136.529086993, 36.436733849 ], [ 136.529067954, 36.436729019 ], [ 136.529041392, 36.436726876 ], [ 136.529026908, 36.436727729 ], [ 136.529026157, 36.436741242 ], [ 136.529022135, 36.436752441 ], [ 136.529013968, 36.436766273 ], [ 136.52898777, 36.436768692 ], [ 136.528946315, 36.436776532 ], [ 136.528921458, 36.436778279 ], [ 136.528886979, 36.436774142 ], [ 136.528829124, 36.436759156 ], [ 136.528811176, 36.436749991 ], [ 136.528817464, 36.436743048 ], [ 136.528807033, 36.436740744 ], [ 136.52877972, 36.436735884 ], [ 136.528755988, 36.436729861 ], [ 136.52874291, 36.436723048 ], [ 136.528723582, 36.436746999 ], [ 136.528720392, 36.43675016 ], [ 136.528692038, 36.436738604 ], [ 136.528665863, 36.436727833 ], [ 136.528639048, 36.436715655 ], [ 136.528614126, 36.43670448 ], [ 136.528595337, 36.436692674 ], [ 136.528552593, 36.436666075 ], [ 136.528537835, 36.436652199 ], [ 136.528527676, 36.436640129 ], [ 136.528515912, 36.436615426 ], [ 136.528514676, 36.436576893 ], [ 136.528517494, 36.436560494 ], [ 136.528529742, 36.43653994 ], [ 136.528556208, 36.436509127 ], [ 136.528594297, 36.436467549 ], [ 136.528629829, 36.436431449 ], [ 136.528644876, 36.436420212 ], [ 136.528658955, 36.436383136 ], [ 136.528685339, 36.436312093 ], [ 136.528702036, 36.436263043 ], [ 136.528711674, 36.436232962 ], [ 136.528763431, 36.436204353 ], [ 136.528768315, 36.43618313 ], [ 136.528753587, 36.436158834 ], [ 136.52871566, 36.436098062 ], [ 136.528691226, 36.436058 ], [ 136.528666203, 36.436062346 ], [ 136.528643166, 36.436065788 ], [ 136.528616326, 36.436068343 ], [ 136.528596382, 36.436068702 ], [ 136.528581162, 36.436066702 ], [ 136.528568534, 36.436063379 ], [ 136.528558221, 36.436058363 ], [ 136.528548425, 36.436048776 ], [ 136.528535078, 36.436032748 ], [ 136.528529074, 36.43601667 ], [ 136.528520084, 36.436002359 ], [ 136.52851087, 36.435985658 ], [ 136.528502268, 36.435970806 ], [ 136.52849688, 36.435963737 ], [ 136.528492212, 36.435958485 ], [ 136.52848615, 36.435951117 ], [ 136.528476076, 36.435943012 ], [ 136.528470944, 36.435937481 ], [ 136.528460639, 36.435931535 ], [ 136.528451947, 36.435927612 ], [ 136.528438251, 36.435925989 ], [ 136.528422085, 36.435923982 ], [ 136.528415014, 36.43592151 ], [ 136.52840859, 36.435916559 ], [ 136.528399793, 36.435913766 ], [ 136.528390493, 36.435911438 ], [ 136.528376975, 36.435908124 ], [ 136.528363254, 36.435897818 ], [ 136.52835227, 36.435887798 ], [ 136.528344297, 36.435875828 ], [ 136.528339105, 36.435865955 ], [ 136.528331573, 36.435847972 ], [ 136.528328797, 36.435835865 ], [ 136.528318882, 36.435822416 ], [ 136.528315584, 36.435815422 ], [ 136.528310359, 36.43580958 ], [ 136.528304093, 36.435799377 ], [ 136.528300469, 36.43579514 ] ] ] } },
{ "type": "Feature", "properties": { "A54_001": "1", "A54_002": "17", "A54_003": "石川県", "A54_004": "17211", "A54_005": "能美市", "A54_006": "能美市0013" }, "geometry": { "type": "Polygon", "coordinates": [ [ [ 136.534794389, 36.43764355 ], [ 136.534784844, 36.437631553 ], [ 136.534775053, 36.437625787 ], [ 136.53475907, 36.437620235 ], [ 136.534712657, 36.437612041 ], [ 136.534691018, 36.43760813 ], [ 136.53467611, 36.437609063 ], [ 136.534655027, 36.437622462 ], [ 136.534636998, 36.437637553 ], [ 136.534660277, 36.437654484 ], [ 136.534683279, 36.437659161 ], [ 136.534732184, 36.437662154 ], [ 136.53477353, 36.437658975 ], [ 136.534788719, 36.437654398 ], [ 136.534794272, 36.437649061 ], [ 136.534794389, 36.43764355 ] ] ] } },
{ "type": "Feature", "properties": { "A54_001": "1", "A54_002": "17", "A54_003": "石川県", "A54_004": "17211", "A54_005": "能美市", "A54_006": "能美市0014" }, "geometry": { "type": "Polygon", "coordinates": [ [ [ 136.524036378, 36.436904038 ], [ 136.524792143, 36.437003225 ], [ 136.524854375, 36.436834695 ], [ 136.524996811, 36.436750573 ], [ 136.525011136, 36.436734877 ], [ 136.525021578, 36.436723523 ], [ 136.525026322, 36.436714294 ], [ 136.525032786, 36.436697404 ], [ 136.525032758, 36.436682548 ], [ 136.525032119, 36.436668664 ], [ 136.525027974, 36.436659875 ], [ 136.525018504, 36.43663949 ], [ 136.52500959, 36.436624831 ], [ 136.525001242, 36.436614558 ], [ 136.524996, 36.436610999 ], [ 136.524975079, 36.436609668 ], [ 136.524964886, 36.436603891 ], [ 136.524952631, 36.436592623 ], [ 136.524938411, 36.436582196 ], [ 136.524930383, 36.43656949 ], [ 136.524920384, 36.436558478 ], [ 136.524894697, 36.436528193 ], [ 136.524889896, 36.43652426 ], [ 136.524884733, 36.436520052 ], [ 136.524871988, 36.436516233 ], [ 136.524865857, 36.436513542 ], [ 136.524857714, 36.436506887 ], [ 136.524843791, 36.436495918 ], [ 136.524833905, 36.436489017 ], [ 136.524825873, 36.436485117 ], [ 136.524817274, 36.436484435 ], [ 136.52480129, 36.436490009 ], [ 136.52477917, 36.436499031 ], [ 136.524763545, 36.43650507 ], [ 136.524757149, 36.436508584 ], [ 136.52474684, 36.436516878 ], [ 136.524730189, 36.436532652 ], [ 136.524720468, 36.436542688 ], [ 136.524712987, 36.436554319 ], [ 136.524706905, 36.43657182 ], [ 136.524698567, 36.436595541 ], [ 136.524694989, 36.436612012 ], [ 136.524693667, 36.436633242 ], [ 136.524692883, 36.436665661 ], [ 136.524691333, 36.436672013 ], [ 136.524686461, 36.436690355 ], [ 136.524684753, 36.436701543 ], [ 136.52467966, 36.436724951 ], [ 136.524673514, 36.43674581 ], [ 136.524669975, 36.436757549 ], [ 136.524666531, 36.436761268 ], [ 136.524657244, 36.436766427 ], [ 136.524645444, 36.436772978 ], [ 136.524634771, 36.436779283 ], [ 136.524626598, 36.436786475 ], [ 136.524617827, 36.436796504 ], [ 136.524607467, 36.43681106 ], [ 136.524597446, 36.436823673 ], [ 136.52458591, 36.436834744 ], [ 136.524581509, 36.436836182 ], [ 136.524566061, 36.436831298 ], [ 136.524559623, 36.436829245 ], [ 136.524556959, 36.436828883 ], [ 136.524552135, 36.436829413 ], [ 136.524546511, 36.43683321 ], [ 136.524533055, 36.436844883 ], [ 136.524521429, 36.43685651 ], [ 136.524512688, 36.436862447 ], [ 136.524491857, 36.436870454 ], [ 136.524471768, 36.436877773 ], [ 136.524462715, 36.436879916 ], [ 136.524454442, 36.436878776 ], [ 136.524434332, 36.43687051 ], [ 136.524413323, 36.436861508 ], [ 136.524387569, 36.436843501 ], [ 136.524376953, 36.436834312 ], [ 136.524364346, 36.436829129 ], [ 136.524353555, 36.436822862 ], [ 136.524331266, 36.436804842 ], [ 136.524298511, 36.436789058 ], [ 136.52428247, 36.436780326 ], [ 136.524271962, 36.436776252 ], [ 136.52426038, 36.436774606 ], [ 136.524256484, 36.436772272 ], [ 136.524225769, 36.436747579 ], [ 136.524217994, 36.436740962 ], [ 136.524216466, 36.436725247 ], [ 136.524216801, 36.436691422 ], [ 136.524217882, 36.436669668 ], [ 136.524222061, 36.436663776 ], [ 136.524229627, 36.43665936 ], [ 136.524241185, 36.436656012 ], [ 136.52425283, 36.436652527 ], [ 136.524258445, 36.436649913 ], [ 136.524264855, 36.436644799 ], [ 136.524273804, 36.436642864 ], [ 136.524298265, 36.436640142 ], [ 136.524333334, 36.4366366 ], [ 136.524343758, 36.436635126 ], [ 136.524352907, 36.436631696 ], [ 136.524376873, 36.43661533 ], [ 136.524395034, 36.436604435 ], [ 136.524420917, 36.436586488 ], [ 136.524437705, 36.436575028 ], [ 136.524451594, 36.436563609 ], [ 136.524465008, 36.436554358 ], [ 136.524481996, 36.436540251 ], [ 136.524491019, 36.436531254 ], [ 136.524504821, 36.436516717 ], [ 136.524514707, 36.436503123 ], [ 136.524524763, 36.43648893 ], [ 136.524532887, 36.436471684 ], [ 136.524547964, 36.436429947 ], [ 136.524561811, 36.436394224 ], [ 136.524582041, 36.436346975 ], [ 136.524596537, 36.436323918 ], [ 136.524627788, 36.436285822 ], [ 136.524661669, 36.436253337 ], [ 136.524700771, 36.43621606 ], [ 136.524724281, 36.436195609 ], [ 136.52474943, 36.436177114 ], [ 136.524787896, 36.436153212 ], [ 136.524830642, 36.436130688 ], [ 136.524857878, 36.436114762 ], [ 136.52488467, 36.436093515 ], [ 136.524895528, 36.436081118 ], [ 136.524901294, 36.436070644 ], [ 136.52490725, 36.436056259 ], [ 136.52490996, 36.43603801 ], [ 136.524912035, 36.436003982 ], [ 136.524906676, 36.435982644 ], [ 136.524901089, 36.435957044 ], [ 136.524891852, 36.435926737 ], [ 136.524868033, 36.435866958 ], [ 136.524861887, 36.435845191 ], [ 136.524860106, 36.435805548 ], [ 136.524864532, 36.43577815 ], [ 136.524888389, 36.435729056 ], [ 136.524915914, 36.435668483 ], [ 136.524926811, 36.43564358 ], [ 136.524933936, 36.435619509 ], [ 136.524936866, 36.43559521 ], [ 136.524939618, 36.435571847 ], [ 136.524944844, 36.43554183 ], [ 136.524960936, 36.435483669 ], [ 136.524973528, 36.435454027 ], [ 136.525014893, 36.435394524 ], [ 136.525037432, 36.435366229 ], [ 136.525086042, 36.4353137 ], [ 136.525161962, 36.435244117 ], [ 136.52518119, 36.435229053 ], [ 136.525213526, 36.435208396 ], [ 136.525237888, 36.435196699 ], [ 136.525323823, 36.435169859 ], [ 136.52539003, 36.435157165 ], [ 136.525450639, 36.435148343 ], [ 136.525506209, 36.435139898 ], [ 136.525515548, 36.435139705 ], [ 136.52553822, 36.435147741 ], [ 136.525583667, 36.435158342 ], [ 136.525598095, 36.435161707 ], [ 136.525615405, 36.435162653 ], [ 136.525640395, 36.435163517 ], [ 136.525655845, 36.435162802 ], [ 136.525685111, 36.435156505 ], [ 136.525700483, 36.435155127 ], [ 136.525709657, 36.435156515 ], [ 136.52574042, 36.435166094 ], [ 136.525764308, 36.435172797 ], [ 136.525784304, 36.435176801 ], [ 136.525793785, 36.435177461 ], [ 136.525802644, 36.435174335 ], [ 136.525824096, 36.435161452 ], [ 136.525847941, 36.435145812 ], [ 136.525873801, 36.435133698 ], [ 136.525904186, 36.435124059 ], [ 136.525944855, 36.435113624 ], [ 136.52601612, 36.435099876 ], [ 136.526076562, 36.435096365 ], [ 136.52611266, 36.435096985 ], [ 136.526142949, 36.435099065 ], [ 136.526177877, 36.435107736 ], [ 136.526192328, 36.435112927 ], [ 136.526215409, 36.435126262 ], [ 136.526240271, 36.435147491 ], [ 136.526293001, 36.435198488 ], [ 136.52632179, 36.435222721 ], [ 136.526329394, 36.435227449 ], [ 136.526329073, 36.435234479 ], [ 136.526320284, 36.435245725 ], [ 136.526306139, 36.435267385 ], [ 136.526303434, 36.435275893 ], [ 136.526306006, 36.435294165 ], [ 136.526307979, 36.435310584 ], [ 136.526307045, 36.435328051 ], [ 136.526303994, 36.435346573 ], [ 136.526305427, 36.435364693 ], [ 136.526306069, 36.435382809 ], [ 136.526309446, 36.435388581 ], [ 136.526320725, 36.435395034 ], [ 136.526342073, 36.435394722 ], [ 136.526356588, 36.435392243 ], [ 136.526365299, 36.435390372 ], [ 136.526367738, 36.435382287 ], [ 136.52636943, 36.435368872 ], [ 136.52637921, 36.435347177 ], [ 136.526385398, 36.435331655 ], [ 136.526384402, 36.435324618 ], [ 136.526383688, 36.435315239 ], [ 136.526386134, 36.435306302 ], [ 136.5263912, 36.435299084 ], [ 136.526402, 36.435285625 ], [ 136.526408686, 36.435273728 ], [ 136.526410073, 36.435265212 ], [ 136.526405917, 36.435257945 ], [ 136.526395492, 36.435243825 ], [ 136.526392408, 36.43523422 ], [ 136.52639405, 36.435226771 ], [ 136.526405159, 36.435221929 ], [ 136.526416512, 36.435219221 ], [ 136.526446521, 36.435215332 ], [ 136.526476072, 36.435210803 ], [ 136.526506364, 36.435212511 ], [ 136.526533461, 36.435218196 ], [ 136.526557336, 36.435231109 ], [ 136.526584592, 36.435256347 ], [ 136.526535613, 36.435051402 ], [ 136.526478709, 36.434813296 ], [ 136.526578316, 36.434799933 ], [ 136.526565645, 36.434789727 ], [ 136.526548403, 36.43475801 ], [ 136.526544328, 36.434740729 ], [ 136.526545771, 36.434725607 ], [ 136.526539211, 36.434689987 ], [ 136.526536672, 36.434678253 ], [ 136.526533029, 36.434672694 ], [ 136.526512079, 36.434656601 ], [ 136.526493747, 36.434636492 ], [ 136.526471387, 36.434607659 ], [ 136.526454936, 36.434589299 ], [ 136.526425147, 36.434566393 ], [ 136.526393115, 36.434536016 ], [ 136.52637208, 36.434514275 ], [ 136.526354795, 36.434485097 ], [ 136.526336634, 36.43445032 ], [ 136.526315837, 36.434399494 ], [ 136.526311357, 36.434383436 ], [ 136.526312095, 36.434349879 ], [ 136.526309886, 36.434337934 ], [ 136.526298004, 36.434324819 ], [ 136.526278322, 36.434306815 ], [ 136.526265502, 36.434295559 ], [ 136.52625237, 36.434266029 ], [ 136.526240235, 36.434227556 ], [ 136.526232255, 36.434188359 ], [ 136.526231035, 36.434168589 ], [ 136.526232015, 36.43416151 ], [ 136.526237088, 36.434161537 ], [ 136.526249499, 36.434166451 ], [ 136.526265578, 36.434173995 ], [ 136.526284346, 36.434190876 ], [ 136.526301277, 36.434207002 ], [ 136.526314531, 36.434221615 ], [ 136.526330955, 36.434243332 ], [ 136.526346001, 36.434264295 ], [ 136.526357903, 36.434275173 ], [ 136.52638275, 36.434282018 ], [ 136.526399225, 36.434297395 ], [ 136.526428124, 36.434316195 ], [ 136.526457967, 36.434332389 ], [ 136.52646897, 36.434340279 ], [ 136.526489163, 36.43435232 ], [ 136.52650569, 36.434361359 ], [ 136.526526274, 36.434381978 ], [ 136.526563944, 36.434399706 ], [ 136.526595198, 36.434412552 ], [ 136.526620079, 36.434415296 ], [ 136.52667596, 36.434405528 ], [ 136.526741175, 36.434382385 ], [ 136.526773602, 36.434364659 ], [ 136.526793594, 36.434345003 ], [ 136.52680628, 36.434316358 ], [ 136.526806495, 36.434290257 ], [ 136.526801597, 36.434268975 ], [ 136.526790429, 36.434224914 ], [ 136.526781466, 36.434193169 ], [ 136.526770534, 36.434176703 ], [ 136.526752258, 36.434155723 ], [ 136.526735801, 36.434138109 ], [ 136.526700147, 36.434099509 ], [ 136.526665003, 36.434054946 ], [ 136.526658166, 36.434045214 ], [ 136.52665965, 36.434032916 ], [ 136.526675582, 36.434002051 ], [ 136.52669238, 36.433978276 ], [ 136.526729056, 36.433948641 ], [ 136.526759165, 36.433932394 ], [ 136.526768003, 36.433923119 ], [ 136.526769514, 36.433907466 ], [ 136.526781667, 36.433887767 ], [ 136.526799395, 36.433862878 ], [ 136.52680788, 36.43384055 ], [ 136.526814876, 36.433830892 ], [ 136.526856071, 36.433812468 ], [ 136.526898175, 36.43379554 ], [ 136.526938366, 36.43378718 ], [ 136.527018309, 36.433767472 ], [ 136.527079806, 36.433747665 ], [ 136.527120494, 36.433734831 ], [ 136.527144592, 36.433720418 ], [ 136.527163128, 36.433709703 ], [ 136.527184868, 36.433701615 ], [ 136.527200583, 36.433697225 ], [ 136.527216284, 36.433694698 ], [ 136.527233817, 36.433693673 ], [ 136.527253686, 36.433688932 ], [ 136.527282799, 36.43368163 ], [ 136.527311491, 36.433669478 ], [ 136.527363823, 36.433642538 ], [ 136.527428799, 36.433592171 ], [ 136.527462264, 36.433560281 ], [ 136.527496258, 36.43352019 ], [ 136.527510734, 36.433498267 ], [ 136.52752247, 36.433472973 ], [ 136.527529586, 36.433448772 ], [ 136.527530245, 36.433424538 ], [ 136.527522064, 36.433409951 ], [ 136.527502877, 36.433387848 ], [ 136.527472218, 36.433358597 ], [ 136.527432826, 36.433325944 ], [ 136.527407763, 36.433289266 ], [ 136.527393235, 36.433261221 ], [ 136.527392518, 36.433236233 ], [ 136.527390113, 36.433178049 ], [ 136.527389643, 36.433122857 ], [ 136.527386663, 36.433092637 ], [ 136.527372049, 36.433075032 ], [ 136.527354643, 36.433060769 ], [ 136.527325689, 36.433048681 ], [ 136.52729161, 36.433042906 ], [ 136.527219779, 36.433029469 ], [ 136.527197681, 36.433024876 ], [ 136.527179306, 36.433016201 ], [ 136.52712925, 36.432990576 ], [ 136.527104486, 36.432973663 ], [ 136.527087928, 36.432968354 ], [ 136.527071284, 36.432973485 ], [ 136.527062443, 36.432983133 ], [ 136.527052624, 36.432999488 ], [ 136.527044604, 36.433021446 ], [ 136.527042564, 36.4330453 ], [ 136.527034782, 36.43309448 ], [ 136.527022641, 36.433168995 ], [ 136.52700789, 36.433224477 ], [ 136.526999867, 36.433246809 ], [ 136.526987689, 36.433269863 ], [ 136.526967691, 36.433290265 ], [ 136.526940264, 36.433316966 ], [ 136.526904101, 36.433340265 ], [ 136.526875414, 36.433352045 ], [ 136.526824605, 36.43336184 ], [ 136.52676735, 36.433370483 ], [ 136.526705886, 36.433386188 ], [ 136.526694807, 36.43338762 ], [ 136.526661506, 36.433399374 ], [ 136.526602679, 36.433431035 ], [ 136.526558779, 36.433441986 ], [ 136.526518998, 36.433456689 ], [ 136.52647603, 36.433466527 ], [ 136.526431585, 36.433487543 ], [ 136.52639553, 36.433497791 ], [ 136.526331749, 36.433514975 ], [ 136.526306336, 36.433520805 ], [ 136.526296591, 36.433528211 ], [ 136.52627236, 36.433558659 ], [ 136.526241632, 36.433594291 ], [ 136.526211889, 36.433622099 ], [ 136.526165181, 36.433637883 ], [ 136.526139321, 36.433642219 ], [ 136.526055448, 36.433635057 ], [ 136.525964503, 36.433622613 ], [ 136.52591019, 36.433610015 ], [ 136.525868753, 36.433601589 ], [ 136.525842478, 36.433600329 ], [ 136.525797728, 36.433602327 ], [ 136.525781982, 36.433610446 ], [ 136.525774469, 36.433626813 ], [ 136.525763267, 36.433643161 ], [ 136.525753815, 36.433670937 ], [ 136.525741971, 36.433709282 ], [ 136.525729851, 36.433747039 ], [ 136.52572206, 36.433765109 ], [ 136.525702886, 36.433789511 ], [ 136.525679561, 36.433806006 ], [ 136.525638121, 36.433826213 ], [ 136.525623058, 36.433831247 ], [ 136.525606745, 36.433828176 ], [ 136.525589151, 36.433820623 ], [ 136.525579979, 36.433809632 ], [ 136.525579203, 36.433770799 ], [ 136.525587546, 36.433755922 ], [ 136.525583986, 36.433736795 ], [ 136.525570093, 36.433712457 ], [ 136.5255631, 36.433697987 ], [ 136.525557622, 36.43371129 ], [ 136.525545709, 36.433714482 ], [ 136.525534501, 36.433719837 ], [ 136.525526085, 36.43371575 ], [ 136.52550935, 36.433699892 ], [ 136.525485408, 36.433669793 ], [ 136.52546943, 36.433650662 ], [ 136.525458469, 36.433637173 ], [ 136.525438064, 36.433632511 ], [ 136.525427902, 36.433632479 ], [ 136.525407112, 36.433631407 ], [ 136.525397103, 36.433639027 ], [ 136.525386546, 36.433640443 ], [ 136.525355417, 36.433639979 ], [ 136.525308774, 36.433638378 ], [ 136.525299045, 36.433640457 ], [ 136.525290115, 36.433653839 ], [ 136.525290798, 36.433675644 ], [ 136.525294798, 36.43369927 ], [ 136.525294399, 36.433707 ], [ 136.525293872, 36.433735233 ], [ 136.525291769, 36.433752276 ], [ 136.525289847, 36.433783346 ], [ 136.525285721, 36.433829513 ], [ 136.525272951, 36.433829684 ], [ 136.525261107, 36.433830308 ], [ 136.525251857, 36.433822801 ], [ 136.525242829, 36.433820323 ], [ 136.525240062, 36.433806976 ], [ 136.525222452, 36.43380347 ], [ 136.525213893, 36.433850435 ], [ 136.525197096, 36.433907042 ], [ 136.525178764, 36.433958257 ], [ 136.525164993, 36.433993018 ], [ 136.525157538, 36.434024096 ], [ 136.525159415, 36.434061305 ], [ 136.525159979, 36.434073204 ], [ 136.525161287, 36.434089809 ], [ 136.525168455, 36.434116431 ], [ 136.525176271, 36.434146705 ], [ 136.525188447, 36.434177398 ], [ 136.525194926, 36.434192685 ], [ 136.525206859, 36.434205718 ], [ 136.52523304, 36.434230852 ], [ 136.525236929, 36.434189139 ], [ 136.525249793, 36.434181167 ], [ 136.525251649, 36.43416595 ], [ 136.525262307, 36.434162242 ], [ 136.525268321, 36.434152866 ], [ 136.5252903, 36.434154339 ], [ 136.525306996, 36.434167446 ], [ 136.525312909, 36.434174052 ], [ 136.525320355, 36.434179209 ], [ 136.525320737, 36.434192922 ], [ 136.52532508, 36.434194695 ], [ 136.525330292, 36.434195082 ], [ 136.525336527, 36.434198553 ], [ 136.525348411, 36.434187747 ], [ 136.525358452, 36.434176401 ], [ 136.525371076, 36.43415645 ], [ 136.525393153, 36.434129919 ], [ 136.52540446, 36.434116384 ], [ 136.525419514, 36.434095278 ], [ 136.525428056, 36.43408188 ], [ 136.525441954, 36.434060508 ], [ 136.525454902, 36.434096901 ], [ 136.52549468, 36.434032829 ], [ 136.525510164, 36.434005413 ], [ 136.525537685, 36.433991497 ], [ 136.525578034, 36.433967796 ], [ 136.525598675, 36.433957252 ], [ 136.52562248, 36.433957036 ], [ 136.525649325, 36.433961229 ], [ 136.525683494, 36.433972067 ], [ 136.525714156, 36.433982656 ], [ 136.525735612, 36.434001096 ], [ 136.525746298, 36.434015643 ], [ 136.525751165, 36.434032716 ], [ 136.525749602, 36.434052928 ], [ 136.525751223, 36.434080157 ], [ 136.525757019, 36.434104426 ], [ 136.525753958, 36.434140208 ], [ 136.525730923, 36.434193409 ], [ 136.525715861, 36.434236601 ], [ 136.525703609, 36.434268605 ], [ 136.525701555, 36.434293951 ], [ 136.525711864, 36.434330177 ], [ 136.525744315, 36.434409818 ], [ 136.52574916, 36.434429448 ], [ 136.525746991, 36.434444979 ], [ 136.525740226, 36.434466463 ], [ 136.525719501, 36.434487022 ], [ 136.525691686, 36.434504771 ], [ 136.525656512, 36.434519924 ], [ 136.525603423, 36.434534555 ], [ 136.525545687, 36.434543474 ], [ 136.525479762, 36.434548873 ], [ 136.525425274, 36.434554012 ], [ 136.525404595, 36.434559868 ], [ 136.525392659, 36.434564674 ], [ 136.525379723, 36.434581164 ], [ 136.525358765, 36.434602725 ], [ 136.525349511, 36.434611077 ], [ 136.525339584, 36.43461422 ], [ 136.525312827, 36.434619284 ], [ 136.525275368, 36.434623983 ], [ 136.525232941, 36.434623968 ], [ 136.525208472, 36.434619149 ], [ 136.525181946, 36.434608352 ], [ 136.525160732, 36.434592257 ], [ 136.525144688, 36.434567966 ], [ 136.525133316, 36.434540843 ], [ 136.525125551, 36.434523754 ], [ 136.525105724, 36.434499357 ], [ 136.525086205, 36.434478645 ], [ 136.525073037, 36.43446859 ], [ 136.525058646, 36.434460598 ], [ 136.525035543, 36.434450002 ], [ 136.524990646, 36.434435659 ], [ 136.524969893, 36.434427664 ], [ 136.524948086, 36.434419662 ], [ 136.524915449, 36.434414799 ], [ 136.524884404, 36.434408666 ], [ 136.524852631, 36.434394857 ], [ 136.524817185, 36.434379112 ], [ 136.524783035, 36.434354081 ], [ 136.524770819, 36.434338065 ], [ 136.524760592, 36.434318284 ], [ 136.524752663, 36.434293767 ], [ 136.524747883, 36.434265833 ], [ 136.524744089, 36.43421446 ], [ 136.524747315, 36.434174631 ], [ 136.524756329, 36.434136031 ], [ 136.524758032, 36.434121338 ], [ 136.524762577, 36.434113478 ], [ 136.524770266, 36.434107766 ], [ 136.52477771, 36.434099708 ], [ 136.524779657, 36.43408736 ], [ 136.524779476, 36.434077344 ], [ 136.524789943, 36.434054387 ], [ 136.524808234, 36.434003199 ], [ 136.524832072, 36.433956449 ], [ 136.524848641, 36.433928411 ], [ 136.524864639, 36.433891873 ], [ 136.524864818, 36.433870139 ], [ 136.52485415, 36.433853461 ], [ 136.524839815, 36.433834207 ], [ 136.524801507, 36.43379799 ], [ 136.524773752, 36.433776319 ], [ 136.524757032, 36.433758543 ], [ 136.524742183, 36.433737794 ], [ 136.52472969, 36.433706843 ], [ 136.524726606, 36.433665275 ], [ 136.524728981, 36.433632899 ], [ 136.524733564, 36.433620352 ], [ 136.524762392, 36.433583777 ], [ 136.524796447, 36.433544326 ], [ 136.524805525, 36.433529885 ], [ 136.52481178, 36.43350648 ], [ 136.524824429, 36.433438347 ], [ 136.52483258, 36.433408559 ], [ 136.524843481, 36.433389365 ], [ 136.524858073, 36.433372884 ], [ 136.524873101, 36.433358231 ], [ 136.524873858, 36.433357748 ], [ 136.524890351, 36.433342449 ], [ 136.524904785, 36.433326819 ], [ 136.524914811, 36.433316158 ], [ 136.524925079, 36.433312804 ], [ 136.524949136, 36.433312567 ], [ 136.524970071, 36.433312072 ], [ 136.524981369, 36.433311523 ], [ 136.524987114, 36.433308876 ], [ 136.524999683, 36.433296274 ], [ 136.525013201, 36.433278821 ], [ 136.525029605, 36.433258171 ], [ 136.525043013, 36.433239127 ], [ 136.52505181, 36.433231503 ], [ 136.525058313, 36.433228128 ], [ 136.525063586, 36.433227792 ], [ 136.525065808, 36.433232309 ], [ 136.525064616, 36.433248984 ], [ 136.525064859, 36.433267763 ], [ 136.5250624, 36.433278405 ], [ 136.525059944, 36.433288619 ], [ 136.525064823, 36.4333042 ], [ 136.525068707, 36.433312531 ], [ 136.525075793, 36.433316192 ], [ 136.525082137, 36.433313669 ], [ 136.525093063, 36.433299025 ], [ 136.525111798, 36.433283864 ], [ 136.525130869, 36.433272033 ], [ 136.525165206, 36.433262416 ], [ 136.525205742, 36.433256042 ], [ 136.525264647, 36.433253028 ], [ 136.525333665, 36.433255957 ], [ 136.525361401, 36.433257997 ], [ 136.525403475, 36.433268877 ], [ 136.525455227, 36.433288545 ], [ 136.525487274, 36.433300863 ], [ 136.525503802, 36.433309902 ], [ 136.525511939, 36.433313781 ], [ 136.525528317, 36.433327013 ], [ 136.525562454, 36.433341686 ], [ 136.525591879, 36.433352499 ], [ 136.525635514, 36.433365944 ], [ 136.525677283, 36.433381724 ], [ 136.525690433, 36.43338499 ], [ 136.525701543, 36.433379936 ], [ 136.525705934, 36.433358651 ], [ 136.525705637, 36.433330736 ], [ 136.525696102, 36.43330048 ], [ 136.525694078, 36.433290241 ], [ 136.525690489, 36.433278075 ], [ 136.525683512, 36.433261205 ], [ 136.52568131, 36.433240524 ], [ 136.525673285, 36.433223008 ], [ 136.525639689, 36.43315256 ], [ 136.525600466, 36.433099398 ], [ 136.525574991, 36.43305675 ], [ 136.525545789, 36.433018931 ], [ 136.525529009, 36.432984535 ], [ 136.525508545, 36.432939592 ], [ 136.525502674, 36.432916547 ], [ 136.525503483, 36.432882245 ], [ 136.525512115, 36.432857999 ], [ 136.52551895, 36.432827991 ], [ 136.525525987, 36.432799183 ], [ 136.525535419, 36.432750894 ], [ 136.525558969, 36.432658302 ], [ 136.525589676, 36.432589374 ], [ 136.525612669, 36.432549225 ], [ 136.525630327, 36.432516931 ], [ 136.525674609, 36.432453391 ], [ 136.525714171, 36.432409229 ], [ 136.525752279, 36.432377236 ], [ 136.525783308, 36.432357799 ], [ 136.525813226, 36.432341849 ], [ 136.525853708, 36.43232648 ], [ 136.525883475, 36.432317432 ], [ 136.525917119, 36.432309698 ], [ 136.525949396, 36.432306698 ], [ 136.526011193, 36.432308765 ], [ 136.526038122, 36.43231171 ], [ 136.526074945, 36.432320187 ], [ 136.526109636, 36.432331575 ], [ 136.526150679, 36.432349354 ], [ 136.526172967, 36.432362898 ], [ 136.526190308, 36.432369171 ], [ 136.526209425, 36.432383762 ], [ 136.526234619, 36.432396257 ], [ 136.526269327, 36.432405605 ], [ 136.526290116, 36.432409126 ], [ 136.526302259, 36.432406635 ], [ 136.526322681, 36.43239055 ], [ 136.526329694, 36.432370903 ], [ 136.526333075, 36.432344286 ], [ 136.526329071, 36.432318482 ], [ 136.526321333, 36.432297984 ], [ 136.526307804, 36.432276816 ], [ 136.526269921, 36.43223018 ], [ 136.526255514, 36.43220575 ], [ 136.526237629, 36.432175427 ], [ 136.526227974, 36.432159181 ], [ 136.526225664, 36.432147113 ], [ 136.526230555, 36.432119865 ], [ 136.52623379, 36.432110994 ], [ 136.526253902, 36.432090321 ], [ 136.526259521, 36.432084506 ], [ 136.526263828, 36.43207345 ], [ 136.526271002, 36.432061676 ], [ 136.526280747, 36.432048579 ], [ 136.526284901, 36.432037764 ], [ 136.526289665, 36.432011215 ], [ 136.526295411, 36.43199006 ], [ 136.526295694, 36.431973988 ], [ 136.526293045, 36.431946966 ], [ 136.52629488, 36.43192518 ], [ 136.526299422, 36.431903775 ], [ 136.526309358, 36.431885685 ], [ 136.526322422, 36.431869629 ], [ 136.52633535, 36.431853991 ], [ 136.526347843, 36.431836281 ], [ 136.526354633, 36.431823037 ], [ 136.526355848, 36.43180344 ], [ 136.526350394, 36.431789165 ], [ 136.526341943, 36.431780078 ], [ 136.526304831, 36.431733366 ], [ 136.526259221, 36.431668732 ], [ 136.526249587, 36.431650051 ], [ 136.526245308, 36.431639313 ], [ 136.526245479, 36.431618493 ], [ 136.526248704, 36.431593655 ], [ 136.526255472, 36.431576279 ], [ 136.52626309, 36.431565483 ], [ 136.526274741, 36.431558605 ], [ 136.526314776, 36.431542595 ], [ 136.526352789, 36.431527827 ], [ 136.526378802, 36.431514085 ], [ 136.526413891, 36.431494152 ], [ 136.526443185, 36.431475117 ], [ 136.52644999, 36.4314715 ], [ 136.526457472, 36.431458876 ], [ 136.526457535, 36.431451206 ], [ 136.526452764, 36.431445458 ], [ 136.526435687, 36.43143453 ], [ 136.526416017, 36.431427727 ], [ 136.526402584, 36.431422737 ], [ 136.526382036, 36.431416265 ], [ 136.526352898, 36.431407098 ], [ 136.526296563, 36.431387618 ], [ 136.526278412, 36.431379119 ], [ 136.526255927, 36.431366822 ], [ 136.526207949, 36.431333438 ], [ 136.526190127, 36.431321653 ], [ 136.52617003, 36.431311804 ], [ 136.526151163, 36.431309267 ], [ 136.526127672, 36.431309386 ], [ 136.526066136, 36.431321353 ], [ 136.526028356, 36.431328639 ], [ 136.525907521, 36.431339234 ], [ 136.525888718, 36.431336941 ], [ 136.525857479, 36.431326911 ], [ 136.525821903, 36.431308867 ], [ 136.525799129, 36.431294985 ], [ 136.525766328, 36.431270145 ], [ 136.525740338, 36.431244435 ], [ 136.525724047, 36.431229614 ], [ 136.525689434, 36.431198503 ], [ 136.525650993, 36.431162499 ], [ 136.525641581, 36.431153499 ], [ 136.525638252, 36.431141761 ], [ 136.52563141, 36.431132469 ], [ 136.52561781, 36.431120036 ], [ 136.525606114, 36.431100369 ], [ 136.525580844, 36.431032899 ], [ 136.525565528, 36.431004904 ], [ 136.525558177, 36.431001455 ], [ 136.525542065, 36.431006056 ], [ 136.52553449, 36.431030093 ], [ 136.525532151, 36.431057995 ], [ 136.525534343, 36.431085854 ], [ 136.525544844, 36.431122774 ], [ 136.525559221, 36.431172696 ], [ 136.525566501, 36.431184668 ], [ 136.52556946, 36.431191015 ], [ 136.525578436, 36.431198247 ], [ 136.525593588, 36.431205025 ], [ 136.52563365, 36.431221359 ], [ 136.525659082, 36.431234586 ], [ 136.525659024, 36.43124167 ], [ 136.52565579, 36.431248927 ], [ 136.52563717, 36.431280164 ], [ 136.525621148, 36.431305861 ], [ 136.525620292, 36.431313741 ], [ 136.52562856, 36.431333815 ], [ 136.525639241, 36.43135871 ], [ 136.525648973, 36.431393069 ], [ 136.525665982, 36.431439613 ], [ 136.5256769, 36.431469067 ], [ 136.525682796, 36.431507393 ], [ 136.525688045, 36.431546674 ], [ 136.525689736, 36.431579072 ], [ 136.525694712, 36.43160683 ], [ 136.525697525, 36.431630954 ], [ 136.52569831, 36.431653781 ], [ 136.525696594, 36.431679342 ], [ 136.52568915, 36.431714647 ], [ 136.525680959, 36.431740295 ], [ 136.525668862, 36.431764827 ], [ 136.525650716, 36.431797816 ], [ 136.525623532, 36.431836899 ], [ 136.525598491, 36.431869491 ], [ 136.525565416, 36.431899754 ], [ 136.525525725, 36.4319276 ], [ 136.525489124, 36.431947007 ], [ 136.525453616, 36.431961915 ], [ 136.525396651, 36.43197778 ], [ 136.525341474, 36.43198552 ], [ 136.525299155, 36.431986267 ], [ 136.525232611, 36.431981745 ], [ 136.525210221, 36.431976145 ], [ 136.525174791, 36.431963169 ], [ 136.525137106, 36.431944345 ], [ 136.525085988, 36.431911682 ], [ 136.525011095, 36.431854386 ], [ 136.524927454, 36.431795178 ], [ 136.524902523, 36.431782685 ], [ 136.524866649, 36.431755005 ], [ 136.524833691, 36.431725209 ], [ 136.524815878, 36.431712328 ], [ 136.524811124, 36.431713581 ], [ 136.524804758, 36.431718661 ], [ 136.524804151, 36.43172846 ], [ 136.524809683, 36.431740812 ], [ 136.524818569, 36.431749809 ], [ 136.524818511, 36.431756841 ], [ 136.524815312, 36.431761299 ], [ 136.524775652, 36.431777492 ], [ 136.524759511, 36.431785503 ], [ 136.524756796, 36.431795291 ], [ 136.524760747, 36.431815382 ], [ 136.524763035, 36.431856715 ], [ 136.524766884, 36.43189328 ], [ 136.52476886, 36.43193319 ], [ 136.524770352, 36.431976081 ], [ 136.524775894, 36.431989589 ], [ 136.524787627, 36.432004781 ], [ 136.524795176, 36.432016115 ], [ 136.524801851, 36.432037672 ], [ 136.524805602, 36.432052102 ], [ 136.524818029, 36.432079018 ], [ 136.524823158, 36.432096305 ], [ 136.524826134, 36.432118908 ], [ 136.52482981, 36.432146455 ], [ 136.524829975, 36.432190352 ], [ 136.524822766, 36.432233915 ], [ 136.524803983, 36.432291693 ], [ 136.524780715, 36.432333332 ], [ 136.524754305, 36.432372398 ], [ 136.524738857, 36.432388389 ], [ 136.524714434, 36.432410206 ], [ 136.524658787, 36.432447623 ], [ 136.524555887, 36.432497117 ], [ 136.524489674, 36.432529576 ], [ 136.524423876, 36.43256763 ], [ 136.524350626, 36.432614595 ], [ 136.524271708, 36.432677935 ], [ 136.524222625, 36.432702282 ], [ 136.52417899, 36.432717566 ], [ 136.524151491, 36.432728711 ], [ 136.524137441, 36.432738863 ], [ 136.52413023, 36.432750544 ], [ 136.524125071, 36.432769055 ], [ 136.524124637, 36.432795741 ], [ 136.52413306, 36.432836805 ], [ 136.524140082, 36.432880099 ], [ 136.524148988, 36.432918555 ], [ 136.524155623, 36.432952898 ], [ 136.52415396, 36.432986822 ], [ 136.524145589, 36.433011731 ], [ 136.524125055, 36.433041079 ], [ 136.524107345, 36.43306373 ], [ 136.524095095, 36.433095361 ], [ 136.524088761, 36.433136345 ], [ 136.524093816, 36.433160568 ], [ 136.52410577, 36.433184923 ], [ 136.524125329, 36.433217844 ], [ 136.524135735, 36.433242138 ], [ 136.524135542, 36.433265629 ], [ 136.524125033, 36.433309575 ], [ 136.524116795, 36.433358007 ], [ 136.524124812, 36.433400336 ], [ 136.524142077, 36.433459813 ], [ 136.524162606, 36.433514739 ], [ 136.524173523, 36.43356113 ], [ 136.524177112, 36.433615313 ], [ 136.524174056, 36.433692299 ], [ 136.524183985, 36.433741319 ], [ 136.524205171, 36.433800724 ], [ 136.524226267, 36.433870941 ], [ 136.524242807, 36.433937849 ], [ 136.524242571, 36.433966561 ], [ 136.524238599, 36.434000846 ], [ 136.524231842, 36.434037354 ], [ 136.524227446, 36.434067161 ], [ 136.524216081, 36.434103271 ], [ 136.524191231, 36.434152733 ], [ 136.52417924, 36.434184218 ], [ 136.524177234, 36.434203811 ], [ 136.524178421, 36.434219798 ], [ 136.524189315, 36.43424074 ], [ 136.524205232, 36.434260003 ], [ 136.524231296, 36.434295089 ], [ 136.524257088, 36.434332636 ], [ 136.524282165, 36.434391369 ], [ 136.524305161, 36.434450917 ], [ 136.524315295, 36.434478383 ], [ 136.524329521, 36.434510848 ], [ 136.524337499, 36.434534117 ], [ 136.524349983, 36.434554214 ], [ 136.524383156, 36.434589977 ], [ 136.524392799, 36.434603028 ], [ 136.524398543, 36.434622022 ], [ 136.524404405, 36.434641658 ], [ 136.5244055, 36.434654936 ], [ 136.5244042, 36.434666497 ], [ 136.524397856, 36.434678015 ], [ 136.524392047, 36.434683202 ], [ 136.524383844, 36.434686707 ], [ 136.524373152, 36.434689292 ], [ 136.524352308, 36.434691824 ], [ 136.524320465, 36.434698898 ], [ 136.524306246, 36.434701396 ], [ 136.524289596, 36.434706524 ], [ 136.524269442, 36.434714157 ], [ 136.524254912, 36.434722984 ], [ 136.524243749, 36.434730648 ], [ 136.524233707, 36.434737899 ], [ 136.524197733, 36.43475773 ], [ 136.524170047, 36.434773533 ], [ 136.524134312, 36.434797327 ], [ 136.524115018, 36.434812651 ], [ 136.524103622, 36.434825009 ], [ 136.524095386, 36.434837628 ], [ 136.524091823, 36.434849785 ], [ 136.524090004, 36.434868944 ], [ 136.524088604, 36.434910914 ], [ 136.52408965, 36.434943948 ], [ 136.524093403, 36.434968259 ], [ 136.524099521, 36.43499024 ], [ 136.524106719, 36.435012226 ], [ 136.524117361, 36.435031887 ], [ 136.524139061, 36.43505294 ], [ 136.524160792, 36.435070104 ], [ 136.524189414, 36.435082616 ], [ 136.524228057, 36.435094118 ], [ 136.524246105, 36.435102551 ], [ 136.524263943, 36.435112449 ], [ 136.524279865, 36.435131073 ], [ 136.524292261, 36.435161825 ], [ 136.524304137, 36.435197726 ], [ 136.524308201, 36.435216287 ], [ 136.524307819, 36.435230561 ], [ 136.524308131, 36.435244612 ], [ 136.524314746, 36.435273415 ], [ 136.524317749, 36.435292821 ], [ 136.524316004, 36.435312629 ], [ 136.524317371, 36.435338633 ], [ 136.524317348, 36.435362497 ], [ 136.524307424, 36.435447464 ], [ 136.524301143, 36.43548211 ], [ 136.524290193, 36.435521171 ], [ 136.524274723, 36.435551665 ], [ 136.524253774, 36.435575418 ], [ 136.524210656, 36.435603153 ], [ 136.524162465, 36.435630861 ], [ 136.524100951, 36.435652531 ], [ 136.524055191, 36.435661537 ], [ 136.524029816, 36.435662892 ], [ 136.524009989, 36.435662412 ], [ 136.523955532, 36.435666967 ], [ 136.523942587, 36.435670998 ], [ 136.523913448, 36.435681283 ], [ 136.523884222, 36.435702008 ], [ 136.523872577, 36.435716115 ], [ 136.523869559, 36.435746676 ], [ 136.523869501, 36.435813075 ], [ 136.523865765, 36.435892482 ], [ 136.523868506, 36.435911674 ], [ 136.523878139, 36.435938522 ], [ 136.523888516, 36.435964201 ], [ 136.523893787, 36.435982371 ], [ 136.523896524, 36.435997363 ], [ 136.523898226, 36.436017068 ], [ 136.523900109, 36.436026087 ], [ 136.523901861, 36.436032916 ], [ 136.52390981, 36.436057197 ], [ 136.523917039, 36.4360755 ], [ 136.523920861, 36.436086723 ], [ 136.523922152, 36.436094523 ], [ 136.523921333, 36.436102555 ], [ 136.52391481, 36.436115183 ], [ 136.523897127, 36.436141266 ], [ 136.52388998, 36.436158883 ], [ 136.523882637, 36.436172724 ], [ 136.523873584, 36.436185088 ], [ 136.523866308, 36.436190894 ], [ 136.523842438, 36.436200262 ], [ 136.523832476, 36.436203009 ], [ 136.523829432, 36.436207011 ], [ 136.52382985, 36.436211031 ], [ 136.523834705, 36.436215806 ], [ 136.523842632, 36.436222424 ], [ 136.523848174, 36.436225985 ], [ 136.523849333, 36.436231471 ], [ 136.523845805, 36.436239366 ], [ 136.523838148, 36.436259354 ], [ 136.523834451, 36.436269441 ], [ 136.523830048, 36.436273679 ], [ 136.523824762, 36.436275721 ], [ 136.523819351, 36.436274353 ], [ 136.523813367, 36.436269693 ], [ 136.523806806, 36.436261743 ], [ 136.523802482, 36.436256606 ], [ 136.523798545, 36.436259141 ], [ 136.523795923, 36.436266677 ], [ 136.523796924, 36.436273013 ], [ 136.523797001, 36.436282024 ], [ 136.523794833, 36.436289319 ], [ 136.523789863, 36.436297336 ], [ 136.523778578, 36.436314565 ], [ 136.523775076, 36.436319052 ], [ 136.523746655, 36.436332535 ], [ 136.523690506, 36.436355771 ], [ 136.523685229, 36.436359221 ], [ 136.523682257, 36.436364841 ], [ 136.523677255, 36.436376503 ], [ 136.523673592, 36.436380497 ], [ 136.52366098, 36.436386343 ], [ 136.52364503, 36.436395355 ], [ 136.523639997, 36.436400337 ], [ 136.523640371, 36.436407227 ], [ 136.523641509, 36.436415236 ], [ 136.523639672, 36.436418913 ], [ 136.5236339, 36.436419786 ], [ 136.523627034, 36.436417523 ], [ 136.523621885, 36.436415826 ], [ 136.523620876, 36.436412967 ], [ 136.523624958, 36.436408397 ], [ 136.523625869, 36.436402279 ], [ 136.523622355, 36.436400521 ], [ 136.523610833, 36.436399554 ], [ 136.523564688, 36.436397458 ], [ 136.52354582, 36.436395095 ], [ 136.523532291, 36.436390917 ], [ 136.523513522, 36.436389528 ], [ 136.523507489, 36.436390539 ], [ 136.523505402, 36.436393241 ], [ 136.523504806, 36.436400992 ], [ 136.523501974, 36.43641037 ], [ 136.523499308, 36.436418027 ], [ 136.52349219, 36.436425503 ], [ 136.523484657, 36.436431167 ], [ 136.523475941, 36.436434321 ], [ 136.523460705, 36.436436153 ], [ 136.523452434, 36.43643736 ], [ 136.523449065, 36.436438942 ], [ 136.523443953, 36.436443089 ], [ 136.523440542, 36.43644989 ], [ 136.523433476, 36.436461471 ], [ 136.523426507, 36.436461365 ], [ 136.523419705, 36.436459258 ], [ 136.523393523, 36.436450154 ], [ 136.523378046, 36.436446174 ], [ 136.523362708, 36.436443326 ], [ 136.523356825, 36.43644726 ], [ 136.523345544, 36.436469168 ], [ 136.523324129, 36.436517771 ], [ 136.52331188, 36.436542301 ], [ 136.523303068, 36.436551629 ], [ 136.523291209, 36.436559885 ], [ 136.523298461, 36.43656554 ], [ 136.523391707, 36.4366462 ], [ 136.523484953, 36.43672686 ], [ 136.523575131, 36.436858804 ], [ 136.524036378, 36.436904038 ] ] ] } },
{ "type": "Feature", "properties": { "A54_001": "1", "A54_002": "17", "A54_003": "石川県", "A54_004": "17211", "A54_005": "能美市", "A54_006": "能美市0015" }, "geometry": { "type": "Polygon", "coordinates": [ [ [ 136.520196876, 36.435434063 ], [ 136.520361688, 36.435446624 ], [ 136.520388936, 36.435416966 ], [ 136.520408093, 36.435395 ], [ 136.520419187, 36.435382763 ], [ 136.520430724, 36.435371623 ], [ 136.520434859, 36.435363054 ], [ 136.520443556, 36.435352039 ], [ 136.520444078, 36.435340839 ], [ 136.52044399, 36.435330681 ], [ 136.520446918, 36.435323952 ], [ 136.520454799, 36.435307574 ], [ 136.520458321, 36.435298678 ], [ 136.52046214, 36.435273981 ], [ 136.520462624, 36.435251823 ], [ 136.52046358, 36.43523068 ], [ 136.520465463, 36.435221679 ], [ 136.520470001, 36.435219147 ], [ 136.520475862, 36.435220518 ], [ 136.520495425, 36.435222085 ], [ 136.520542919, 36.435225356 ], [ 136.520570611, 36.435227211 ], [ 136.520583635, 36.435228506 ], [ 136.520593563, 36.435229777 ], [ 136.52060621, 36.435230089 ], [ 136.520613301, 36.435228545 ], [ 136.520625097, 36.435222399 ], [ 136.520630709, 36.435217681 ], [ 136.520630958, 36.435205749 ], [ 136.520627418, 36.435185729 ], [ 136.520622694, 36.435174257 ], [ 136.520617319, 36.435168628 ], [ 136.520598372, 36.435165359 ], [ 136.52056345, 36.435163709 ], [ 136.520558498, 36.435161734 ], [ 136.520560055, 36.435155533 ], [ 136.520567272, 36.435138525 ], [ 136.520578147, 36.435118766 ], [ 136.52058352, 36.435106498 ], [ 136.520587166, 36.435102499 ], [ 136.520598027, 36.435100245 ], [ 136.520608586, 36.43509811 ], [ 136.520617337, 36.435096088 ], [ 136.520625046, 36.435092599 ], [ 136.520629315, 36.435086245 ], [ 136.520635446, 36.43507337 ], [ 136.520635194, 36.435067403 ], [ 136.520634928, 36.43506314 ], [ 136.52062924, 36.435058969 ], [ 136.520625824, 36.435053228 ], [ 136.520625753, 36.435043608 ], [ 136.520625648, 36.435038128 ], [ 136.520622509, 36.435035189 ], [ 136.520614516, 36.435036729 ], [ 136.52059576, 36.435046734 ], [ 136.520577035, 36.435053055 ], [ 136.520562856, 36.435056022 ], [ 136.520560459, 36.435054548 ], [ 136.520552193, 36.435052555 ], [ 136.520547072, 36.435052527 ], [ 136.520536184, 36.43505807 ], [ 136.52052722, 36.435067762 ], [ 136.520521016, 36.435071381 ], [ 136.520507002, 36.435072524 ], [ 136.520480057, 36.43506883 ], [ 136.520471736, 36.435065793 ], [ 136.5204601, 36.435057728 ], [ 136.520444793, 36.435043169 ], [ 136.520430286, 36.435028549 ], [ 136.520388764, 36.435001261 ], [ 136.520371365, 36.434993009 ], [ 136.520359689, 36.434984666 ], [ 136.520351579, 36.434981943 ], [ 136.520345883, 36.434978747 ], [ 136.520343822, 36.434973013 ], [ 136.520343869, 36.434967412 ], [ 136.520350758, 36.434960983 ], [ 136.520355738, 36.434951895 ], [ 136.520355911, 36.434941529 ], [ 136.520352311, 36.4349397 ], [ 136.520348176, 36.434940234 ], [ 136.520339945, 36.434947148 ], [ 136.520325006, 36.43495606 ], [ 136.52031168, 36.434964963 ], [ 136.520302376, 36.434966235 ], [ 136.520298647, 36.43496451 ], [ 136.520292517, 36.434959241 ], [ 136.520280406, 36.434948826 ], [ 136.520274738, 36.43494222 ], [ 136.520269346, 36.434918616 ], [ 136.520263316, 36.434887583 ], [ 136.520259443, 36.434877334 ], [ 136.520256405, 36.434870151 ], [ 136.520256606, 36.434866603 ], [ 136.520259051, 36.434862303 ], [ 136.520266507, 36.434855524 ], [ 136.520280582, 36.434845981 ], [ 136.5202921, 36.434837033 ], [ 136.520295439, 36.434834007 ], [ 136.520295313, 36.434831084 ], [ 136.520291004, 36.434823999 ], [ 136.520285491, 36.434807805 ], [ 136.52028005, 36.43479219 ], [ 136.520277678, 36.43478755 ], [ 136.5202676, 36.434782786 ], [ 136.520257239, 36.434779199 ], [ 136.520253353, 36.434775769 ], [ 136.52025401, 36.434769198 ], [ 136.52026102, 36.434759008 ], [ 136.520263945, 36.434751474 ], [ 136.520264339, 36.434737961 ], [ 136.520262081, 36.434719684 ], [ 136.520257709, 36.434702127 ], [ 136.520249106, 36.4346796 ], [ 136.520242959, 36.434658014 ], [ 136.520238115, 36.434643011 ], [ 136.520229646, 36.43462461 ], [ 136.520228289, 36.434606704 ], [ 136.520227191, 36.434593791 ], [ 136.520221533, 36.434585967 ], [ 136.520203301, 36.434569103 ], [ 136.520186485, 36.434552799 ], [ 136.520166698, 36.434533371 ], [ 136.52015833, 36.434525603 ], [ 136.520158534, 36.434521708 ], [ 136.520161757, 36.434516993 ], [ 136.520177006, 36.434503061 ], [ 136.520195414, 36.434490829 ], [ 136.520211333, 36.434477764 ], [ 136.52021619, 36.434473163 ], [ 136.520217302, 36.434466229 ], [ 136.520214375, 36.434455986 ], [ 136.520201938, 36.434416703 ], [ 136.520188787, 36.434361428 ], [ 136.520183303, 36.434332784 ], [ 136.520176818, 36.434302217 ], [ 136.52017606, 36.43428468 ], [ 136.520174991, 36.434259195 ], [ 136.520177404, 36.434240578 ], [ 136.520185273, 36.434213194 ], [ 136.520189726, 36.434202869 ], [ 136.520198447, 36.434189681 ], [ 136.52021347, 36.43417576 ], [ 136.520221972, 36.434167405 ], [ 136.520240734, 36.43413624 ], [ 136.520253035, 36.43411585 ], [ 136.520259906, 36.434103907 ], [ 136.520267268, 36.434087752 ], [ 136.520270565, 36.434071454 ], [ 136.520271519, 36.4340563 ], [ 136.520268723, 36.43404837 ], [ 136.520272301, 36.434034631 ], [ 136.520273801, 36.434017227 ], [ 136.520270477, 36.434000284 ], [ 136.520264579, 36.433987558 ], [ 136.520254802, 36.433968023 ], [ 136.520239956, 36.433937807 ], [ 136.520231068, 36.433920103 ], [ 136.520224131, 36.43390314 ], [ 136.520218293, 36.433866812 ], [ 136.520218119, 36.433833326 ], [ 136.520223471, 36.433811212 ], [ 136.520231343, 36.433795808 ], [ 136.520233581, 36.433784771 ], [ 136.520237492, 36.433769623 ], [ 136.520241487, 36.433765192 ], [ 136.520248255, 36.433763041 ], [ 136.52026308, 36.43376006 ], [ 136.520271535, 36.433757253 ], [ 136.520276288, 36.433754913 ], [ 136.520285891, 36.433748564 ], [ 136.520296441, 36.43374229 ], [ 136.52031373, 36.433732435 ], [ 136.520323184, 36.433723372 ], [ 136.520327047, 36.433714208 ], [ 136.520331461, 36.433698375 ], [ 136.520334109, 36.433687796 ], [ 136.520338671, 36.433664198 ], [ 136.520339714, 36.433627358 ], [ 136.520339925, 36.433612191 ], [ 136.520344652, 36.433602476 ], [ 136.520351888, 36.433593122 ], [ 136.520361854, 36.433584547 ], [ 136.520374566, 36.433575715 ], [ 136.520387192, 36.43356813 ], [ 136.520410746, 36.433555929 ], [ 136.52043884, 36.433543018 ], [ 136.520461409, 36.433531874 ], [ 136.520477586, 36.433521594 ], [ 136.520485548, 36.433514854 ], [ 136.520493368, 36.433505573 ], [ 136.520497381, 36.433498985 ], [ 136.520497029, 36.433479144 ], [ 136.520493514, 36.433467192 ], [ 136.520487755, 36.433453645 ], [ 136.520480908, 36.433443867 ], [ 136.520472373, 36.433438098 ], [ 136.520451712, 36.4334225 ], [ 136.52044666, 36.433414314 ], [ 136.52043978, 36.433408676 ], [ 136.520422675, 36.433401278 ], [ 136.52040964, 36.433393292 ], [ 136.520368027, 36.433384825 ], [ 136.520337821, 36.433377356 ], [ 136.520316329, 36.43337237 ], [ 136.520308387, 36.433367821 ], [ 136.520307103, 36.433359169 ], [ 136.520299736, 36.433347486 ], [ 136.520290571, 36.433326858 ], [ 136.520289918, 36.433314801 ], [ 136.520294954, 36.433306791 ], [ 136.520302252, 36.433293787 ], [ 136.520316602, 36.433261111 ], [ 136.520321225, 36.433248473 ], [ 136.520323134, 36.433223104 ], [ 136.520327281, 36.433210672 ], [ 136.520335358, 36.433195204 ], [ 136.520362928, 36.433150354 ], [ 136.520378243, 36.433125931 ], [ 136.520396006, 36.433095621 ], [ 136.520411351, 36.433064233 ], [ 136.520422339, 36.433038753 ], [ 136.520435939, 36.433006775 ], [ 136.520445023, 36.432982716 ], [ 136.520449534, 36.432965206 ], [ 136.520449515, 36.432953285 ], [ 136.520442021, 36.432943851 ], [ 136.520433076, 36.432933018 ], [ 136.520425172, 36.432921078 ], [ 136.520422191, 36.432917443 ], [ 136.520414304, 36.432917619 ], [ 136.520394175, 36.432916953 ], [ 136.520390067, 36.432914148 ], [ 136.520388292, 36.432910312 ], [ 136.520387869, 36.432899107 ], [ 136.52039029, 36.432891901 ], [ 136.520390904, 36.432869709 ], [ 136.520392989, 36.432867285 ], [ 136.520404855, 36.432867123 ], [ 136.520419966, 36.432871032 ], [ 136.520429503, 36.432872823 ], [ 136.520434659, 36.432873547 ], [ 136.520441231, 36.432872365 ], [ 136.520463374, 36.432871376 ], [ 136.52047225, 36.432869754 ], [ 136.520477776, 36.432867557 ], [ 136.520484533, 36.432862097 ], [ 136.520490243, 36.432851726 ], [ 136.520491569, 36.432847559 ], [ 136.520490559, 36.43284484 ], [ 136.520492236, 36.432839769 ], [ 136.520500553, 36.432834222 ], [ 136.520520491, 36.432820981 ], [ 136.520526086, 36.4328162 ], [ 136.520533978, 36.432811387 ], [ 136.520541951, 36.432804542 ], [ 136.520547189, 36.432795456 ], [ 136.520549807, 36.432787142 ], [ 136.520550338, 36.432775039 ], [ 136.520549428, 36.432770581 ], [ 136.520546205, 36.432764214 ], [ 136.520542024, 36.432760086 ], [ 136.520542055, 36.432756329 ], [ 136.520542677, 36.432753897 ], [ 136.520545086, 36.43275391 ], [ 136.52054972, 36.432755467 ], [ 136.520554083, 36.432758482 ], [ 136.520561382, 36.432760331 ], [ 136.520564312, 36.432759859 ], [ 136.520569158, 36.432756546 ], [ 136.520576494, 36.432746705 ], [ 136.520589403, 36.432733625 ], [ 136.520597922, 36.432723077 ], [ 136.520604654, 36.432710329 ], [ 136.520610092, 36.432689978 ], [ 136.520619847, 36.432657642 ], [ 136.520624426, 36.432645735 ], [ 136.520628983, 36.432636384 ], [ 136.520628828, 36.432623172 ], [ 136.52062415, 36.432615262 ], [ 136.520607626, 36.432605713 ], [ 136.520581076, 36.432593393 ], [ 136.520536524, 36.432572575 ], [ 136.520518979, 36.432563834 ], [ 136.520513756, 36.432558083 ], [ 136.520508461, 36.432534981 ], [ 136.520508567, 36.432522196 ], [ 136.520509969, 36.432516603 ], [ 136.520514088, 36.43251005 ], [ 136.520514751, 36.432502748 ], [ 136.520522389, 36.432491039 ], [ 136.52053344, 36.43247607 ], [ 136.520548658, 36.432456101 ], [ 136.520563087, 36.432441324 ], [ 136.520575345, 36.432433962 ], [ 136.520591968, 36.432426747 ], [ 136.520610141, 36.43241887 ], [ 136.52062179, 36.432412358 ], [ 136.52063316, 36.432403044 ], [ 136.520643108, 36.432392747 ], [ 136.520663199, 36.432366921 ], [ 136.52070266, 36.432328422 ], [ 136.520756351, 36.432272884 ], [ 136.520788491, 36.432230955 ], [ 136.520798073, 36.4322195 ], [ 136.520801533, 36.432215257 ], [ 136.520804756, 36.43220803 ], [ 136.520805116, 36.432196312 ], [ 136.520812319, 36.432185697 ], [ 136.520827236, 36.432166387 ], [ 136.520831793, 36.432157036 ], [ 136.520831335, 36.432148723 ], [ 136.520832755, 36.432136372 ], [ 136.520841831, 36.432118021 ], [ 136.520857458, 36.432085717 ], [ 136.520889445, 36.432035991 ], [ 136.520919766, 36.432002061 ], [ 136.520947139, 36.431974295 ], [ 136.520972508, 36.431937782 ], [ 136.52100365, 36.431900235 ], [ 136.521011901, 36.431882487 ], [ 136.521020045, 36.431853552 ], [ 136.521028917, 36.431832291 ], [ 136.521040683, 36.431811685 ], [ 136.521042833, 36.431806583 ], [ 136.521043122, 36.431803602 ], [ 136.52104055, 36.431795916 ], [ 136.52104383, 36.431781658 ], [ 136.521057904, 36.431752808 ], [ 136.521070229, 36.431728157 ], [ 136.521073479, 36.43171752 ], [ 136.521073537, 36.431710489 ], [ 136.521068189, 36.431702888 ], [ 136.521054402, 36.431676756 ], [ 136.521048168, 36.431665763 ], [ 136.521046982, 36.431663444 ], [ 136.521047024, 36.431658452 ], [ 136.521051256, 36.431656648 ], [ 136.521058162, 36.431658999 ], [ 136.521060719, 36.4316595 ], [ 136.521074988, 36.431663838 ], [ 136.521089724, 36.431666232 ], [ 136.521096041, 36.43166724 ], [ 136.521101481, 36.431664834 ], [ 136.521106233, 36.431655857 ], [ 136.521108279, 36.431645153 ], [ 136.521103702, 36.43163417 ], [ 136.521097147, 36.431625611 ], [ 136.52109103, 36.431618881 ], [ 136.521072513, 36.431610334 ], [ 136.521034651, 36.431600266 ], [ 136.520988366, 36.431588814 ], [ 136.520964217, 36.431579734 ], [ 136.520935215, 36.431572514 ], [ 136.520921812, 36.431572686 ], [ 136.520886031, 36.431583938 ], [ 136.520854591, 36.431598379 ], [ 136.520832194, 36.431611774 ], [ 136.520809929, 36.431628624 ], [ 136.520796159, 36.431636707 ], [ 136.520777657, 36.431652558 ], [ 136.520763588, 36.431660397 ], [ 136.52072191, 36.431698473 ], [ 136.520689783, 36.431741281 ], [ 136.520675751, 36.431760056 ], [ 136.520660382, 36.431779332 ], [ 136.52064561, 36.431799343 ], [ 136.520630421, 36.431827151 ], [ 136.520624144, 36.431837067 ], [ 136.52061496, 36.431844601 ], [ 136.520599074, 36.431856378 ], [ 136.520551133, 36.431901393 ], [ 136.52053944, 36.431913262 ], [ 136.520515157, 36.431936266 ], [ 136.520497702, 36.431952853 ], [ 136.52043691, 36.431998231 ], [ 136.520417388, 36.432009936 ], [ 136.520386094, 36.432024865 ], [ 136.520358618, 36.432033483 ], [ 136.520315014, 36.432042623 ], [ 136.520252146, 36.432051902 ], [ 136.5202102, 36.432062024 ], [ 136.520176193, 36.43207273 ], [ 136.520157156, 36.43208042 ], [ 136.520130996, 36.432093672 ], [ 136.520117372, 36.432102243 ], [ 136.520109608, 36.432111297 ], [ 136.520105844, 36.432120226 ], [ 136.520105763, 36.432130028 ], [ 136.520106977, 36.432142607 ], [ 136.52011186, 36.432157549 ], [ 136.520120649, 36.432178053 ], [ 136.520142827, 36.432214716 ], [ 136.520159966, 36.43224528 ], [ 136.520199325, 36.432301361 ], [ 136.520215177, 36.432328082 ], [ 136.520234175, 36.432360974 ], [ 136.520239557, 36.432379328 ], [ 136.520247788, 36.432403451 ], [ 136.520249179, 36.432426472 ], [ 136.520244637, 36.432451788 ], [ 136.520240287, 36.432467958 ], [ 136.520227117, 36.432498997 ], [ 136.520204022, 36.432531314 ], [ 136.520189655, 36.432547857 ], [ 136.52018433, 36.432554434 ], [ 136.520181646, 36.432560386 ], [ 136.520181589, 36.432567204 ], [ 136.520180987, 36.432576363 ], [ 136.520172157, 36.43259251 ], [ 136.520152114, 36.432625106 ], [ 136.520148379, 36.432630627 ], [ 136.520145965, 36.432635727 ], [ 136.52013427, 36.43264781 ], [ 136.520114417, 36.43265857 ], [ 136.520101706, 36.432665959 ], [ 136.520091594, 36.432677836 ], [ 136.520080589, 36.432702069 ], [ 136.520048694, 36.432788641 ], [ 136.520045061, 36.432813552 ], [ 136.520038362, 36.43282694 ], [ 136.520021894, 36.432842619 ], [ 136.519963271, 36.432900953 ], [ 136.519912904, 36.43293792 ], [ 136.519879757, 36.432962884 ], [ 136.519849504, 36.432988503 ], [ 136.519823409, 36.433020964 ], [ 136.5198055, 36.433051471 ], [ 136.51979554, 36.433076774 ], [ 136.519791624, 36.433100178 ], [ 136.519789793, 36.433130213 ], [ 136.519795674, 36.43315198 ], [ 136.519810555, 36.433216505 ], [ 136.519817487, 36.43323849 ], [ 136.519821447, 36.433269409 ], [ 136.519817385, 36.433324231 ], [ 136.51981283, 36.433346976 ], [ 136.519800457, 36.433389671 ], [ 136.519792297, 36.433411178 ], [ 136.519781355, 36.433430075 ], [ 136.519773429, 36.4334416 ], [ 136.519765069, 36.433455481 ], [ 136.519759593, 36.43346227 ], [ 136.519758174, 36.433469934 ], [ 136.51976078, 36.433482489 ], [ 136.51976325, 36.43349334 ], [ 136.519765267, 36.433504309 ], [ 136.519760097, 36.43352062 ], [ 136.519751224, 36.43353991 ], [ 136.519745997, 36.433547605 ], [ 136.519726371, 36.433562106 ], [ 136.519697069, 36.433581907 ], [ 136.519678234, 36.433591129 ], [ 136.519614573, 36.433618463 ], [ 136.519599473, 36.43362353 ], [ 136.519586979, 36.433625619 ], [ 136.519573286, 36.433627006 ], [ 136.519572244, 36.433628044 ], [ 136.519573433, 36.433630068 ], [ 136.519582036, 36.433630324 ], [ 136.519584781, 36.433631243 ], [ 136.519587343, 36.433633622 ], [ 136.519587924, 36.4336362 ], [ 136.519587287, 36.433640302 ], [ 136.519575651, 36.433659599 ], [ 136.519561246, 36.433682538 ], [ 136.519547485, 36.43370779 ], [ 136.519526893, 36.433742828 ], [ 136.51952168, 36.433754124 ], [ 136.519519514, 36.433761053 ], [ 136.519519505, 36.433762148 ], [ 136.519520798, 36.433769582 ], [ 136.519524172, 36.433780317 ], [ 136.519531298, 36.433801208 ], [ 136.519534515, 36.433807487 ], [ 136.519536426, 36.433815708 ], [ 136.519542397, 36.433830434 ], [ 136.51954879, 36.433842871 ], [ 136.519551686, 36.433846436 ], [ 136.519553725, 36.433849647 ], [ 136.519557642, 36.433854609 ], [ 136.519563739, 36.433861256 ], [ 136.519571651, 36.4338697 ], [ 136.519574172, 36.433874341 ], [ 136.519574117, 36.433880916 ], [ 136.519570192, 36.433891951 ], [ 136.519564095, 36.433910139 ], [ 136.519561463, 36.433918892 ], [ 136.519555373, 36.433927017 ], [ 136.519544804, 36.433930369 ], [ 136.519540409, 36.433933632 ], [ 136.519540524, 36.433938016 ], [ 136.519545004, 36.433942546 ], [ 136.519551574, 36.433949157 ], [ 136.519555605, 36.43395344 ], [ 136.519557176, 36.433963798 ], [ 136.519554709, 36.433977415 ], [ 136.519553328, 36.433998715 ], [ 136.519555607, 36.434014436 ], [ 136.519556466, 36.434029995 ], [ 136.519560687, 36.434047674 ], [ 136.519566206, 36.434066349 ], [ 136.519569431, 36.434076959 ], [ 136.519573139, 36.434083798 ], [ 136.519582405, 36.434092371 ], [ 136.519601018, 36.434108514 ], [ 136.519607574, 36.43411683 ], [ 136.519617584, 36.434133292 ], [ 136.519622194, 36.434140257 ], [ 136.519622275, 36.434148659 ], [ 136.519616693, 36.43416582 ], [ 136.519609153, 36.434190923 ], [ 136.519602197, 36.434212559 ], [ 136.519592342, 36.434229268 ], [ 136.519586566, 36.434236723 ], [ 136.519582418, 36.434246564 ], [ 136.519584613, 36.434254124 ], [ 136.519603048, 36.434264173 ], [ 136.519616697, 36.4342707 ], [ 136.519624309, 36.434278899 ], [ 136.519627264, 36.434285734 ], [ 136.519625708, 36.434291692 ], [ 136.519614328, 36.434316957 ], [ 136.519613777, 36.434319724 ], [ 136.519610255, 36.434331425 ], [ 136.519609844, 36.434349109 ], [ 136.519610517, 36.43436237 ], [ 136.51960936, 36.434374723 ], [ 136.519612744, 36.434379642 ], [ 136.519614787, 36.434387537 ], [ 136.519611546, 36.434397108 ], [ 136.519594745, 36.434421095 ], [ 136.519568615, 36.434456213 ], [ 136.51956189, 36.434472796 ], [ 136.519564692, 36.43450622 ], [ 136.519567433, 36.434525198 ], [ 136.519573053, 36.434546751 ], [ 136.519576576, 36.434557224 ], [ 136.519578821, 36.434572579 ], [ 136.519578429, 36.434587919 ], [ 136.519574918, 36.43459834 ], [ 136.519570653, 36.434604071 ], [ 136.519568802, 36.434604912 ], [ 136.519537101, 36.43461433 ], [ 136.519525461, 36.434619807 ], [ 136.51951986, 36.434629222 ], [ 136.519514776, 36.43463857 ], [ 136.519508956, 36.434641309 ], [ 136.519501293, 36.434643824 ], [ 136.519497028, 36.434649555 ], [ 136.519483142, 36.43467164 ], [ 136.519470284, 36.434696714 ], [ 136.519461183, 36.434713712 ], [ 136.519449773, 36.434723238 ], [ 136.519440898, 36.434740214 ], [ 136.51943072, 36.434759975 ], [ 136.519423288, 36.434766327 ], [ 136.519404284, 36.43477006 ], [ 136.519395806, 36.434775554 ], [ 136.519396021, 36.434781308 ], [ 136.519401211, 36.434790926 ], [ 136.519401622, 36.434805041 ], [ 136.519390183, 36.434849727 ], [ 136.519374875, 36.434916019 ], [ 136.519368075, 36.434957374 ], [ 136.519364522, 36.435003541 ], [ 136.519361321, 36.43505573 ], [ 136.519362484, 36.435082211 ], [ 136.519369767, 36.435101801 ], [ 136.519375467, 36.435113552 ], [ 136.519387254, 36.435122139 ], [ 136.519409611, 36.435127375 ], [ 136.519417982, 36.435134878 ], [ 136.519423595, 36.435157069 ], [ 136.51943529, 36.435207953 ], [ 136.519940693, 36.435065019 ], [ 136.519992874, 36.435471433 ], [ 136.520196876, 36.435434063 ] ] ] } },
{ "type": "Feature", "properties": { "A54_001": "1", "A54_002": "17", "A54_003": "石川県", "A54_004": "17211", "A54_005": "能美市", "A54_006": "能美市0016" }, "geometry": { "type": "Polygon", "coordinates": [ [ [ 136.523531126, 36.431321115 ], [ 136.523518835, 36.431340322 ], [ 136.523498939, 36.431387006 ], [ 136.523493805, 36.431404443 ], [ 136.523488001, 36.431423427 ], [ 136.523484111, 36.431438748 ], [ 136.523482458, 36.431451951 ], [ 136.523479655, 36.431481403 ], [ 136.52347101, 36.431507231 ], [ 136.523460619, 36.431539198 ], [ 136.523450621, 36.431571693 ], [ 136.523438215, 36.431596952 ], [ 136.52341982, 36.431627172 ], [ 136.523407049, 36.431642079 ], [ 136.523390361, 36.43165718 ], [ 136.52337552, 36.431667328 ], [ 136.523359796, 36.431675036 ], [ 136.523336068, 36.431685623 ], [ 136.523298328, 36.431697048 ], [ 136.523242323, 36.431714067 ], [ 136.523191609, 36.431728375 ], [ 136.523152035, 36.431741015 ], [ 136.523133889, 36.431750171 ], [ 136.523112101, 36.431762839 ], [ 136.523087109, 36.431780603 ], [ 136.523064748, 36.431800767 ], [ 136.52305372, 36.431812954 ], [ 136.523044054, 36.431826818 ], [ 136.52302306, 36.431854662 ], [ 136.523005663, 36.431882595 ], [ 136.5229886, 36.431903333 ], [ 136.522968672, 36.431929805 ], [ 136.522957109, 36.431944214 ], [ 136.52293523, 36.431980187 ], [ 136.52290614, 36.432022243 ], [ 136.522892072, 36.432043426 ], [ 136.522880013, 36.432055329 ], [ 136.522869214, 36.432068473 ], [ 136.522858601, 36.432082401 ], [ 136.522849177, 36.432093739 ], [ 136.522836952, 36.432104876 ], [ 136.522832338, 36.432111322 ], [ 136.522830137, 36.432117503 ], [ 136.522827487, 36.432134956 ], [ 136.522820871, 36.432151967 ], [ 136.522813961, 36.432163619 ], [ 136.52280274, 36.432173056 ], [ 136.522788884, 36.432181766 ], [ 136.522780063, 36.432187215 ], [ 136.522759679, 36.432197868 ], [ 136.522745788, 36.432202246 ], [ 136.522724726, 36.432210347 ], [ 136.522706284, 36.432213726 ], [ 136.522673751, 36.432220583 ], [ 136.522651603, 36.432224707 ], [ 136.522632574, 36.432226344 ], [ 136.522613803, 36.432223234 ], [ 136.522566324, 36.432216398 ], [ 136.522521864, 36.432210018 ], [ 136.5224966, 36.432207259 ], [ 136.522456824, 36.432204775 ], [ 136.522425649, 36.432205337 ], [ 136.522404812, 36.432212226 ], [ 136.522372317, 36.432226693 ], [ 136.522362189, 36.432231508 ], [ 136.522363608, 36.432241988 ], [ 136.522367422, 36.43225299 ], [ 136.522366884, 36.432263458 ], [ 136.522360727, 36.432279741 ], [ 136.522349711, 36.432309909 ], [ 136.522339675, 36.432339862 ], [ 136.522336401, 36.432353481 ], [ 136.522336327, 36.43236237 ], [ 136.522345549, 36.4323763 ], [ 136.522369797, 36.432410399 ], [ 136.522383434, 36.432426127 ], [ 136.522408498, 36.43245442 ], [ 136.522419923, 36.432467075 ], [ 136.522434544, 36.432478426 ], [ 136.522475819, 36.432510407 ], [ 136.522493682, 36.432524975 ], [ 136.522565946, 36.432577848 ], [ 136.522586949, 36.432597861 ], [ 136.522603851, 36.432617548 ], [ 136.522616527, 36.43263501 ], [ 136.522624933, 36.432652637 ], [ 136.522629378, 36.432666646 ], [ 136.522633162, 36.432684505 ], [ 136.522630806, 36.432714537 ], [ 136.522626127, 36.43273853 ], [ 136.522618325, 36.432753343 ], [ 136.522608362, 36.432775731 ], [ 136.522594793, 36.432795905 ], [ 136.522584125, 36.432811277 ], [ 136.52257211, 36.432826941 ], [ 136.522562692, 36.43283823 ], [ 136.522561142, 36.432841362 ], [ 136.52255843, 36.432854229 ], [ 136.522554127, 36.432863547 ], [ 136.522545678, 36.432875886 ], [ 136.522531975, 36.432894199 ], [ 136.522519708, 36.43290917 ], [ 136.522507481, 36.432920654 ], [ 136.522481476, 36.432941722 ], [ 136.522461144, 36.432955233 ], [ 136.522439858, 36.43296834 ], [ 136.522419537, 36.432977944 ], [ 136.522399996, 36.432984441 ], [ 136.522372496, 36.432989181 ], [ 136.522328601, 36.432997119 ], [ 136.522305889, 36.433003145 ], [ 136.522269173, 36.43301301 ], [ 136.522239833, 36.43302301 ], [ 136.522222137, 36.433032521 ], [ 136.522213045, 36.43303936 ], [ 136.522202441, 36.433052174 ], [ 136.522192573, 36.433067159 ], [ 136.522186009, 36.433080483 ], [ 136.522181496, 36.433098097 ], [ 136.522179173, 36.433121281 ], [ 136.522185506, 36.433145146 ], [ 136.522198858, 36.433166435 ], [ 136.522206567, 36.433179637 ], [ 136.522220849, 36.433194743 ], [ 136.522245019, 36.433218189 ], [ 136.522256173, 36.433231052 ], [ 136.522279265, 36.433251448 ], [ 136.522321068, 36.433284465 ], [ 136.522358056, 36.433313473 ], [ 136.522373011, 36.433326836 ], [ 136.522386386, 36.43334305 ], [ 136.522394702, 36.433355919 ], [ 136.522405461, 36.433376364 ], [ 136.522420679, 36.433425679 ], [ 136.522427124, 36.433461996 ], [ 136.522429118, 36.433489424 ], [ 136.522427451, 36.433509019 ], [ 136.522420074, 36.433527001 ], [ 136.522409462, 36.4335516 ], [ 136.52240752, 36.433567906 ], [ 136.522400316, 36.433583209 ], [ 136.522382044, 36.433627112 ], [ 136.522358775, 36.433687799 ], [ 136.522338871, 36.433727508 ], [ 136.522312006, 36.433780489 ], [ 136.522297791, 36.433805982 ], [ 136.522273698, 36.433850296 ], [ 136.52225857, 36.433872466 ], [ 136.522246081, 36.433889567 ], [ 136.522228333, 36.433911636 ], [ 136.522203383, 36.433942456 ], [ 136.522178337, 36.433967745 ], [ 136.522162836, 36.43398483 ], [ 136.522142164, 36.434013828 ], [ 136.522133284, 36.434031435 ], [ 136.522122965, 36.43406268 ], [ 136.522114082, 36.434098918 ], [ 136.522108764, 36.434147966 ], [ 136.522101651, 36.434170454 ], [ 136.522096421, 36.43419181 ], [ 136.522087102, 36.434207833 ], [ 136.522075097, 36.43422104 ], [ 136.52206083, 36.4342346 ], [ 136.522044937, 36.434251241 ], [ 136.522026614, 36.434263562 ], [ 136.522006036, 36.434274801 ], [ 136.522000145, 36.434279709 ], [ 136.521999683, 36.434283464 ], [ 136.521999106, 36.434301343 ], [ 136.521999662, 36.434333371 ], [ 136.52199839, 36.434341505 ], [ 136.521991286, 36.434347311 ], [ 136.521970225, 36.434359783 ], [ 136.52196286, 36.434365935 ], [ 136.521956896, 36.43437961 ], [ 136.521948249, 36.43439789 ], [ 136.521942923, 36.434407255 ], [ 136.521936149, 36.434414802 ], [ 136.521923796, 36.434425207 ], [ 136.521908888, 36.434438277 ], [ 136.521901128, 36.434445538 ], [ 136.521892348, 36.434454439 ], [ 136.521883919, 36.434462982 ], [ 136.521860166, 36.434488669 ], [ 136.521853804, 36.434496906 ], [ 136.521846787, 36.434511862 ], [ 136.521845498, 36.434522152 ], [ 136.5218406, 36.434531797 ], [ 136.521836883, 36.434537527 ], [ 136.521831039, 36.434542425 ], [ 136.521821396, 36.434549878 ], [ 136.521810732, 36.434559124 ], [ 136.5217996, 36.434573466 ], [ 136.521791728, 36.434589549 ], [ 136.521784902, 36.434601814 ], [ 136.521767288, 36.434619374 ], [ 136.521755241, 36.434637574 ], [ 136.521727516, 36.434672689 ], [ 136.521714056, 36.434697943 ], [ 136.52168159, 36.434745137 ], [ 136.52165675, 36.43479217 ], [ 136.521642622, 36.434807071 ], [ 136.521631577, 36.434821371 ], [ 136.521626498, 36.434834616 ], [ 136.521617611, 36.434853076 ], [ 136.521603769, 36.434872108 ], [ 136.521598585, 36.434879873 ], [ 136.521595967, 36.434886799 ], [ 136.52159557, 36.434916629 ], [ 136.521591879, 36.434925985 ], [ 136.521586667, 36.434937037 ], [ 136.521579253, 36.434960168 ], [ 136.521573288, 36.434971216 ], [ 136.521564029, 36.434980176 ], [ 136.521551047, 36.434991691 ], [ 136.521550309, 36.434997671 ], [ 136.521556627, 36.435003688 ], [ 136.521561983, 36.435018298 ], [ 136.521565095, 36.435042668 ], [ 136.521565608, 36.435067122 ], [ 136.521562862, 36.435080531 ], [ 136.521557299, 36.435084124 ], [ 136.521550714, 36.435083662 ], [ 136.521540467, 36.435079984 ], [ 136.521529493, 36.435073741 ], [ 136.521525797, 36.435073304 ], [ 136.521519681, 36.435074036 ], [ 136.521511125, 36.435078512 ], [ 136.521499312, 36.435084676 ], [ 136.52149367, 36.435090698 ], [ 136.521492032, 36.43509683 ], [ 136.521494416, 36.435099904 ], [ 136.521506165, 36.435104699 ], [ 136.521520646, 36.435112013 ], [ 136.521522606, 36.435124827 ], [ 136.521527208, 36.435141916 ], [ 136.521529749, 36.435146869 ], [ 136.521541414, 36.435151385 ], [ 136.521563913, 36.435157004 ], [ 136.521607822, 36.435169668 ], [ 136.521635878, 36.4351797 ], [ 136.52166002, 36.435187997 ], [ 136.521667715, 36.435193953 ], [ 136.521674597, 36.435204566 ], [ 136.521678382, 36.435204725 ], [ 136.521701872, 36.435204852 ], [ 136.521711101, 36.435189697 ], [ 136.521719151, 36.43518146 ], [ 136.521732276, 36.435178488 ], [ 136.521751227, 36.435181269 ], [ 136.52176534, 36.435186337 ], [ 136.52177168, 36.435184545 ], [ 136.5217805, 36.435174243 ], [ 136.521787725, 36.435156261 ], [ 136.521793258, 36.435120562 ], [ 136.521799514, 36.435097156 ], [ 136.521810824, 36.435067812 ], [ 136.52182395, 36.435042099 ], [ 136.521832866, 36.435015512 ], [ 136.521853853, 36.434957839 ], [ 136.521864513, 36.434934336 ], [ 136.521863083, 36.434925197 ], [ 136.521854673, 36.43492235 ], [ 136.52183434, 36.43492285 ], [ 136.521820072, 36.434918267 ], [ 136.521808338, 36.434916865 ], [ 136.52180627, 36.434911982 ], [ 136.521805389, 36.434888774 ], [ 136.521807202, 36.434869911 ], [ 136.521811051, 36.434857337 ], [ 136.521815349, 36.43484762 ], [ 136.521819678, 36.434833884 ], [ 136.521826427, 36.434819065 ], [ 136.521827175, 36.434809922 ], [ 136.521823286, 36.43480223 ], [ 136.521822265, 36.434798176 ], [ 136.521825475, 36.43479244 ], [ 136.521844058, 36.43477592 ], [ 136.521864254, 36.434755572 ], [ 136.521866967, 36.434746211 ], [ 136.52186149, 36.434739363 ], [ 136.521840014, 36.434723266 ], [ 136.521831033, 36.434711897 ], [ 136.521825303, 36.43470377 ], [ 136.521829306, 36.434697611 ], [ 136.521848738, 36.434674064 ], [ 136.521857965, 36.434669122 ], [ 136.521880388, 36.434670826 ], [ 136.521895695, 36.434677118 ], [ 136.521900742, 36.434682678 ], [ 136.521910071, 36.434683459 ], [ 136.521921102, 36.434678892 ], [ 136.521935657, 36.434667038 ], [ 136.521960627, 36.434652044 ], [ 136.521977436, 36.434640689 ], [ 136.521988474, 36.434635269 ], [ 136.521996605, 36.434635191 ], [ 136.522009978, 36.434638916 ], [ 136.522018572, 36.434637502 ], [ 136.522028097, 36.434632926 ], [ 136.522039329, 36.43462215 ], [ 136.522079979, 36.434580321 ], [ 136.522106069, 36.434557327 ], [ 136.522129387, 36.434541868 ], [ 136.522169918, 36.434517415 ], [ 136.522192207, 36.434498905 ], [ 136.522236678, 36.434464595 ], [ 136.522259097, 36.434449732 ], [ 136.522267607, 36.434440402 ], [ 136.522277897, 36.434438966 ], [ 136.522298376, 36.434448027 ], [ 136.522314937, 36.434453017 ], [ 136.522332086, 36.434450552 ], [ 136.522349019, 36.434442546 ], [ 136.522393733, 36.43442084 ], [ 136.522482367, 36.434374157 ], [ 136.522519108, 36.434360718 ], [ 136.522578088, 36.434334827 ], [ 136.52261992, 36.434306166 ], [ 136.522635602, 36.434290056 ], [ 136.522647907, 36.434267749 ], [ 136.522674329, 36.434206094 ], [ 136.522690346, 36.434165162 ], [ 136.522709491, 36.434136552 ], [ 136.522727248, 36.434108307 ], [ 136.522791023, 36.43405013 ], [ 136.522828107, 36.43402721 ], [ 136.522881332, 36.434004005 ], [ 136.522952972, 36.433984628 ], [ 136.523068916, 36.433950946 ], [ 136.523118438, 36.433929585 ], [ 136.523160611, 36.433904455 ], [ 136.523174169, 36.433882155 ], [ 136.523176798, 36.433843015 ], [ 136.523171394, 36.433801035 ], [ 136.523160686, 36.433757348 ], [ 136.523140431, 36.433697203 ], [ 136.523119283, 36.433633323 ], [ 136.523102426, 36.43356991 ], [ 136.523097195, 36.433533338 ], [ 136.523095455, 36.43352065 ], [ 136.523096679, 36.433484113 ], [ 136.523104868, 36.43341911 ], [ 136.523113921, 36.433383733 ], [ 136.523122401, 36.433362151 ], [ 136.523142463, 36.433333919 ], [ 136.523149519, 36.433317177 ], [ 136.523170763, 36.433270404 ], [ 136.523200698, 36.433219479 ], [ 136.523252997, 36.43312861 ], [ 136.523258282, 36.433102909 ], [ 136.523260938, 36.433060413 ], [ 136.523268298, 36.433006755 ], [ 136.523276959, 36.432963173 ], [ 136.523285445, 36.432940845 ], [ 136.523305445, 36.432920071 ], [ 136.523341861, 36.432893209 ], [ 136.52338174, 36.432866575 ], [ 136.523411849, 36.43285033 ], [ 136.523436001, 36.432829577 ], [ 136.523466092, 36.432815569 ], [ 136.523526234, 36.432792401 ], [ 136.52358003, 36.432755774 ], [ 136.523636667, 36.432710213 ], [ 136.523681341, 36.432671899 ], [ 136.523704208, 36.432639207 ], [ 136.523717789, 36.432613924 ], [ 136.523718084, 36.432578128 ], [ 136.523707979, 36.432535436 ], [ 136.523688968, 36.432492077 ], [ 136.52366616, 36.43246175 ], [ 136.523644247, 36.432434783 ], [ 136.523638768, 36.432428042 ], [ 136.523623764, 36.432402231 ], [ 136.523620127, 36.432395872 ], [ 136.523613831, 36.432376448 ], [ 136.523605183, 36.432344936 ], [ 136.523603975, 36.432331506 ], [ 136.523610566, 36.432303321 ], [ 136.523628236, 36.432285517 ], [ 136.523680514, 36.432265289 ], [ 136.523735471, 36.432255517 ], [ 136.523807077, 36.43224024 ], [ 136.523865263, 36.432230486 ], [ 136.523924765, 36.432221018 ], [ 136.523954379, 36.432208872 ], [ 136.52398735, 36.432181082 ], [ 136.524009217, 36.432157707 ], [ 136.524058272, 36.432136716 ], [ 136.524122456, 36.43212662 ], [ 136.524192619, 36.432118421 ], [ 136.524245238, 36.432112708 ], [ 136.524263939, 36.43210919 ], [ 136.524277522, 36.432100149 ], [ 136.524309692, 36.43206827 ], [ 136.524334057, 36.432021522 ], [ 136.524342503, 36.431991856 ], [ 136.524342161, 36.431971604 ], [ 136.524339615, 36.431951743 ], [ 136.524333568, 36.431936368 ], [ 136.524303591, 36.431894328 ], [ 136.524287331, 36.431875611 ], [ 136.524267625, 36.431854927 ], [ 136.524227266, 36.431817595 ], [ 136.524209766, 36.431803377 ], [ 136.524188054, 36.431788527 ], [ 136.524177311, 36.431783302 ], [ 136.524169331, 36.431783259 ], [ 136.524161482, 36.431785652 ], [ 136.524152465, 36.431783411 ], [ 136.52414499, 36.431776796 ], [ 136.524130655, 36.431762229 ], [ 136.524109913, 36.431744979 ], [ 136.524072575, 36.431726027 ], [ 136.524026808, 36.431705507 ], [ 136.524007935, 36.431693229 ], [ 136.523990419, 36.431680959 ], [ 136.523978194, 36.431666038 ], [ 136.52396716, 36.431652829 ], [ 136.523949185, 36.431624188 ], [ 136.523935739, 36.431593066 ], [ 136.523920757, 36.431536141 ], [ 136.523912972, 36.431489648 ], [ 136.523904391, 36.431447757 ], [ 136.5238995, 36.431433667 ], [ 136.523888571, 36.431416774 ], [ 136.523876795, 36.431399977 ], [ 136.523864398, 36.431387733 ], [ 136.523843335, 36.431370665 ], [ 136.523823278, 36.431355945 ], [ 136.523787346, 36.431337341 ], [ 136.523740095, 36.431315139 ], [ 136.523700453, 36.431297239 ], [ 136.523676555, 36.431287308 ], [ 136.523656147, 36.431283603 ], [ 136.523631667, 36.431280275 ], [ 136.523603734, 36.431280337 ], [ 136.523579187, 36.43128532 ], [ 136.52356148, 36.431291403 ], [ 136.523543364, 36.431306222 ], [ 136.523531126, 36.431321115 ] ] ] } },
{ "type": "Feature", "properties": { "A54_001": "1", "A54_002": "17", "A54_003": "石川県", "A54_004": "17211", "A54_005": "能美市", "A54_006": "能美市0017" }, "geometry": { "type": "Polygon", "coordinates": [ [ [ 136.547255209, 36.4334804 ], [ 136.547263273, 36.433463112 ], [ 136.547273436, 36.433458773 ], [ 136.547283866, 36.433457877 ], [ 136.547287032, 36.433456588 ], [ 136.547305979, 36.433436745 ], [ 136.547324144, 36.433422952 ], [ 136.547337563, 36.433415306 ], [ 136.547361785, 36.433403054 ], [ 136.547387035, 36.433392333 ], [ 136.547437727, 36.4333751 ], [ 136.54747159, 36.433362457 ], [ 136.547494135, 36.433351772 ], [ 136.547517523, 36.433338629 ], [ 136.547536902, 36.433327809 ], [ 136.54755508, 36.433315712 ], [ 136.5475755, 36.433300421 ], [ 136.547604092, 36.433277567 ], [ 136.547632404, 36.433252181 ], [ 136.547671591, 36.433214719 ], [ 136.54773498, 36.433146023 ], [ 136.547747093, 36.433131231 ], [ 136.547775095, 36.43309645 ], [ 136.547791827, 36.433079195 ], [ 136.547826552, 36.433014764 ], [ 136.547958964, 36.432755165 ], [ 136.54795945, 36.432717744 ], [ 136.547977641, 36.432659053 ], [ 136.548004083, 36.432604547 ], [ 136.548017594, 36.432585387 ], [ 136.548114971, 36.432427144 ], [ 136.548127297, 36.432397377 ], [ 136.548139184, 36.432410936 ], [ 136.548142073, 36.432406271 ], [ 136.548138762, 36.432349141 ], [ 136.548136208, 36.432266311 ], [ 136.548137135, 36.432208088 ], [ 136.54814418, 36.432189726 ], [ 136.548153997, 36.432167423 ], [ 136.548162621, 36.432116576 ], [ 136.548169482, 36.432093554 ], [ 136.548180378, 36.432067944 ], [ 136.548204515, 36.432057403 ], [ 136.54821952, 36.432047985 ], [ 136.548229363, 36.432044373 ], [ 136.548252141, 36.432033755 ], [ 136.548301016, 36.432015966 ], [ 136.54834137, 36.432001597 ], [ 136.548354824, 36.431994782 ], [ 136.54836707, 36.431984265 ], [ 136.54837225, 36.43197622 ], [ 136.548373073, 36.431966869 ], [ 136.548371388, 36.431957127 ], [ 136.548364725, 36.431945935 ], [ 136.54835704, 36.431933907 ], [ 136.548349635, 36.431923661 ], [ 136.548338574, 36.431909397 ], [ 136.548324018, 36.431893772 ], [ 136.548309165, 36.431876395 ], [ 136.548294352, 36.431856258 ], [ 136.548303172, 36.431813053 ], [ 136.548374643, 36.431370936 ], [ 136.548335089, 36.431041549 ], [ 136.548354292, 36.4310232 ], [ 136.548400909, 36.431007862 ], [ 136.548377717, 36.430825462 ], [ 136.548366043, 36.430816855 ], [ 136.54835174, 36.430796895 ], [ 136.548347368, 36.430770876 ], [ 136.548359163, 36.430741233 ], [ 136.548377875, 36.430713911 ], [ 136.548397555, 36.430694071 ], [ 136.548446666, 36.430643155 ], [ 136.54845218, 36.43062802 ], [ 136.548452043, 36.430612855 ], [ 136.548447067, 36.430592473 ], [ 136.548435626, 36.430581151 ], [ 136.548419868, 36.430559882 ], [ 136.548402582, 36.430536943 ], [ 136.548378479, 36.430495001 ], [ 136.548366472, 36.430470311 ], [ 136.54835832, 36.430429348 ], [ 136.548356045, 36.430402384 ], [ 136.548359725, 36.4303932 ], [ 136.548360412, 36.430065986 ], [ 136.548339215, 36.429951728 ], [ 136.548106329, 36.429839898 ], [ 136.548059317, 36.429823789 ], [ 136.547984301, 36.429792263 ], [ 136.547934614, 36.429766768 ], [ 136.547924824, 36.429761138 ], [ 136.547919138, 36.429756242 ], [ 136.547912132, 36.429751221 ], [ 136.547890945, 36.429733987 ], [ 136.547871518, 36.429722016 ], [ 136.547830687, 36.429691477 ], [ 136.547798307, 36.429672379 ], [ 136.54776517, 36.429649298 ], [ 136.547748107, 36.429634158 ], [ 136.547729485, 36.429613052 ], [ 136.547709795, 36.42958924 ], [ 136.547673326, 36.429543155 ], [ 136.547655204, 36.429518053 ], [ 136.547646309, 36.429507153 ], [ 136.547628184, 36.429497563 ], [ 136.547615596, 36.429492987 ], [ 136.547610924, 36.429508394 ], [ 136.547608225, 36.429552535 ], [ 136.547603923, 36.42956919 ], [ 136.547598956, 36.429584714 ], [ 136.547589764, 36.42959618 ], [ 136.547578803, 36.429608586 ], [ 136.547563386, 36.429627617 ], [ 136.547553597, 36.429641316 ], [ 136.54754683, 36.429648471 ], [ 136.547538414, 36.429652022 ], [ 136.547521946, 36.429658495 ], [ 136.547506017, 36.429668146 ], [ 136.54749095, 36.429680056 ], [ 136.547458488, 36.429711843 ], [ 136.547499566, 36.429777875 ], [ 136.547569431, 36.429887518 ], [ 136.547599414, 36.429933487 ], [ 136.547600194, 36.429946192 ], [ 136.547654582, 36.429951519 ], [ 136.547693958, 36.429946856 ], [ 136.54772535, 36.429949512 ], [ 136.547784008, 36.429956379 ], [ 136.547841406, 36.429974333 ], [ 136.547870343, 36.4299857 ], [ 136.547907358, 36.429982568 ], [ 136.547927322, 36.429999874 ], [ 136.547952022, 36.430027213 ], [ 136.547960591, 36.43004803 ], [ 136.54796732, 36.43007403 ], [ 136.547976799, 36.430162244 ], [ 136.547984428, 36.430215992 ], [ 136.547997793, 36.430279832 ], [ 136.548002854, 36.430313821 ], [ 136.548000864, 36.430346428 ], [ 136.547985731, 36.430375846 ], [ 136.547969622, 36.43039882 ], [ 136.547952289, 36.430414309 ], [ 136.547792323, 36.43083208 ], [ 136.547759271, 36.430886124 ], [ 136.547710495, 36.430969037 ], [ 136.547674594, 36.431025975 ], [ 136.547628743, 36.431087245 ], [ 136.547598548, 36.431446872 ], [ 136.547602224, 36.431464577 ], [ 136.54762049, 36.431516714 ], [ 136.547633782, 36.431557288 ], [ 136.547626461, 36.431573453 ], [ 136.547626787, 36.431597135 ], [ 136.547635169, 36.431603315 ], [ 136.54764421, 36.43161084 ], [ 136.547651305, 36.431623221 ], [ 136.5476741, 36.431639801 ], [ 136.547700405, 36.431654656 ], [ 136.547731534, 36.431666124 ], [ 136.547761195, 36.431683489 ], [ 136.547789676, 36.431701441 ], [ 136.547835274, 36.431731456 ], [ 136.547847763, 36.431748375 ], [ 136.547857945, 36.431770031 ], [ 136.547857896, 36.431776203 ], [ 136.547859687, 36.431790931 ], [ 136.547856312, 36.431809312 ], [ 136.547852701, 36.431819212 ], [ 136.547841404, 36.431836958 ], [ 136.54783313, 36.431848369 ], [ 136.547812223, 36.431874849 ], [ 136.54779951, 36.431890592 ], [ 136.547792522, 36.431901833 ], [ 136.547786268, 36.431912958 ], [ 136.547779004, 36.431921941 ], [ 136.547760476, 36.431944516 ], [ 136.547738121, 36.431975388 ], [ 136.547725354, 36.431993364 ], [ 136.547716806, 36.432011599 ], [ 136.54770695, 36.432032676 ], [ 136.54769937, 36.432061822 ], [ 136.547695706, 36.432079607 ], [ 136.547687602, 36.432101881 ], [ 136.547678922, 36.432133209 ], [ 136.547669847, 36.432166991 ], [ 136.547660714, 36.432198658 ], [ 136.54765276, 36.432211586 ], [ 136.547646194, 36.432217521 ], [ 136.547633438, 36.432231644 ], [ 136.547626133, 36.432243069 ], [ 136.547606049, 36.43226104 ], [ 136.547601186, 36.432263389 ], [ 136.547594169, 36.432270338 ], [ 136.547577028, 36.432286583 ], [ 136.547566751, 36.432292092 ], [ 136.547558886, 36.432297994 ], [ 136.54755159, 36.432308334 ], [ 136.547544077, 36.4323144 ], [ 136.547539771, 36.432317836 ], [ 136.547537764, 36.432327661 ], [ 136.54752723, 36.432333846 ], [ 136.547529342, 36.43233925 ], [ 136.547530995, 36.43234231 ], [ 136.54752949, 36.432352273 ], [ 136.547527331, 36.432359994 ], [ 136.547527496, 36.432444395 ], [ 136.547523219, 36.432465382 ], [ 136.547520172, 36.432512634 ], [ 136.547514518, 36.432540736 ], [ 136.547507737, 36.432562779 ], [ 136.547495114, 36.432579719 ], [ 136.547492062, 36.432594303 ], [ 136.547484319, 36.43260815 ], [ 136.547470226, 36.432626713 ], [ 136.547458091, 36.432639113 ], [ 136.547441808, 36.432653888 ], [ 136.547427038, 36.432665325 ], [ 136.547408871, 36.432679356 ], [ 136.547385529, 36.432698129 ], [ 136.547363277, 36.43271704 ], [ 136.547344208, 36.432733796 ], [ 136.547324967, 36.432753638 ], [ 136.547296715, 36.432785361 ], [ 136.547271528, 36.432814549 ], [ 136.547249936, 36.432843889 ], [ 136.547237807, 36.432855577 ], [ 136.547223629, 36.432866305 ], [ 136.547210594, 36.432881075 ], [ 136.547201268, 36.432890878 ], [ 136.547179989, 36.43290911 ], [ 136.547160785, 36.432929629 ], [ 136.547132209, 36.432959863 ], [ 136.547113383, 36.432980271 ], [ 136.547090907, 36.433004101 ], [ 136.547065372, 36.433030319 ], [ 136.547053631, 36.4330405 ], [ 136.547045053, 36.433053817 ], [ 136.547060293, 36.433081494 ], [ 136.547021009, 36.433111321 ], [ 136.54698727, 36.433135249 ], [ 136.546954928, 36.433159651 ], [ 136.547255209, 36.4334804 ] ] ] } },
{ "type": "Feature", "properties": { "A54_001": "1", "A54_002": "17", "A54_003": "石川県", "A54_004": "17211", "A54_005": "能美市", "A54_006": "能美市0018" }, "geometry": { "type": "Polygon", "coordinates": [ [ [ 136.51382705, 36.42781379 ], [ 136.513681618, 36.427814387 ], [ 136.513682696, 36.427834216 ], [ 136.513683357, 36.427849249 ], [ 136.513680432, 36.427858059 ], [ 136.513669255, 36.427884182 ], [ 136.513664543, 36.427894971 ], [ 136.513650426, 36.427912621 ], [ 136.513634897, 36.42792343 ], [ 136.513608267, 36.427937428 ], [ 136.513594797, 36.42794306 ], [ 136.513586879, 36.427943295 ], [ 136.513565923, 36.427938727 ], [ 136.513557514, 36.427936037 ], [ 136.513550965, 36.427937115 ], [ 136.513548347, 36.427941553 ], [ 136.513548159, 36.427943501 ], [ 136.513545782, 36.427960186 ], [ 136.513545182, 36.428003504 ], [ 136.513543164, 36.42805319 ], [ 136.513543029, 36.428069252 ], [ 136.513540847, 36.428071466 ], [ 136.513533073, 36.428072219 ], [ 136.513525783, 36.428073769 ], [ 136.513520588, 36.428079069 ], [ 136.513516655, 36.428090816 ], [ 136.513509717, 36.428109067 ], [ 136.51350705, 36.428110484 ], [ 136.51350479, 36.428110312 ], [ 136.513500102, 36.42810647 ], [ 136.513467222, 36.428102115 ], [ 136.513417555, 36.428094329 ], [ 136.51338723, 36.42808991 ], [ 136.513328588, 36.428085275 ], [ 136.513320519, 36.428083005 ], [ 136.51331041, 36.428077801 ], [ 136.51328136, 36.428073884 ], [ 136.513255891, 36.428065358 ], [ 136.513238901, 36.428059838 ], [ 136.51318713, 36.428056771 ], [ 136.513076599, 36.4280528 ], [ 136.513053211, 36.428051003 ], [ 136.51303826, 36.428048555 ], [ 136.513025515, 36.428049877 ], [ 136.513021204, 36.428050966 ], [ 136.513018592, 36.42805457 ], [ 136.513009727, 36.428065237 ], [ 136.513009021, 36.42806732 ], [ 136.512989995, 36.428067416 ], [ 136.512870909, 36.428070093 ], [ 136.512765205, 36.428082402 ], [ 136.512728258, 36.428087424 ], [ 136.512691308, 36.428092323 ], [ 136.512608463, 36.428105052 ], [ 136.512502601, 36.428129505 ], [ 136.512487812, 36.428127394 ], [ 136.512478296, 36.42811302 ], [ 136.512473237, 36.428107804 ], [ 136.512462487, 36.428102934 ], [ 136.512451468, 36.428108106 ], [ 136.512442596, 36.428105887 ], [ 136.512414823, 36.428116994 ], [ 136.51237809, 36.428130613 ], [ 136.512326126, 36.428150506 ], [ 136.512261571, 36.428173809 ], [ 136.512244543, 36.42817651 ], [ 136.512217909, 36.428180511 ], [ 136.512173287, 36.428197611 ], [ 136.512133869, 36.428216387 ], [ 136.512078662, 36.428298886 ], [ 136.512071416, 36.428536861 ], [ 136.512197824, 36.42844564 ], [ 136.512262372, 36.428414424 ], [ 136.512265932, 36.428407783 ], [ 136.51227381, 36.428394786 ], [ 136.512278058, 36.428378523 ], [ 136.512281575, 36.428358236 ], [ 136.512272994, 36.428349552 ], [ 136.512247562, 36.428334651 ], [ 136.512228015, 36.428325048 ], [ 136.512236948, 36.428320078 ], [ 136.512258392, 36.42830351 ], [ 136.512302613, 36.428285091 ], [ 136.512318409, 36.428281786 ], [ 136.512319002, 36.428285394 ], [ 136.512308914, 36.428297615 ], [ 136.512303907, 36.428312922 ], [ 136.512305697, 36.42833952 ], [ 136.512306594, 36.428347563 ], [ 136.512330376, 36.428354318 ], [ 136.51240027, 36.428352753 ], [ 136.512431983, 36.428344665 ], [ 136.512455301, 36.428338037 ], [ 136.51255573, 36.428348206 ], [ 136.512717665, 36.428278555 ], [ 136.51293727, 36.428271208 ], [ 136.51318622, 36.428234095 ], [ 136.51326373, 36.42813833 ], [ 136.513408988, 36.428164775 ], [ 136.513642601, 36.428379807 ], [ 136.513831877, 36.428519781 ], [ 136.51407425, 36.428636534 ], [ 136.514099698, 36.428756374 ], [ 136.514467013, 36.428798995 ], [ 136.515051441, 36.428816079 ], [ 136.515038395, 36.428903303 ], [ 136.515089458, 36.428912101 ], [ 136.515096153, 36.428911183 ], [ 136.515104853, 36.428912276 ], [ 136.51511198, 36.428913941 ], [ 136.515129276, 36.428915308 ], [ 136.515136184, 36.428915246 ], [ 136.515143778, 36.428912584 ], [ 136.515148027, 36.428910142 ], [ 136.515153344, 36.428909296 ], [ 136.515158495, 36.428910651 ], [ 136.515169566, 36.428915562 ], [ 136.515181204, 36.428920277 ], [ 136.515196324, 36.428923064 ], [ 136.515225482, 36.428928063 ], [ 136.515244968, 36.428931316 ], [ 136.515398037, 36.428962002 ], [ 136.515719352, 36.42906187 ], [ 136.515720861, 36.429048869 ], [ 136.515729998, 36.429036073 ], [ 136.515741982, 36.429029993 ], [ 136.515746714, 36.429033961 ], [ 136.515757571, 36.429036778 ], [ 136.515805501, 36.429062618 ], [ 136.515893011, 36.429069514 ], [ 136.515989886, 36.42910766 ], [ 136.51606171, 36.429142995 ], [ 136.516048703, 36.429173854 ], [ 136.516049745, 36.429196339 ], [ 136.516036274, 36.429223993 ], [ 136.516040297, 36.429242331 ], [ 136.516064126, 36.429256668 ], [ 136.516081448, 36.429280245 ], [ 136.516068305, 36.429300755 ], [ 136.51611649, 36.429311829 ], [ 136.516135039, 36.429315419 ], [ 136.516206393, 36.429348779 ], [ 136.516233247, 36.429355085 ], [ 136.516273178, 36.429340202 ], [ 136.516279692, 36.429334709 ], [ 136.516280422, 36.429329704 ], [ 136.516281461, 36.42932636 ], [ 136.51628529, 36.429321232 ], [ 136.516299574, 36.429321171 ], [ 136.516318144, 36.429322942 ], [ 136.516330527, 36.429323845 ], [ 136.516344469, 36.429324712 ], [ 136.516362363, 36.429325088 ], [ 136.516367011, 36.429324974 ], [ 136.516373075, 36.429319997 ], [ 136.516378768, 36.429318358 ], [ 136.516385124, 36.429319645 ], [ 136.516398601, 36.429333774 ], [ 136.516406951, 36.429343699 ], [ 136.516418229, 36.429351962 ], [ 136.516431936, 36.429359134 ], [ 136.516449217, 36.429371056 ], [ 136.516476725, 36.429385907 ], [ 136.51648336, 36.429392146 ], [ 136.516493674, 36.429403841 ], [ 136.516497159, 36.42941046 ], [ 136.516501966, 36.429422091 ], [ 136.516506386, 36.429441871 ], [ 136.516508961, 36.429451506 ], [ 136.516510398, 36.429456047 ], [ 136.516512332, 36.429460033 ], [ 136.516521911, 36.429465473 ], [ 136.516543496, 36.429481837 ], [ 136.516567184, 36.429501427 ], [ 136.516576554, 36.429509828 ], [ 136.516617658, 36.429534275 ], [ 136.516652315, 36.429553458 ], [ 136.516677256, 36.42956868 ], [ 136.516686815, 36.429575102 ], [ 136.516695253, 36.429580737 ], [ 136.516708953, 36.429589249 ], [ 136.516716286, 36.429594298 ], [ 136.516724112, 36.429599192 ], [ 136.516737581, 36.429607619 ], [ 136.516743749, 36.429610913 ], [ 136.516749219, 36.429615237 ], [ 136.516755768, 36.429620044 ], [ 136.516758875, 36.429624752 ], [ 136.516763042, 36.429628428 ], [ 136.516769695, 36.429632519 ], [ 136.516774095, 36.429635565 ], [ 136.51677749, 36.42964115 ], [ 136.516781754, 36.429648727 ], [ 136.516785928, 36.429660234 ], [ 136.516787257, 36.429669375 ], [ 136.516786982, 36.429692104 ], [ 136.516786716, 36.42971228 ], [ 136.51678838, 36.429718372 ], [ 136.516791104, 36.429721886 ], [ 136.516795089, 36.429727553 ], [ 136.516799889, 36.42973565 ], [ 136.516807526, 36.429748415 ], [ 136.516818421, 36.429762628 ], [ 136.516822182, 36.429766489 ], [ 136.516827744, 36.42977338 ], [ 136.516830889, 36.429779298 ], [ 136.516840302, 36.429794378 ], [ 136.516847268, 36.429803645 ], [ 136.516856828, 36.429812921 ], [ 136.516864138, 36.429820754 ], [ 136.516881791, 36.429832345 ], [ 136.516893333, 36.429839644 ], [ 136.516916069, 36.429849072 ], [ 136.516936315, 36.429857588 ], [ 136.516978588, 36.429880381 ], [ 136.517009757, 36.429898828 ], [ 136.517028933, 36.429910596 ], [ 136.517048355, 36.42992047 ], [ 136.517056187, 36.429924727 ], [ 136.517059158, 36.429927239 ], [ 136.517247911, 36.43000824 ], [ 136.51727811, 36.43002266 ], [ 136.517323205, 36.430047623 ], [ 136.517340521, 36.43005537 ], [ 136.517359034, 36.430064099 ], [ 136.517374453, 36.430072393 ], [ 136.517384022, 36.430080516 ], [ 136.517393904, 36.430092398 ], [ 136.517430428, 36.430128872 ], [ 136.517460413, 36.430156352 ], [ 136.517492812, 36.43018639 ], [ 136.517512934, 36.430203863 ], [ 136.517523466, 36.430214496 ], [ 136.517536459, 36.430227027 ], [ 136.517557411, 36.430241559 ], [ 136.517570932, 36.4302504 ], [ 136.517604726, 36.430272466 ], [ 136.517612233, 36.43028016 ], [ 136.517621252, 36.430292455 ], [ 136.517633903, 36.430311562 ], [ 136.517643178, 36.430326607 ], [ 136.517651326, 36.43034001 ], [ 136.517663743, 36.430363978 ], [ 136.517669038, 36.430379105 ], [ 136.517671291, 36.430397869 ], [ 136.517678979, 36.430414957 ], [ 136.51768875, 36.43043498 ], [ 136.517699645, 36.430455814 ], [ 136.517704901, 36.430475569 ], [ 136.51770716, 36.430493602 ], [ 136.517706591, 36.430525744 ], [ 136.517700002, 36.430547975 ], [ 136.51768301, 36.43059951 ], [ 136.517655832, 36.430676765 ], [ 136.51764901, 36.43070035 ], [ 136.517649135, 36.430721537 ], [ 136.51765366, 36.430756873 ], [ 136.517654867, 36.430822113 ], [ 136.517655968, 36.430834539 ], [ 136.517655944, 36.430837461 ], [ 136.517652022, 36.430874456 ], [ 136.517653934, 36.430898088 ], [ 136.517662966, 36.430938493 ], [ 136.517676879, 36.430984779 ], [ 136.517697816, 36.431040927 ], [ 136.517717739, 36.431091536 ], [ 136.517726298, 36.431117744 ], [ 136.517754003, 36.431209647 ], [ 136.517766282, 36.431243668 ], [ 136.517771798, 36.431281107 ], [ 136.517776395, 36.431307711 ], [ 136.517792606, 36.431358196 ], [ 136.517804657, 36.431393816 ], [ 136.517840012, 36.431473473 ], [ 136.517852522, 36.431500537 ], [ 136.517864965, 36.431518835 ], [ 136.517877863, 36.431540474 ], [ 136.517954454, 36.43164007 ], [ 136.517972531, 36.431659928 ], [ 136.518002967, 36.431698107 ], [ 136.518026169, 36.431732814 ], [ 136.518043083, 36.431763103 ], [ 136.518050175, 36.431779458 ], [ 136.518058458, 36.431812589 ], [ 136.518065484, 36.431836841 ], [ 136.518077192, 36.431876294 ], [ 136.518083857, 36.431902492 ], [ 136.518095566, 36.431934038 ], [ 136.518101648, 36.431947708 ], [ 136.518111487, 36.431964739 ], [ 136.518122118, 36.43197846 ], [ 136.518136104, 36.431993565 ], [ 136.518156462, 36.432008148 ], [ 136.518179053, 36.432020586 ], [ 136.518204753, 36.432034363 ], [ 136.518232607, 36.432043777 ], [ 136.518249609, 36.432048044 ], [ 136.51826542, 36.432050634 ], [ 136.518289167, 36.432050763 ], [ 136.518308263, 36.432047684 ], [ 136.518327423, 36.432040691 ], [ 136.518347177, 36.432024378 ], [ 136.518365786, 36.432002283 ], [ 136.518385152, 36.431970522 ], [ 136.518395022, 36.431943814 ], [ 136.518403464, 36.431922012 ], [ 136.518409082, 36.431860426 ], [ 136.518410814, 36.431838449 ], [ 136.51841945, 36.431784394 ], [ 136.518427223, 36.431748335 ], [ 136.5184321, 36.431716146 ], [ 136.518432908, 36.431700948 ], [ 136.518433326, 36.431678121 ], [ 136.518432701, 36.431670055 ], [ 136.518428108, 36.431638103 ], [ 136.518421267, 36.431608449 ], [ 136.518412411, 36.431576534 ], [ 136.51839388, 36.431516594 ], [ 136.518380382, 36.431473835 ], [ 136.518347574, 36.431387936 ], [ 136.51833433, 36.431350848 ], [ 136.518313689, 36.431297891 ], [ 136.518302596, 36.431255701 ], [ 136.518295229, 36.431222542 ], [ 136.518294147, 36.431171639 ], [ 136.518309255, 36.431137158 ], [ 136.518342679, 36.431084076 ], [ 136.518361031, 36.431053084 ], [ 136.518398756, 36.430999044 ], [ 136.518426341, 36.430963451 ], [ 136.518450682, 36.430935203 ], [ 136.51847244, 36.430911903 ], [ 136.518489318, 36.43089629 ], [ 136.518511383, 36.430876973 ], [ 136.518525922, 36.430866873 ], [ 136.518545601, 36.43085215 ], [ 136.51856219, 36.43084397 ], [ 136.518578891, 36.430835622 ], [ 136.518594174, 36.430830695 ], [ 136.518610228, 36.430827602 ], [ 136.518636335, 36.430823837 ], [ 136.518751798, 36.430824146 ], [ 136.518824546, 36.430823104 ], [ 136.518860442, 36.430823821 ], [ 136.518881429, 36.43082477 ], [ 136.518897583, 36.430827501 ], [ 136.518919553, 36.430834439 ], [ 136.518947888, 36.4308503 ], [ 136.518956781, 36.430856948 ], [ 136.518962732, 36.430862706 ], [ 136.518976479, 36.430881198 ], [ 136.518982082, 36.430890413 ], [ 136.51898276, 36.430891669 ], [ 136.518991724, 36.430910503 ], [ 136.519001585, 36.430954413 ], [ 136.519008496, 36.43099258 ], [ 136.519019883, 36.431034423 ], [ 136.51902644, 36.431052967 ], [ 136.51905394, 36.431102153 ], [ 136.519082345, 36.431142385 ], [ 136.519144798, 36.431233641 ], [ 136.519167571, 36.431268275 ], [ 136.519210542, 36.431339854 ], [ 136.519239645, 36.431380816 ], [ 136.519262693, 36.431419483 ], [ 136.519281194, 36.43144147 ], [ 136.519299439, 36.431456668 ], [ 136.51931981, 36.431469685 ], [ 136.519337174, 36.431476423 ], [ 136.519369625, 36.431485366 ], [ 136.519401193, 36.431491869 ], [ 136.519430082, 36.431494461 ], [ 136.519511154, 36.431501484 ], [ 136.519548909, 36.431502285 ], [ 136.519569382, 36.43150009 ], [ 136.519588721, 36.43149594 ], [ 136.519615335, 36.431482447 ], [ 136.519635361, 36.431464535 ], [ 136.519648367, 36.431443465 ], [ 136.519661698, 36.431413114 ], [ 136.519669634, 36.431389917 ], [ 136.519676434, 36.431357192 ], [ 136.519681164, 36.431326464 ], [ 136.519680635, 36.431307257 ], [ 136.519677216, 36.431293736 ], [ 136.519664588, 36.431260131 ], [ 136.519658942, 36.431223283 ], [ 136.519654906, 36.431142234 ], [ 136.519651167, 36.431115913 ], [ 136.519646206, 36.430995331 ], [ 136.519647825, 36.430938877 ], [ 136.519651918, 36.430922618 ], [ 136.519660826, 36.430907552 ], [ 136.519672923, 36.430895452 ], [ 136.519693253, 36.430884519 ], [ 136.519710058, 36.430878373 ], [ 136.519729369, 36.430873945 ], [ 136.519750857, 36.430871217 ], [ 136.519788847, 36.430868509 ], [ 136.519863653, 36.430868384 ], [ 136.519899865, 36.430871224 ], [ 136.51994405, 36.430876334 ], [ 136.519990226, 36.430883821 ], [ 136.520041423, 36.430894117 ], [ 136.520089933, 36.430906947 ], [ 136.520140598, 36.430921944 ], [ 136.520154525, 36.430926313 ], [ 136.520186996, 36.430940735 ], [ 136.520231881, 36.430964471 ], [ 136.520273201, 36.430987547 ], [ 136.520300057, 36.431001896 ], [ 136.520308273, 36.431007269 ], [ 136.52031737, 36.431013123 ], [ 136.520331111, 36.431024474 ], [ 136.52034811, 36.431037905 ], [ 136.520364399, 36.431054056 ], [ 136.520376879, 36.431067669 ], [ 136.52039663, 36.431093907 ], [ 136.520412645, 36.431119296 ], [ 136.520423901, 36.431137646 ], [ 136.52043826, 36.431156689 ], [ 136.520447527, 36.431165724 ], [ 136.52046531, 36.431173584 ], [ 136.520480911, 36.431178563 ], [ 136.520496176, 36.431179491 ], [ 136.52051672, 36.431178275 ], [ 136.520544259, 36.431174727 ], [ 136.520566538, 36.431168207 ], [ 136.520580816, 36.431160666 ], [ 136.520610243, 36.431143639 ], [ 136.520644485, 36.431123368 ], [ 136.520687128, 36.431098174 ], [ 136.520705104, 36.43108865 ], [ 136.520732627, 36.431078143 ], [ 136.520766647, 36.431067379 ], [ 136.520825356, 36.431049093 ], [ 136.520878192, 36.431034454 ], [ 136.520912395, 36.43102779 ], [ 136.520968081, 36.431028941 ], [ 136.521015768, 36.431034974 ], [ 136.521101229, 36.431055724 ], [ 136.521165627, 36.431079614 ], [ 136.521224059, 36.431103935 ], [ 136.521263008, 36.431123841 ], [ 136.521283, 36.431135141 ], [ 136.521312352, 36.431151676 ], [ 136.521326723, 36.431161932 ], [ 136.521352293, 36.431177797 ], [ 136.521371065, 36.431191826 ], [ 136.521385549, 36.431204869 ], [ 136.52139483, 36.431211759 ], [ 136.521415561, 36.431234369 ], [ 136.521424913, 36.431245052 ], [ 136.52143805, 36.431259272 ], [ 136.521459687, 36.431278237 ], [ 136.52147911, 36.431295916 ], [ 136.521596347, 36.431389332 ], [ 136.521615188, 36.431404615 ], [ 136.52162866, 36.431413139 ], [ 136.521639907, 36.431421594 ], [ 136.52165349, 36.431431925 ], [ 136.521669543, 36.431441419 ], [ 136.521681548, 36.431448446 ], [ 136.521691487, 36.431453777 ], [ 136.521700731, 36.431459085 ], [ 136.521706456, 36.431461842 ], [ 136.521713317, 36.431466948 ], [ 136.521718774, 36.431471106 ], [ 136.521727782, 36.43147859 ], [ 136.521739347, 36.431486695 ], [ 136.521743319, 36.431488852 ], [ 136.521750816, 36.4314928 ], [ 136.521756872, 36.431494423 ], [ 136.521763368, 36.431497094 ], [ 136.521770402, 36.431499617 ], [ 136.521789053, 36.431503614 ], [ 136.521796121, 36.431505163 ], [ 136.521815259, 36.431512706 ], [ 136.521841633, 36.431519985 ], [ 136.521870154, 36.431519662 ], [ 136.521897369, 36.431523586 ], [ 136.521916193, 36.431526198 ], [ 136.52192792, 36.431527869 ], [ 136.52194962, 36.431531883 ], [ 136.521964667, 36.431531725 ], [ 136.521982582, 36.431531006 ], [ 136.521999474, 36.431529323 ], [ 136.522031875, 36.431529805 ], [ 136.522045696, 36.431530027 ], [ 136.522057439, 36.431530227 ], [ 136.522062397, 36.431528618 ], [ 136.522063868, 36.43152749 ], [ 136.522063992, 36.431526037 ], [ 136.522059694, 36.431522515 ], [ 136.522055998, 36.431520995 ], [ 136.522048813, 36.431520048 ], [ 136.522037671, 36.431516909 ], [ 136.522024836, 36.431511975 ], [ 136.522008894, 36.43150998 ], [ 136.522004412, 36.431508366 ], [ 136.521997096, 36.431502828 ], [ 136.521995325, 36.431499547 ], [ 136.521997129, 36.43149883 ], [ 136.522013689, 36.431493685 ], [ 136.522026282, 36.431488377 ], [ 136.522036544, 36.431484161 ], [ 136.522048975, 36.431477066 ], [ 136.522060774, 36.431470496 ], [ 136.522078585, 36.43145754 ], [ 136.522108815, 36.431434721 ], [ 136.522121469, 36.431426678 ], [ 136.522128488, 36.431422183 ], [ 136.522136961, 36.431420321 ], [ 136.522154547, 36.431418352 ], [ 136.522192249, 36.431416607 ], [ 136.522226777, 36.431415263 ], [ 136.522262882, 36.431417128 ], [ 136.522280571, 36.431418575 ], [ 136.522308767, 36.431417385 ], [ 136.522326835, 36.43141458 ], [ 136.522362912, 36.431412419 ], [ 136.522394409, 36.43140986 ], [ 136.522412022, 36.431408493 ], [ 136.522418407, 36.431407323 ], [ 136.522429055, 36.431403927 ], [ 136.522454619, 36.431394691 ], [ 136.522468083, 36.431389048 ], [ 136.522482504, 36.431381333 ], [ 136.522492314, 36.431375308 ], [ 136.522499144, 36.431369858 ], [ 136.522510831, 36.431359743 ], [ 136.52252342, 36.431347645 ], [ 136.522529509, 36.431340874 ], [ 136.522538582, 36.431325755 ], [ 136.522546456, 36.431310072 ], [ 136.522549681, 36.431298574 ], [ 136.52254999, 36.431282016 ], [ 136.522549301, 36.43125528 ], [ 136.52254905, 36.431237801 ], [ 136.522547632, 36.431232568 ], [ 136.522544331, 36.431224494 ], [ 136.522538346, 36.431214284 ], [ 136.522523847, 36.431192492 ], [ 136.522494074, 36.431148005 ], [ 136.5224798, 36.431125981 ], [ 136.522465119, 36.431097459 ], [ 136.522452021, 36.431062856 ], [ 136.522438863, 36.431002486 ], [ 136.522429165, 36.430960917 ], [ 136.52242761, 36.430946755 ], [ 136.522428513, 36.430912651 ], [ 136.52242856, 36.430894998 ], [ 136.52242736, 36.430884749 ], [ 136.522421567, 36.430852799 ], [ 136.522415541, 36.430832409 ], [ 136.522408298, 36.430816387 ], [ 136.522394906, 36.430799809 ], [ 136.522377988, 36.430785523 ], [ 136.522351643, 36.430766456 ], [ 136.52233827, 36.4307604 ], [ 136.522318534, 36.430753892 ], [ 136.522276021, 36.430724418 ], [ 136.522254241, 36.430706329 ], [ 136.522237887, 36.430698051 ], [ 136.522236128, 36.430696689 ], [ 136.522202831, 36.430680587 ], [ 136.522191185, 36.43067548 ], [ 136.522180576, 36.430674105 ], [ 136.522172561, 36.430678333 ], [ 136.522156479, 36.430689961 ], [ 136.522149269, 36.430692058 ], [ 136.52214535, 36.43069031 ], [ 136.522109472, 36.430673949 ], [ 136.522093802, 36.430666321 ], [ 136.522073817, 36.43065117 ], [ 136.522040822, 36.430624291 ], [ 136.522015652, 36.430599635 ], [ 136.52198234, 36.430564554 ], [ 136.521970432, 36.430550359 ], [ 136.521961694, 36.430537114 ], [ 136.521957098, 36.430529001 ], [ 136.521947124, 36.430508579 ], [ 136.521941092, 36.430484069 ], [ 136.5219396, 36.430474281 ], [ 136.521941239, 36.43045441 ], [ 136.521947008, 36.430435436 ], [ 136.521955766, 36.430416757 ], [ 136.521969588, 36.430398224 ], [ 136.521983226, 36.430382702 ], [ 136.522000681, 36.430366227 ], [ 136.522012261, 36.430357225 ], [ 136.522026992, 36.430347762 ], [ 136.522041419, 36.430339252 ], [ 136.522061147, 36.430331884 ], [ 136.522085982, 36.430325403 ], [ 136.522133284, 36.430317691 ], [ 136.522165491, 36.430314506 ], [ 136.52220231, 36.430310937 ], [ 136.522255143, 36.430310805 ], [ 136.522285774, 36.430310866 ], [ 136.522329306, 36.43031456 ], [ 136.522363538, 36.430319998 ], [ 136.522405754, 36.430325255 ], [ 136.522459927, 36.430331024 ], [ 136.522483301, 36.430334649 ], [ 136.522525293, 36.430345546 ], [ 136.522550261, 36.430354135 ], [ 136.522562019, 36.430359208 ], [ 136.522573596, 36.43036253 ], [ 136.522587408, 36.430372689 ], [ 136.522597656, 36.430382048 ], [ 136.522608135, 36.430387273 ], [ 136.52264834, 36.430402385 ], [ 136.522690351, 36.430423267 ], [ 136.522714521, 36.430434669 ], [ 136.522746824, 36.430440688 ], [ 136.522792955, 36.430439009 ], [ 136.522820715, 36.430435501 ], [ 136.522843815, 36.430435168 ], [ 136.522898666, 36.430430245 ], [ 136.522934762, 36.430427195 ], [ 136.522977516, 36.430428355 ], [ 136.522994205, 36.430429523 ], [ 136.523011726, 36.430433514 ], [ 136.523030744, 36.430439802 ], [ 136.523044641, 36.430445861 ], [ 136.523056193, 36.430452126 ], [ 136.523062659, 36.430455103 ], [ 136.523076451, 36.430466181 ], [ 136.523092444, 36.430479442 ], [ 136.523103171, 36.430490394 ], [ 136.523114194, 36.430503405 ], [ 136.52312777, 36.43051469 ], [ 136.523139724, 36.430525387 ], [ 136.523151782, 36.430539872 ], [ 136.523157912, 36.430547698 ], [ 136.523167864, 36.430557214 ], [ 136.523182282, 36.430568484 ], [ 136.523196562, 36.430577865 ], [ 136.523217774, 36.430589499 ], [ 136.52323561, 36.430596911 ], [ 136.523254335, 36.43060385 ], [ 136.523266605, 36.430611734 ], [ 136.523281777, 36.430620245 ], [ 136.523291545, 36.430628249 ], [ 136.523300825, 36.430638961 ], [ 136.523305834, 36.430644804 ], [ 136.523313959, 36.430656357 ], [ 136.523324999, 36.430676932 ], [ 136.523337285, 36.430697037 ], [ 136.523347779, 36.430712361 ], [ 136.523353721, 36.430719311 ], [ 136.523363377, 36.430723627 ], [ 136.523375342, 36.430727509 ], [ 136.523384551, 36.430731773 ], [ 136.523398311, 36.430732642 ], [ 136.5234251, 36.43073132 ], [ 136.523449786, 36.430730897 ], [ 136.523477999, 36.430732503 ], [ 136.523520091, 36.43074094 ], [ 136.523548615, 36.430746104 ], [ 136.523564547, 36.430746096 ], [ 136.523578001, 36.430742272 ], [ 136.523593943, 36.430728998 ], [ 136.523599898, 36.430716367 ], [ 136.523604751, 36.430693972 ], [ 136.523609696, 36.430643397 ], [ 136.52361027, 36.430615569 ], [ 136.523617364, 36.430581075 ], [ 136.523624956, 36.430566723 ], [ 136.523636962, 36.430549955 ], [ 136.523657862, 36.430527922 ], [ 136.523680627, 36.430509313 ], [ 136.523692993, 36.430500314 ], [ 136.523699699, 36.430493403 ], [ 136.523730574, 36.430466486 ], [ 136.523750859, 36.430448226 ], [ 136.523771861, 36.430426492 ], [ 136.523778601, 36.430417752 ], [ 136.523794413, 36.43039933 ], [ 136.523806513, 36.43039155 ], [ 136.523832937, 36.430380142 ], [ 136.523847437, 36.430374654 ], [ 136.52385743, 36.430377178 ], [ 136.523873715, 36.430384919 ], [ 136.5238756, 36.430385903 ], [ 136.523890031, 36.430388764 ], [ 136.52389693, 36.430386992 ], [ 136.523907993, 36.430380929 ], [ 136.523928397, 36.430369071 ], [ 136.523948709, 36.430356717 ], [ 136.523980101, 36.43034798 ], [ 136.52399115, 36.430343726 ], [ 136.524000495, 36.430337375 ], [ 136.524004691, 36.430329326 ], [ 136.524013861, 36.430323392 ], [ 136.524031939, 36.430322376 ], [ 136.52408997, 36.430315278 ], [ 136.52414149, 36.430307345 ], [ 136.524190589, 36.430305451 ], [ 136.524242148, 36.430308398 ], [ 136.524310619, 36.430313752 ], [ 136.524345031, 36.430316533 ], [ 136.524362085, 36.430316658 ], [ 136.524369063, 36.430315333 ], [ 136.5243734, 36.430314175 ], [ 136.52438144, 36.430307326 ], [ 136.524388417, 36.430299366 ], [ 136.524397601, 36.430292935 ], [ 136.524402315, 36.430286872 ], [ 136.524402062, 36.430283553 ], [ 136.524399856, 36.430278407 ], [ 136.524391625, 36.430270626 ], [ 136.524380005, 36.430260703 ], [ 136.524362407, 36.430247513 ], [ 136.524338464, 36.430229293 ], [ 136.524305563, 36.430201842 ], [ 136.524254062, 36.430152083 ], [ 136.524222167, 36.430112217 ], [ 136.524212406, 36.430090734 ], [ 136.524210661, 36.430083176 ], [ 136.524198095, 36.430052576 ], [ 136.524188733, 36.429982634 ], [ 136.524182186, 36.42990301 ], [ 136.524180622, 36.429883937 ], [ 136.524184224, 36.429864475 ], [ 136.524197441, 36.429816363 ], [ 136.524207461, 36.429790812 ], [ 136.524214674, 36.429761254 ], [ 136.524221412, 36.42971563 ], [ 136.524223712, 36.429687115 ], [ 136.524225069, 36.429668615 ], [ 136.524219048, 36.429622661 ], [ 136.524214209, 36.429604266 ], [ 136.524206265, 36.429586828 ], [ 136.524198088, 36.429576626 ], [ 136.524186296, 36.429566682 ], [ 136.524176677, 36.429564543 ], [ 136.524154815, 36.4295654 ], [ 136.524122032, 36.429575938 ], [ 136.524088153, 36.42959409 ], [ 136.524058316, 36.429617769 ], [ 136.524037311, 36.429639921 ], [ 136.524020477, 36.429674028 ], [ 136.524009009, 36.429708338 ], [ 136.524005064, 36.42977292 ], [ 136.523999694, 36.429800221 ], [ 136.5239916, 36.429815842 ], [ 136.523974057, 36.429835508 ], [ 136.523939772, 36.429868234 ], [ 136.523931349, 36.429876061 ], [ 136.523924438, 36.429879364 ], [ 136.523914694, 36.429880424 ], [ 136.523901956, 36.429886797 ], [ 136.523877735, 36.42990987 ], [ 136.523852959, 36.429930192 ], [ 136.523837155, 36.429947641 ], [ 136.523823426, 36.429969145 ], [ 136.523817311, 36.429980384 ], [ 136.523814238, 36.429998179 ], [ 136.523817221, 36.43004153 ], [ 136.523818351, 36.430050581 ], [ 136.523816586, 36.43005586 ], [ 136.52381279, 36.430057091 ], [ 136.523804676, 36.430060248 ], [ 136.523801196, 36.430064822 ], [ 136.523799273, 36.430068569 ], [ 136.523795662, 36.43009854 ], [ 136.523792896, 36.430120929 ], [ 136.523798709, 36.430179709 ], [ 136.523798784, 36.430191398 ], [ 136.523799785, 36.4301953 ], [ 136.523796232, 36.430208779 ], [ 136.523793514, 36.430225324 ], [ 136.523788653, 36.430261034 ], [ 136.523788761, 36.430271849 ], [ 136.523791628, 36.430281884 ], [ 136.523796721, 36.430296304 ], [ 136.523797915, 36.430306489 ], [ 136.523788526, 36.430313976 ], [ 136.523764828, 36.430325776 ], [ 136.523753276, 36.430331519 ], [ 136.523739113, 36.43033184 ], [ 136.523683878, 36.430331159 ], [ 136.523592614, 36.430323622 ], [ 136.523517145, 36.43031417 ], [ 136.523410288, 36.430299966 ], [ 136.523335312, 36.4302933 ], [ 136.523233832, 36.430292507 ], [ 136.523205454, 36.430290545 ], [ 136.523166972, 36.430282545 ], [ 136.523109404, 36.430264805 ], [ 136.523065656, 36.430248567 ], [ 136.523043361, 36.430241815 ], [ 136.523015118, 36.430232439 ], [ 136.523002587, 36.430225612 ], [ 136.522997818, 36.430219623 ], [ 136.522990714, 36.430210599 ], [ 136.522985045, 36.430206433 ], [ 136.522964319, 36.430199015 ], [ 136.522932544, 36.430188586 ], [ 136.522866597, 36.43016176 ], [ 136.522853866, 36.43015541 ], [ 136.522841347, 36.430147152 ], [ 136.522829743, 36.430135321 ], [ 136.52282506, 36.430130763 ], [ 136.522807341, 36.430121125 ], [ 136.522774815, 36.430103637 ], [ 136.522754873, 36.430089216 ], [ 136.522738087, 36.430076741 ], [ 136.522703023, 36.43004298 ], [ 136.522689897, 36.43002788 ], [ 136.522677322, 36.430008609 ], [ 136.522665459, 36.429986419 ], [ 136.522651933, 36.429957262 ], [ 136.522642707, 36.429939014 ], [ 136.522634373, 36.42992714 ], [ 136.522624788, 36.429920827 ], [ 136.522608714, 36.429908494 ], [ 136.522591749, 36.429899775 ], [ 136.522581815, 36.429894155 ], [ 136.522564129, 36.429889328 ], [ 136.522537667, 36.429884593 ], [ 136.522487926, 36.429880359 ], [ 136.5224355, 36.429872979 ], [ 136.522362328, 36.429856311 ], [ 136.522323357, 36.429845108 ], [ 136.522302425, 36.42983748 ], [ 136.522253501, 36.429817621 ], [ 136.522227792, 36.429805097 ], [ 136.522195962, 36.429783495 ], [ 136.522153394, 36.429743519 ], [ 136.522124094, 36.429707319 ], [ 136.522086489, 36.429653539 ], [ 136.522068377, 36.42962227 ], [ 136.522055031, 36.429597358 ], [ 136.522035847, 36.429547819 ], [ 136.522027604, 36.429524883 ], [ 136.52202015, 36.429515832 ], [ 136.522020517, 36.429507798 ], [ 136.522023007, 36.429498071 ], [ 136.522020759, 36.429478577 ], [ 136.522017158, 36.429406474 ], [ 136.522022249, 36.429337097 ], [ 136.522022878, 36.429294436 ], [ 136.522020627, 36.429275359 ], [ 136.522014103, 36.429252641 ], [ 136.522002232, 36.429228257 ], [ 136.521986757, 36.429205908 ], [ 136.52196814, 36.429188831 ], [ 136.521935635, 36.429157884 ], [ 136.52192217, 36.429142226 ], [ 136.521914719, 36.429127574 ], [ 136.521911731, 36.429114338 ], [ 136.52191248, 36.429074517 ], [ 136.521923122, 36.429025731 ], [ 136.521925657, 36.428992364 ], [ 136.52192656, 36.428966347 ], [ 136.521922876, 36.428954081 ], [ 136.521917977, 36.428942922 ], [ 136.521906901, 36.428926667 ], [ 136.5218965, 36.428912059 ], [ 136.521888245, 36.428899609 ], [ 136.521883559, 36.428883521 ], [ 136.521871476, 36.428858484 ], [ 136.521853487, 36.428827912 ], [ 136.521831556, 36.428795509 ], [ 136.521804633, 36.428756411 ], [ 136.521770568, 36.428714569 ], [ 136.521749096, 36.428695051 ], [ 136.52173083, 36.428680321 ], [ 136.521710409, 36.428666718 ], [ 136.521696581, 36.428662191 ], [ 136.521682617, 36.428662195 ], [ 136.521674995, 36.428668356 ], [ 136.521670016, 36.428675883 ], [ 136.521668366, 36.428684333 ], [ 136.521666017, 36.428742518 ], [ 136.521667144, 36.428772741 ], [ 136.521673501, 36.428814968 ], [ 136.521676018, 36.428881414 ], [ 136.521675974, 36.428910556 ], [ 136.521666902, 36.428935117 ], [ 136.52164673, 36.428981347 ], [ 136.521619609, 36.429032659 ], [ 136.521611201, 36.429050585 ], [ 136.521585203, 36.429095816 ], [ 136.521573366, 36.429112173 ], [ 136.521563616, 36.429125897 ], [ 136.521553541, 36.429137253 ], [ 136.52154739, 36.429152666 ], [ 136.521538595, 36.429183223 ], [ 136.521533995, 36.429192422 ], [ 136.521528249, 36.42919756 ], [ 136.521496973, 36.429213086 ], [ 136.521482849, 36.429220564 ], [ 136.521466232, 36.429235299 ], [ 136.521456231, 36.429243674 ], [ 136.521431504, 36.429260955 ], [ 136.521397702, 36.429284245 ], [ 136.521382793, 36.429297524 ], [ 136.5213719, 36.429311572 ], [ 136.52136317, 36.429326693 ], [ 136.521356263, 36.429350312 ], [ 136.521343996, 36.42941183 ], [ 136.521334001, 36.429465093 ], [ 136.521327295, 36.429534557 ], [ 136.521323243, 36.429566819 ], [ 136.521308385, 36.429606312 ], [ 136.521295326, 36.429640309 ], [ 136.52128138, 36.429661942 ], [ 136.521270303, 36.429690409 ], [ 136.52126479, 36.429714575 ], [ 136.521257199, 36.429737634 ], [ 136.521233256, 36.429774411 ], [ 136.521211578, 36.429804262 ], [ 136.521159194, 36.429853859 ], [ 136.521135434, 36.429873054 ], [ 136.521104827, 36.429896828 ], [ 136.521064342, 36.429935679 ], [ 136.521032258, 36.429965563 ], [ 136.520982329, 36.43001187 ], [ 136.520964031, 36.430028523 ], [ 136.520932591, 36.430050474 ], [ 136.520909574, 36.430063073 ], [ 136.520879286, 36.430076165 ], [ 136.520832343, 36.430092471 ], [ 136.520801996, 36.430099543 ], [ 136.520716143, 36.430103792 ], [ 136.520693611, 36.430102418 ], [ 136.520659262, 36.430094161 ], [ 136.52062525, 36.430073712 ], [ 136.520613657, 36.430055385 ], [ 136.520611472, 36.430028342 ], [ 136.520613241, 36.429956986 ], [ 136.520618978, 36.429884968 ], [ 136.5206187, 36.429849734 ], [ 136.520617527, 36.429759006 ], [ 136.520611453, 36.429684603 ], [ 136.520609508, 36.42967012 ], [ 136.5206136, 36.429642837 ], [ 136.520622446, 36.429612912 ], [ 136.520627757, 36.429600933 ], [ 136.52063651, 36.429588973 ], [ 136.520650474, 36.429572554 ], [ 136.520668865, 36.429560408 ], [ 136.520697268, 36.429544494 ], [ 136.520723332, 36.429535033 ], [ 136.520747643, 36.42952932 ], [ 136.520777802, 36.429524056 ], [ 136.520819576, 36.429521331 ], [ 136.520912193, 36.429524494 ], [ 136.520948947, 36.429520941 ], [ 136.520956936, 36.429519803 ], [ 136.520965498, 36.429517304 ], [ 136.520987571, 36.42950996 ], [ 136.52100032, 36.429504046 ], [ 136.521010998, 36.429497125 ], [ 136.521019543, 36.429489946 ], [ 136.521027587, 36.429477892 ], [ 136.521036953, 36.429457219 ], [ 136.521040746, 36.429438473 ], [ 136.521039782, 36.429410347 ], [ 136.521036536, 36.429395107 ], [ 136.521030065, 36.429383257 ], [ 136.521024087, 36.429368912 ], [ 136.521016634, 36.429354558 ], [ 136.520993087, 36.429323119 ], [ 136.520953966, 36.429280536 ], [ 136.520939149, 36.429264915 ], [ 136.520914423, 36.429246698 ], [ 136.520862167, 36.429201378 ], [ 136.52079481, 36.429147717 ], [ 136.520736501, 36.429102732 ], [ 136.520694064, 36.429073697 ], [ 136.520658106, 36.429051933 ], [ 136.520625902, 36.429034086 ], [ 136.520598807, 36.429022667 ], [ 136.520550284, 36.42901162 ], [ 136.520497128, 36.429009384 ], [ 136.520391689, 36.429015109 ], [ 136.520365828, 36.429014969 ], [ 136.520350231, 36.4290222 ], [ 136.520332683, 36.429027513 ], [ 136.520310849, 36.429030948 ], [ 136.520283911, 36.429030245 ], [ 136.520272345, 36.42902573 ], [ 136.520267563, 36.42902133 ], [ 136.520261048, 36.429012469 ], [ 136.520253831, 36.429005352 ], [ 136.52024324, 36.42899294 ], [ 136.520221944, 36.428975887 ], [ 136.52018763, 36.428941956 ], [ 136.520172342, 36.428923743 ], [ 136.520155905, 36.428898178 ], [ 136.52015069, 36.428886699 ], [ 136.520148361, 36.428871101 ], [ 136.520147069, 36.428860916 ], [ 136.520150798, 36.428837298 ], [ 136.520160576, 36.4287995 ], [ 136.52016792, 36.428764751 ], [ 136.520172662, 36.428753226 ], [ 136.520175715, 36.428740876 ], [ 136.520177989, 36.42872753 ], [ 136.520177913, 36.428724905 ], [ 136.520176846, 36.42872307 ], [ 136.520171661, 36.428719862 ], [ 136.520157531, 36.428716207 ], [ 136.520135045, 36.428712268 ], [ 136.520113915, 36.428707949 ], [ 136.520064474, 36.428697759 ], [ 136.520004328, 36.428684304 ], [ 136.51997005, 36.428672673 ], [ 136.519956119, 36.42866878 ], [ 136.519947301, 36.428664916 ], [ 136.519942029, 36.428660354 ], [ 136.519933728, 36.428653391 ], [ 136.519926514, 36.428645798 ], [ 136.519921526, 36.428638145 ], [ 136.519916657, 36.428623507 ], [ 136.519914021, 36.428609299 ], [ 136.519914275, 36.428578663 ], [ 136.519915923, 36.428571165 ], [ 136.51991783, 36.428564768 ], [ 136.519923128, 36.428547587 ], [ 136.519927155, 36.428536386 ], [ 136.519931083, 36.428529401 ], [ 136.519936315, 36.428521795 ], [ 136.519942329, 36.428515313 ], [ 136.519947261, 36.428510023 ], [ 136.51995373, 36.428499779 ], [ 136.519960382, 36.428488206 ], [ 136.519971795, 36.428469963 ], [ 136.519981178, 36.428453161 ], [ 136.519989533, 36.428436454 ], [ 136.519996055, 36.428422448 ], [ 136.519998961, 36.428410744 ], [ 136.520000658, 36.428402619 ], [ 136.520000684, 36.428392668 ], [ 136.519996683, 36.42837139 ], [ 136.519990912, 36.428355853 ], [ 136.519980829, 36.428332614 ], [ 136.519971785, 36.428308551 ], [ 136.519963215, 36.428279581 ], [ 136.519961709, 36.428259613 ], [ 136.519965007, 36.428228818 ], [ 136.519969481, 36.42821103 ], [ 136.519976954, 36.428186619 ], [ 136.519988249, 36.428162838 ], [ 136.519991915, 36.428154497 ], [ 136.520004622, 36.428129706 ], [ 136.520018577, 36.428100454 ], [ 136.520029139, 36.428071845 ], [ 136.520034462, 36.428052531 ], [ 136.520029877, 36.428032213 ], [ 136.520024731, 36.428009363 ], [ 136.520017931, 36.427999307 ], [ 136.520012783, 36.42799761 ], [ 136.519997985, 36.427997529 ], [ 136.519976774, 36.428002842 ], [ 136.519962269, 36.428008886 ], [ 136.519937846, 36.428019008 ], [ 136.519918316, 36.4280292 ], [ 136.519894758, 36.428047858 ], [ 136.519848428, 36.428073351 ], [ 136.519813586, 36.428092244 ], [ 136.519712882, 36.428163875 ], [ 136.519650741, 36.428212731 ], [ 136.519615139, 36.428259976 ], [ 136.519595353, 36.428285438 ], [ 136.519554336, 36.42832905 ], [ 136.519523728, 36.428352263 ], [ 136.519478939, 36.42837861 ], [ 136.519472856, 36.428385883 ], [ 136.519473361, 36.428397575 ], [ 136.519478622, 36.428416842 ], [ 136.519487289, 36.428450051 ], [ 136.519491011, 36.428457725 ], [ 136.519500538, 36.428470997 ], [ 136.519532483, 36.428525887 ], [ 136.519543481, 36.42854849 ], [ 136.519557385, 36.428598036 ], [ 136.51958079, 36.428700142 ], [ 136.519583704, 36.428748132 ], [ 136.519581039, 36.42890037 ], [ 136.519573041, 36.428972821 ], [ 136.519570405, 36.429000081 ], [ 136.519578601, 36.429028618 ], [ 136.519598841, 36.42905722 ], [ 136.519677431, 36.429115849 ], [ 136.519708235, 36.429141777 ], [ 136.519731252, 36.429167646 ], [ 136.519753386, 36.429204007 ], [ 136.51976627, 36.429230504 ], [ 136.519810412, 36.429340638 ], [ 136.519887637, 36.429550997 ], [ 136.519906422, 36.429621204 ], [ 136.519905909, 36.429683102 ], [ 136.519892239, 36.429755723 ], [ 136.519866534, 36.429805019 ], [ 136.519848411, 36.429829638 ], [ 136.519784383, 36.429860828 ], [ 136.519697231, 36.429884221 ], [ 136.519575737, 36.429898052 ], [ 136.519506156, 36.429899806 ], [ 136.519459183, 36.429908075 ], [ 136.519338803, 36.429938426 ], [ 136.519261162, 36.429958887 ], [ 136.519168276, 36.429974578 ], [ 136.518947588, 36.429990294 ], [ 136.518838935, 36.430000785 ], [ 136.518748868, 36.42999433 ], [ 136.518699978, 36.429979575 ], [ 136.518618732, 36.429930364 ], [ 136.518582699, 36.429890535 ], [ 136.518551854, 36.429860536 ], [ 136.518470577, 36.429755603 ], [ 136.518438166, 36.429723891 ], [ 136.518393637, 36.429691687 ], [ 136.518349097, 36.429660761 ], [ 136.518308396, 36.429611957 ], [ 136.518297545, 36.429585901 ], [ 136.518299406, 36.429552244 ], [ 136.518311743, 36.429526315 ], [ 136.518338208, 36.429500622 ], [ 136.518388652, 36.429455296 ], [ 136.518426083, 36.429418103 ], [ 136.518449522, 36.429387973 ], [ 136.51846611, 36.429357805 ], [ 136.518467355, 36.429334798 ], [ 136.51845654, 36.429304482 ], [ 136.518429946, 36.429262386 ], [ 136.518395579, 36.429212338 ], [ 136.518373241, 36.429173436 ], [ 136.518357517, 36.429131361 ], [ 136.518356287, 36.429098235 ], [ 136.518367734, 36.429061525 ], [ 136.518376581, 36.429047936 ], [ 136.518401517, 36.429018848 ], [ 136.518449138, 36.428980128 ], [ 136.518499841, 36.428946538 ], [ 136.518544672, 36.428915123 ], [ 136.518570138, 36.428894805 ], [ 136.518593537, 36.428871752 ], [ 136.518603885, 36.428858658 ], [ 136.51861459, 36.428838747 ], [ 136.518623259, 36.428810301 ], [ 136.518626792, 36.428756547 ], [ 136.5186317, 36.428709574 ], [ 136.51864224, 36.428673346 ], [ 136.518653547, 36.428644489 ], [ 136.518671547, 36.428616581 ], [ 136.518687396, 36.428593776 ], [ 136.518713612, 36.428554444 ], [ 136.518725168, 36.42854087 ], [ 136.518733131, 36.42852484 ], [ 136.518746897, 36.428499101 ], [ 136.518764201, 36.428482392 ], [ 136.518764272, 36.428473869 ], [ 136.518746339, 36.428457456 ], [ 136.518730753, 36.428448604 ], [ 136.518710022, 36.42844289 ], [ 136.518680874, 36.428435183 ], [ 136.518639586, 36.428438855 ], [ 136.518613295, 36.428449915 ], [ 136.518599632, 36.428463234 ], [ 136.518579704, 36.428487707 ], [ 136.51853056, 36.428530788 ], [ 136.518492296, 36.428555617 ], [ 136.518418788, 36.428588337 ], [ 136.518356217, 36.42861649 ], [ 136.518329041, 36.428625109 ], [ 136.518301262, 36.428633969 ], [ 136.518260333, 36.428654342 ], [ 136.518249946, 36.4286618 ], [ 136.518241421, 36.428672886 ], [ 136.518234307, 36.428679945 ], [ 136.518215263, 36.428693757 ], [ 136.518139308, 36.428757063 ], [ 136.518107305, 36.428781084 ], [ 136.518081008, 36.428797918 ], [ 136.518044869, 36.428818735 ], [ 136.517937662, 36.428887486 ], [ 136.51787974, 36.428928892 ], [ 136.517854531, 36.428944897 ], [ 136.517835415, 36.428959216 ], [ 136.517826097, 36.428968151 ], [ 136.517807687, 36.428988886 ], [ 136.517799645, 36.428998146 ], [ 136.517787858, 36.42900834 ], [ 136.517768505, 36.42902302 ], [ 136.517737405, 36.429043257 ], [ 136.517719808, 36.429054374 ], [ 136.517703118, 36.42906303 ], [ 136.517686237, 36.429070969 ], [ 136.517666535, 36.429076617 ], [ 136.517653713, 36.429081239 ], [ 136.517635797, 36.429083527 ], [ 136.517608364, 36.429084009 ], [ 136.517596782, 36.429081322 ], [ 136.517588481, 36.429074518 ], [ 136.517577905, 36.429069133 ], [ 136.517569878, 36.429064795 ], [ 136.517560994, 36.4290519 ], [ 136.517549689, 36.429039672 ], [ 136.517540619, 36.429021806 ], [ 136.517535129, 36.42900794 ], [ 136.517524386, 36.428961383 ], [ 136.517518167, 36.428940675 ], [ 136.517517935, 36.428910233 ], [ 136.517518855, 36.428859426 ], [ 136.517515743, 36.428836804 ], [ 136.517508436, 36.42879542 ], [ 136.517505429, 36.428778705 ], [ 136.517498656, 36.428765389 ], [ 136.517487649, 36.42873877 ], [ 136.51747325, 36.428720243 ], [ 136.517462912, 36.428710009 ], [ 136.517455294, 36.428703685 ], [ 136.517436662, 36.42869197 ], [ 136.517416028, 36.428678181 ], [ 136.517408482, 36.428675118 ], [ 136.517398363, 36.42867403 ], [ 136.517387205, 36.428667687 ], [ 136.51735402, 36.428643075 ], [ 136.517333489, 36.428628729 ], [ 136.517330091, 36.428623462 ], [ 136.517330179, 36.428613613 ], [ 136.517333158, 36.428598361 ], [ 136.517338063, 36.428587892 ], [ 136.517346851, 36.42857626 ], [ 136.517354298, 36.428567554 ], [ 136.517359202, 36.428557322 ], [ 136.517365778, 36.428546941 ], [ 136.517379773, 36.42853426 ], [ 136.517395233, 36.428516949 ], [ 136.517409101, 36.428504779 ], [ 136.517454594, 36.428468845 ], [ 136.517479591, 36.428448012 ], [ 136.517494864, 36.42843237 ], [ 136.517507727, 36.428416994 ], [ 136.517519151, 36.428399896 ], [ 136.517525994, 36.42838407 ], [ 136.517528545, 36.428367106 ], [ 136.517529124, 36.428346358 ], [ 136.517526035, 36.428327654 ], [ 136.517519991, 36.428309571 ], [ 136.517509968, 36.428285729 ], [ 136.517507572, 36.428278241 ], [ 136.517506911, 36.428275057 ], [ 136.517503211, 36.428270584 ], [ 136.517493904, 36.428266398 ], [ 136.517488634, 36.428261599 ], [ 136.517486028, 36.4282557 ], [ 136.517477219, 36.428250802 ], [ 136.517448252, 36.428242871 ], [ 136.517426104, 36.428236767 ], [ 136.517413047, 36.428234191 ], [ 136.51740069, 36.428236296 ], [ 136.517370339, 36.428244003 ], [ 136.517356058, 36.428246788 ], [ 136.517331275, 36.42824713 ], [ 136.517319331, 36.428251793 ], [ 136.517295943, 36.428261844 ], [ 136.517282243, 36.428265586 ], [ 136.517265606, 36.428267802 ], [ 136.517240435, 36.428276333 ], [ 136.517177829, 36.428299557 ], [ 136.517159376, 36.428307329 ], [ 136.517136521, 36.428312293 ], [ 136.517119665, 36.428317211 ], [ 136.517116515, 36.428317592 ], [ 136.517096519, 36.428321777 ], [ 136.517087725, 36.428325347 ], [ 136.517077747, 36.428330859 ], [ 136.517053497, 36.428338043 ], [ 136.517041567, 36.428341874 ], [ 136.517034027, 36.428349865 ], [ 136.517025771, 36.428357513 ], [ 136.516992349, 36.428385222 ], [ 136.516977794, 36.42839725 ], [ 136.516971398, 36.428400694 ], [ 136.516962208, 36.428409132 ], [ 136.516958516, 36.428418436 ], [ 136.516954201, 36.428438856 ], [ 136.516950302, 36.428446469 ], [ 136.516943073, 36.428452552 ], [ 136.516928553, 36.428460345 ], [ 136.516886298, 36.428474266 ], [ 136.516871963, 36.42848045 ], [ 136.516853314, 36.428488141 ], [ 136.516814846, 36.428499343 ], [ 136.516779345, 36.428501068 ], [ 136.516764714, 36.428498603 ], [ 136.516760409, 36.428496035 ], [ 136.516754819, 36.428494255 ], [ 136.516750312, 36.428492242 ], [ 136.516747466, 36.428491511 ], [ 136.516735364, 36.4284924 ], [ 136.516720175, 36.428497883 ], [ 136.516708395, 36.428507094 ], [ 136.516697684, 36.428518009 ], [ 136.516691454, 36.428522269 ], [ 136.516685842, 36.428523113 ], [ 136.516667095, 36.428515894 ], [ 136.516642901, 36.428507552 ], [ 136.51660638, 36.428503196 ], [ 136.516586439, 36.428500722 ], [ 136.516564806, 36.428494759 ], [ 136.516536841, 36.428484588 ], [ 136.516531817, 36.428478979 ], [ 136.516525398, 36.428470515 ], [ 136.516521288, 36.428468028 ], [ 136.516516476, 36.428467286 ], [ 136.516503166, 36.428471508 ], [ 136.516480519, 36.428482273 ], [ 136.516458231, 36.428493006 ], [ 136.516449453, 36.428493237 ], [ 136.516437293, 36.428486213 ], [ 136.516419823, 36.428476376 ], [ 136.516416086, 36.428470512 ], [ 136.516417018, 36.428461889 ], [ 136.516425241, 36.428445652 ], [ 136.516443661, 36.428408798 ], [ 136.516455011, 36.42838896 ], [ 136.516463706, 36.428378153 ], [ 136.516467938, 36.428365931 ], [ 136.516472482, 36.428357467 ], [ 136.516493453, 36.428340969 ], [ 136.516504878, 36.428332821 ], [ 136.516508571, 36.428323378 ], [ 136.516514279, 36.428299196 ], [ 136.516518218, 36.428280849 ], [ 136.516519595, 36.428257597 ], [ 136.516519722, 36.42824241 ], [ 136.516518078, 36.428238982 ], [ 136.516513, 36.428234819 ], [ 136.516486616, 36.428222276 ], [ 136.516463097, 36.428212526 ], [ 136.516441404, 36.428207875 ], [ 136.516424911, 36.428204605 ], [ 136.516414969, 36.428205823 ], [ 136.516402827, 36.428207123 ], [ 136.516378689, 36.428200869 ], [ 136.516366715, 36.428195138 ], [ 136.516360186, 36.428187335 ], [ 136.516340812, 36.42816393 ], [ 136.516331717, 36.428152773 ], [ 136.516319066, 36.42813696 ], [ 136.516314022, 36.428128583 ], [ 136.516309906, 36.42812689 ], [ 136.516306948, 36.428127908 ], [ 136.516298039, 36.428135016 ], [ 136.516293074, 36.428140714 ], [ 136.516287114, 36.428147998 ], [ 136.516278559, 36.428159799 ], [ 136.516263035, 36.428179997 ], [ 136.51625468, 36.428191362 ], [ 136.51625242, 36.428194133 ], [ 136.516245822, 36.428201194 ], [ 136.51624386, 36.428209533 ], [ 136.516242775, 36.428218923 ], [ 136.516239664, 36.42822638 ], [ 136.516236175, 36.428232087 ], [ 136.516229608, 36.428241275 ], [ 136.516218369, 36.428254349 ], [ 136.516213392, 36.428261558 ], [ 136.516206475, 36.428265656 ], [ 136.516188142, 36.428270804 ], [ 136.516157815, 36.428278407 ], [ 136.516136602, 36.428283996 ], [ 136.516126789, 36.4282845 ], [ 136.516122498, 36.428283085 ], [ 136.516115143, 36.428277757 ], [ 136.51609818, 36.428269036 ], [ 136.516070174, 36.428253403 ], [ 136.516044071, 36.428241815 ], [ 136.515967428, 36.428219419 ], [ 136.515976456, 36.428220199 ], [ 136.515923548, 36.428208952 ], [ 136.515883853, 36.42820216 ], [ 136.515817284, 36.428203989 ], [ 136.515739863, 36.428218091 ], [ 136.515717606, 36.428225067 ], [ 136.515706412, 36.428226119 ], [ 136.515682296, 36.428229049 ], [ 136.515649026, 36.428235965 ], [ 136.515639701, 36.42823981 ], [ 136.515635175, 36.428246048 ], [ 136.515634758, 36.428254812 ], [ 136.515632296, 36.428261061 ], [ 136.515627634, 36.428262984 ], [ 136.515606865, 36.42826232 ], [ 136.515578751, 36.428261213 ], [ 136.515550726, 36.428272987 ], [ 136.51553109, 36.428280991 ], [ 136.515517898, 36.428282828 ], [ 136.51549722, 36.428286214 ], [ 136.515459928, 36.428296929 ], [ 136.515438128, 36.42830508 ], [ 136.515428456, 36.428309321 ], [ 136.515423498, 36.428314224 ], [ 136.515419022, 36.428320323 ], [ 136.515417603, 36.428325404 ], [ 136.515418739, 36.428330659 ], [ 136.515420969, 36.428334488 ], [ 136.515421458, 36.428334809 ], [ 136.515422615, 36.428337518 ], [ 136.515420919, 36.428340531 ], [ 136.515416582, 36.4283417 ], [ 136.515407545, 36.428340537 ], [ 136.515400494, 36.42833708 ], [ 136.51539866, 36.428333014 ], [ 136.515397634, 36.42832625 ], [ 136.515395308, 36.428322261 ], [ 136.515392197, 36.42831795 ], [ 136.515388187, 36.428315304 ], [ 136.515364389, 36.428315492 ], [ 136.515303756, 36.4283138 ], [ 136.515268277, 36.428311459 ], [ 136.515258962, 36.428308228 ], [ 136.515241561, 36.428300419 ], [ 136.51521886, 36.428286937 ], [ 136.515176402, 36.428259246 ], [ 136.515159387, 36.428247941 ], [ 136.515141965, 36.428238145 ], [ 136.515125688, 36.428232634 ], [ 136.515112729, 36.428230019 ], [ 136.515088736, 36.428229967 ], [ 136.515067048, 36.428236528 ], [ 136.515021991, 36.428253623 ], [ 136.514998614, 36.428262321 ], [ 136.514989856, 36.428263069 ], [ 136.51498456, 36.42826137 ], [ 136.514977421, 36.428255191 ], [ 136.514960767, 36.428244331 ], [ 136.514950808, 36.428239188 ], [ 136.514943347, 36.428237693 ], [ 136.514936035, 36.428238562 ], [ 136.514929404, 36.428244083 ], [ 136.514916725, 36.428255147 ], [ 136.514896656, 36.428271778 ], [ 136.514889015, 36.428278416 ], [ 136.514881505, 36.428282782 ], [ 136.514870186, 36.428285765 ], [ 136.514860984, 36.428285462 ], [ 136.514852473, 36.428281871 ], [ 136.514848421, 36.428275851 ], [ 136.514844908, 36.428272697 ], [ 136.514826429, 36.428271365 ], [ 136.514808183, 36.428266096 ], [ 136.514791507, 36.428261155 ], [ 136.514776125, 36.428254471 ], [ 136.51474965, 36.428235883 ], [ 136.514736182, 36.428223643 ], [ 136.51471987, 36.428197718 ], [ 136.514714058, 36.42818719 ], [ 136.514702463, 36.428169812 ], [ 136.5146993, 36.428165115 ], [ 136.514697779, 36.428158836 ], [ 136.514699289, 36.428146584 ], [ 136.514703113, 36.428132792 ], [ 136.514704084, 36.428121684 ], [ 136.514703283, 36.428116727 ], [ 136.514695399, 36.428102359 ], [ 136.514690056, 36.428096287 ], [ 136.514667233, 36.428077326 ], [ 136.514660127, 36.428068699 ], [ 136.514656842, 36.428061683 ], [ 136.514653074, 36.428053631 ], [ 136.514641111, 36.428023916 ], [ 136.514634751, 36.428008375 ], [ 136.514627669, 36.427996886 ], [ 136.514620278, 36.427987065 ], [ 136.514612993, 36.427969645 ], [ 136.51460519, 36.427950279 ], [ 136.514598941, 36.427928751 ], [ 136.51459262, 36.427908598 ], [ 136.514591251, 36.427895868 ], [ 136.514590511, 36.427878529 ], [ 136.514588877, 36.427873987 ], [ 136.514581901, 36.427873313 ], [ 136.514574404, 36.427876214 ], [ 136.514561552, 36.427886792 ], [ 136.514550466, 36.427895498 ], [ 136.514544022, 36.427904647 ], [ 136.514532178, 36.427921699 ], [ 136.514517073, 36.427937759 ], [ 136.514514223, 36.427942831 ], [ 136.514513624, 36.427952708 ], [ 136.514507869, 36.427961861 ], [ 136.514488286, 36.427985976 ], [ 136.514478041, 36.427997052 ], [ 136.5144747, 36.428005523 ], [ 136.514468883, 36.428029489 ], [ 136.514459613, 36.428057687 ], [ 136.514446117, 36.42808708 ], [ 136.514428162, 36.428109386 ], [ 136.514401172, 36.428127351 ], [ 136.514381245, 36.428133574 ], [ 136.514363777, 36.428133722 ], [ 136.51435292, 36.42813561 ], [ 136.514344783, 36.428136297 ], [ 136.514333002, 36.428140616 ], [ 136.514312185, 36.428145129 ], [ 136.514237797, 36.428145696 ], [ 136.514173935, 36.428148026 ], [ 136.514020955, 36.428143263 ], [ 136.513977056, 36.428134987 ], [ 136.513948596, 36.42811682 ], [ 136.513939039, 36.428090374 ], [ 136.513931388, 36.428082599 ], [ 136.513927375, 36.428061008 ], [ 136.513922688, 36.428059762 ], [ 136.513918083, 36.428068826 ], [ 136.513925159, 36.42810522 ], [ 136.513932943, 36.428137277 ], [ 136.513947363, 36.428205742 ], [ 136.513955236, 36.428241424 ], [ 136.513955479, 36.428273246 ], [ 136.513953121, 36.428290824 ], [ 136.513950406, 36.428294441 ], [ 136.513945113, 36.428292031 ], [ 136.513939058, 36.42828534 ], [ 136.513925395, 36.428282926 ], [ 136.513916368, 36.428253341 ], [ 136.51390515, 36.428230894 ], [ 136.513872161, 36.428086889 ], [ 136.513837279, 36.427949327 ], [ 136.51382626, 36.427898613 ], [ 136.513822351, 36.427870891 ], [ 136.513821131, 36.427836791 ], [ 136.51382705, 36.42781379 ] ] ] } },
{ "type": "Feature", "properties": { "A54_001": "1", "A54_002": "17", "A54_003": "石川県", "A54_004": "17211", "A54_005": "能美市", "A54_006": "能美市0019" }, "geometry": { "type": "Polygon", "coordinates": [ [ [ 136.542668051, 36.427817301 ], [ 136.542636145, 36.427848635 ], [ 136.542624426, 36.427864123 ], [ 136.54261377, 36.427886442 ], [ 136.542602501, 36.427919025 ], [ 136.542585501, 36.42796496 ], [ 136.542578922, 36.427997211 ], [ 136.542573647, 36.428032674 ], [ 136.542572081, 36.428087747 ], [ 136.542570573, 36.428147771 ], [ 136.542576734, 36.428200379 ], [ 136.542587983, 36.428271271 ], [ 136.54259445, 36.428297686 ], [ 136.542603954, 36.428329932 ], [ 136.542612353, 36.428371728 ], [ 136.542615282, 36.428390854 ], [ 136.542610396, 36.428423648 ], [ 136.542604854, 36.428442106 ], [ 136.542592087, 36.428464681 ], [ 136.542577067, 36.428479766 ], [ 136.542557951, 36.428493168 ], [ 136.542526485, 36.428509206 ], [ 136.542499941, 36.428519869 ], [ 136.542473423, 36.428527416 ], [ 136.542433538, 36.428536139 ], [ 136.542398311, 36.428540525 ], [ 136.542319568, 36.428544238 ], [ 136.542309284, 36.428545371 ], [ 136.542279555, 36.428555186 ], [ 136.542251154, 36.42856532 ], [ 136.542227585, 36.428575761 ], [ 136.542214454, 36.42858412 ], [ 136.542197224, 36.428591151 ], [ 136.542175278, 36.428600532 ], [ 136.542157309, 36.428608154 ], [ 136.542147203, 36.428615151 ], [ 136.542132184, 36.428626264 ], [ 136.542125144, 36.428634035 ], [ 136.542120233, 36.428650288 ], [ 136.54210372, 36.428677784 ], [ 136.542084597, 36.428701187 ], [ 136.542070333, 36.428722834 ], [ 136.542039592, 36.428771586 ], [ 136.542023215, 36.428795803 ], [ 136.542008456, 36.428810474 ], [ 136.541984245, 36.428850646 ], [ 136.541949304, 36.428899407 ], [ 136.541932718, 36.428917704 ], [ 136.541911407, 36.428948543 ], [ 136.541894368, 36.428975249 ], [ 136.541874665, 36.428997788 ], [ 136.541852829, 36.429030078 ], [ 136.541853279, 36.429037974 ], [ 136.541857863, 36.429042983 ], [ 136.541858479, 36.429062305 ], [ 136.541864039, 36.429067631 ], [ 136.5418696, 36.429078877 ], [ 136.54191872, 36.429071863 ], [ 136.541939522, 36.429072388 ], [ 136.541996212, 36.429056287 ], [ 136.542052038, 36.429045778 ], [ 136.542101914, 36.42904043 ], [ 136.542156705, 36.429030954 ], [ 136.542205062, 36.429024807 ], [ 136.542240871, 36.429011908 ], [ 136.542288045, 36.428991174 ], [ 136.542366399, 36.4289582 ], [ 136.542405682, 36.428946773 ], [ 136.542441699, 36.428938875 ], [ 136.542478462, 36.428935121 ], [ 136.542501566, 36.428936904 ], [ 136.542534093, 36.428948914 ], [ 136.542556379, 36.428960158 ], [ 136.542562058, 36.428965885 ], [ 136.542553689, 36.428984477 ], [ 136.542655687, 36.429009685 ], [ 136.542751169, 36.42903402 ], [ 136.542825168, 36.42901787 ], [ 136.5431732, 36.42905815 ], [ 136.543199656, 36.429059447 ], [ 136.543541947, 36.429147114 ], [ 136.543667035, 36.429193967 ], [ 136.543763421, 36.429226822 ], [ 136.543899202, 36.429304982 ], [ 136.543949765, 36.429334326 ], [ 136.544184081, 36.429376875 ], [ 136.544373092, 36.42937209 ], [ 136.544487707, 36.429317797 ], [ 136.544529117, 36.429254762 ], [ 136.544491972, 36.429213955 ], [ 136.544468983, 36.42918528 ], [ 136.54446061, 36.429183473 ], [ 136.544426035, 36.429175764 ], [ 136.544402125, 36.429149538 ], [ 136.54437604, 36.429122542 ], [ 136.544359132, 36.429107616 ], [ 136.544335127, 36.429088863 ], [ 136.544305025, 36.429071851 ], [ 136.544254045, 36.429046488 ], [ 136.54423591, 36.429037483 ], [ 136.544214518, 36.429024777 ], [ 136.544198931, 36.429012486 ], [ 136.54417257, 36.428992433 ], [ 136.54416328, 36.428979328 ], [ 136.544158391, 36.428966639 ], [ 136.544159233, 36.428952993 ], [ 136.544169892, 36.428931423 ], [ 136.544188465, 36.428903151 ], [ 136.544206373, 36.428879075 ], [ 136.544226586, 36.428856843 ], [ 136.54424609, 36.428840801 ], [ 136.544270003, 36.428824071 ], [ 136.544309906, 36.428804983 ], [ 136.54434493, 36.428793889 ], [ 136.544366542, 36.428789492 ], [ 136.544360201, 36.428787184 ], [ 136.544353853, 36.428783818 ], [ 136.544362453, 36.428771096 ], [ 136.544409982, 36.42876822 ], [ 136.544430193, 36.428768664 ], [ 136.544481109, 36.428774971 ], [ 136.544522519, 36.428783398 ], [ 136.544552886, 36.428790173 ], [ 136.544572073, 36.428795377 ], [ 136.544582118, 36.428805875 ], [ 136.544634467, 36.428821603 ], [ 136.544644322, 36.428826877 ], [ 136.544810901, 36.42873217 ], [ 136.545090621, 36.428672783 ], [ 136.5450768, 36.428634283 ], [ 136.54508122, 36.428605445 ], [ 136.545098345, 36.428583932 ], [ 136.545123107, 36.428566463 ], [ 136.545155226, 36.428551437 ], [ 136.545187254, 36.428543154 ], [ 136.545235505, 36.428538298 ], [ 136.545258542, 36.428539367 ], [ 136.545324513, 36.428570283 ], [ 136.545335076, 36.42857105 ], [ 136.545352588, 36.428583842 ], [ 136.545404098, 36.428589963 ], [ 136.545524698, 36.428604033 ], [ 136.545563913, 36.428601032 ], [ 136.545602138, 36.428593986 ], [ 136.545664454, 36.428585387 ], [ 136.545698997, 36.428579276 ], [ 136.545740837, 36.428578814 ], [ 136.545816212, 36.428597071 ], [ 136.545850334, 36.428602441 ], [ 136.545898445, 36.428623191 ], [ 136.545916848, 36.428634711 ], [ 136.545940821, 36.428656439 ], [ 136.545970278, 36.428680814 ], [ 136.545990399, 36.428697773 ], [ 136.5459567, 36.428718964 ], [ 136.546030613, 36.428764811 ], [ 136.546059438, 36.428776356 ], [ 136.546110576, 36.42879453 ], [ 136.546131773, 36.428805442 ], [ 136.54616717, 36.428821928 ], [ 136.546191281, 36.428835585 ], [ 136.546215503, 36.428853753 ], [ 136.546240141, 36.428874891 ], [ 136.546300494, 36.428933003 ], [ 136.546325157, 36.428958952 ], [ 136.546315354, 36.428968261 ], [ 136.546536669, 36.429048338 ], [ 136.54656437, 36.429048261 ], [ 136.546620276, 36.429071394 ], [ 136.546718966, 36.429075549 ], [ 136.546760746, 36.429082294 ], [ 136.54682345, 36.429099779 ], [ 136.546866116, 36.429118525 ], [ 136.546893575, 36.42913576 ], [ 136.546918481, 36.429155066 ], [ 136.546937786, 36.429177867 ], [ 136.546948449, 36.429202849 ], [ 136.546981326, 36.429267096 ], [ 136.5469842, 36.429274827 ], [ 136.547075285, 36.42934933 ], [ 136.547096845, 36.429323248 ], [ 136.547108428, 36.429306453 ], [ 136.54712306, 36.429275312 ], [ 136.54713544, 36.429248246 ], [ 136.547136548, 36.429186943 ], [ 136.547133365, 36.429162713 ], [ 136.547168442, 36.429140144 ], [ 136.547185686, 36.42912348 ], [ 136.547197475, 36.429108734 ], [ 136.547208408, 36.429081371 ], [ 136.547213285, 36.429058725 ], [ 136.547214005, 36.429026895 ], [ 136.54672104, 36.4285534 ], [ 136.546704672, 36.428562811 ], [ 136.546677859, 36.428560157 ], [ 136.546641793, 36.428553059 ], [ 136.546610219, 36.428545714 ], [ 136.546573766, 36.428533655 ], [ 136.546530508, 36.42851199 ], [ 136.546504951, 36.428495596 ], [ 136.546475959, 36.428474825 ], [ 136.546444605, 36.428449023 ], [ 136.546423604, 36.428426242 ], [ 136.54640127, 36.428396837 ], [ 136.546377575, 36.428361987 ], [ 136.546356029, 36.428317661 ], [ 136.546333716, 36.428276394 ], [ 136.546327351, 36.428264609 ], [ 136.546304513, 36.428229391 ], [ 136.54628502, 36.428206173 ], [ 136.546269011, 36.428188998 ], [ 136.546246835, 36.428172027 ], [ 136.546199515, 36.428132384 ], [ 136.546167233, 36.428106535 ], [ 136.546157809, 36.428099704 ], [ 136.546145506, 36.428091005 ], [ 136.546114309, 36.428082534 ], [ 136.546080965, 36.428072821 ], [ 136.545868281, 36.427985192 ], [ 136.545634316, 36.42795434 ], [ 136.54534426, 36.427876766 ], [ 136.545271458, 36.427881135 ], [ 136.545271984, 36.427888734 ], [ 136.545280413, 36.427899342 ], [ 136.54528047, 36.427910619 ], [ 136.545272438, 36.427934841 ], [ 136.545272482, 36.42794778 ], [ 136.54527388, 36.427956452 ], [ 136.545262052, 36.42798559 ], [ 136.545252581, 36.428009132 ], [ 136.545238783, 36.428027577 ], [ 136.545226062, 36.428039855 ], [ 136.545218001, 36.428046334 ], [ 136.54519795, 36.428057387 ], [ 136.545166595, 36.428068738 ], [ 136.54513022, 36.428077918 ], [ 136.545085541, 36.428085045 ], [ 136.545019908, 36.428093413 ], [ 136.544958787, 36.42810081 ], [ 136.544880289, 36.428113283 ], [ 136.544846576, 36.428121209 ], [ 136.544794027, 36.42813963 ], [ 136.544743041, 36.428155359 ], [ 136.544689707, 36.428167557 ], [ 136.544652211, 36.428173238 ], [ 136.544616489, 36.428172491 ], [ 136.544576218, 36.428165219 ], [ 136.544536792, 36.428148668 ], [ 136.544518776, 36.42813837 ], [ 136.544505655, 36.428132401 ], [ 136.544482508, 36.428123446 ], [ 136.544352081, 36.428150162 ], [ 136.544243451, 36.428201088 ], [ 136.544127742, 36.428255946 ], [ 136.543963284, 36.428301106 ], [ 136.543894943, 36.428318899 ], [ 136.543849458, 36.428321154 ], [ 136.543798051, 36.428325248 ], [ 136.543771398, 36.428327711 ], [ 136.543750379, 36.428333551 ], [ 136.543737268, 36.428339536 ], [ 136.543715834, 36.428351376 ], [ 136.54370445, 36.428361643 ], [ 136.543697058, 36.428368252 ], [ 136.543683134, 36.428384085 ], [ 136.54367601, 36.428393899 ], [ 136.543671232, 36.428422362 ], [ 136.543682201, 36.428427404 ], [ 136.54365343, 36.428464282 ], [ 136.543642774, 36.428475266 ], [ 136.5436273, 36.4284829 ], [ 136.543610704, 36.428484119 ], [ 136.543593241, 36.428478924 ], [ 136.543573052, 36.42847051 ], [ 136.543540719, 36.428450092 ], [ 136.54351469, 36.428428561 ], [ 136.543485792, 36.428406696 ], [ 136.543472208, 36.428398316 ], [ 136.543454503, 36.428391339 ], [ 136.543435336, 36.428389368 ], [ 136.54340842, 36.428396112 ], [ 136.543378364, 36.428410199 ], [ 136.543344827, 36.42842699 ], [ 136.543315366, 36.428440012 ], [ 136.543286482, 36.428450885 ], [ 136.543258381, 36.428458928 ], [ 136.543210711, 36.428462626 ], [ 136.543171668, 36.428462422 ], [ 136.543138919, 36.428457525 ], [ 136.543097466, 36.428446626 ], [ 136.543051799, 36.42842553 ], [ 136.543028012, 36.428408195 ], [ 136.543018602, 36.428401061 ], [ 136.543004903, 36.428388645 ], [ 136.542978158, 36.428361457 ], [ 136.542954509, 36.428330271 ], [ 136.542928799, 36.428287287 ], [ 136.542915422, 36.428256382 ], [ 136.542907874, 36.428245897 ], [ 136.542895788, 36.428233726 ], [ 136.542880521, 36.428212645 ], [ 136.54287447, 36.428198369 ], [ 136.542870019, 36.428178243 ], [ 136.542867284, 36.428150517 ], [ 136.542858084, 36.428129849 ], [ 136.542844822, 36.428096003 ], [ 136.542839619, 36.428065728 ], [ 136.542839544, 36.428038309 ], [ 136.542843163, 36.428000569 ], [ 136.542856842, 36.427936532 ], [ 136.542835346, 36.42791145 ], [ 136.542697101, 36.427834234 ], [ 136.542668051, 36.427817301 ] ] ] } },
{ "type": "Feature", "properties": { "A54_001": "1", "A54_002": "17", "A54_003": "石川県", "A54_004": "17211", "A54_005": "能美市", "A54_006": "能美市0020" }, "geometry": { "type": "Polygon", "coordinates": [ [ [ 136.512735798, 36.428162981 ], [ 136.512707429, 36.428158798 ], [ 136.512661658, 36.42815783 ], [ 136.512589945, 36.428158772 ], [ 136.512524764, 36.428160546 ], [ 136.512504535, 36.428164204 ], [ 136.512487533, 36.428171301 ], [ 136.512479605, 36.428176412 ], [ 136.512460437, 36.428181733 ], [ 136.512450855, 36.428187904 ], [ 136.512431223, 36.428188475 ], [ 136.512427669, 36.428192118 ], [ 136.512429482, 36.428196062 ], [ 136.512457332, 36.428195672 ], [ 136.512481332, 36.428194311 ], [ 136.51248682, 36.428200039 ], [ 136.512485615, 36.428203695 ], [ 136.512469295, 36.428209438 ], [ 136.512440512, 36.428220947 ], [ 136.512405767, 36.428236358 ], [ 136.512386433, 36.428244314 ], [ 136.512389763, 36.428247278 ], [ 136.512422913, 36.428237925 ], [ 136.512465266, 36.428228467 ], [ 136.512550704, 36.428212801 ], [ 136.512606187, 36.42819514 ], [ 136.51261975, 36.428189556 ], [ 136.512617075, 36.428188456 ], [ 136.512603867, 36.428186058 ], [ 136.512589305, 36.428184971 ], [ 136.512582322, 36.428183227 ], [ 136.512611313, 36.42817827 ], [ 136.512676568, 36.428171292 ], [ 136.512725932, 36.428165235 ], [ 136.512735798, 36.428162981 ] ] ] } },
{ "type": "Feature", "properties": { "A54_001": "1", "A54_002": "17", "A54_003": "石川県", "A54_004": "17211", "A54_005": "能美市", "A54_006": "能美市0021" }, "geometry": { "type": "Polygon", "coordinates": [ [ [ 136.513197589, 36.428175362 ], [ 136.513202763, 36.428164227 ], [ 136.513188318, 36.428160583 ], [ 136.51314722, 36.428154699 ], [ 136.513097373, 36.42815477 ], [ 136.513084796, 36.428153405 ], [ 136.513077398, 36.428153852 ], [ 136.513074318, 36.428155341 ], [ 136.513098458, 36.428163801 ], [ 136.513132654, 36.428170107 ], [ 136.513147286, 36.428175901 ], [ 136.513188279, 36.428176718 ], [ 136.513197589, 36.428175362 ] ] ] } },
{ "type": "Feature", "properties": { "A54_001": "1", "A54_002": "17", "A54_003": "石川県", "A54_004": "17361", "A54_005": "津幡町", "A54_006": "津幡町0001" }, "geometry": { "type": "Polygon", "coordinates": [ [ [ 136.748012464, 36.683647221 ], [ 136.74823448, 36.683651577 ], [ 136.748398651, 36.683677191 ], [ 136.748487561, 36.683659619 ], [ 136.748545697, 36.683584713 ], [ 136.748550466, 36.683523926 ], [ 136.748555119, 36.683484599 ], [ 136.748590935, 36.683431074 ], [ 136.74859136, 36.683352389 ], [ 136.748587151, 36.683309454 ], [ 136.748667432, 36.683245355 ], [ 136.748761169, 36.683156267 ], [ 136.748828301, 36.683059932 ], [ 136.748948624, 36.682981667 ], [ 136.749010987, 36.682946119 ], [ 136.748980404, 36.682853018 ], [ 136.748940921, 36.682763462 ], [ 136.748932561, 36.682666862 ], [ 136.748902056, 36.682559455 ], [ 136.748768798, 36.68256614 ], [ 136.748680043, 36.682555099 ], [ 136.748618048, 36.682522691 ], [ 136.748608799, 36.682590616 ], [ 136.748559701, 36.68263694 ], [ 136.748475174, 36.682665257 ], [ 136.748426037, 36.682718735 ], [ 136.748389931, 36.682825909 ], [ 136.748212073, 36.682868204 ], [ 136.748047478, 36.682921276 ], [ 136.747949531, 36.682967429 ], [ 136.747927057, 36.683017424 ], [ 136.747962292, 36.683071198 ], [ 136.748002026, 36.683114258 ], [ 136.748019498, 36.683167969 ], [ 136.747992776, 36.683182182 ], [ 136.747908249, 36.683210499 ], [ 136.747827871, 36.68329248 ], [ 136.747764946, 36.683431749 ], [ 136.747764617, 36.683492552 ], [ 136.747857213, 36.683614485 ], [ 136.748012464, 36.683647221 ] ] ] } },
{ "type": "Feature", "properties": { "A54_001": "1", "A54_002": "17", "A54_003": "石川県", "A54_004": "17361", "A54_005": "津幡町", "A54_006": "津幡町0002" }, "geometry": { "type": "Polygon", "coordinates": [ [ [ 136.745785567, 36.684025655 ], [ 136.745945725, 36.683972571 ], [ 136.746012919, 36.683865507 ], [ 136.746049106, 36.683744028 ], [ 136.746071679, 36.683676151 ], [ 136.746111957, 36.683619066 ], [ 136.746165615, 36.683551298 ], [ 136.746121674, 36.683465303 ], [ 136.746086654, 36.683372185 ], [ 136.746113707, 36.68329717 ], [ 136.746189432, 36.683254518 ], [ 136.746348986, 36.683312308 ], [ 136.746477338, 36.683391447 ], [ 136.746578872, 36.683502683 ], [ 136.746694156, 36.683535279 ], [ 136.746920612, 36.683539654 ], [ 136.746934536, 36.683428826 ], [ 136.746952609, 36.683371663 ], [ 136.747086412, 36.683264834 ], [ 136.747122151, 36.683225616 ], [ 136.746976831, 36.682999773 ], [ 136.746790361, 36.682991962 ], [ 136.746670716, 36.682945044 ], [ 136.746600189, 36.682848225 ], [ 136.746574167, 36.682733679 ], [ 136.746516633, 36.682697709 ], [ 136.74634783, 36.682707844 ], [ 136.746214843, 36.682664454 ], [ 136.746028939, 36.682552921 ], [ 136.745807004, 36.682534253 ], [ 136.745731591, 36.68251968 ], [ 136.745679004, 36.682390733 ], [ 136.74545779, 36.682239731 ], [ 136.745280438, 36.68218903 ], [ 136.745014176, 36.682155898 ], [ 136.744787548, 36.682183709 ], [ 136.744699087, 36.682119015 ], [ 136.74420974, 36.682278231 ], [ 136.743996081, 36.682370467 ], [ 136.744022002, 36.682502897 ], [ 136.743554952, 36.682644306 ], [ 136.743558786, 36.682755197 ], [ 136.74364222, 36.682927174 ], [ 136.743842089, 36.68292073 ], [ 136.743983936, 36.682967731 ], [ 136.744152564, 36.682989789 ], [ 136.744263776, 36.682954417 ], [ 136.744308476, 36.682900925 ], [ 136.744370235, 36.682976254 ], [ 136.744418985, 36.68299431 ], [ 136.744556626, 36.682998375 ], [ 136.74467631, 36.683038142 ], [ 136.744786819, 36.683131528 ], [ 136.744812878, 36.683238921 ], [ 136.744870217, 36.683310657 ], [ 136.745025466, 36.683343397 ], [ 136.745158881, 36.683308102 ], [ 136.745207865, 36.683283239 ], [ 136.745278371, 36.683383636 ], [ 136.745362159, 36.683491232 ], [ 136.745379046, 36.683652243 ], [ 136.745480559, 36.683767056 ], [ 136.745497815, 36.683860111 ], [ 136.745501847, 36.683935235 ], [ 136.745568205, 36.683981967 ], [ 136.745665687, 36.684021655 ], [ 136.745785567, 36.684025655 ] ] ] } },
{ "type": "Feature", "properties": { "A54_001": "1", "A54_002": "17", "A54_003": "石川県", "A54_004": "17361", "A54_005": "津幡町", "A54_006": "津幡町0003" }, "geometry": { "type": "Polygon", "coordinates": [ [ [ 136.747080617, 36.681877059 ], [ 136.7471742, 36.681816585 ], [ 136.7472277, 36.68177743 ], [ 136.747281763, 36.681634553 ], [ 136.747344183, 36.681588276 ], [ 136.747450874, 36.681567191 ], [ 136.747539763, 36.681553197 ], [ 136.747602183, 36.68150692 ], [ 136.747585021, 36.681395982 ], [ 136.747421185, 36.681309565 ], [ 136.747363904, 36.6812271 ], [ 136.747219556, 36.680822426 ], [ 136.747290876, 36.680772603 ], [ 136.747499814, 36.680730418 ], [ 136.747646333, 36.680734511 ], [ 136.747783835, 36.680763608 ], [ 136.747881759, 36.680721032 ], [ 136.748103709, 36.680736118 ], [ 136.748326625, 36.680572374 ], [ 136.748420167, 36.680519052 ], [ 136.748402617, 36.680479647 ], [ 136.748052048, 36.680435495 ], [ 136.747821257, 36.680413224 ], [ 136.74775907, 36.680416582 ], [ 136.747644043, 36.68033749 ], [ 136.747519805, 36.68031917 ], [ 136.747133364, 36.680339269 ], [ 136.746924446, 36.680377877 ], [ 136.746848938, 36.680381188 ], [ 136.746694102, 36.680273341 ], [ 136.746605661, 36.680205072 ], [ 136.746556873, 36.68019417 ], [ 136.746521932, 36.680086746 ], [ 136.746500351, 36.679972216 ], [ 136.746456315, 36.679904104 ], [ 136.74647468, 36.679793291 ], [ 136.74640371, 36.679778734 ], [ 136.746359382, 36.679764271 ], [ 136.746270787, 36.679724615 ], [ 136.746115428, 36.679713337 ], [ 136.746088863, 36.679698936 ], [ 136.746142596, 36.679616862 ], [ 136.746040543, 36.679602195 ], [ 136.745933816, 36.679630431 ], [ 136.745725288, 36.679597505 ], [ 136.745667115, 36.679679563 ], [ 136.745640043, 36.679758154 ], [ 136.745603838, 36.67988321 ], [ 136.745651633, 36.68007652 ], [ 136.745588726, 36.680212212 ], [ 136.745605923, 36.680315997 ], [ 136.745712398, 36.680334257 ], [ 136.745858702, 36.680377694 ], [ 136.745969987, 36.680328013 ], [ 136.746125425, 36.680324985 ], [ 136.746191469, 36.680428943 ], [ 136.746145936, 36.68063623 ], [ 136.746109634, 36.680779169 ], [ 136.746153592, 36.680861588 ], [ 136.746269046, 36.680861995 ], [ 136.746398211, 36.680790917 ], [ 136.746558614, 36.680691336 ], [ 136.746656209, 36.680709564 ], [ 136.746722273, 36.680809944 ], [ 136.746721458, 36.680960162 ], [ 136.746787659, 36.681035505 ], [ 136.746782441, 36.681178555 ], [ 136.746865881, 36.68135053 ], [ 136.746868982, 36.681597332 ], [ 136.746988529, 36.681662134 ], [ 136.747040729, 36.681862612 ], [ 136.747080617, 36.681877059 ] ] ] } },
{ "type": "Feature", "properties": { "A54_001": "1", "A54_002": "17", "A54_003": "石川県", "A54_004": "17361", "A54_005": "津幡町", "A54_006": "津幡町0004" }, "geometry": { "type": "Polygon", "coordinates": [ [ [ 136.745402302, 36.681828216 ], [ 136.745438255, 36.681749656 ], [ 136.745421272, 36.681606528 ], [ 136.745417415, 36.681499214 ], [ 136.745346795, 36.681420277 ], [ 136.745276057, 36.6813628 ], [ 136.745250096, 36.681237524 ], [ 136.745175132, 36.681140688 ], [ 136.744940367, 36.681032557 ], [ 136.744834106, 36.680974954 ], [ 136.744727962, 36.68089589 ], [ 136.744653038, 36.680791901 ], [ 136.744649203, 36.68068101 ], [ 136.744636213, 36.680620161 ], [ 136.744507711, 36.680569632 ], [ 136.744383298, 36.680583497 ], [ 136.744281166, 36.680583135 ], [ 136.744201431, 36.680547086 ], [ 136.744126841, 36.680382294 ], [ 136.744096891, 36.68017474 ], [ 136.744061972, 36.680063738 ], [ 136.744066803, 36.679992222 ], [ 136.744138418, 36.679888752 ], [ 136.744134622, 36.679770708 ], [ 136.743997768, 36.679623578 ], [ 136.743962616, 36.679555496 ], [ 136.744030571, 36.679308946 ], [ 136.743555501, 36.679296529 ], [ 136.743533084, 36.679335793 ], [ 136.743568001, 36.679446795 ], [ 136.743576275, 36.679557701 ], [ 136.743522325, 36.679679117 ], [ 136.743504347, 36.679718397 ], [ 136.743499359, 36.679818526 ], [ 136.743467728, 36.679918561 ], [ 136.743391672, 36.680022015 ], [ 136.743430756, 36.680183105 ], [ 136.743567062, 36.68043038 ], [ 136.743593079, 36.680544927 ], [ 136.743551471, 36.680845221 ], [ 136.743666417, 36.680938623 ], [ 136.743683573, 36.681049561 ], [ 136.74367876, 36.681117501 ], [ 136.743971857, 36.681114965 ], [ 136.744242653, 36.681130232 ], [ 136.744482073, 36.681199038 ], [ 136.744632701, 36.681263952 ], [ 136.744636556, 36.681371266 ], [ 136.744720732, 36.681407331 ], [ 136.74476911, 36.681493343 ], [ 136.74474194, 36.681589817 ], [ 136.744754813, 36.681672127 ], [ 136.744834451, 36.681726059 ], [ 136.744985353, 36.6817409 ], [ 136.745065362, 36.681726876 ], [ 136.745149285, 36.681809437 ], [ 136.745273485, 36.681834913 ], [ 136.745402302, 36.681828216 ] ] ] } },
{ "type": "Feature", "properties": { "A54_001": "1", "A54_002": "17", "A54_003": "石川県", "A54_004": "17361", "A54_005": "津幡町", "A54_006": "津幡町0005" }, "geometry": { "type": "Polygon", "coordinates": [ [ [ 136.748389193, 36.678978508 ], [ 136.74855762, 36.679036326 ], [ 136.748682204, 36.678990267 ], [ 136.748757962, 36.678940459 ], [ 136.748762789, 36.678868942 ], [ 136.748652976, 36.678646802 ], [ 136.748520247, 36.678556919 ], [ 136.748596333, 36.678446309 ], [ 136.748539071, 36.678360267 ], [ 136.748312998, 36.67828794 ], [ 136.748170905, 36.678287441 ], [ 136.748081826, 36.678337201 ], [ 136.748032575, 36.678412139 ], [ 136.748040895, 36.678515892 ], [ 136.74804043, 36.678601731 ], [ 136.747986506, 36.678719572 ], [ 136.747923218, 36.678926797 ], [ 136.74793592, 36.679041296 ], [ 136.748051236, 36.679066738 ], [ 136.748228892, 36.679060209 ], [ 136.748304592, 36.679021131 ], [ 136.748389193, 36.678978508 ] ] ] } },
{ "type": "Feature", "properties": { "A54_001": "1", "A54_002": "17", "A54_003": "石川県", "A54_004": "17361", "A54_005": "津幡町", "A54_006": "津幡町0006" }, "geometry": { "type": "Polygon", "coordinates": [ [ [ 136.746000081, 36.678998709 ], [ 136.746111461, 36.678931145 ], [ 136.746045477, 36.678816458 ], [ 136.746014822, 36.678737663 ], [ 136.745989016, 36.678583774 ], [ 136.745967903, 36.678383405 ], [ 136.746018264, 36.678104601 ], [ 136.746108472, 36.677847398 ], [ 136.746064826, 36.677707753 ], [ 136.746021337, 36.677539495 ], [ 136.745960027, 36.677381904 ], [ 136.745822668, 36.677327769 ], [ 136.745698339, 36.67732733 ], [ 136.745663108, 36.677273555 ], [ 136.745881716, 36.677084763 ], [ 136.746002071, 36.676999347 ], [ 136.746042598, 36.676895766 ], [ 136.746078937, 36.676745674 ], [ 136.746057397, 36.67662399 ], [ 136.745840114, 36.676569572 ], [ 136.745764784, 36.676540693 ], [ 136.745725561, 36.67640464 ], [ 136.745767255, 36.676086462 ], [ 136.745683104, 36.676046821 ], [ 136.745536575, 36.676046303 ], [ 136.745461558, 36.675960197 ], [ 136.7451277, 36.676112814 ], [ 136.744945454, 36.676147936 ], [ 136.74491408, 36.676201475 ], [ 136.7449526, 36.676466287 ], [ 136.744893765, 36.67666995 ], [ 136.744882252, 36.677152762 ], [ 136.744721171, 36.677377523 ], [ 136.744715541, 36.677595681 ], [ 136.744696531, 36.677824522 ], [ 136.744650273, 36.678164143 ], [ 136.74446771, 36.67825649 ], [ 136.744267189, 36.67838454 ], [ 136.744199743, 36.678538099 ], [ 136.744274332, 36.678702891 ], [ 136.744539879, 36.678864783 ], [ 136.744845606, 36.678987473 ], [ 136.744983142, 36.67900942 ], [ 136.745164752, 36.679092327 ], [ 136.74533345, 36.679100077 ], [ 136.745453751, 36.679025392 ], [ 136.745569222, 36.679022224 ], [ 136.745685939, 36.678790151 ], [ 136.745660152, 36.678632686 ], [ 136.745572512, 36.678417775 ], [ 136.745533191, 36.678299605 ], [ 136.745555704, 36.678242458 ], [ 136.745644454, 36.678253502 ], [ 136.745759087, 36.678404128 ], [ 136.745806939, 36.678586708 ], [ 136.745943114, 36.678859017 ], [ 136.746000081, 36.678998709 ] ] ] } },
{ "type": "Feature", "properties": { "A54_001": "1", "A54_002": "17", "A54_003": "石川県", "A54_004": "17361", "A54_005": "津幡町", "A54_006": "津幡町0007" }, "geometry": { "type": "Polygon", "coordinates": [ [ [ 136.74749697, 36.674699536 ], [ 136.747551376, 36.674492279 ], [ 136.7476052, 36.674392321 ], [ 136.74766329, 36.674324568 ], [ 136.747862905, 36.674361037 ], [ 136.747929875, 36.674293315 ], [ 136.748054799, 36.674182877 ], [ 136.748317755, 36.67400139 ], [ 136.748455999, 36.673890997 ], [ 136.748705671, 36.673702309 ], [ 136.748803857, 36.67360966 ], [ 136.748817737, 36.673505984 ], [ 136.748751251, 36.673484291 ], [ 136.748675634, 36.673509062 ], [ 136.748564302, 36.673569475 ], [ 136.748484554, 36.673537005 ], [ 136.748347432, 36.673439953 ], [ 136.748209904, 36.67341801 ], [ 136.74804562, 36.673417433 ], [ 136.747983245, 36.673456557 ], [ 136.747974133, 36.673499446 ], [ 136.748089286, 36.673553501 ], [ 136.74802666, 36.673639121 ], [ 136.747901988, 36.673703063 ], [ 136.747808687, 36.673713465 ], [ 136.747742007, 36.673727538 ], [ 136.747732953, 36.673759696 ], [ 136.747786118, 36.673781343 ], [ 136.74771938, 36.673806145 ], [ 136.747599322, 36.673837913 ], [ 136.747479012, 36.673916177 ], [ 136.747478663, 36.673980557 ], [ 136.747212254, 36.673979619 ], [ 136.747070305, 36.673954082 ], [ 136.747021852, 36.673882378 ], [ 136.746995831, 36.673767832 ], [ 136.746996375, 36.673667686 ], [ 136.747094445, 36.673596498 ], [ 136.747121358, 36.673546519 ], [ 136.747095182, 36.673460586 ], [ 136.747113234, 36.673407 ], [ 136.747064819, 36.673328142 ], [ 136.74700291, 36.673281427 ], [ 136.746931771, 36.67329906 ], [ 136.746860419, 36.673356035 ], [ 136.7467626, 36.673380727 ], [ 136.746642426, 36.673433954 ], [ 136.746544277, 36.673519449 ], [ 136.746508407, 36.673583703 ], [ 136.746507436, 36.673762534 ], [ 136.74656029, 36.673841407 ], [ 136.746563992, 36.673977335 ], [ 136.746519125, 36.674063017 ], [ 136.746434606, 36.674091332 ], [ 136.746239512, 36.67404057 ], [ 136.746026909, 36.673943249 ], [ 136.745978534, 36.673857238 ], [ 136.74601014, 36.673760779 ], [ 136.746091074, 36.673575077 ], [ 136.746091968, 36.673410552 ], [ 136.746110331, 36.673299739 ], [ 136.746008383, 36.673267189 ], [ 136.74586184, 36.673270248 ], [ 136.745746067, 36.673330643 ], [ 136.745630526, 36.673348118 ], [ 136.745541276, 36.673430067 ], [ 136.745398005, 36.673647738 ], [ 136.745481978, 36.673719569 ], [ 136.745472864, 36.673762457 ], [ 136.745379251, 36.673830083 ], [ 136.745272142, 36.673929852 ], [ 136.745027817, 36.673950447 ], [ 136.744890504, 36.673889158 ], [ 136.744793601, 36.673745747 ], [ 136.744713445, 36.673788383 ], [ 136.7446336, 36.673773794 ], [ 136.744535527, 36.67384498 ], [ 136.74442468, 36.673815974 ], [ 136.744269157, 36.673836882 ], [ 136.744180198, 36.673865181 ], [ 136.74416637, 36.673958125 ], [ 136.744170576, 36.674001061 ], [ 136.744356164, 36.674166246 ], [ 136.744630733, 36.674299557 ], [ 136.744874415, 36.674396991 ], [ 136.744932118, 36.674400772 ], [ 136.744999208, 36.674311592 ], [ 136.745172043, 36.674373007 ], [ 136.745415708, 36.674474016 ], [ 136.745517734, 36.674492261 ], [ 136.745664319, 36.674482049 ], [ 136.745987771, 36.674608375 ], [ 136.746085494, 36.674601567 ], [ 136.746364876, 36.674666933 ], [ 136.746414049, 36.674606303 ], [ 136.746902178, 36.674661675 ], [ 136.74700882, 36.674647743 ], [ 136.747434788, 36.674702894 ], [ 136.74749697, 36.674699536 ] ], [ [ 136.748463032, 36.673587602 ], [ 136.748517364, 36.673587149 ], [ 136.748607601, 36.673595833 ], [ 136.748652287, 36.673606287 ], [ 136.748671434, 36.673611503 ], [ 136.748667352, 36.673627578 ], [ 136.74865213, 36.673635248 ], [ 136.748583417, 36.67363565 ], [ 136.748500384, 36.673624418 ], [ 136.748456564, 36.673601739 ], [ 136.748463032, 36.673587602 ] ] ] } },
{ "type": "Feature", "properties": { "A54_001": "1", "A54_002": "17", "A54_003": "石川県", "A54_004": "17361", "A54_005": "津幡町", "A54_006": "津幡町0008" }, "geometry": { "type": "Polygon", "coordinates": [ [ [ 136.741046977, 36.674326399 ], [ 136.7411136, 36.674323061 ], [ 136.741153207, 36.674387583 ], [ 136.741295823, 36.674291521 ], [ 136.741367181, 36.674234549 ], [ 136.741362957, 36.67419519 ], [ 136.741243033, 36.674201915 ], [ 136.741270323, 36.674083982 ], [ 136.741226708, 36.673940759 ], [ 136.741227396, 36.673815577 ], [ 136.741272388, 36.673708437 ], [ 136.741184234, 36.673590091 ], [ 136.741108988, 36.673546902 ], [ 136.740762284, 36.67361362 ], [ 136.740708806, 36.673649196 ], [ 136.740703618, 36.673785092 ], [ 136.740592398, 36.673824038 ], [ 136.740596503, 36.673884856 ], [ 136.74059159, 36.673970679 ], [ 136.740422195, 36.674091681 ], [ 136.74036911, 36.674055724 ], [ 136.740311289, 36.6740734 ], [ 136.740328577, 36.674159303 ], [ 136.740403291, 36.674299061 ], [ 136.74054514, 36.674342489 ], [ 136.740695968, 36.674368065 ], [ 136.740842474, 36.674372165 ], [ 136.740886738, 36.674397361 ], [ 136.741046977, 36.674326399 ] ], [ [ 136.740918918, 36.674199014 ], [ 136.740949221, 36.674192397 ], [ 136.7409815, 36.674205964 ], [ 136.740979292, 36.674227814 ], [ 136.740970897, 36.67423619 ], [ 136.740946856, 36.67424283 ], [ 136.740920811, 36.67423433 ], [ 136.740909433, 36.674215794 ], [ 136.740918918, 36.674199014 ] ], [ [ 136.74105135, 36.674219664 ], [ 136.741078642, 36.674191178 ], [ 136.741106922, 36.674172784 ], [ 136.741130917, 36.674174551 ], [ 136.741144392, 36.674191413 ], [ 136.741149466, 36.674217493 ], [ 136.741143089, 36.674238487 ], [ 136.74105649, 36.674233974 ], [ 136.74105135, 36.674219664 ] ] ] } },
{ "type": "Feature", "properties": { "A54_001": "1", "A54_002": "17", "A54_003": "石川県", "A54_004": "17384", "A54_005": "志賀町", "A54_006": "志賀町014" }, "geometry": { "type": "Polygon", "coordinates": [ [ [ 136.78611829, 37.033900362 ], [ 136.786134511, 37.033927251 ], [ 136.786153855, 37.033954573 ], [ 136.786169855, 37.033976117 ], [ 136.786196647, 37.033999867 ], [ 136.786217561, 37.034018787 ], [ 136.786247341, 37.034042727 ], [ 136.786258654, 37.034052992 ], [ 136.786296592, 37.03407548 ], [ 136.786324178, 37.03409096 ], [ 136.786351354, 37.034107304 ], [ 136.786382244, 37.034122903 ], [ 136.786442733, 37.034147221 ], [ 136.786472385, 37.034158536 ], [ 136.786506089, 37.034173297 ], [ 136.786539479, 37.034190399 ], [ 136.786565136, 37.034204945 ], [ 136.786588143, 37.034218915 ], [ 136.786610791, 37.034232892 ], [ 136.786655622, 37.034259206 ], [ 136.78671614, 37.03429331 ], [ 136.786732271, 37.034304419 ], [ 136.786747183, 37.034312055 ], [ 136.786762547, 37.034312464 ], [ 136.786801758, 37.034305002 ], [ 136.786842768, 37.03429067 ], [ 136.786897446, 37.034253708 ], [ 136.786926511, 37.034229497 ], [ 136.786940956, 37.034217981 ], [ 136.786956857, 37.034207722 ], [ 136.78699333, 37.03419014 ], [ 136.787014521, 37.034180521 ], [ 136.787026387, 37.034158796 ], [ 136.787024099, 37.034139666 ], [ 136.787022753, 37.034114212 ], [ 136.787025277, 37.034074669 ], [ 136.787032904, 37.034044017 ], [ 136.787047209, 37.033990633 ], [ 136.787057694, 37.033952737 ], [ 136.787069956, 37.033894363 ], [ 136.787069316, 37.033858089 ], [ 136.787067079, 37.033828722 ], [ 136.787066011, 37.033815075 ], [ 136.787064377, 37.033795704 ], [ 136.787061439, 37.03378963 ], [ 136.787054283, 37.033775323 ], [ 136.787041273, 37.033751455 ], [ 136.787027845, 37.033727856 ], [ 136.787015286, 37.033710378 ], [ 136.78700305, 37.033695965 ], [ 136.786998616, 37.033692401 ], [ 136.786994097, 37.033690304 ], [ 136.786990069, 37.033688841 ], [ 136.786985667, 37.033687835 ], [ 136.78697826, 37.033687821 ], [ 136.786970021, 37.033687866 ], [ 136.786963323, 37.033689845 ], [ 136.786953454, 37.033694266 ], [ 136.786942818, 37.033699359 ], [ 136.78692622, 37.033709615 ], [ 136.786910447, 37.033719288 ], [ 136.786888199, 37.033733347 ], [ 136.786861174, 37.033749788 ], [ 136.786847454, 37.033757882 ], [ 136.786839101, 37.033762649 ], [ 136.786826292, 37.033768394 ], [ 136.786815896, 37.033772659 ], [ 136.786805308, 37.033776951 ], [ 136.78678901, 37.033781305 ], [ 136.786775806, 37.033782822 ], [ 136.786758081, 37.033782693 ], [ 136.786746996, 37.033780738 ], [ 136.786730653, 37.033776036 ], [ 136.786722927, 37.033772352 ], [ 136.786714069, 37.033767899 ], [ 136.78670511, 37.033761166 ], [ 136.786697467, 37.033754365 ], [ 136.786688606, 37.033741405 ], [ 136.786683942, 37.03373236 ], [ 136.7866809, 37.033717932 ], [ 136.78667796, 37.033694267 ], [ 136.786678713, 37.033680806 ], [ 136.786680967, 37.033627708 ], [ 136.786683852, 37.033562959 ], [ 136.786682889, 37.033517069 ], [ 136.78668089, 37.033467003 ], [ 136.786677773, 37.033404561 ], [ 136.78667729, 37.03335258 ], [ 136.78667528, 37.033259556 ], [ 136.786673382, 37.033168893 ], [ 136.786670727, 37.033090303 ], [ 136.786662313, 37.033014858 ], [ 136.786654404, 37.032968927 ], [ 136.786649239, 37.032947508 ], [ 136.786641604, 37.03292545 ], [ 136.786635859, 37.032912203 ], [ 136.786627444, 37.032897838 ], [ 136.786619799, 37.032889045 ], [ 136.786612449, 37.032882038 ], [ 136.786605302, 37.032877041 ], [ 136.786600024, 37.032873915 ], [ 136.786593237, 37.032871108 ], [ 136.786586321, 37.032869545 ], [ 136.786565165, 37.032865413 ], [ 136.786488617, 37.032852065 ], [ 136.786432632, 37.032840089 ], [ 136.786416298, 37.032838199 ], [ 136.786398806, 37.032838431 ], [ 136.786390626, 37.032840162 ], [ 136.78638253, 37.032845327 ], [ 136.786378904, 37.032853381 ], [ 136.786377742, 37.032867678 ], [ 136.786381474, 37.032901538 ], [ 136.786385711, 37.032935453 ], [ 136.786381669, 37.032973055 ], [ 136.786370239, 37.033004288 ], [ 136.786357733, 37.033030382 ], [ 136.786337072, 37.0330735 ], [ 136.786331576, 37.03309374 ], [ 136.786330327, 37.033132315 ], [ 136.786330488, 37.033169885 ], [ 136.786338452, 37.033216176 ], [ 136.786342188, 37.033242376 ], [ 136.786340916, 37.033274183 ], [ 136.786337543, 37.033290222 ], [ 136.786329614, 37.033313617 ], [ 136.786322367, 37.033328851 ], [ 136.786312538, 37.033343355 ], [ 136.786298082, 37.033365991 ], [ 136.786291331, 37.033374143 ], [ 136.786278589, 37.033389007 ], [ 136.78626653, 37.033402117 ], [ 136.786257394, 37.033410567 ], [ 136.786246467, 37.033419886 ], [ 136.786238219, 37.03342834 ], [ 136.786229781, 37.033436757 ], [ 136.786217889, 37.033450119 ], [ 136.786203205, 37.033466698 ], [ 136.786176422, 37.033497765 ], [ 136.786159197, 37.033518896 ], [ 136.786141669, 37.033544622 ], [ 136.786132721, 37.033562644 ], [ 136.786114741, 37.033600003 ], [ 136.786107048, 37.033623381 ], [ 136.786094237, 37.033661198 ], [ 136.786083871, 37.03370433 ], [ 136.786076217, 37.033735846 ], [ 136.786071381, 37.03376793 ], [ 136.786068062, 37.033793242 ], [ 136.78608907, 37.03383853 ], [ 136.786105329, 37.033873412 ], [ 136.78611829, 37.033900362 ] ] ] } },
{ "type": "Feature", "properties": { "A54_001": "1", "A54_002": "17", "A54_003": "石川県", "A54_004": "17384", "A54_005": "志賀町", "A54_006": "志賀町015" }, "geometry": { "type": "Polygon", "coordinates": [ [ [ 136.785298211, 37.031083607 ], [ 136.785292498, 37.031075824 ], [ 136.785284497, 37.031069677 ], [ 136.785263921, 37.031056023 ], [ 136.785249625, 37.031046017 ], [ 136.785235935, 37.031038528 ], [ 136.785227732, 37.031038821 ], [ 136.785174751, 37.031043546 ], [ 136.785142034, 37.031048132 ], [ 136.785125563, 37.031052875 ], [ 136.785093542, 37.031053991 ], [ 136.785069492, 37.031059589 ], [ 136.785031609, 37.031073221 ], [ 136.785014531, 37.0310798 ], [ 136.785002663, 37.031081121 ], [ 136.78497499, 37.031075789 ], [ 136.784950312, 37.031067396 ], [ 136.78492057, 37.031054991 ], [ 136.784907381, 37.031048974 ], [ 136.784895647, 37.031043261 ], [ 136.784880136, 37.031031885 ], [ 136.784861955, 37.031019917 ], [ 136.784848612, 37.031017156 ], [ 136.784835257, 37.031016714 ], [ 136.784819167, 37.031022732 ], [ 136.784797367, 37.03103665 ], [ 136.784771782, 37.03106721 ], [ 136.784767295, 37.031076194 ], [ 136.78476326, 37.031096427 ], [ 136.784758674, 37.031116395 ], [ 136.784748532, 37.031142575 ], [ 136.784743197, 37.03115645 ], [ 136.78473495, 37.031170971 ], [ 136.784735209, 37.031179045 ], [ 136.784753961, 37.031196531 ], [ 136.784772337, 37.031213723 ], [ 136.784782047, 37.031225284 ], [ 136.784797471, 37.031250513 ], [ 136.78481127, 37.031286572 ], [ 136.784823596, 37.031311564 ], [ 136.784827994, 37.031329004 ], [ 136.784827996, 37.031348587 ], [ 136.784822079, 37.031362777 ], [ 136.78481395, 37.031373942 ], [ 136.78481071, 37.031383923 ], [ 136.784804381, 37.031393814 ], [ 136.784793088, 37.031399693 ], [ 136.78477713, 37.03140148 ], [ 136.784766467, 37.031401026 ], [ 136.784752825, 37.031398184 ], [ 136.78474068, 37.031395108 ], [ 136.7847128, 37.031391388 ], [ 136.784694927, 37.031385295 ], [ 136.784663386, 37.031373923 ], [ 136.784633176, 37.031362578 ], [ 136.784611494, 37.031356024 ], [ 136.784598466, 37.031349988 ], [ 136.784585551, 37.031341393 ], [ 136.784577025, 37.031333437 ], [ 136.78456968, 37.031327099 ], [ 136.78456442, 37.031319728 ], [ 136.784560161, 37.031317111 ], [ 136.784554201, 37.031328881 ], [ 136.784546337, 37.03135366 ], [ 136.784542037, 37.031359173 ], [ 136.784526556, 37.031370034 ], [ 136.78451038, 37.031381309 ], [ 136.784490403, 37.031405216 ], [ 136.784472199, 37.031427272 ], [ 136.784458582, 37.031446314 ], [ 136.784447792, 37.031464046 ], [ 136.784436902, 37.031477668 ], [ 136.78443446, 37.031484706 ], [ 136.784434134, 37.031492926 ], [ 136.784436386, 37.03151101 ], [ 136.784437382, 37.031531778 ], [ 136.784441333, 37.031538206 ], [ 136.784444172, 37.031539951 ], [ 136.784454938, 37.031539848 ], [ 136.784479088, 37.031529286 ], [ 136.784490281, 37.031523613 ], [ 136.784525549, 37.031515592 ], [ 136.784564136, 37.031513218 ], [ 136.784578586, 37.03151669 ], [ 136.784613528, 37.031527694 ], [ 136.784631266, 37.031534374 ], [ 136.784640711, 37.031540707 ], [ 136.784672333, 37.031565823 ], [ 136.784679576, 37.031572045 ], [ 136.784691407, 37.031601822 ], [ 136.784701755, 37.031631208 ], [ 136.784699994, 37.031658662 ], [ 136.784698159, 37.031673981 ], [ 136.784691307, 37.031688746 ], [ 136.784678703, 37.031717656 ], [ 136.78466951, 37.031742086 ], [ 136.784657235, 37.031769773 ], [ 136.784646684, 37.031786685 ], [ 136.784635497, 37.031808337 ], [ 136.784631968, 37.031851409 ], [ 136.784627936, 37.031887966 ], [ 136.784627449, 37.031915521 ], [ 136.784634726, 37.031962361 ], [ 136.784637752, 37.031985172 ], [ 136.784657053, 37.032023737 ], [ 136.784669201, 37.032046117 ], [ 136.784672846, 37.032046128 ], [ 136.784684631, 37.032038104 ], [ 136.784704694, 37.032032653 ], [ 136.784725238, 37.032030561 ], [ 136.784746558, 37.032026362 ], [ 136.78476753, 37.032024146 ], [ 136.784780634, 37.032022866 ], [ 136.784791565, 37.032012442 ], [ 136.784810956, 37.031989635 ], [ 136.78481549, 37.031982084 ], [ 136.784819779, 37.031967482 ], [ 136.784832182, 37.031939894 ], [ 136.784841478, 37.031922627 ], [ 136.78484934, 37.031911005 ], [ 136.784856376, 37.031904998 ], [ 136.784866803, 37.031904347 ], [ 136.784876657, 37.031908144 ], [ 136.784887297, 37.031911227 ], [ 136.784896584, 37.031910754 ], [ 136.784906582, 37.031904574 ], [ 136.784914368, 37.031901259 ], [ 136.784921505, 37.031899507 ], [ 136.784927728, 37.031895344 ], [ 136.784931423, 37.031874797 ], [ 136.784933683, 37.03184715 ], [ 136.784940386, 37.031828333 ], [ 136.784941569, 37.031819567 ], [ 136.784941632, 37.031807053 ], [ 136.784942744, 37.031798269 ], [ 136.784945069, 37.031788959 ], [ 136.784944491, 37.031777335 ], [ 136.784938365, 37.031760963 ], [ 136.784933734, 37.031755196 ], [ 136.784929585, 37.031753219 ], [ 136.784920697, 37.031753829 ], [ 136.784909027, 37.03175959 ], [ 136.784901607, 37.031762672 ], [ 136.784894117, 37.031774783 ], [ 136.784884829, 37.031798322 ], [ 136.784882369, 37.031808928 ], [ 136.784874774, 37.031824159 ], [ 136.784867796, 37.03184159 ], [ 136.784865381, 37.03184615 ], [ 136.784862872, 37.031846598 ], [ 136.78486028, 37.031841018 ], [ 136.784856402, 37.031811443 ], [ 136.784859506, 37.031773693 ], [ 136.784862273, 37.031751391 ], [ 136.784866756, 37.031712032 ], [ 136.78486915, 37.031667761 ], [ 136.784872645, 37.031634902 ], [ 136.784873047, 37.031603319 ], [ 136.784871234, 37.031587087 ], [ 136.784868112, 37.031571887 ], [ 136.784862298, 37.03155852 ], [ 136.784858377, 37.031547519 ], [ 136.784856813, 37.031541485 ], [ 136.784856878, 37.031531223 ], [ 136.784861027, 37.031521782 ], [ 136.784866993, 37.031513168 ], [ 136.784871616, 37.031511356 ], [ 136.784877596, 37.031511466 ], [ 136.784889701, 37.031516986 ], [ 136.784895534, 37.031516648 ], [ 136.784903479, 37.031511056 ], [ 136.784909973, 37.031499566 ], [ 136.784931624, 37.031467912 ], [ 136.78494167, 37.031452368 ], [ 136.78494616, 37.031445132 ], [ 136.784951509, 37.031421169 ], [ 136.784960195, 37.03140561 ], [ 136.784969446, 37.03138938 ], [ 136.784974084, 37.03138233 ], [ 136.784987617, 37.031375476 ], [ 136.784996525, 37.031371 ], [ 136.785011168, 37.031358452 ], [ 136.785014976, 37.031348691 ], [ 136.785018146, 37.031341165 ], [ 136.785024744, 37.031331594 ], [ 136.785033196, 37.031317268 ], [ 136.78504227, 37.031306512 ], [ 136.785051091, 37.031298807 ], [ 136.785066024, 37.031288304 ], [ 136.785086537, 37.031276515 ], [ 136.78509847, 37.031270203 ], [ 136.785104695, 37.03126511 ], [ 136.785109306, 37.03125469 ], [ 136.785112963, 37.031247862 ], [ 136.785116338, 37.0312432 ], [ 136.785125021, 37.031234129 ], [ 136.785131244, 37.031226683 ], [ 136.785143869, 37.031214278 ], [ 136.785155843, 37.031205733 ], [ 136.78516799, 37.031198013 ], [ 136.78518484, 37.031189875 ], [ 136.785202017, 37.031184853 ], [ 136.785219685, 37.031181216 ], [ 136.785232826, 37.031178266 ], [ 136.785237195, 37.031174999 ], [ 136.78523898, 37.031171196 ], [ 136.785238648, 37.031164472 ], [ 136.785239192, 37.031151076 ], [ 136.785246313, 37.031140764 ], [ 136.785262561, 37.031126383 ], [ 136.785272235, 37.031116639 ], [ 136.785280983, 37.031108543 ], [ 136.785288951, 37.031098383 ], [ 136.785296467, 37.031091165 ], [ 136.785298211, 37.031083607 ] ] ] } },
{ "type": "Feature", "properties": { "A54_001": "1", "A54_002": "17", "A54_003": "石川県", "A54_004": "17384", "A54_005": "志賀町", "A54_006": "志賀町016" }, "geometry": { "type": "Polygon", "coordinates": [ [ [ 136.785118062, 37.031438458 ], [ 136.785103143, 37.03144885 ], [ 136.785100295, 37.031467563 ], [ 136.78509602, 37.031484724 ], [ 136.785091246, 37.03149398 ], [ 136.785085608, 37.031502332 ], [ 136.785075654, 37.031510933 ], [ 136.785065833, 37.031515743 ], [ 136.785056449, 37.03151919 ], [ 136.785041242, 37.031522692 ], [ 136.785025828, 37.031529677 ], [ 136.785014238, 37.031535212 ], [ 136.785006682, 37.031546852 ], [ 136.785000517, 37.031560946 ], [ 136.784996167, 37.031575805 ], [ 136.784994515, 37.031593022 ], [ 136.784997912, 37.031610639 ], [ 136.78500384, 37.031621163 ], [ 136.785009063, 37.031624605 ], [ 136.785015498, 37.031624809 ], [ 136.785029328, 37.031615627 ], [ 136.785048791, 37.031602766 ], [ 136.785061608, 37.031590977 ], [ 136.785069569, 37.031583683 ], [ 136.785089762, 37.031577765 ], [ 136.785101025, 37.031572942 ], [ 136.785111387, 37.031563278 ], [ 136.785119716, 37.03155751 ], [ 136.785132325, 37.031548306 ], [ 136.785149953, 37.031534275 ], [ 136.78516174, 37.031523579 ], [ 136.78517636, 37.031515907 ], [ 136.785183581, 37.031512249 ], [ 136.785188916, 37.031506629 ], [ 136.785186204, 37.031502144 ], [ 136.785174071, 37.031496735 ], [ 136.785156619, 37.031489739 ], [ 136.785147378, 37.031486037 ], [ 136.785142418, 37.031481305 ], [ 136.785141868, 37.031471711 ], [ 136.785144356, 37.031461243 ], [ 136.785147293, 37.03145206 ], [ 136.785146524, 37.031446223 ], [ 136.785136583, 37.031440995 ], [ 136.785130988, 37.031438635 ], [ 136.785118062, 37.031438458 ] ] ] } },
{ "type": "Feature", "properties": { "A54_001": "1", "A54_002": "17", "A54_003": "石川県", "A54_004": "17384", "A54_005": "志賀町", "A54_006": "志賀町011" }, "geometry": { "type": "Polygon", "coordinates": [ [ [ 136.785648694, 37.031002772 ], [ 136.785637021, 37.0309994 ], [ 136.785621016, 37.030999223 ], [ 136.785614027, 37.031000975 ], [ 136.785600966, 37.031003232 ], [ 136.785577452, 37.031007626 ], [ 136.785563108, 37.031005741 ], [ 136.785547572, 37.03100178 ], [ 136.78554081, 37.03099856 ], [ 136.785539628, 37.030996636 ], [ 136.785541433, 37.030993128 ], [ 136.785549653, 37.030985557 ], [ 136.785550065, 37.030981882 ], [ 136.785546983, 37.030980115 ], [ 136.785537335, 37.030978579 ], [ 136.785526063, 37.030978317 ], [ 136.785508198, 37.030979134 ], [ 136.785482931, 37.030978972 ], [ 136.785475798, 37.03097802 ], [ 136.785474159, 37.030975456 ], [ 136.785473815, 37.030965596 ], [ 136.785478133, 37.030956112 ], [ 136.785480504, 37.030947225 ], [ 136.785479807, 37.030940644 ], [ 136.785475527, 37.030931078 ], [ 136.785468427, 37.030912284 ], [ 136.785466848, 37.030906656 ], [ 136.785460706, 37.030900887 ], [ 136.785451294, 37.030894873 ], [ 136.785441447, 37.030888262 ], [ 136.785434296, 37.030882112 ], [ 136.785416364, 37.030862553 ], [ 136.785408946, 37.030851337 ], [ 136.785399478, 37.030838609 ], [ 136.785392772, 37.030828575 ], [ 136.785386593, 37.030821265 ], [ 136.785381769, 37.030817185 ], [ 136.785373423, 37.03081158 ], [ 136.785369463, 37.030807747 ], [ 136.785367321, 37.030802261 ], [ 136.785366726, 37.030793292 ], [ 136.785367005, 37.030782308 ], [ 136.785373187, 37.030775614 ], [ 136.785378385, 37.03077017 ], [ 136.785383726, 37.030760779 ], [ 136.785395594, 37.030751995 ], [ 136.785412225, 37.030741631 ], [ 136.785429718, 37.030731972 ], [ 136.785436123, 37.03072564 ], [ 136.78543963, 37.030702942 ], [ 136.785447203, 37.03068342 ], [ 136.785463462, 37.030646173 ], [ 136.785479087, 37.030618837 ], [ 136.78548725, 37.030604751 ], [ 136.785495861, 37.030591171 ], [ 136.785507692, 37.03057634 ], [ 136.785523952, 37.030554773 ], [ 136.785529247, 37.030545517 ], [ 136.785534151, 37.030526725 ], [ 136.785540372, 37.030510083 ], [ 136.785546532, 37.030494197 ], [ 136.785547065, 37.030486368 ], [ 136.785545035, 37.030474205 ], [ 136.785542183, 37.030467004 ], [ 136.785533954, 37.030462634 ], [ 136.785523936, 37.030461097 ], [ 136.785507486, 37.030460017 ], [ 136.785471644, 37.030457261 ], [ 136.785454702, 37.030455603 ], [ 136.785430502, 37.030451208 ], [ 136.785420893, 37.030446374 ], [ 136.785412123, 37.030440308 ], [ 136.785402248, 37.030432509 ], [ 136.785396388, 37.030426623 ], [ 136.785389289, 37.03041895 ], [ 136.78538085, 37.030409505 ], [ 136.785375765, 37.03040137 ], [ 136.785371319, 37.030391208 ], [ 136.785369981, 37.030380138 ], [ 136.785366637, 37.030349812 ], [ 136.785364851, 37.030329368 ], [ 136.785369736, 37.030294274 ], [ 136.785272904, 37.030388558 ], [ 136.785132699, 37.030525138 ], [ 136.784805004, 37.030840158 ], [ 136.784524551, 37.031109766 ], [ 136.784284518, 37.031340853 ], [ 136.784227531, 37.03139691 ], [ 136.784243885, 37.03161226 ], [ 136.784266428, 37.031916204 ], [ 136.784273496, 37.031997359 ], [ 136.784295775, 37.031988158 ], [ 136.784299216, 37.03198351 ], [ 136.784302469, 37.031971273 ], [ 136.784313238, 37.031950843 ], [ 136.784317384, 37.031940141 ], [ 136.784319657, 37.031901516 ], [ 136.78431512, 37.031844476 ], [ 136.784314904, 37.031818035 ], [ 136.784310608, 37.031805017 ], [ 136.78431479, 37.031771201 ], [ 136.784318458, 37.031754911 ], [ 136.784322378, 37.031748606 ], [ 136.784328584, 37.031743913 ], [ 136.784333561, 37.031744407 ], [ 136.784341504, 37.031751786 ], [ 136.784352, 37.031765725 ], [ 136.784387853, 37.031791208 ], [ 136.784409602, 37.031806949 ], [ 136.784416782, 37.031827753 ], [ 136.784425126, 37.031849525 ], [ 136.784437518, 37.03186411 ], [ 136.784455692, 37.031900233 ], [ 136.784464508, 37.0319176 ], [ 136.784484744, 37.031950404 ], [ 136.784491047, 37.031969015 ], [ 136.784494939, 37.032011112 ], [ 136.784496791, 37.032056465 ], [ 136.784493572, 37.032073099 ], [ 136.784487074, 37.032084559 ], [ 136.78447941, 37.032093041 ], [ 136.784465104, 37.032106107 ], [ 136.784449493, 37.032121331 ], [ 136.784440424, 37.0321256 ], [ 136.784427097, 37.032124683 ], [ 136.784412747, 37.032126205 ], [ 136.784388411, 37.032128641 ], [ 136.784373876, 37.032140147 ], [ 136.784356355, 37.032155284 ], [ 136.784345621, 37.032168677 ], [ 136.784341676, 37.032179694 ], [ 136.784334506, 37.032197415 ], [ 136.784328186, 37.032206992 ], [ 136.784320456, 37.032215285 ], [ 136.784290961, 37.032244631 ], [ 136.784306475, 37.032446154 ], [ 136.784331622, 37.032777556 ], [ 136.784333342, 37.032795504 ], [ 136.784350682, 37.032886127 ], [ 136.784379962, 37.033038851 ], [ 136.7844169, 37.033236099 ], [ 136.784443355, 37.03337609 ], [ 136.784488798, 37.033614485 ], [ 136.784498876, 37.033671516 ], [ 136.784503196, 37.033688787 ], [ 136.78453899, 37.033660985 ], [ 136.784548589, 37.033654446 ], [ 136.784552566, 37.033654819 ], [ 136.784561704, 37.033663824 ], [ 136.784571173, 37.033671929 ], [ 136.784586177, 37.033681278 ], [ 136.784598212, 37.033688805 ], [ 136.784618294, 37.033701071 ], [ 136.784630714, 37.03371015 ], [ 136.784642592, 37.033717497 ], [ 136.78465623, 37.033723659 ], [ 136.784696862, 37.033744355 ], [ 136.784712191, 37.033751667 ], [ 136.784740828, 37.033763646 ], [ 136.784777704, 37.03377794 ], [ 136.784799365, 37.033789094 ], [ 136.784807097, 37.033796211 ], [ 136.784816948, 37.0338042 ], [ 136.78483423, 37.033818953 ], [ 136.784852184, 37.033831907 ], [ 136.784866755, 37.033842452 ], [ 136.784884713, 37.03385455 ], [ 136.784897772, 37.033859584 ], [ 136.784923341, 37.033869101 ], [ 136.784946531, 37.033878025 ], [ 136.784963928, 37.0338832 ], [ 136.784987385, 37.03389026 ], [ 136.785000102, 37.03389614 ], [ 136.785009034, 37.033901513 ], [ 136.78501821, 37.033907643 ], [ 136.785033662, 37.03391738 ], [ 136.785043367, 37.033925441 ], [ 136.785051517, 37.033932009 ], [ 136.785062739, 37.033942553 ], [ 136.785070396, 37.033951085 ], [ 136.785077962, 37.033964311 ], [ 136.785081745, 37.033971974 ], [ 136.785090677, 37.033984123 ], [ 136.785096266, 37.033994928 ], [ 136.785100925, 37.034011768 ], [ 136.785104728, 37.034028974 ], [ 136.78510613, 37.034061132 ], [ 136.785112392, 37.03409008 ], [ 136.785112214, 37.034105588 ], [ 136.785107575, 37.034125155 ], [ 136.785101726, 37.03414161 ], [ 136.785098501, 37.034148178 ], [ 136.785093893, 37.034152462 ], [ 136.785083334, 37.034160106 ], [ 136.785071298, 37.034168619 ], [ 136.785058541, 37.034179599 ], [ 136.785045357, 37.034192867 ], [ 136.785036212, 37.03420531 ], [ 136.78502858, 37.034218649 ], [ 136.785023001, 37.034228499 ], [ 136.78501998, 37.034236807 ], [ 136.785013976, 37.034241681 ], [ 136.78500706, 37.034246732 ], [ 136.784999522, 37.034250358 ], [ 136.784991132, 37.034253485 ], [ 136.784977225, 37.034256207 ], [ 136.784952142, 37.034261839 ], [ 136.784911129, 37.034272314 ], [ 136.784884416, 37.034280104 ], [ 136.784858719, 37.034282581 ], [ 136.784817272, 37.034283078 ], [ 136.784787866, 37.034278739 ], [ 136.784765987, 37.034273 ], [ 136.784751596, 37.034266808 ], [ 136.784697604, 37.034238239 ], [ 136.784735692, 37.034363172 ], [ 136.784766281, 37.034463552 ], [ 136.784798888, 37.034571661 ], [ 136.784833523, 37.03468349 ], [ 136.784873164, 37.034812537 ], [ 136.78518812, 37.034762491 ], [ 136.785371151, 37.03473326 ], [ 136.785376276, 37.034681675 ], [ 136.785385394, 37.034638611 ], [ 136.785391279, 37.034619372 ], [ 136.785405179, 37.034591039 ], [ 136.78541364, 37.034580541 ], [ 136.785429818, 37.034568761 ], [ 136.785449602, 37.034559659 ], [ 136.785481964, 37.034546075 ], [ 136.785508311, 37.034537175 ], [ 136.785544114, 37.034527855 ], [ 136.785563639, 37.03452343 ], [ 136.785597533, 37.034520511 ], [ 136.785627841, 37.034519869 ], [ 136.785651057, 37.034523467 ], [ 136.785666348, 37.034527319 ], [ 136.785682146, 37.034535318 ], [ 136.785697125, 37.034547415 ], [ 136.785720902, 37.034571606 ], [ 136.785745034, 37.034596727 ], [ 136.785758601, 37.034605863 ], [ 136.785774883, 37.034613719 ], [ 136.785800425, 37.034619785 ], [ 136.785832752, 37.034620123 ], [ 136.785850363, 37.034618395 ], [ 136.785874267, 37.034610407 ], [ 136.78589029, 37.034607169 ], [ 136.785896885, 37.034598692 ], [ 136.785900754, 37.034578086 ], [ 136.785903981, 37.034539653 ], [ 136.785907376, 37.034514765 ], [ 136.785899298, 37.034495868 ], [ 136.785890893, 37.034481855 ], [ 136.785874425, 37.034468348 ], [ 136.785862052, 37.03445434 ], [ 136.785846926, 37.034439963 ], [ 136.785836041, 37.034427276 ], [ 136.785830171, 37.034423229 ], [ 136.78581328, 37.03441574 ], [ 136.785784865, 37.034404276 ], [ 136.785773077, 37.034403599 ], [ 136.785751974, 37.034404459 ], [ 136.785735572, 37.034402487 ], [ 136.78572373, 37.03439925 ], [ 136.785713896, 37.03439656 ], [ 136.785701558, 37.034391267 ], [ 136.785678206, 37.0343789 ], [ 136.785662225, 37.034373685 ], [ 136.785651707, 37.034370776 ], [ 136.785641607, 37.034365274 ], [ 136.785622918, 37.034353201 ], [ 136.785610142, 37.034345446 ], [ 136.785598727, 37.034342175 ], [ 136.785578189, 37.034337882 ], [ 136.785526424, 37.034324892 ], [ 136.785496799, 37.034316966 ], [ 136.785485085, 37.034312864 ], [ 136.785481007, 37.034307922 ], [ 136.78547996, 37.034299186 ], [ 136.785478619, 37.034293144 ], [ 136.785474035, 37.034285911 ], [ 136.785468774, 37.034274657 ], [ 136.785463538, 37.034253949 ], [ 136.7854612, 37.034238369 ], [ 136.785456794, 37.034233705 ], [ 136.785447399, 37.034222122 ], [ 136.785437209, 37.034209681 ], [ 136.785429457, 37.034199851 ], [ 136.785425151, 37.034193439 ], [ 136.785415617, 37.034186956 ], [ 136.78540113, 37.034179934 ], [ 136.785389574, 37.034173139 ], [ 136.785378927, 37.034166823 ], [ 136.785365315, 37.03415784 ], [ 136.785358531, 37.03415233 ], [ 136.785358209, 37.034149148 ], [ 136.785381189, 37.034134857 ], [ 136.785417184, 37.034114075 ], [ 136.785433682, 37.034103557 ], [ 136.785454385, 37.034083672 ], [ 136.785473776, 37.034060998 ], [ 136.785500798, 37.034047568 ], [ 136.785531369, 37.034030147 ], [ 136.785554403, 37.034014099 ], [ 136.785586044, 37.033987292 ], [ 136.78560157, 37.033973104 ], [ 136.785615351, 37.033957333 ], [ 136.785636146, 37.033919082 ], [ 136.785642783, 37.033904541 ], [ 136.785650744, 37.033886038 ], [ 136.785654406, 37.033870721 ], [ 136.785659287, 37.033847721 ], [ 136.78566423, 37.033834715 ], [ 136.785669355, 37.033826027 ], [ 136.785681474, 37.033812088 ], [ 136.785696267, 37.033796212 ], [ 136.785698158, 37.033793479 ], [ 136.785698118, 37.03379019 ], [ 136.785696428, 37.033786534 ], [ 136.785692421, 37.033780862 ], [ 136.785675696, 37.033746961 ], [ 136.785650294, 37.033701551 ], [ 136.785632861, 37.033667566 ], [ 136.785623089, 37.033652567 ], [ 136.785590123, 37.033598067 ], [ 136.785565037, 37.033559308 ], [ 136.785536169, 37.033514671 ], [ 136.785503809, 37.033464868 ], [ 136.785476115, 37.033419523 ], [ 136.78545802, 37.033383049 ], [ 136.785445123, 37.033350043 ], [ 136.785435602, 37.033320841 ], [ 136.785430632, 37.033301099 ], [ 136.785419607, 37.033251157 ], [ 136.785409702, 37.033179627 ], [ 136.785406885, 37.033153926 ], [ 136.78540801, 37.033126697 ], [ 136.785411489, 37.033053677 ], [ 136.785413407, 37.032995937 ], [ 136.785414011, 37.032910932 ], [ 136.785411887, 37.032886153 ], [ 136.785407411, 37.03285968 ], [ 136.785403212, 37.032840733 ], [ 136.78540019, 37.032831315 ], [ 136.785393802, 37.032811812 ], [ 136.785387194, 37.032795732 ], [ 136.785378491, 37.032776059 ], [ 136.785366406, 37.032747183 ], [ 136.785337834, 37.032679377 ], [ 136.785311113, 37.03260135 ], [ 136.785292785, 37.032535065 ], [ 136.785280631, 37.03248611 ], [ 136.785275388, 37.032453526 ], [ 136.78526813, 37.0324124 ], [ 136.785264752, 37.032386454 ], [ 136.785261956, 37.032349867 ], [ 136.785251232, 37.0322646 ], [ 136.785244279, 37.032189475 ], [ 136.785245668, 37.032147675 ], [ 136.785253031, 37.032102622 ], [ 136.785261451, 37.032075317 ], [ 136.785264494, 37.032064801 ], [ 136.785268087, 37.032054269 ], [ 136.785275319, 37.032044335 ], [ 136.78528418, 37.032036829 ], [ 136.785291408, 37.032032239 ], [ 136.785306478, 37.032026213 ], [ 136.78533063, 37.032022443 ], [ 136.785347272, 37.032021082 ], [ 136.78537727, 37.032014762 ], [ 136.78540591, 37.032010384 ], [ 136.785431491, 37.032006231 ], [ 136.785440513, 37.03200243 ], [ 136.785448179, 37.031997958 ], [ 136.785459801, 37.031993507 ], [ 136.785465295, 37.031989506 ], [ 136.785471601, 37.031980532 ], [ 136.785474144, 37.031973115 ], [ 136.785474823, 37.031943018 ], [ 136.785472871, 37.031933279 ], [ 136.785470623, 37.031922035 ], [ 136.785467348, 37.03190939 ], [ 136.785463205, 37.031899365 ], [ 136.785454011, 37.031872156 ], [ 136.785449828, 37.031861266 ], [ 136.785440066, 37.031839832 ], [ 136.785425884, 37.031810066 ], [ 136.785414042, 37.031791076 ], [ 136.785399452, 37.03177069 ], [ 136.78538917, 37.031756689 ], [ 136.785374683, 37.031738367 ], [ 136.78536406, 37.031725113 ], [ 136.785350648, 37.031709912 ], [ 136.785337534, 37.031691216 ], [ 136.785328884, 37.031674363 ], [ 136.785320151, 37.031647291 ], [ 136.78531725, 37.031629466 ], [ 136.785309982, 37.03158142 ], [ 136.78530575, 37.031551064 ], [ 136.78530321, 37.031546496 ], [ 136.785294273, 37.031535464 ], [ 136.785285855, 37.031526335 ], [ 136.785282442, 37.031521034 ], [ 136.785281968, 37.03151231 ], [ 136.785286946, 37.031496934 ], [ 136.785290841, 37.031482122 ], [ 136.78529477, 37.031474205 ], [ 136.785299379, 37.031467425 ], [ 136.785304849, 37.031461359 ], [ 136.78531213, 37.03145521 ], [ 136.785322217, 37.031447564 ], [ 136.785324135, 37.031439307 ], [ 136.785326374, 37.031434475 ], [ 136.785333821, 37.031426415 ], [ 136.785341997, 37.031418791 ], [ 136.785346482, 37.031414263 ], [ 136.785350187, 37.031406138 ], [ 136.785356113, 37.031394487 ], [ 136.785360769, 37.031387202 ], [ 136.785367734, 37.031378871 ], [ 136.785374087, 37.031371718 ], [ 136.785382182, 37.031364481 ], [ 136.785387307, 37.031360217 ], [ 136.785392394, 37.031354312 ], [ 136.785402847, 37.031340982 ], [ 136.785420162, 37.031319608 ], [ 136.785438233, 37.031302174 ], [ 136.785448989, 37.03129344 ], [ 136.785455864, 37.031289804 ], [ 136.785462213, 37.031289977 ], [ 136.785470392, 37.031297654 ], [ 136.785479685, 37.031307165 ], [ 136.78550056, 37.031327048 ], [ 136.785514048, 37.031340474 ], [ 136.785529817, 37.031356412 ], [ 136.785540713, 37.03136453 ], [ 136.785557842, 37.031378292 ], [ 136.785578328, 37.03139721 ], [ 136.785593876, 37.031410228 ], [ 136.785626855, 37.031439459 ], [ 136.78565598, 37.031459261 ], [ 136.785667425, 37.031465642 ], [ 136.785677764, 37.031470443 ], [ 136.78569399, 37.031473739 ], [ 136.785724899, 37.031474063 ], [ 136.78574219, 37.031471109 ], [ 136.785757503, 37.031461335 ], [ 136.785767245, 37.031450616 ], [ 136.785773678, 37.031438678 ], [ 136.785791788, 37.031390902 ], [ 136.785802656, 37.031361974 ], [ 136.785802388, 37.031336795 ], [ 136.785799193, 37.031285589 ], [ 136.78579924, 37.031264809 ], [ 136.785804272, 37.031236294 ], [ 136.785810326, 37.031219173 ], [ 136.785816291, 37.03120417 ], [ 136.785825052, 37.031191951 ], [ 136.785835978, 37.031180398 ], [ 136.785836722, 37.031171127 ], [ 136.785839132, 37.031145316 ], [ 136.785837673, 37.031131461 ], [ 136.785834073, 37.031120716 ], [ 136.785830715, 37.031106693 ], [ 136.785826174, 37.031102199 ], [ 136.785819481, 37.031098663 ], [ 136.785809954, 37.031093235 ], [ 136.785802921, 37.031083543 ], [ 136.785801172, 37.031064739 ], [ 136.785805785, 37.031039016 ], [ 136.785810747, 37.031024325 ], [ 136.785817319, 37.031013812 ], [ 136.785816434, 37.031008835 ], [ 136.785813587, 37.031007176 ], [ 136.785800544, 37.031008054 ], [ 136.785794755, 37.031008098 ], [ 136.785767059, 37.031003702 ], [ 136.785757032, 37.031001696 ], [ 136.785752085, 37.03099958 ], [ 136.785750052, 37.030997159 ], [ 136.785712532, 37.030997246 ], [ 136.785698238, 37.03100093 ], [ 136.785679587, 37.031003989 ], [ 136.785648694, 37.031002772 ] ] ] } },
{ "type": "Feature", "properties": { "A54_001": "1", "A54_002": "17", "A54_003": "石川県", "A54_004": "17384", "A54_005": "志賀町", "A54_006": "志賀町018" }, "geometry": { "type": "Polygon", "coordinates": [ [ [ 136.786469069, 37.03112591 ], [ 136.786476199, 37.031112365 ], [ 136.786479054, 37.031100996 ], [ 136.7864799, 37.031091177 ], [ 136.786478108, 37.031080127 ], [ 136.786473712, 37.031070793 ], [ 136.786470648, 37.031064085 ], [ 136.786466569, 37.031059823 ], [ 136.786453528, 37.031059553 ], [ 136.786439762, 37.031056174 ], [ 136.78642693, 37.031051719 ], [ 136.786421728, 37.031049321 ], [ 136.786409688, 37.031042475 ], [ 136.786400272, 37.031034705 ], [ 136.786394717, 37.031029479 ], [ 136.786384867, 37.031016633 ], [ 136.786381366, 37.031010591 ], [ 136.786378561, 37.031003584 ], [ 136.786372204, 37.030999178 ], [ 136.786364184, 37.030997097 ], [ 136.786337546, 37.030994599 ], [ 136.786318271, 37.030993715 ], [ 136.786293635, 37.030990138 ], [ 136.786281747, 37.030987176 ], [ 136.786273519, 37.030984009 ], [ 136.786266595, 37.030979007 ], [ 136.786258163, 37.030968082 ], [ 136.78625325, 37.030953995 ], [ 136.786251623, 37.030940399 ], [ 136.786259174, 37.030917589 ], [ 136.786260709, 37.030909599 ], [ 136.786254278, 37.030900065 ], [ 136.786246427, 37.030895361 ], [ 136.786239992, 37.030895066 ], [ 136.786229672, 37.030897408 ], [ 136.786218628, 37.030900307 ], [ 136.786202764, 37.03090659 ], [ 136.786199721, 37.030909948 ], [ 136.786211007, 37.030918973 ], [ 136.786216166, 37.03092374 ], [ 136.786220768, 37.030925994 ], [ 136.786220179, 37.030930012 ], [ 136.786214303, 37.030932003 ], [ 136.786192202, 37.030931827 ], [ 136.786172588, 37.030932516 ], [ 136.786151421, 37.030932688 ], [ 136.786144419, 37.030932071 ], [ 136.786138378, 37.03093292 ], [ 136.786132619, 37.030945693 ], [ 136.78613036, 37.030972347 ], [ 136.786128761, 37.030997056 ], [ 136.786138206, 37.031001803 ], [ 136.786189385, 37.031003136 ], [ 136.786236978, 37.031004148 ], [ 136.786294103, 37.03100829 ], [ 136.786324171, 37.031014622 ], [ 136.786329434, 37.031018476 ], [ 136.78633895, 37.031029111 ], [ 136.786344171, 37.031044249 ], [ 136.786348757, 37.031076811 ], [ 136.786348623, 37.031088012 ], [ 136.786356671, 37.031095941 ], [ 136.78636554, 37.031099122 ], [ 136.786403173, 37.031102363 ], [ 136.786422526, 37.031104572 ], [ 136.786435552, 37.031107858 ], [ 136.786449937, 37.031112883 ], [ 136.786455625, 37.031115802 ], [ 136.786464528, 37.031123415 ], [ 136.786469069, 37.03112591 ] ] ] } },
{ "type": "Feature", "properties": { "A54_001": "1", "A54_002": "17", "A54_003": "石川県", "A54_004": "17384", "A54_005": "志賀町", "A54_006": "志賀町019" }, "geometry": { "type": "Polygon", "coordinates": [ [ [ 136.786500572, 37.03099929 ], [ 136.786488662, 37.030989247 ], [ 136.786479492, 37.03097807 ], [ 136.786472925, 37.030973331 ], [ 136.786468668, 37.030971532 ], [ 136.786464624, 37.030971656 ], [ 136.786448459, 37.030981152 ], [ 136.78643632, 37.030991324 ], [ 136.786429966, 37.030997836 ], [ 136.786429443, 37.03099989 ], [ 136.786445009, 37.031007661 ], [ 136.786456843, 37.031014425 ], [ 136.786460928, 37.031017728 ], [ 136.786466702, 37.031024782 ], [ 136.786474103, 37.031025354 ], [ 136.786488055, 37.031014194 ], [ 136.786496868, 37.031005725 ], [ 136.786500572, 37.03099929 ] ] ] } },
{ "type": "Feature", "properties": { "A54_001": "1", "A54_002": "17", "A54_003": "石川県", "A54_004": "17384", "A54_005": "志賀町", "A54_006": "志賀町020" }, "geometry": { "type": "Polygon", "coordinates": [ [ [ 136.790028619, 37.032832013 ], [ 136.790030634, 37.032827634 ], [ 136.79002833, 37.032821276 ], [ 136.790019361, 37.032802295 ], [ 136.790011687, 37.032785466 ], [ 136.79000604, 37.032778653 ], [ 136.790001584, 37.032772643 ], [ 136.789997188, 37.032768997 ], [ 136.789994922, 37.032766477 ], [ 136.789989818, 37.032762166 ], [ 136.789978171, 37.032754169 ], [ 136.789967252, 37.032750754 ], [ 136.789961302, 37.032748976 ], [ 136.789948095, 37.032747701 ], [ 136.789939863, 37.032748857 ], [ 136.789927086, 37.032752836 ], [ 136.789909502, 37.032758314 ], [ 136.789895467, 37.032763157 ], [ 136.789890495, 37.032766751 ], [ 136.789890659, 37.032778184 ], [ 136.789897526, 37.032783231 ], [ 136.789906031, 37.032789362 ], [ 136.789928172, 37.032792402 ], [ 136.789932487, 37.032795111 ], [ 136.789937076, 37.032800014 ], [ 136.789947407, 37.03280281 ], [ 136.789961859, 37.032802776 ], [ 136.789967323, 37.032806311 ], [ 136.789974863, 37.03281353 ], [ 136.789998488, 37.032824288 ], [ 136.790019091, 37.03283019 ], [ 136.790028619, 37.032832013 ] ] ] } },
{ "type": "Feature", "properties": { "A54_001": "1", "A54_002": "17", "A54_003": "石川県", "A54_004": "17384", "A54_005": "志賀町", "A54_006": "志賀町017" }, "geometry": { "type": "Polygon", "coordinates": [ [ [ 136.786460811, 37.031161485 ], [ 136.786469368, 37.031160738 ], [ 136.786474618, 37.031162935 ], [ 136.786483076, 37.03116855 ], [ 136.786489485, 37.031174833 ], [ 136.786501889, 37.031187147 ], [ 136.786510084, 37.03119832 ], [ 136.786522957, 37.031218079 ], [ 136.786530028, 37.031226825 ], [ 136.786540876, 37.031237881 ], [ 136.786558123, 37.031250535 ], [ 136.78656693, 37.031256087 ], [ 136.786576021, 37.031260964 ], [ 136.786583223, 37.031266241 ], [ 136.786588954, 37.031270918 ], [ 136.786591601, 37.031276631 ], [ 136.786592184, 37.03130392 ], [ 136.7865905, 37.031350911 ], [ 136.786590417, 37.031367699 ], [ 136.786594939, 37.031389558 ], [ 136.786595245, 37.031407059 ], [ 136.786591582, 37.031422547 ], [ 136.786585533, 37.03143664 ], [ 136.786581399, 37.031442746 ], [ 136.786571131, 37.031448508 ], [ 136.78656371, 37.031453413 ], [ 136.786557454, 37.031461621 ], [ 136.786549421, 37.031483466 ], [ 136.78653731, 37.031513806 ], [ 136.786524715, 37.0315398 ], [ 136.786508233, 37.031565358 ], [ 136.786490324, 37.031590894 ], [ 136.786481041, 37.031608716 ], [ 136.786462641, 37.031633547 ], [ 136.7864513, 37.031649137 ], [ 136.786435585, 37.031671985 ], [ 136.786428797, 37.031683048 ], [ 136.786423651, 37.031698468 ], [ 136.786416473, 37.031711161 ], [ 136.786409363, 37.031725917 ], [ 136.786402591, 37.031745009 ], [ 136.786399489, 37.031758435 ], [ 136.786399025, 37.031772555 ], [ 136.786399332, 37.031783217 ], [ 136.786399041, 37.031796418 ], [ 136.786400773, 37.031807553 ], [ 136.786403766, 37.031811401 ], [ 136.786409176, 37.031813113 ], [ 136.786416015, 37.031811945 ], [ 136.786426632, 37.031806311 ], [ 136.786434516, 37.03180074 ], [ 136.786447034, 37.031790317 ], [ 136.786459594, 37.031784779 ], [ 136.786479299, 37.031777877 ], [ 136.786494899, 37.031769203 ], [ 136.786527344, 37.031749932 ], [ 136.786546597, 37.031736648 ], [ 136.786569457, 37.031721347 ], [ 136.786585238, 37.031710295 ], [ 136.786624183, 37.03168362 ], [ 136.786649663, 37.031670355 ], [ 136.786675339, 37.031656235 ], [ 136.786696212, 37.031649345 ], [ 136.786712856, 37.031647641 ], [ 136.786735679, 37.031648831 ], [ 136.786750389, 37.031651852 ], [ 136.786763298, 37.031655183 ], [ 136.786773028, 37.031660666 ], [ 136.786781658, 37.031665542 ], [ 136.786795119, 37.03167776 ], [ 136.786800367, 37.031684896 ], [ 136.786806887, 37.031696109 ], [ 136.786817433, 37.031718167 ], [ 136.786822754, 37.031726177 ], [ 136.786840126, 37.031745347 ], [ 136.786865363, 37.031772021 ], [ 136.786879838, 37.031788306 ], [ 136.786885963, 37.03179522 ], [ 136.786899562, 37.031811268 ], [ 136.786907921, 37.031818828 ], [ 136.786921851, 37.031834084 ], [ 136.786929829, 37.031845897 ], [ 136.786936399, 37.031855957 ], [ 136.786942795, 37.031867224 ], [ 136.786948265, 37.031876974 ], [ 136.786951167, 37.031883517 ], [ 136.786954309, 37.03189344 ], [ 136.786954159, 37.031901072 ], [ 136.786951154, 37.031910957 ], [ 136.786947297, 37.031920317 ], [ 136.78693823, 37.031933121 ], [ 136.786924425, 37.031953686 ], [ 136.786914444, 37.031976282 ], [ 136.786906968, 37.031996877 ], [ 136.786903437, 37.032019728 ], [ 136.786903145, 37.03203329 ], [ 136.786905292, 37.03204457 ], [ 136.786910926, 37.032050878 ], [ 136.786921213, 37.03205712 ], [ 136.786947338, 37.032072487 ], [ 136.78696457, 37.032081347 ], [ 136.786976443, 37.032087459 ], [ 136.787011324, 37.032105017 ], [ 136.787023085, 37.032111038 ], [ 136.787034306, 37.032115021 ], [ 136.787046435, 37.03211479 ], [ 136.787058529, 37.032112729 ], [ 136.787070805, 37.032107839 ], [ 136.787082747, 37.032100154 ], [ 136.787095553, 37.032088137 ], [ 136.787100458, 37.032082665 ], [ 136.787108088, 37.032067297 ], [ 136.787114875, 37.032054162 ], [ 136.787123338, 37.032029587 ], [ 136.787128617, 37.032009869 ], [ 136.787134012, 37.03199864 ], [ 136.78714121, 37.03199112 ], [ 136.78715298, 37.031981849 ], [ 136.787162966, 37.031976293 ], [ 136.787177269, 37.031972879 ], [ 136.787187669, 37.031970145 ], [ 136.787199291, 37.03196574 ], [ 136.787209963, 37.031960106 ], [ 136.787220287, 37.031952389 ], [ 136.787230803, 37.031944294 ], [ 136.78724312, 37.03193123 ], [ 136.787243555, 37.031925014 ], [ 136.787242918, 37.031913071 ], [ 136.787240856, 37.031904891 ], [ 136.787247077, 37.031901622 ], [ 136.787260873, 37.031898647 ], [ 136.7872807, 37.031898809 ], [ 136.787314841, 37.031897747 ], [ 136.787340022, 37.031894908 ], [ 136.787361204, 37.031891677 ], [ 136.78739161, 37.031891405 ], [ 136.787440771, 37.031894482 ], [ 136.787473116, 37.03189545 ], [ 136.787479947, 37.031896022 ], [ 136.787492705, 37.031907138 ], [ 136.78748902, 37.031927195 ], [ 136.787486935, 37.031946455 ], [ 136.787491664, 37.031983265 ], [ 136.787499555, 37.032012551 ], [ 136.787501966, 37.032025067 ], [ 136.787502624, 37.032055465 ], [ 136.78750358, 37.032069048 ], [ 136.787504826, 37.032078388 ], [ 136.787514214, 37.032093765 ], [ 136.787520405, 37.032112331 ], [ 136.787519703, 37.032124575 ], [ 136.787511505, 37.032150286 ], [ 136.787501908, 37.032170217 ], [ 136.787492764, 37.032187147 ], [ 136.787472288, 37.032213594 ], [ 136.787461529, 37.032225248 ], [ 136.787449276, 37.032239141 ], [ 136.787435876, 37.032255228 ], [ 136.787426139, 37.032264813 ], [ 136.787423269, 37.032270229 ], [ 136.787416931, 37.032285636 ], [ 136.787411574, 37.032298253 ], [ 136.787406427, 37.03231389 ], [ 136.787405071, 37.032319879 ], [ 136.787405611, 37.032326549 ], [ 136.787409381, 37.032334635 ], [ 136.787410121, 37.032344109 ], [ 136.787414945, 37.032348279 ], [ 136.787422561, 37.032351592 ], [ 136.787434887, 37.032354687 ], [ 136.787468044, 37.03235737 ], [ 136.787517729, 37.032361278 ], [ 136.787539903, 37.032364322 ], [ 136.787556218, 37.032367646 ], [ 136.787572923, 37.032374088 ], [ 136.787589071, 37.032381782 ], [ 136.787597615, 37.032388279 ], [ 136.787608226, 37.032397424 ], [ 136.787620798, 37.032412 ], [ 136.78763016, 37.032425944 ], [ 136.787640471, 37.032445532 ], [ 136.787651721, 37.032475387 ], [ 136.787661955, 37.032501482 ], [ 136.787667968, 37.032515081 ], [ 136.78767511, 37.032525495 ], [ 136.78768424, 37.032534076 ], [ 136.787690292, 37.032537682 ], [ 136.787701124, 37.032542916 ], [ 136.787727834, 37.032548967 ], [ 136.78775731, 37.032550575 ], [ 136.787807248, 37.03255342 ], [ 136.787865175, 37.032561319 ], [ 136.787885881, 37.032567954 ], [ 136.787903279, 37.032575138 ], [ 136.787916866, 37.03258249 ], [ 136.787947236, 37.032603007 ], [ 136.787966477, 37.032619443 ], [ 136.78798809, 37.032642636 ], [ 136.788003027, 37.032663131 ], [ 136.788005667, 37.032668059 ], [ 136.78801264, 37.03268077 ], [ 136.788017006, 37.032693382 ], [ 136.788020024, 37.032708171 ], [ 136.788019664, 37.032721885 ], [ 136.788016012, 37.032735292 ], [ 136.788007279, 37.032748764 ], [ 136.788002331, 37.032755876 ], [ 136.787991431, 37.032764384 ], [ 136.78797794, 37.03277393 ], [ 136.787958463, 37.03278469 ], [ 136.787941685, 37.032795271 ], [ 136.787922565, 37.032806573 ], [ 136.787910587, 37.032814862 ], [ 136.787901105, 37.032822816 ], [ 136.787890632, 37.032833551 ], [ 136.787883038, 37.032843935 ], [ 136.787877961, 37.032854553 ], [ 136.787868367, 37.032880638 ], [ 136.787864248, 37.032888438 ], [ 136.787853903, 37.032905175 ], [ 136.787844174, 37.032917607 ], [ 136.787833177, 37.032927521 ], [ 136.787814278, 37.032941915 ], [ 136.787801563, 37.032951301 ], [ 136.787788072, 37.032961 ], [ 136.787775347, 37.032974702 ], [ 136.787766745, 37.032984362 ], [ 136.787756091, 37.03299981 ], [ 136.787750673, 37.033008903 ], [ 136.787743827, 37.033022615 ], [ 136.78774337, 37.033030859 ], [ 136.787745119, 37.033038534 ], [ 136.787750275, 37.033043822 ], [ 136.787758709, 37.033049914 ], [ 136.787773701, 37.033054855 ], [ 136.787796999, 37.033057804 ], [ 136.787848193, 37.033059148 ], [ 136.787935151, 37.033051991 ], [ 136.787986017, 37.033046773 ], [ 136.788050046, 37.033036912 ], [ 136.788136731, 37.033023662 ], [ 136.788176316, 37.033019733 ], [ 136.788300326, 37.033014109 ], [ 136.788346524, 37.033014121 ], [ 136.788428629, 37.033017645 ], [ 136.788472702, 37.033024634 ], [ 136.788501689, 37.0330319 ], [ 136.788520828, 37.033039233 ], [ 136.788539956, 37.033049072 ], [ 136.788551767, 37.033058617 ], [ 136.788558347, 37.033066883 ], [ 136.788561257, 37.03307849 ], [ 136.788560834, 37.033093448 ], [ 136.788556916, 37.033108386 ], [ 136.788550209, 37.033123513 ], [ 136.788542661, 37.033138223 ], [ 136.78853183, 37.033153283 ], [ 136.788523532, 37.033162746 ], [ 136.78850842, 37.033177396 ], [ 136.788492212, 37.033190925 ], [ 136.788477415, 37.033200862 ], [ 136.788454943, 37.033212767 ], [ 136.788436297, 37.033221269 ], [ 136.78841446, 37.033229868 ], [ 136.788359787, 37.03324787 ], [ 136.788311934, 37.03326411 ], [ 136.788283294, 37.033275472 ], [ 136.788267688, 37.03328301 ], [ 136.788255799, 37.033291353 ], [ 136.788241786, 37.033304168 ], [ 136.788230544, 37.033322723 ], [ 136.788220857, 37.033340445 ], [ 136.788208573, 37.033385257 ], [ 136.788192835, 37.033421893 ], [ 136.788177765, 37.033450691 ], [ 136.788167009, 37.033475259 ], [ 136.78816599, 37.033488142 ], [ 136.788168877, 37.033504363 ], [ 136.788177509, 37.033520467 ], [ 136.788187215, 37.033532934 ], [ 136.78821553, 37.033562267 ], [ 136.788234499, 37.033581523 ], [ 136.788263245, 37.033621455 ], [ 136.788277461, 37.033640217 ], [ 136.788286486, 37.033649474 ], [ 136.788295513, 37.033656063 ], [ 136.788319719, 37.033661872 ], [ 136.788342859, 37.03366272 ], [ 136.788378972, 37.033656401 ], [ 136.788423277, 37.033643827 ], [ 136.788495052, 37.03362268 ], [ 136.788533661, 37.033613936 ], [ 136.788556197, 37.033609691 ], [ 136.788576661, 37.033606044 ], [ 136.788607448, 37.033603907 ], [ 136.78868513, 37.033599757 ], [ 136.788740422, 37.033597419 ], [ 136.788771469, 37.033592768 ], [ 136.788796955, 37.033587398 ], [ 136.788817779, 37.033581579 ], [ 136.788860819, 37.03356554 ], [ 136.788885352, 37.03355539 ], [ 136.788911404, 37.033544614 ], [ 136.788954107, 37.033526448 ], [ 136.788967588, 37.033518822 ], [ 136.788991764, 37.033501209 ], [ 136.789012783, 37.033480747 ], [ 136.789046161, 37.033441184 ], [ 136.78907572, 37.033410179 ], [ 136.789099997, 37.033383357 ], [ 136.789114116, 37.033369587 ], [ 136.789138062, 37.033348261 ], [ 136.789154058, 37.033334578 ], [ 136.789161099, 37.033329022 ], [ 136.789174683, 37.033321153 ], [ 136.789201455, 37.033308063 ], [ 136.789231409, 37.033296975 ], [ 136.789247943, 37.033292738 ], [ 136.789257226, 37.033290749 ], [ 136.789267358, 37.033289871 ], [ 136.789272547, 37.033288293 ], [ 136.789280429, 37.033283253 ], [ 136.789301788, 37.033266929 ], [ 136.789311151, 37.033260245 ], [ 136.789327413, 37.033251718 ], [ 136.789346643, 37.033243065 ], [ 136.789363985, 37.03323664 ], [ 136.789390634, 37.033227984 ], [ 136.789449142, 37.033207344 ], [ 136.78948592, 37.033195953 ], [ 136.789509775, 37.033188703 ], [ 136.789532713, 37.033180332 ], [ 136.789550165, 37.033174403 ], [ 136.789580532, 37.033161757 ], [ 136.789592121, 37.033157045 ], [ 136.789609955, 37.03314891 ], [ 136.789632109, 37.033153676 ], [ 136.789698431, 37.033166683 ], [ 136.789718347, 37.033171558 ], [ 136.789724429, 37.033173768 ], [ 136.789764754, 37.033199768 ], [ 136.789783145, 37.033210956 ], [ 136.789808729, 37.033226654 ], [ 136.789832946, 37.033241681 ], [ 136.789852506, 37.033254873 ], [ 136.789865335, 37.033263358 ], [ 136.789880918, 37.033276267 ], [ 136.789886523, 37.033281485 ], [ 136.789899182, 37.033292564 ], [ 136.789906342, 37.033299346 ], [ 136.789915135, 37.033310133 ], [ 136.789922096, 37.033318653 ], [ 136.789934256, 37.033335021 ], [ 136.789941777, 37.033346237 ], [ 136.789953041, 37.033366495 ], [ 136.789964401, 37.033387799 ], [ 136.78997257, 37.033408795 ], [ 136.789977409, 37.033421282 ], [ 136.789987464, 37.033449773 ], [ 136.789990656, 37.033461156 ], [ 136.789997685, 37.033478723 ], [ 136.79000342, 37.033489538 ], [ 136.790008488, 37.033498917 ], [ 136.790012675, 37.033504688 ], [ 136.790022012, 37.033512297 ], [ 136.790033829, 37.033520652 ], [ 136.790043079, 37.033525557 ], [ 136.790056991, 37.033533117 ], [ 136.79007176, 37.033535579 ], [ 136.790100796, 37.033541997 ], [ 136.790119018, 37.033544046 ], [ 136.790153818, 37.033548762 ], [ 136.790165772, 37.033549917 ], [ 136.790183883, 37.033556292 ], [ 136.790224365, 37.033568937 ], [ 136.790245858, 37.033575557 ], [ 136.79027049, 37.033581421 ], [ 136.790284034, 37.033583978 ], [ 136.790326028, 37.033584057 ], [ 136.790365822, 37.033581254 ], [ 136.790483087, 37.033575742 ], [ 136.790534722, 37.033574427 ], [ 136.790578977, 37.033576388 ], [ 136.79060816, 37.033573642 ], [ 136.790618774, 37.033566034 ], [ 136.790624822, 37.033559186 ], [ 136.79062744, 37.033552463 ], [ 136.790623876, 37.033545783 ], [ 136.790621892, 37.03353781 ], [ 136.790625203, 37.033531936 ], [ 136.790625666, 37.033524692 ], [ 136.790621887, 37.033474927 ], [ 136.7906198, 37.033446939 ], [ 136.790610649, 37.033424363 ], [ 136.790606003, 37.033395403 ], [ 136.790606127, 37.033381706 ], [ 136.790610987, 37.033364761 ], [ 136.790619449, 37.033347107 ], [ 136.790635509, 37.033324737 ], [ 136.790648505, 37.033310576 ], [ 136.790667795, 37.033294299 ], [ 136.790673807, 37.033287785 ], [ 136.790678039, 37.033284464 ], [ 136.790712897, 37.033270544 ], [ 136.790723507, 37.033266143 ], [ 136.790726934, 37.0332641 ], [ 136.790725575, 37.033261716 ], [ 136.790713352, 37.033258028 ], [ 136.79068866, 37.033252741 ], [ 136.790663631, 37.033247507 ], [ 136.790644314, 37.033237263 ], [ 136.790616279, 37.033217087 ], [ 136.7906041, 37.033202179 ], [ 136.790596264, 37.033184212 ], [ 136.790596778, 37.033162144 ], [ 136.790599594, 37.033147176 ], [ 136.790607402, 37.033120571 ], [ 136.790614063, 37.033103245 ], [ 136.790619038, 37.033090635 ], [ 136.790619945, 37.033082104 ], [ 136.790618031, 37.033075889 ], [ 136.790610251, 37.033071701 ], [ 136.790596508, 37.033068666 ], [ 136.790556076, 37.033068691 ], [ 136.790510452, 37.033061562 ], [ 136.790495053, 37.033054619 ], [ 136.790479043, 37.033043971 ], [ 136.790464462, 37.033033048 ], [ 136.790450049, 37.033026766 ], [ 136.790435877, 37.033024117 ], [ 136.790423452, 37.033027231 ], [ 136.790414778, 37.033033242 ], [ 136.790409636, 37.033038921 ], [ 136.790406276, 37.033052355 ], [ 136.790404789, 37.033066751 ], [ 136.790405304, 37.033078585 ], [ 136.790397155, 37.033099097 ], [ 136.790387535, 37.033116927 ], [ 136.790375756, 37.033125929 ], [ 136.790357407, 37.033131349 ], [ 136.790338362, 37.033132001 ], [ 136.790309187, 37.033126393 ], [ 136.790283723, 37.033115994 ], [ 136.790266415, 37.033113335 ], [ 136.790252103, 37.033104729 ], [ 136.790242376, 37.033096461 ], [ 136.790234011, 37.033085548 ], [ 136.790226185, 37.033074656 ], [ 136.790219091, 37.033058962 ], [ 136.790207238, 37.033030375 ], [ 136.79020114, 37.033015649 ], [ 136.790202472, 37.033007579 ], [ 136.790204136, 37.032993833 ], [ 136.790199221, 37.032978632 ], [ 136.79019966, 37.03295341 ], [ 136.790204405, 37.032921064 ], [ 136.790205657, 37.032908876 ], [ 136.790210542, 37.032905169 ], [ 136.790219573, 37.032902062 ], [ 136.790230005, 37.032901789 ], [ 136.790235702, 37.032902167 ], [ 136.790258087, 37.032905654 ], [ 136.790269442, 37.032907528 ], [ 136.790283001, 37.032906796 ], [ 136.790294235, 37.032903633 ], [ 136.790313241, 37.032897069 ], [ 136.790343189, 37.032889432 ], [ 136.790358531, 37.032885092 ], [ 136.790380904, 37.032875106 ], [ 136.790399477, 37.032867559 ], [ 136.790423759, 37.032862338 ], [ 136.790445045, 37.032856241 ], [ 136.790460081, 37.032850143 ], [ 136.790473096, 37.032843552 ], [ 136.790494286, 37.032827209 ], [ 136.790502923, 37.032819513 ], [ 136.79051894, 37.032805902 ], [ 136.790529188, 37.032795112 ], [ 136.790443715, 37.032704202 ], [ 136.790302462, 37.032552764 ], [ 136.790195776, 37.032523994 ], [ 136.789935795, 37.032456293 ], [ 136.789868283, 37.032438579 ], [ 136.789860157, 37.032445275 ], [ 136.789848995, 37.032456613 ], [ 136.789837919, 37.032464427 ], [ 136.789830973, 37.03246435 ], [ 136.789822224, 37.032460556 ], [ 136.789808273, 37.032458646 ], [ 136.789784272, 37.032456867 ], [ 136.789751202, 37.032459456 ], [ 136.789730174, 37.032463499 ], [ 136.78972009, 37.032463791 ], [ 136.789709078, 37.032460791 ], [ 136.789681245, 37.032447528 ], [ 136.789668663, 37.032436935 ], [ 136.789653996, 37.032422957 ], [ 136.789643002, 37.032411639 ], [ 136.789633658, 37.032398768 ], [ 136.78962547, 37.032383891 ], [ 136.789619891, 37.032371004 ], [ 136.789614377, 37.032356361 ], [ 136.789611555, 37.032351882 ], [ 136.789605376, 37.03235125 ], [ 136.78959437, 37.032353792 ], [ 136.789580559, 37.032360047 ], [ 136.789557359, 37.032369111 ], [ 136.789535512, 37.032375026 ], [ 136.789503414, 37.032380952 ], [ 136.789487525, 37.032391391 ], [ 136.78947101, 37.032403342 ], [ 136.789449863, 37.032420199 ], [ 136.789430783, 37.032439441 ], [ 136.789417295, 37.03245288 ], [ 136.789416942, 37.032474272 ], [ 136.789420582, 37.032483737 ], [ 136.789427882, 37.032494178 ], [ 136.789434894, 37.032503608 ], [ 136.789460147, 37.032524947 ], [ 136.789469403, 37.03253059 ], [ 136.789477281, 37.032535464 ], [ 136.789489664, 37.032540847 ], [ 136.789498139, 37.032550066 ], [ 136.789500195, 37.03255028 ], [ 136.789504233, 37.032547418 ], [ 136.789507776, 37.032542437 ], [ 136.789515868, 37.032537947 ], [ 136.789534597, 37.032528419 ], [ 136.789555428, 37.0325164 ], [ 136.789572703, 37.032505326 ], [ 136.789592463, 37.032491853 ], [ 136.78961221, 37.032478624 ], [ 136.789618764, 37.03247841 ], [ 136.789629689, 37.032480914 ], [ 136.789649651, 37.032492404 ], [ 136.789658625, 37.03250304 ], [ 136.789659231, 37.032516838 ], [ 136.789660481, 37.032525475 ], [ 136.789666709, 37.032538868 ], [ 136.789665689, 37.032542857 ], [ 136.789646097, 37.032554231 ], [ 136.789611626, 37.032571874 ], [ 136.78958339, 37.032567306 ], [ 136.789548684, 37.032566492 ], [ 136.78951404, 37.032568987 ], [ 136.78950176, 37.03257239 ], [ 136.789499843, 37.032578133 ], [ 136.789492451, 37.032611453 ], [ 136.789493705, 37.032621469 ], [ 136.789495964, 37.032628433 ], [ 136.789491563, 37.032631934 ], [ 136.789406236, 37.032650343 ], [ 136.789385693, 37.032654117 ], [ 136.789363775, 37.032656156 ], [ 136.789327699, 37.032657393 ], [ 136.789290819, 37.032655104 ], [ 136.789262942, 37.032650861 ], [ 136.789234149, 37.032645362 ], [ 136.789218335, 37.032640599 ], [ 136.789197139, 37.032632989 ], [ 136.789191184, 37.032627941 ], [ 136.789188429, 37.032621462 ], [ 136.789183298, 37.032611218 ], [ 136.789176763, 37.032577854 ], [ 136.789173238, 37.032552097 ], [ 136.789171288, 37.032544025 ], [ 136.789168627, 37.032538826 ], [ 136.789164571, 37.032531784 ], [ 136.789156988, 37.032524118 ], [ 136.789148855, 37.032516189 ], [ 136.789143927, 37.032505711 ], [ 136.789137608, 37.032494831 ], [ 136.789136102, 37.032485626 ], [ 136.789136951, 37.032475454 ], [ 136.789139834, 37.032467479 ], [ 136.789142668, 37.03246273 ], [ 136.789147554, 37.032456609 ], [ 136.789149954, 37.032453057 ], [ 136.789150193, 37.032450273 ], [ 136.789149871, 37.032447073 ], [ 136.789148287, 37.032444653 ], [ 136.789143934, 37.032433879 ], [ 136.789141008, 37.032421064 ], [ 136.789142235, 37.032413877 ], [ 136.789148052, 37.032387725 ], [ 136.789155696, 37.032373926 ], [ 136.789161787, 37.032358256 ], [ 136.789171516, 37.032341201 ], [ 136.78919683, 37.032304514 ], [ 136.789211951, 37.032288125 ], [ 136.789217898, 37.032283476 ], [ 136.789228208, 37.032273758 ], [ 136.789234571, 37.032266839 ], [ 136.789244157, 37.032249036 ], [ 136.789250712, 37.03223499 ], [ 136.789261088, 37.032221118 ], [ 136.789263697, 37.032211718 ], [ 136.789264469, 37.032205556 ], [ 136.789273102, 37.032198816 ], [ 136.789278994, 37.032193851 ], [ 136.78928513, 37.032184832 ], [ 136.789293405, 37.032175306 ], [ 136.789302566, 37.032177552 ], [ 136.789317936, 37.032178908 ], [ 136.789351126, 37.032179563 ], [ 136.78936758, 37.032179904 ], [ 136.789382153, 37.03218105 ], [ 136.789390351, 37.032180165 ], [ 136.789399112, 37.032176994 ], [ 136.789410879, 37.032170453 ], [ 136.789432613, 37.032162259 ], [ 136.789460344, 37.032157634 ], [ 136.789500123, 37.032155462 ], [ 136.789504297, 37.032152231 ], [ 136.789514748, 37.032139261 ], [ 136.789527041, 37.032128495 ], [ 136.789537747, 37.032118337 ], [ 136.789549265, 37.032107658 ], [ 136.789559745, 37.032097725 ], [ 136.789565006, 37.032090866 ], [ 136.789566021, 37.032085534 ], [ 136.789564305, 37.032073561 ], [ 136.789555251, 37.032040424 ], [ 136.789547543, 37.032012697 ], [ 136.789541141, 37.032002467 ], [ 136.789533188, 37.031987744 ], [ 136.789515807, 37.031949975 ], [ 136.789502632, 37.031931892 ], [ 136.789481331, 37.031936573 ], [ 136.789460089, 37.031949825 ], [ 136.789434891, 37.031965281 ], [ 136.789392216, 37.031989341 ], [ 136.789367297, 37.03201198 ], [ 136.789337681, 37.032038894 ], [ 136.789324508, 37.032056893 ], [ 136.789309082, 37.032080572 ], [ 136.789299755, 37.032107244 ], [ 136.789299498, 37.032118426 ], [ 136.789290467, 37.032144423 ], [ 136.7892867, 37.032165273 ], [ 136.789269313, 37.032174013 ], [ 136.789250886, 37.032181569 ], [ 136.789223161, 37.032185077 ], [ 136.789169, 37.032188572 ], [ 136.789161951, 37.032184233 ], [ 136.78915472, 37.032173576 ], [ 136.78913197, 37.032132546 ], [ 136.789104661, 37.032090799 ], [ 136.789098485, 37.032066745 ], [ 136.789095522, 37.032029517 ], [ 136.789095827, 37.031965482 ], [ 136.789094345, 37.03186762 ], [ 136.789092558, 37.031844833 ], [ 136.789093687, 37.031818694 ], [ 136.789095822, 37.031812059 ], [ 136.789109201, 37.031763754 ], [ 136.789119217, 37.031722576 ], [ 136.789121622, 37.031700036 ], [ 136.789121899, 37.031655349 ], [ 136.789116045, 37.031625411 ], [ 136.789112181, 37.031613567 ], [ 136.789109174, 37.031610223 ], [ 136.789100673, 37.031604104 ], [ 136.789087765, 37.031600359 ], [ 136.789068478, 37.031597838 ], [ 136.789048766, 37.031601623 ], [ 136.789034309, 37.031609011 ], [ 136.789019616, 37.031618472 ], [ 136.78899985, 37.031635486 ], [ 136.788990299, 37.031646188 ], [ 136.788966439, 37.031668344 ], [ 136.788943799, 37.031686944 ], [ 136.788918876, 37.031708087 ], [ 136.788893801, 37.03173041 ], [ 136.788867395, 37.031758154 ], [ 136.78885068, 37.03177416 ], [ 136.788830144, 37.031796993 ], [ 136.788817003, 37.031813109 ], [ 136.788813354, 37.03182821 ], [ 136.788807778, 37.031846576 ], [ 136.788799558, 37.03186542 ], [ 136.788797462, 37.031884599 ], [ 136.788794136, 37.031893501 ], [ 136.788787217, 37.0319014 ], [ 136.788788188, 37.031907396 ], [ 136.788795005, 37.031920052 ], [ 136.788808476, 37.031941669 ], [ 136.788813296, 37.031953435 ], [ 136.788822915, 37.031978878 ], [ 136.78882811, 37.031996567 ], [ 136.788832532, 37.03202066 ], [ 136.788836914, 37.032048349 ], [ 136.788835549, 37.032074334 ], [ 136.78883176, 37.0320881 ], [ 136.788825341, 37.032095154 ], [ 136.788800966, 37.032107585 ], [ 136.788783847, 37.032116803 ], [ 136.788764884, 37.032123619 ], [ 136.788735319, 37.032133356 ], [ 136.78869058, 37.032133944 ], [ 136.788674355, 37.032132792 ], [ 136.788656346, 37.03211956 ], [ 136.788645784, 37.032102882 ], [ 136.788643406, 37.03209042 ], [ 136.788644804, 37.032055586 ], [ 136.788642875, 37.032029698 ], [ 136.788638213, 37.032020167 ], [ 136.788638627, 37.032002443 ], [ 136.788643274, 37.031990148 ], [ 136.788649107, 37.031976604 ], [ 136.788665804, 37.03195064 ], [ 136.788682699, 37.031925353 ], [ 136.788683868, 37.031900449 ], [ 136.788687674, 37.031887674 ], [ 136.788688516, 37.031878773 ], [ 136.788693494, 37.031856521 ], [ 136.788697936, 37.031828734 ], [ 136.78870188, 37.031785869 ], [ 136.788705745, 37.031777159 ], [ 136.788712639, 37.03176743 ], [ 136.788715601, 37.031759392 ], [ 136.788721713, 37.031746399 ], [ 136.788729967, 37.031731952 ], [ 136.78873006, 37.03172459 ], [ 136.788727013, 37.031720057 ], [ 136.788723685, 37.031708998 ], [ 136.788723253, 37.031696281 ], [ 136.788724144, 37.03165264 ], [ 136.788723951, 37.031623433 ], [ 136.788721321, 37.031602959 ], [ 136.788724806, 37.031571141 ], [ 136.788729452, 37.031554485 ], [ 136.788742317, 37.031526058 ], [ 136.788753416, 37.031504619 ], [ 136.788761407, 37.031488793 ], [ 136.788767471, 37.03147187 ], [ 136.788769136, 37.031457898 ], [ 136.788766978, 37.031453404 ], [ 136.788759735, 37.031445063 ], [ 136.788747815, 37.031437212 ], [ 136.788732294, 37.031430043 ], [ 136.788695316, 37.03141356 ], [ 136.788659924, 37.031397064 ], [ 136.788641185, 37.031386182 ], [ 136.788621578, 37.03137107 ], [ 136.788596911, 37.031347237 ], [ 136.788585981, 37.03133454 ], [ 136.788567706, 37.031307006 ], [ 136.788552395, 37.03127803 ], [ 136.788540721, 37.031249876 ], [ 136.788524381, 37.031192474 ], [ 136.788513091, 37.031143604 ], [ 136.788287909, 37.031136155 ], [ 136.788140925, 37.031130973 ], [ 136.788125073, 37.03113833 ], [ 136.788111595, 37.031145532 ], [ 136.788099068, 37.03115344 ], [ 136.788086467, 37.031164755 ], [ 136.788081826, 37.031171408 ], [ 136.788075573, 37.031181076 ], [ 136.788071869, 37.03118922 ], [ 136.788067929, 37.031203869 ], [ 136.788063085, 37.031221958 ], [ 136.788054731, 37.031240531 ], [ 136.788045141, 37.031259245 ], [ 136.788031533, 37.031283299 ], [ 136.788021337, 37.031301749 ], [ 136.788005753, 37.031323093 ], [ 136.78799317, 37.03133548 ], [ 136.787980501, 37.03134491 ], [ 136.787964984, 37.031352818 ], [ 136.787954988, 37.03135795 ], [ 136.787941197, 37.031360051 ], [ 136.787926363, 37.03135721 ], [ 136.787917359, 37.031352891 ], [ 136.78790016, 37.03134405 ], [ 136.787882588, 37.031331279 ], [ 136.787882185, 37.0313308 ], [ 136.787846824, 37.031292252 ], [ 136.787818684, 37.031254872 ], [ 136.787800856, 37.031225717 ], [ 136.787791106, 37.031201859 ], [ 136.787781136, 37.031165664 ], [ 136.787774806, 37.031145538 ], [ 136.78775505, 37.031117503 ], [ 136.787303621, 37.031102318 ], [ 136.787208706, 37.030980799 ], [ 136.787207234, 37.031001143 ], [ 136.787196802, 37.031012689 ], [ 136.787176347, 37.031032531 ], [ 136.787161513, 37.031050029 ], [ 136.787152655, 37.03106158 ], [ 136.787138228, 37.031076331 ], [ 136.787116226, 37.031090914 ], [ 136.787099389, 37.031097619 ], [ 136.787081574, 37.031101986 ], [ 136.787053187, 37.031103076 ], [ 136.787034009, 37.031101366 ], [ 136.787020392, 37.031102331 ], [ 136.786997995, 37.031099142 ], [ 136.786989745, 37.03109679 ], [ 136.786968726, 37.031087792 ], [ 136.786953284, 37.03107829 ], [ 136.786929313, 37.031059523 ], [ 136.786916709, 37.03104884 ], [ 136.786901214, 37.031038878 ], [ 136.786871558, 37.031023886 ], [ 136.786850466, 37.031018223 ], [ 136.786822472, 37.031015015 ], [ 136.786766658, 37.031018639 ], [ 136.786736962, 37.031018625 ], [ 136.786717253, 37.031012813 ], [ 136.786687602, 37.031001453 ], [ 136.786675285, 37.030994133 ], [ 136.786665458, 37.030985864 ], [ 136.786651271, 37.030981647 ], [ 136.786628549, 37.030980619 ], [ 136.786605631, 37.030980464 ], [ 136.786584887, 37.030974883 ], [ 136.786568058, 37.030979992 ], [ 136.786556056, 37.030977259 ], [ 136.78654244, 37.030968943 ], [ 136.786514169, 37.030953713 ], [ 136.786498977, 37.030950465 ], [ 136.786480308, 37.030948008 ], [ 136.786463249, 37.030942745 ], [ 136.786449763, 37.030931014 ], [ 136.786440978, 37.030921118 ], [ 136.786429865, 37.030904546 ], [ 136.786421591, 37.030884658 ], [ 136.786423939, 37.030864497 ], [ 136.786428546, 37.030851274 ], [ 136.78643961, 37.030834818 ], [ 136.786450716, 37.030823382 ], [ 136.786461486, 37.030809268 ], [ 136.786471613, 37.030800442 ], [ 136.786481105, 37.030794876 ], [ 136.786493478, 37.030790662 ], [ 136.786513812, 37.030786123 ], [ 136.786546717, 37.030780506 ], [ 136.786570518, 37.030777031 ], [ 136.786581617, 37.030776157 ], [ 136.786588249, 37.030773709 ], [ 136.786599837, 37.03076477 ], [ 136.786621291, 37.030747429 ], [ 136.78663686, 37.030735817 ], [ 136.786643894, 37.030729496 ], [ 136.786666129, 37.030704235 ], [ 136.786676426, 37.030694959 ], [ 136.786689695, 37.030682629 ], [ 136.786704958, 37.03067162 ], [ 136.786738381, 37.030654371 ], [ 136.786758818, 37.030642739 ], [ 136.786777882, 37.030633437 ], [ 136.786797183, 37.030624055 ], [ 136.786815447, 37.030615201 ], [ 136.786846655, 37.030605018 ], [ 136.786871826, 37.030595033 ], [ 136.786898561, 37.030582674 ], [ 136.786819115, 37.030481201 ], [ 136.786745192, 37.03049203 ], [ 136.786659617, 37.030501966 ], [ 136.786601216, 37.030505889 ], [ 136.786562337, 37.030508161 ], [ 136.786482054, 37.030507327 ], [ 136.786466236, 37.030510106 ], [ 136.786410044, 37.030526472 ], [ 136.786367521, 37.030542718 ], [ 136.786280294, 37.030579567 ], [ 136.786252426, 37.030591787 ], [ 136.7862307, 37.030591555 ], [ 136.786218473, 37.030595599 ], [ 136.786205462, 37.030605956 ], [ 136.786188288, 37.030612453 ], [ 136.786167367, 37.03061079 ], [ 136.78613959, 37.030606835 ], [ 136.786123105, 37.030594788 ], [ 136.78609362, 37.030561513 ], [ 136.786085667, 37.030549168 ], [ 136.786086393, 37.030543295 ], [ 136.786100286, 37.030520675 ], [ 136.786106022, 37.030488513 ], [ 136.786112041, 37.030460308 ], [ 136.786140009, 37.030419197 ], [ 136.786150611, 37.030411877 ], [ 136.786175198, 37.030395104 ], [ 136.786201312, 37.030374002 ], [ 136.786208248, 37.030367094 ], [ 136.786218974, 37.030353016 ], [ 136.786233009, 37.030335786 ], [ 136.786249925, 37.030315537 ], [ 136.786256948, 37.03031145 ], [ 136.78628228, 37.030311964 ], [ 136.786317025, 37.030313887 ], [ 136.786331997, 37.030313799 ], [ 136.786347556, 37.030315498 ], [ 136.786357454, 37.030316395 ], [ 136.786363107, 37.030314133 ], [ 136.786369861, 37.030307712 ], [ 136.78638548, 37.030281466 ], [ 136.786398774, 37.030252815 ], [ 136.786406688, 37.030230041 ], [ 136.786411368, 37.030202075 ], [ 136.78641335, 37.03015405 ], [ 136.78640941, 37.030103392 ], [ 136.786403569, 37.030086864 ], [ 136.786392379, 37.03006091 ], [ 136.78558951, 37.030083 ], [ 136.78538307, 37.030282304 ], [ 136.785404058, 37.030270458 ], [ 136.785444935, 37.030248457 ], [ 136.785465709, 37.030238927 ], [ 136.785489856, 37.030238229 ], [ 136.785534426, 37.030237678 ], [ 136.785569802, 37.030239153 ], [ 136.785598439, 37.030239551 ], [ 136.785654599, 37.030238749 ], [ 136.785673961, 37.03023964 ], [ 136.785686367, 37.030242465 ], [ 136.785695345, 37.030247486 ], [ 136.785702891, 37.030253359 ], [ 136.785710712, 37.030260647 ], [ 136.785730556, 37.030279834 ], [ 136.785738036, 37.030287671 ], [ 136.7857566, 37.030311206 ], [ 136.785779924, 37.030338009 ], [ 136.785796516, 37.030355644 ], [ 136.785806619, 37.030369581 ], [ 136.785817468, 37.030391641 ], [ 136.78582318, 37.03040469 ], [ 136.785842766, 37.03043277 ], [ 136.785851981, 37.030444388 ], [ 136.785858304, 37.030454403 ], [ 136.785864308, 37.030469931 ], [ 136.785870609, 37.030493399 ], [ 136.785882035, 37.030519191 ], [ 136.785893611, 37.030537378 ], [ 136.785904239, 37.030556345 ], [ 136.785911699, 37.030572815 ], [ 136.785915873, 37.030581192 ], [ 136.785918416, 37.030596384 ], [ 136.785923093, 37.03062758 ], [ 136.785924144, 37.030635576 ], [ 136.785923605, 37.030646677 ], [ 136.78592132, 37.030665441 ], [ 136.785921831, 37.030677824 ], [ 136.785918212, 37.030691402 ], [ 136.785912565, 37.030712489 ], [ 136.785907618, 37.030721701 ], [ 136.785901439, 37.030727963 ], [ 136.785901455, 37.030731486 ], [ 136.785905304, 37.03073495 ], [ 136.785909811, 37.03073966 ], [ 136.785913446, 37.030749908 ], [ 136.785918302, 37.030776869 ], [ 136.785922212, 37.030802096 ], [ 136.78592454, 37.030819766 ], [ 136.785916722, 37.030834493 ], [ 136.785916667, 37.030841135 ], [ 136.785917438, 37.030848653 ], [ 136.785914714, 37.030853997 ], [ 136.785909756, 37.030856387 ], [ 136.785906415, 37.030854781 ], [ 136.785904416, 37.030852071 ], [ 136.785901273, 37.030844519 ], [ 136.78590063, 37.030833856 ], [ 136.78589865, 37.030831759 ], [ 136.785893155, 37.030831669 ], [ 136.78588741, 37.030834111 ], [ 136.785867353, 37.0308486 ], [ 136.785849921, 37.030866288 ], [ 136.78583965, 37.030879223 ], [ 136.785833322, 37.030890485 ], [ 136.78583399, 37.030894002 ], [ 136.785839248, 37.030899002 ], [ 136.785847134, 37.030904416 ], [ 136.785848722, 37.030906116 ], [ 136.785848192, 37.030908763 ], [ 136.785843847, 37.030912264 ], [ 136.78582443, 37.030922295 ], [ 136.785803568, 37.030938097 ], [ 136.785797294, 37.030940771 ], [ 136.785792565, 37.030940252 ], [ 136.78578446, 37.030933602 ], [ 136.785777595, 37.03092847 ], [ 136.785769377, 37.030928886 ], [ 136.785754322, 37.030931991 ], [ 136.785726534, 37.030941545 ], [ 136.785694202, 37.030956202 ], [ 136.785671211, 37.030963806 ], [ 136.785660194, 37.030968799 ], [ 136.785642867, 37.030976602 ], [ 136.785630929, 37.030983646 ], [ 136.785627377, 37.03098806 ], [ 136.785630213, 37.030992043 ], [ 136.785636456, 37.030995406 ], [ 136.785645634, 37.030994381 ], [ 136.785665018, 37.030993065 ], [ 136.785682225, 37.030991156 ], [ 136.785693442, 37.030991372 ], [ 136.785703479, 37.030993558 ], [ 136.785709972, 37.030996652 ], [ 136.785750528, 37.03099625 ], [ 136.785764273, 37.030992113 ], [ 136.785781788, 37.030987005 ], [ 136.785787988, 37.030983448 ], [ 136.785796082, 37.030978679 ], [ 136.785802264, 37.030978699 ], [ 136.785811906, 37.030983687 ], [ 136.785817682, 37.030988409 ], [ 136.785825828, 37.030993554 ], [ 136.785837872, 37.030996864 ], [ 136.785863686, 37.03099774 ], [ 136.785874736, 37.030999929 ], [ 136.785881594, 37.031003952 ], [ 136.785884841, 37.031011154 ], [ 136.785893428, 37.03102916 ], [ 136.78590111, 37.031048451 ], [ 136.785908795, 37.031067184 ], [ 136.785915647, 37.031072487 ], [ 136.785926294, 37.031076432 ], [ 136.785935138, 37.031081498 ], [ 136.785940485, 37.031088868 ], [ 136.78594293, 37.031096716 ], [ 136.785940086, 37.031105674 ], [ 136.785940914, 37.031110975 ], [ 136.785945431, 37.031115766 ], [ 136.785952074, 37.031120356 ], [ 136.785966808, 37.031127405 ], [ 136.785978743, 37.031134572 ], [ 136.785993163, 37.031143837 ], [ 136.786004174, 37.031151505 ], [ 136.786012089, 37.031155559 ], [ 136.786021784, 37.031163448 ], [ 136.786037519, 37.03116139 ], [ 136.786064638, 37.031157566 ], [ 136.786087529, 37.031158558 ], [ 136.786101504, 37.031160072 ], [ 136.786116468, 37.031161805 ], [ 136.786134796, 37.031167208 ], [ 136.786164611, 37.031168295 ], [ 136.786180135, 37.031170219 ], [ 136.786208634, 37.031178124 ], [ 136.786224899, 37.031184763 ], [ 136.786230058, 37.031189349 ], [ 136.786240379, 37.031202476 ], [ 136.786247454, 37.031210501 ], [ 136.78625235, 37.031211291 ], [ 136.786258978, 37.031207564 ], [ 136.786271935, 37.031201396 ], [ 136.786272072, 37.031196503 ], [ 136.786269526, 37.031193026 ], [ 136.786259809, 37.031182974 ], [ 136.786258941, 37.031176654 ], [ 136.786265553, 37.031169321 ], [ 136.786276665, 37.031161202 ], [ 136.786293744, 37.031153425 ], [ 136.786318338, 37.031144285 ], [ 136.7863501, 37.031140188 ], [ 136.786366837, 37.031142485 ], [ 136.786399231, 37.031151402 ], [ 136.786444227, 37.031160261 ], [ 136.786460811, 37.031161485 ] ] ] } },
{ "type": "Feature", "properties": { "A54_001": "1", "A54_002": "17", "A54_003": "石川県", "A54_004": "17384", "A54_005": "志賀町", "A54_006": "志賀町021" }, "geometry": { "type": "Polygon", "coordinates": [ [ [ 136.768343112, 37.022915433 ], [ 136.768310241, 37.022901381 ], [ 136.768301975, 37.022907223 ], [ 136.76828936, 37.022927971 ], [ 136.768280211, 37.022944259 ], [ 136.768269342, 37.022956103 ], [ 136.768257101, 37.022963749 ], [ 136.768237916, 37.022965921 ], [ 136.768224076, 37.022964721 ], [ 136.768203348, 37.022961856 ], [ 136.76819149, 37.022962935 ], [ 136.768185014, 37.022967945 ], [ 136.768173321, 37.022979192 ], [ 136.768156353, 37.022990596 ], [ 136.768128903, 37.023008779 ], [ 136.76809413, 37.023025155 ], [ 136.768043035, 37.023046293 ], [ 136.767994969, 37.023068065 ], [ 136.767977613, 37.023077491 ], [ 136.767958349, 37.023085313 ], [ 136.767941752, 37.023091278 ], [ 136.767919402, 37.02309871 ], [ 136.767919283, 37.023102543 ], [ 136.767923244, 37.02310687 ], [ 136.767941713, 37.023117794 ], [ 136.767954712, 37.023127182 ], [ 136.767960608, 37.023135547 ], [ 136.767967646, 37.023156256 ], [ 136.767978271, 37.023191095 ], [ 136.767994744, 37.023228495 ], [ 136.768001053, 37.023255351 ], [ 136.768002673, 37.023278978 ], [ 136.768000185, 37.023319354 ], [ 136.767994946, 37.023354558 ], [ 136.767991118, 37.023415913 ], [ 136.767986312, 37.02346831 ], [ 136.767996242, 37.023496568 ], [ 136.76801007, 37.023518978 ], [ 136.76802356, 37.02353929 ], [ 136.768032588, 37.023549719 ], [ 136.768033366, 37.023553236 ], [ 136.76802059, 37.023577393 ], [ 136.768015876, 37.023589672 ], [ 136.768006629, 37.023605695 ], [ 136.7679968, 37.02361868 ], [ 136.767986287, 37.023629043 ], [ 136.767973387, 37.023638823 ], [ 136.767962797, 37.023644857 ], [ 136.767941724, 37.023650921 ], [ 136.767917482, 37.023658268 ], [ 136.767901405, 37.023661239 ], [ 136.767885187, 37.02365783 ], [ 136.767874348, 37.023654359 ], [ 136.767853261, 37.023645268 ], [ 136.767836402, 37.023650243 ], [ 136.767793808, 37.023663443 ], [ 136.767732361, 37.023680827 ], [ 136.767710016, 37.023688275 ], [ 136.767685862, 37.023697778 ], [ 136.767667998, 37.023705715 ], [ 136.767659116, 37.023708879 ], [ 136.767653734, 37.02370966 ], [ 136.767638992, 37.02370969 ], [ 136.767631421, 37.023708681 ], [ 136.767626438, 37.023709144 ], [ 136.767615863, 37.023712543 ], [ 136.767594382, 37.023720318 ], [ 136.767584246, 37.023724708 ], [ 136.767577681, 37.023728291 ], [ 136.76757408, 37.023731337 ], [ 136.767573782, 37.023733846 ], [ 136.76757368, 37.023742426 ], [ 136.767577263, 37.023764821 ], [ 136.767578007, 37.023774887 ], [ 136.76758315, 37.023781852 ], [ 136.76759585, 37.023794904 ], [ 136.767602292, 37.023801155 ], [ 136.767612423, 37.02380662 ], [ 136.767621269, 37.023810261 ], [ 136.767625311, 37.023810046 ], [ 136.7676358, 37.023806841 ], [ 136.76764516, 37.023808065 ], [ 136.767649294, 37.023812141 ], [ 136.767656302, 37.023821566 ], [ 136.767681669, 37.023851495 ], [ 136.767700399, 37.023869688 ], [ 136.767735491, 37.02390062 ], [ 136.767744827, 37.023905763 ], [ 136.76776902, 37.023908001 ], [ 136.767805922, 37.023911328 ], [ 136.767829585, 37.023911257 ], [ 136.767850314, 37.023913843 ], [ 136.767884594, 37.023891735 ], [ 136.76790748, 37.023878239 ], [ 136.767922582, 37.023866549 ], [ 136.7679339, 37.023855705 ], [ 136.767951709, 37.02384043 ], [ 136.767965752, 37.023826501 ], [ 136.767974951, 37.023819663 ], [ 136.767984333, 37.02381602 ], [ 136.76799121, 37.023810498 ], [ 136.76799573, 37.023803165 ], [ 136.768002581, 37.023788333 ], [ 136.768006392, 37.023784095 ], [ 136.768016004, 37.023779375 ], [ 136.768029803, 37.023773831 ], [ 136.768035237, 37.023767979 ], [ 136.768043177, 37.023749695 ], [ 136.768047767, 37.023735415 ], [ 136.768048385, 37.023717247 ], [ 136.768047465, 37.023693064 ], [ 136.768044444, 37.02367083 ], [ 136.768043833, 37.023662634 ], [ 136.768046671, 37.023653279 ], [ 136.768053174, 37.023642958 ], [ 136.768058427, 37.023638364 ], [ 136.768067339, 37.023634061 ], [ 136.76807694, 37.023631437 ], [ 136.768080946, 37.02363201 ], [ 136.768083188, 37.02363663 ], [ 136.768085939, 37.023643907 ], [ 136.768088287, 37.023661666 ], [ 136.768092243, 37.023705147 ], [ 136.76809215, 37.023731345 ], [ 136.768092615, 37.023742388 ], [ 136.768096927, 37.023751208 ], [ 136.768101598, 37.023757933 ], [ 136.768106291, 37.023760464 ], [ 136.768114481, 37.023760911 ], [ 136.768123035, 37.023758564 ], [ 136.768134044, 37.02375315 ], [ 136.768148747, 37.023741459 ], [ 136.768156144, 37.023734036 ], [ 136.768164586, 37.023719768 ], [ 136.768169885, 37.023707441 ], [ 136.768173027, 37.023697068 ], [ 136.768177079, 37.023684143 ], [ 136.768180003, 37.023677285 ], [ 136.768187625, 37.023667406 ], [ 136.768194902, 37.023660378 ], [ 136.768208806, 37.023648923 ], [ 136.7682264, 37.023636762 ], [ 136.768241221, 37.023628976 ], [ 136.76824563, 37.023624039 ], [ 136.768258281, 37.023604674 ], [ 136.76828357, 37.023570965 ], [ 136.768338328, 37.023496354 ], [ 136.768343112, 37.022915433 ] ] ] } },
{ "type": "Feature", "properties": { "A54_001": "1", "A54_002": "17", "A54_003": "石川県", "A54_004": "17384", "A54_005": "志賀町", "A54_006": "志賀町007" }, "geometry": { "type": "Polygon", "coordinates": [ [ [ 136.758241016, 37.040683125 ], [ 136.758223573, 37.040684582 ], [ 136.758214201, 37.040685908 ], [ 136.75820578, 37.040695703 ], [ 136.758193884, 37.040703329 ], [ 136.758184818, 37.040709038 ], [ 136.758179512, 37.040713812 ], [ 136.758174606, 37.040718508 ], [ 136.758167011, 37.040722874 ], [ 136.758162503, 37.040727411 ], [ 136.758154383, 37.040736808 ], [ 136.758146122, 37.040753871 ], [ 136.758136228, 37.040782909 ], [ 136.758124901, 37.040821356 ], [ 136.758119155, 37.040852505 ], [ 136.758115485, 37.040882068 ], [ 136.758110893, 37.040902339 ], [ 136.758109659, 37.040909523 ], [ 136.758104851, 37.040914538 ], [ 136.758093602, 37.040925581 ], [ 136.758079202, 37.040935674 ], [ 136.758062711, 37.040945361 ], [ 136.758052519, 37.040951037 ], [ 136.758033153, 37.040958238 ], [ 136.758002716, 37.040971057 ], [ 136.757992529, 37.040975814 ], [ 136.757978937, 37.040983674 ], [ 136.757970812, 37.040989476 ], [ 136.757963601, 37.04099648 ], [ 136.757957393, 37.041002289 ], [ 136.757949797, 37.041006895 ], [ 136.75794178, 37.041015573 ], [ 136.757931693, 37.041029395 ], [ 136.757921362, 37.041042378 ], [ 136.75790021, 37.041072924 ], [ 136.757889377, 37.041086544 ], [ 136.757878266, 37.041096269 ], [ 136.757857045, 37.041114885 ], [ 136.757836171, 37.041132704 ], [ 136.757811075, 37.041149549 ], [ 136.757788713, 37.041162516 ], [ 136.757757422, 37.041178062 ], [ 136.757745046, 37.0411776 ], [ 136.757718045, 37.041173174 ], [ 136.757670432, 37.041162056 ], [ 136.757637822, 37.041153059 ], [ 136.757607702, 37.041137057 ], [ 136.757588248, 37.041123537 ], [ 136.757574281, 37.04111077 ], [ 136.75756194, 37.041079419 ], [ 136.757555387, 37.041060307 ], [ 136.757548911, 37.041032471 ], [ 136.757547569, 37.041010145 ], [ 136.75754654, 37.040997603 ], [ 136.757532178, 37.040984395 ], [ 136.757523227, 37.040981409 ], [ 136.757509202, 37.040977207 ], [ 136.757486472, 37.040967335 ], [ 136.757463265, 37.040959124 ], [ 136.757444884, 37.040949875 ], [ 136.757423755, 37.040941985 ], [ 136.757417552, 37.040941553 ], [ 136.757395585, 37.040943322 ], [ 136.757384431, 37.040944801 ], [ 136.757375938, 37.040949484 ], [ 136.757367425, 37.040957681 ], [ 136.757354971, 37.040969419 ], [ 136.757348647, 37.040978342 ], [ 136.757339957, 37.040992327 ], [ 136.757337027, 37.040999825 ], [ 136.757335851, 37.041014916 ], [ 136.757337482, 37.041034574 ], [ 136.757337265, 37.041056537 ], [ 136.757338425, 37.04106317 ], [ 136.757344659, 37.041071018 ], [ 136.757355223, 37.041080819 ], [ 136.75735848, 37.04108658 ], [ 136.75736361, 37.041096023 ], [ 136.757371416, 37.041103357 ], [ 136.757383441, 37.04110899 ], [ 136.757398458, 37.041113913 ], [ 136.757416764, 37.041116452 ], [ 136.757419847, 37.041117501 ], [ 136.757433025, 37.041130885 ], [ 136.757464652, 37.041152773 ], [ 136.757478448, 37.041162404 ], [ 136.757489743, 37.041174024 ], [ 136.757494084, 37.041182001 ], [ 136.757499951, 37.041202707 ], [ 136.757505525, 37.041221197 ], [ 136.757507593, 37.041229784 ], [ 136.757514136, 37.041254289 ], [ 136.757514707, 37.041264631 ], [ 136.757513181, 37.041270456 ], [ 136.757508744, 37.041280424 ], [ 136.757500629, 37.041295337 ], [ 136.757491728, 37.041309637 ], [ 136.757485035, 37.041320909 ], [ 136.757480722, 37.041329018 ], [ 136.75747932, 37.041335768 ], [ 136.757480102, 37.041345834 ], [ 136.757482912, 37.041352598 ], [ 136.757486749, 37.041358955 ], [ 136.757492186, 37.041364314 ], [ 136.757500945, 37.041369672 ], [ 136.757508226, 37.041370975 ], [ 136.75751678, 37.041370814 ], [ 136.757528122, 37.041368525 ], [ 136.75753837, 37.041368424 ], [ 136.757575032, 37.041368484 ], [ 136.757594635, 37.041367602 ], [ 136.757600376, 37.041369265 ], [ 136.75760281, 37.04137192 ], [ 136.757603991, 37.041374708 ], [ 136.757602371, 37.041379449 ], [ 136.757602866, 37.041382783 ], [ 136.75760969, 37.041384084 ], [ 136.757627356, 37.041382841 ], [ 136.757637213, 37.041381415 ], [ 136.757649261, 37.041382543 ], [ 136.757656027, 37.041384209 ], [ 136.757669187, 37.041393109 ], [ 136.757679006, 37.041400065 ], [ 136.757690554, 37.041412382 ], [ 136.757704871, 37.041427267 ], [ 136.757719217, 37.041442884 ], [ 136.757731543, 37.041458809 ], [ 136.757762201, 37.041488953 ], [ 136.757785692, 37.041511477 ], [ 136.757804804, 37.041532034 ], [ 136.757814413, 37.04154221 ], [ 136.757827374, 37.041558987 ], [ 136.757834995, 37.041568517 ], [ 136.757839756, 37.041572367 ], [ 136.757844135, 37.041573341 ], [ 136.757848719, 37.041573117 ], [ 136.757853412, 37.0415711 ], [ 136.757861099, 37.041563504 ], [ 136.757867257, 37.0415617 ], [ 136.757874593, 37.041563323 ], [ 136.757880039, 37.04156681 ], [ 136.757886718, 37.041570838 ], [ 136.757893431, 37.041571774 ], [ 136.757900157, 37.041570245 ], [ 136.757908613, 37.041564478 ], [ 136.757922369, 37.041555863 ], [ 136.757939459, 37.041545859 ], [ 136.757955542, 37.041537848 ], [ 136.757976402, 37.041530731 ], [ 136.757993574, 37.041524002 ], [ 136.758011677, 37.04152025 ], [ 136.758049532, 37.041516327 ], [ 136.758075188, 37.041511244 ], [ 136.758095548, 37.041506265 ], [ 136.758124861, 37.041502173 ], [ 136.75814024, 37.041495377 ], [ 136.758160359, 37.041482448 ], [ 136.758176666, 37.041465173 ], [ 136.758196821, 37.041435033 ], [ 136.758212138, 37.041407271 ], [ 136.758221457, 37.041392488 ], [ 136.758238825, 37.041372421 ], [ 136.758253679, 37.041361123 ], [ 136.758267512, 37.041345277 ], [ 136.758281293, 37.041334197 ], [ 136.758299589, 37.041319518 ], [ 136.758329087, 37.041296727 ], [ 136.758357192, 37.041289567 ], [ 136.758378601, 37.04128634 ], [ 136.758384074, 37.041285035 ], [ 136.758385394, 37.041282895 ], [ 136.758381362, 37.041281055 ], [ 136.758361718, 37.04127572 ], [ 136.75834666, 37.041270026 ], [ 136.758340399, 37.041267049 ], [ 136.758339442, 37.041259778 ], [ 136.758331312, 37.041252482 ], [ 136.758329539, 37.041248722 ], [ 136.758333041, 37.041245779 ], [ 136.758345914, 37.04124191 ], [ 136.758359152, 37.041241625 ], [ 136.758363583, 37.041243283 ], [ 136.758371112, 37.041248658 ], [ 136.758375209, 37.041248959 ], [ 136.758387804, 37.041245624 ], [ 136.758389811, 37.04124303 ], [ 136.758386984, 37.041239232 ], [ 136.758382184, 37.041235385 ], [ 136.758381174, 37.041232506 ], [ 136.758385754, 37.04122773 ], [ 136.758390971, 37.041221009 ], [ 136.758392722, 37.041210392 ], [ 136.758390368, 37.041203356 ], [ 136.758379742, 37.04118194 ], [ 136.758376607, 37.041172025 ], [ 136.758377035, 37.041166436 ], [ 136.758378964, 37.041159734 ], [ 136.758382056, 37.041148182 ], [ 136.758387069, 37.041136881 ], [ 136.758389973, 37.041131762 ], [ 136.758391394, 37.041126735 ], [ 136.758392976, 37.041110528 ], [ 136.75839614, 37.041096322 ], [ 136.758394976, 37.041090488 ], [ 136.758392108, 37.041086485 ], [ 136.758384581, 37.041079872 ], [ 136.758374759, 37.041072171 ], [ 136.758363932, 37.041066064 ], [ 136.758356897, 37.041058851 ], [ 136.758345626, 37.041050273 ], [ 136.758341777, 37.04104597 ], [ 136.75833976, 37.041039984 ], [ 136.758339615, 37.0410351 ], [ 136.758341896, 37.04102181 ], [ 136.75834238, 37.041016472 ], [ 136.758340815, 37.04101099 ], [ 136.758336445, 37.041003102 ], [ 136.758330217, 37.040972231 ], [ 136.758325819, 37.040956243 ], [ 136.758324072, 37.040947531 ], [ 136.758320007, 37.040943843 ], [ 136.758317025, 37.040945036 ], [ 136.758308686, 37.040950119 ], [ 136.758295739, 37.04094931 ], [ 136.758267241, 37.040946456 ], [ 136.758216738, 37.040943584 ], [ 136.758213906, 37.040943611 ], [ 136.758201417, 37.040938269 ], [ 136.75818655, 37.040923842 ], [ 136.758173931, 37.04091065 ], [ 136.758174554, 37.04090594 ], [ 136.758180079, 37.040897413 ], [ 136.758192556, 37.040876693 ], [ 136.758199395, 37.040864577 ], [ 136.758207095, 37.040840723 ], [ 136.758207353, 37.040830661 ], [ 136.758207306, 37.040802068 ], [ 136.758206613, 37.040780882 ], [ 136.758207129, 37.040749716 ], [ 136.758206854, 37.040736017 ], [ 136.758226252, 37.040727418 ], [ 136.758236501, 37.040720749 ], [ 136.758237412, 37.040713345 ], [ 136.7582378, 37.040706078 ], [ 136.758241197, 37.040690296 ], [ 136.758241016, 37.040683125 ] ] ] } },
{ "type": "Feature", "properties": { "A54_001": "1", "A54_002": "17", "A54_003": "石川県", "A54_004": "17384", "A54_005": "志賀町", "A54_006": "志賀町010" }, "geometry": { "type": "Polygon", "coordinates": [ [ [ 136.759364677, 37.039583224 ], [ 136.759366613, 37.039579876 ], [ 136.759365252, 37.039573582 ], [ 136.759356237, 37.039564047 ], [ 136.759341103, 37.039550607 ], [ 136.759301084, 37.039516895 ], [ 136.759262877, 37.039483878 ], [ 136.759253364, 37.039474261 ], [ 136.75923691, 37.039457408 ], [ 136.75920653, 37.039427498 ], [ 136.759187108, 37.039407863 ], [ 136.759171451, 37.039387638 ], [ 136.759164812, 37.039380622 ], [ 136.759156455, 37.039363494 ], [ 136.759147683, 37.039345654 ], [ 136.759132511, 37.039310455 ], [ 136.759123628, 37.039292196 ], [ 136.759125001, 37.039249024 ], [ 136.759125592, 37.039227077 ], [ 136.759125442, 37.039217812 ], [ 136.759123703, 37.039207663 ], [ 136.759119806, 37.039187618 ], [ 136.759117411, 37.039169799 ], [ 136.759114819, 37.039161567 ], [ 136.759110293, 37.039150929 ], [ 136.759107755, 37.039141177 ], [ 136.759104518, 37.039131821 ], [ 136.759100476, 37.039126531 ], [ 136.759094196, 37.039119344 ], [ 136.759092288, 37.039114089 ], [ 136.759089963, 37.039106022 ], [ 136.75908674, 37.039101904 ], [ 136.759082384, 37.039097972 ], [ 136.759079893, 37.039095454 ], [ 136.75907765, 37.039088965 ], [ 136.759075872, 37.039082784 ], [ 136.759072763, 37.039078711 ], [ 136.759068234, 37.039073903 ], [ 136.759060712, 37.039065691 ], [ 136.759050384, 37.03905414 ], [ 136.759036133, 37.039041443 ], [ 136.759017555, 37.039027833 ], [ 136.759000536, 37.039018615 ], [ 136.758989988, 37.039011049 ], [ 136.758982225, 37.039004804 ], [ 136.758969337, 37.038998461 ], [ 136.75895101, 37.038989028 ], [ 136.758932237, 37.038979907 ], [ 136.758911537, 37.038974382 ], [ 136.758889851, 37.038969721 ], [ 136.758857526, 37.038965771 ], [ 136.758828576, 37.038965047 ], [ 136.758789283, 37.038968107 ], [ 136.758746147, 37.038971338 ], [ 136.758695002, 37.038978335 ], [ 136.758673657, 37.038983024 ], [ 136.758650409, 37.038989653 ], [ 136.758629254, 37.03899853 ], [ 136.758611798, 37.039007276 ], [ 136.758597329, 37.039015148 ], [ 136.758586527, 37.039023018 ], [ 136.758576316, 37.039032167 ], [ 136.758563524, 37.039040829 ], [ 136.75854929, 37.039051428 ], [ 136.758539563, 37.039063215 ], [ 136.758529645, 37.039073563 ], [ 136.758528036, 37.039076353 ], [ 136.7585277, 37.0390833 ], [ 136.758537859, 37.039092011 ], [ 136.758552972, 37.039097574 ], [ 136.758579163, 37.039099421 ], [ 136.75864128, 37.039101591 ], [ 136.75871618, 37.03910728 ], [ 136.75874162, 37.039111657 ], [ 136.758761974, 37.039119973 ], [ 136.758780361, 37.039128203 ], [ 136.758795243, 37.039139595 ], [ 136.758806467, 37.039150551 ], [ 136.758818927, 37.039167925 ], [ 136.758823567, 37.039174779 ], [ 136.758829975, 37.039187341 ], [ 136.758833712, 37.039196458 ], [ 136.758833563, 37.039205768 ], [ 136.758824565, 37.039230416 ], [ 136.758816963, 37.039248869 ], [ 136.758810502, 37.03926482 ], [ 136.758804784, 37.039272069 ], [ 136.758801748, 37.039276212 ], [ 136.758800718, 37.039282597 ], [ 136.75880308, 37.039287957 ], [ 136.75880266, 37.039292108 ], [ 136.758798617, 37.039298299 ], [ 136.758787381, 37.039312876 ], [ 136.758778035, 37.039322049 ], [ 136.758767728, 37.039330639 ], [ 136.758757805, 37.039337254 ], [ 136.758745712, 37.039344427 ], [ 136.758731403, 37.039352136 ], [ 136.758712011, 37.039361482 ], [ 136.758695921, 37.039368364 ], [ 136.758679563, 37.039373901 ], [ 136.758653297, 37.039382668 ], [ 136.75864365, 37.039387655 ], [ 136.758629316, 37.039399323 ], [ 136.758620658, 37.039405515 ], [ 136.758612035, 37.03941046 ], [ 136.758605347, 37.039414941 ], [ 136.758600133, 37.039421312 ], [ 136.758595598, 37.039428234 ], [ 136.758592153, 37.039438456 ], [ 136.758587668, 37.03945729 ], [ 136.758585451, 37.039468014 ], [ 136.758588632, 37.039487913 ], [ 136.758591958, 37.039511011 ], [ 136.758601239, 37.039535922 ], [ 136.758608619, 37.039546931 ], [ 136.758617539, 37.039555588 ], [ 136.758627465, 37.03956249 ], [ 136.758648252, 37.039569031 ], [ 136.758670014, 37.039574905 ], [ 136.758703047, 37.039582936 ], [ 136.758738705, 37.039588949 ], [ 136.758754324, 37.039588424 ], [ 136.7587718, 37.039586641 ], [ 136.758781523, 37.039589002 ], [ 136.758797007, 37.039593121 ], [ 136.758815331, 37.039593317 ], [ 136.758851551, 37.039582819 ], [ 136.758880996, 37.039571245 ], [ 136.758910408, 37.039561297 ], [ 136.7589187, 37.039557013 ], [ 136.758926918, 37.039547777 ], [ 136.758937119, 37.0395361 ], [ 136.758943642, 37.039529915 ], [ 136.758951308, 37.039525529 ], [ 136.758961078, 37.039524364 ], [ 136.758971337, 37.039524879 ], [ 136.758979786, 37.039528422 ], [ 136.758983975, 37.039533303 ], [ 136.758984858, 37.039535862 ], [ 136.758984917, 37.03954353 ], [ 136.758982386, 37.039551029 ], [ 136.758982365, 37.039554942 ], [ 136.758983548, 37.039557342 ], [ 136.758992488, 37.039562245 ], [ 136.759001929, 37.039565437 ], [ 136.759037888, 37.039567702 ], [ 136.759069992, 37.039572465 ], [ 136.759087285, 37.039575524 ], [ 136.759117938, 37.03958154 ], [ 136.759143933, 37.039583517 ], [ 136.759199471, 37.039587364 ], [ 136.759267519, 37.039590168 ], [ 136.759299605, 37.039587698 ], [ 136.759322736, 37.039584263 ], [ 136.759337053, 37.039584028 ], [ 136.75935348, 37.039586081 ], [ 136.759359859, 37.039585544 ], [ 136.759364677, 37.039583224 ] ] ] } },
{ "type": "Feature", "properties": { "A54_001": "1", "A54_002": "17", "A54_003": "石川県", "A54_004": "17384", "A54_005": "志賀町", "A54_006": "志賀町009" }, "geometry": { "type": "Polygon", "coordinates": [ [ [ 136.758443614, 37.03947631 ], [ 136.758448936, 37.039471125 ], [ 136.758448842, 37.039467337 ], [ 136.758439019, 37.039462648 ], [ 136.758431128, 37.039461819 ], [ 136.758391078, 37.039462634 ], [ 136.758334236, 37.039461301 ], [ 136.758330311, 37.039461574 ], [ 136.758323138, 37.039461594 ], [ 136.758310224, 37.039464772 ], [ 136.758305365, 37.039467103 ], [ 136.758305681, 37.039468773 ], [ 136.758320466, 37.039471823 ], [ 136.758350887, 37.039474433 ], [ 136.758409304, 37.039476434 ], [ 136.758421132, 37.039477536 ], [ 136.75842915, 37.039479161 ], [ 136.75843877, 37.039479376 ], [ 136.758443614, 37.03947631 ] ] ] } },
{ "type": "Feature", "properties": { "A54_001": "1", "A54_002": "17", "A54_003": "石川県", "A54_004": "17384", "A54_005": "志賀町", "A54_006": "志賀町008" }, "geometry": { "type": "Polygon", "coordinates": [ [ [ 136.756326116, 37.039594405 ], [ 136.756375631, 37.039626583 ], [ 136.756400485, 37.039641095 ], [ 136.756412357, 37.039656471 ], [ 136.756424265, 37.039665218 ], [ 136.756439711, 37.039673752 ], [ 136.756457932, 37.039689609 ], [ 136.756486087, 37.039706059 ], [ 136.756487716, 37.039694883 ], [ 136.756490376, 37.039690673 ], [ 136.75649439, 37.039689988 ], [ 136.756496816, 37.039692652 ], [ 136.756499392, 37.039699929 ], [ 136.756496727, 37.039709284 ], [ 136.756495639, 37.039716968 ], [ 136.756495799, 37.039719624 ], [ 136.756499803, 37.039720896 ], [ 136.756508359, 37.03971841 ], [ 136.756520037, 37.039719009 ], [ 136.756525955, 37.039720847 ], [ 136.756534858, 37.039718641 ], [ 136.756551468, 37.039709893 ], [ 136.756579803, 37.039692939 ], [ 136.756609071, 37.039676989 ], [ 136.75662914, 37.039668752 ], [ 136.756646497, 37.039664579 ], [ 136.756685693, 37.039663815 ], [ 136.756716188, 37.039666716 ], [ 136.756753801, 37.039675092 ], [ 136.756799082, 37.039680088 ], [ 136.75682645, 37.039680881 ], [ 136.756843024, 37.039678842 ], [ 136.756866808, 37.039673903 ], [ 136.756894517, 37.039676096 ], [ 136.756915975, 37.039673514 ], [ 136.756937948, 37.039672472 ], [ 136.756953305, 37.039669869 ], [ 136.756964485, 37.039665715 ], [ 136.75700056, 37.039658196 ], [ 136.757015753, 37.039653496 ], [ 136.757024676, 37.039647657 ], [ 136.757036593, 37.039636237 ], [ 136.757049876, 37.039630133 ], [ 136.757071486, 37.039623629 ], [ 136.757092403, 37.0396244 ], [ 136.757128476, 37.0396276 ], [ 136.757168905, 37.039631094 ], [ 136.757203715, 37.039633948 ], [ 136.7572393, 37.039630437 ], [ 136.757265279, 37.039630107 ], [ 136.757306365, 37.039618375 ], [ 136.75734055, 37.039615803 ], [ 136.757406149, 37.03961554 ], [ 136.757435149, 37.039612705 ], [ 136.757456521, 37.039609843 ], [ 136.757507515, 37.039602115 ], [ 136.757538986, 37.039593663 ], [ 136.757572244, 37.039593289 ], [ 136.757616477, 37.039594664 ], [ 136.75764629, 37.039596724 ], [ 136.757674626, 37.039603915 ], [ 136.757722143, 37.039618509 ], [ 136.757748881, 37.039625145 ], [ 136.757782723, 37.039629664 ], [ 136.757815063, 37.039629775 ], [ 136.757845584, 37.039627924 ], [ 136.757881189, 37.039630798 ], [ 136.757904035, 37.039637725 ], [ 136.757932608, 37.039657636 ], [ 136.757959587, 37.039672481 ], [ 136.757983954, 37.039680148 ], [ 136.758004696, 37.039681197 ], [ 136.758035829, 37.039678859 ], [ 136.7580859, 37.039672427 ], [ 136.758131756, 37.039669711 ], [ 136.758161566, 37.039672382 ], [ 136.758207272, 37.039683546 ], [ 136.758224012, 37.039691186 ], [ 136.758241375, 37.039696382 ], [ 136.758263899, 37.039706244 ], [ 136.758290535, 37.039717587 ], [ 136.758309408, 37.039725723 ], [ 136.758322789, 37.039733841 ], [ 136.758333432, 37.039740482 ], [ 136.758336142, 37.03974734 ], [ 136.758340362, 37.039764017 ], [ 136.758344899, 37.039771371 ], [ 136.758354954, 37.039773851 ], [ 136.75838149, 37.03977541 ], [ 136.75839796, 37.039776445 ], [ 136.758417791, 37.039776513 ], [ 136.75842544, 37.039772626 ], [ 136.758434639, 37.039764097 ], [ 136.758442631, 37.039752873 ], [ 136.758446928, 37.039748241 ], [ 136.758453344, 37.03974655 ], [ 136.758468288, 37.03974758 ], [ 136.758494255, 37.039747512 ], [ 136.758529649, 37.039747215 ], [ 136.758567819, 37.039749443 ], [ 136.758608619, 37.039747862 ], [ 136.758648084, 37.039745362 ], [ 136.75869746, 37.039745572 ], [ 136.758745049, 37.039746854 ], [ 136.758779021, 37.039751583 ], [ 136.758795737, 37.039755693 ], [ 136.7588034, 37.039757117 ], [ 136.75880791, 37.039761466 ], [ 136.758822839, 37.039773537 ], [ 136.758846407, 37.039792033 ], [ 136.758874541, 37.039812675 ], [ 136.758889058, 37.039822439 ], [ 136.758906106, 37.039829347 ], [ 136.758912363, 37.039833002 ], [ 136.758916349, 37.039837488 ], [ 136.758916851, 37.039841543 ], [ 136.758912815, 37.039846421 ], [ 136.75889813, 37.039853779 ], [ 136.758891306, 37.039858507 ], [ 136.758884992, 37.039865474 ], [ 136.758881812, 37.03987329 ], [ 136.758882663, 37.039877067 ], [ 136.758885261, 37.039880291 ], [ 136.758888541, 37.039886452 ], [ 136.758889554, 37.039892745 ], [ 136.758896497, 37.039898359 ], [ 136.758917931, 37.03990039 ], [ 136.758957346, 37.039898009 ], [ 136.758988537, 37.039892928 ], [ 136.758998505, 37.039887231 ], [ 136.759004134, 37.039877886 ], [ 136.759004012, 37.039868102 ], [ 136.758996553, 37.039861088 ], [ 136.75898786, 37.039856585 ], [ 136.758977945, 37.039852219 ], [ 136.75897309, 37.03984731 ], [ 136.758973113, 37.039842977 ], [ 136.75898046, 37.03983839 ], [ 136.75901119, 37.03982983 ], [ 136.759054953, 37.039823333 ], [ 136.759104655, 37.039820708 ], [ 136.759149446, 37.039823657 ], [ 136.75917092, 37.039826421 ], [ 136.759194419, 37.03983349 ], [ 136.759213119, 37.039841207 ], [ 136.759230494, 37.039852448 ], [ 136.759236704, 37.039856802 ], [ 136.759248178, 37.039862852 ], [ 136.759269044, 37.039873266 ], [ 136.75927912, 37.03988001 ], [ 136.759283976, 37.039884779 ], [ 136.759296069, 37.039905646 ], [ 136.759300902, 37.039912396 ], [ 136.759304361, 37.039917679 ], [ 136.759311817, 37.03992058 ], [ 136.759324452, 37.039923898 ], [ 136.759329402, 37.039929666 ], [ 136.759328777, 37.039934935 ], [ 136.759325673, 37.039937799 ], [ 136.759319393, 37.039938497 ], [ 136.759311833, 37.039936314 ], [ 136.759306952, 37.039936218 ], [ 136.759296589, 37.039936422 ], [ 136.759292409, 37.039935609 ], [ 136.759281148, 37.039936289 ], [ 136.759279243, 37.039938598 ], [ 136.759279828, 37.039940996 ], [ 136.759282905, 37.039943084 ], [ 136.759293562, 37.039943679 ], [ 136.759307111, 37.039943646 ], [ 136.759307411, 37.039943567 ], [ 136.759311491, 37.0399443 ], [ 136.75931457, 37.039946147 ], [ 136.759315364, 37.039946709 ], [ 136.759317142, 37.039949511 ], [ 136.759319206, 37.039954869 ], [ 136.759320356, 37.03995978 ], [ 136.759324126, 37.039962748 ], [ 136.759331396, 37.039963332 ], [ 136.759369683, 37.039957473 ], [ 136.759479331, 37.039941761 ], [ 136.759628607, 37.03992074 ], [ 136.759594323, 37.03979767 ], [ 136.759557101, 37.039666358 ], [ 136.759524779, 37.0395487 ], [ 136.759496414, 37.039447675 ], [ 136.759490956, 37.039425133 ], [ 136.759481097, 37.039432433 ], [ 136.75946571, 37.039440906 ], [ 136.759458545, 37.039444096 ], [ 136.759450875, 37.03944379 ], [ 136.759439583, 37.039436343 ], [ 136.759428992, 37.039427921 ], [ 136.759412178, 37.039409693 ], [ 136.759402658, 37.03938873 ], [ 136.7593906, 37.039361294 ], [ 136.759362459, 37.039284962 ], [ 136.759353541, 37.039257257 ], [ 136.759339444, 37.039225979 ], [ 136.759331727, 37.039204289 ], [ 136.75932163, 37.039168753 ], [ 136.759313732, 37.039154694 ], [ 136.759314479, 37.039145472 ], [ 136.759313669, 37.039133868 ], [ 136.759309943, 37.03911331 ], [ 136.759311379, 37.039105627 ], [ 136.759319485, 37.039089442 ], [ 136.759338006, 37.039065605 ], [ 136.759345517, 37.039062835 ], [ 136.759364187, 37.039059964 ], [ 136.75938057, 37.039060999 ], [ 136.759389787, 37.039065363 ], [ 136.759386062, 37.039048622 ], [ 136.759420306, 37.039035182 ], [ 136.75942444, 37.039013925 ], [ 136.75942434, 37.038999948 ], [ 136.759420226, 37.038986795 ], [ 136.759417386, 37.038980007 ], [ 136.759404073, 37.038959136 ], [ 136.759391544, 37.038942338 ], [ 136.75937938, 37.038934888 ], [ 136.759364939, 37.038929248 ], [ 136.759348908, 37.038927795 ], [ 136.759339315, 37.038928461 ], [ 136.759327251, 37.038934989 ], [ 136.759314397, 37.038942422 ], [ 136.759275062, 37.038962554 ], [ 136.759255051, 37.03897171 ], [ 136.759236166, 37.038979777 ], [ 136.759222404, 37.038982445 ], [ 136.75919671, 37.03898068 ], [ 136.759152266, 37.038973489 ], [ 136.759131962, 37.03896995 ], [ 136.759110973, 37.038963887 ], [ 136.759096186, 37.038953294 ], [ 136.75908599, 37.038944498 ], [ 136.759075562, 37.038938313 ], [ 136.759057049, 37.038929264 ], [ 136.759044151, 37.038921712 ], [ 136.759034926, 37.038914173 ], [ 136.75902227, 37.038909088 ], [ 136.759011467, 37.038907933 ], [ 136.758994768, 37.038900747 ], [ 136.758980361, 37.038888957 ], [ 136.758972435, 37.038879298 ], [ 136.758959643, 37.038868073 ], [ 136.758955956, 37.03886822 ], [ 136.758954449, 37.03887069 ], [ 136.758945368, 37.038892064 ], [ 136.758937594, 37.038907941 ], [ 136.758935968, 37.038913766 ], [ 136.758934912, 37.038925103 ], [ 136.758931399, 37.038929883 ], [ 136.758926812, 37.038930746 ], [ 136.75892094, 37.038928504 ], [ 136.758915785, 37.038923775 ], [ 136.758906777, 37.038912882 ], [ 136.758894408, 37.038904188 ], [ 136.758890365, 37.038896427 ], [ 136.75888723, 37.038886513 ], [ 136.758880213, 37.038875866 ], [ 136.758874553, 37.038866662 ], [ 136.758867532, 37.038856734 ], [ 136.758859446, 37.038848206 ], [ 136.758856378, 37.038844361 ], [ 136.758855898, 37.038840925 ], [ 136.758858307, 37.038837579 ], [ 136.758870984, 37.03883307 ], [ 136.758891347, 37.038829042 ], [ 136.758907678, 37.038830456 ], [ 136.758925796, 37.038833074 ], [ 136.758936856, 37.038832713 ], [ 136.758946243, 37.038827484 ], [ 136.758948559, 37.038822699 ], [ 136.758947505, 37.038815029 ], [ 136.758941256, 37.038800521 ], [ 136.758933268, 37.038785159 ], [ 136.758923008, 37.03876634 ], [ 136.758920062, 37.038758423 ], [ 136.758918798, 37.038752508 ], [ 136.758919509, 37.038750035 ], [ 136.758922899, 37.038749487 ], [ 136.758951772, 37.038752781 ], [ 136.758969264, 37.03875376 ], [ 136.75900588, 37.038752927 ], [ 136.759010479, 37.038749908 ], [ 136.759014095, 37.03874433 ], [ 136.75901483, 37.038737304 ], [ 136.759012329, 37.038718336 ], [ 136.759009102, 37.038702252 ], [ 136.759004967, 37.038693153 ], [ 136.758999348, 37.038688259 ], [ 136.758989784, 37.038683754 ], [ 136.758971717, 37.038671532 ], [ 136.758961088, 37.038661712 ], [ 136.758952598, 37.0386519 ], [ 136.758941938, 37.038648439 ], [ 136.758924574, 37.038643487 ], [ 136.758920631, 37.038639071 ], [ 136.758916432, 37.038625604 ], [ 136.75890951, 37.038607724 ], [ 136.758900782, 37.038585191 ], [ 136.758890493, 37.038569502 ], [ 136.758884146, 37.038558229 ], [ 136.758875973, 37.038542562 ], [ 136.758863235, 37.038528332 ], [ 136.75884713, 37.038516046 ], [ 136.758827344, 37.038507662 ], [ 136.758810951, 37.038500303 ], [ 136.758786025, 37.038499518 ], [ 136.758776922, 37.038498334 ], [ 136.758747635, 37.038497814 ], [ 136.758743958, 37.038500737 ], [ 136.758748796, 37.03850886 ], [ 136.758752548, 37.038524527 ], [ 136.758755128, 37.038531105 ], [ 136.758782634, 37.038538607 ], [ 136.758801784, 37.038543705 ], [ 136.758820912, 37.038552995 ], [ 136.758833448, 37.038563062 ], [ 136.758842402, 37.038565409 ], [ 136.758852971, 37.038563768 ], [ 136.758861552, 37.038561241 ], [ 136.75886912, 37.038561906 ], [ 136.758874883, 37.038564721 ], [ 136.758876658, 37.038568162 ], [ 136.758876731, 37.038573194 ], [ 136.758872755, 37.038590192 ], [ 136.758867128, 37.038616529 ], [ 136.758864018, 37.038639361 ], [ 136.758862157, 37.038647301 ], [ 136.758855837, 37.038655506 ], [ 136.758844741, 37.038662576 ], [ 136.758823469, 37.038672247 ], [ 136.758804206, 37.03867542 ], [ 136.75877576, 37.038677174 ], [ 136.758743793, 37.038674908 ], [ 136.75872569, 37.038673059 ], [ 136.758711249, 37.03867221 ], [ 136.758698502, 37.038671208 ], [ 136.758673528, 37.038665212 ], [ 136.758665012, 37.038661404 ], [ 136.758659362, 37.038656033 ], [ 136.758652349, 37.038644908 ], [ 136.758648833, 37.038631558 ], [ 136.758641881, 37.038594964 ], [ 136.758639028, 37.038558178 ], [ 136.758637948, 37.03853667 ], [ 136.758633012, 37.038524767 ], [ 136.758617846, 37.03849173 ], [ 136.75861037, 37.038479771 ], [ 136.758608323, 37.038471378 ], [ 136.758608382, 37.038460336 ], [ 136.758605448, 37.038454736 ], [ 136.758597645, 37.038446742 ], [ 136.75858934, 37.038434973 ], [ 136.758585382, 37.038425315 ], [ 136.758582997, 37.038416833 ], [ 136.758582576, 37.038397684 ], [ 136.758584368, 37.038388605 ], [ 136.758581599, 37.038384822 ], [ 136.758570316, 37.038375698 ], [ 136.75855323, 37.038362271 ], [ 136.758542718, 37.038353449 ], [ 136.758534293, 37.038345274 ], [ 136.758528381, 37.038342483 ], [ 136.75850601, 37.03833418 ], [ 136.758491723, 37.038330706 ], [ 136.758469758, 37.038330351 ], [ 136.758451964, 37.038332387 ], [ 136.758440987, 37.038331231 ], [ 136.758424835, 37.038319574 ], [ 136.758406827, 37.038304653 ], [ 136.758388934, 37.038292711 ], [ 136.758353101, 37.038269264 ], [ 136.758332805, 37.038250186 ], [ 136.758316991, 37.038234512 ], [ 136.758298846, 37.038204539 ], [ 136.758283044, 37.038168407 ], [ 136.758279667, 37.038147849 ], [ 136.758276656, 37.038114351 ], [ 136.758280107, 37.038088506 ], [ 136.758296564, 37.038040008 ], [ 136.758296536, 37.038028896 ], [ 136.758299932, 37.038013393 ], [ 136.758306093, 37.038002373 ], [ 136.75830491, 37.037995241 ], [ 136.758295355, 37.037989058 ], [ 136.758268389, 37.037980369 ], [ 136.758230575, 37.037977164 ], [ 136.758196954, 37.037972017 ], [ 136.758185385, 37.037967504 ], [ 136.758169946, 37.037953055 ], [ 136.758152535, 37.037940556 ], [ 136.75813498, 37.037930572 ], [ 136.758115622, 37.037923621 ], [ 136.758107611, 37.037921917 ], [ 136.758100116, 37.037921751 ], [ 136.758090864, 37.037923955 ], [ 136.758082822, 37.037928121 ], [ 136.758075286, 37.037935363 ], [ 136.758069666, 37.037943101 ], [ 136.758055999, 37.037955773 ], [ 136.758046682, 37.037970137 ], [ 136.758036114, 37.037990367 ], [ 136.758025439, 37.038001948 ], [ 136.758001808, 37.038019618 ], [ 136.757978225, 37.038032456 ], [ 136.757944015, 37.038039676 ], [ 136.757915021, 37.038041533 ], [ 136.757844114, 37.03803999 ], [ 136.757773338, 37.038038767 ], [ 136.757740399, 37.038029374 ], [ 136.757722979, 37.03803494 ], [ 136.757706453, 37.038044422 ], [ 136.757681109, 37.038048249 ], [ 136.7576312, 37.038053091 ], [ 136.757593345, 37.038053832 ], [ 136.757549692, 37.038058328 ], [ 136.757525819, 37.038072433 ], [ 136.757502256, 37.03808556 ], [ 136.757482938, 37.038103593 ], [ 136.757461123, 37.038132136 ], [ 136.7574476, 37.038161288 ], [ 136.757445975, 37.038179871 ], [ 136.75745142, 37.038188451 ], [ 136.757463281, 37.038195585 ], [ 136.757486722, 37.038205205 ], [ 136.75749765, 37.038215516 ], [ 136.757519592, 37.038220239 ], [ 136.757546107, 37.038225467 ], [ 136.757584888, 37.038219241 ], [ 136.757597403, 37.038218061 ], [ 136.757602894, 37.038218325 ], [ 136.757628198, 37.038221836 ], [ 136.757643145, 37.038222377 ], [ 136.757653219, 37.038221189 ], [ 136.757753706, 37.038251372 ], [ 136.757805804, 37.038265249 ], [ 136.757866137, 37.038279398 ], [ 136.757948733, 37.038295475 ], [ 136.757980093, 37.038307568 ], [ 136.7580111, 37.03832871 ], [ 136.758027512, 37.038340507 ], [ 136.758057037, 37.038353572 ], [ 136.758109695, 37.03836956 ], [ 136.758153492, 37.038395149 ], [ 136.758188796, 37.038411414 ], [ 136.758221372, 37.03842449 ], [ 136.758249439, 37.038448828 ], [ 136.758268858, 37.038468952 ], [ 136.758276731, 37.038479986 ], [ 136.758282359, 37.038511558 ], [ 136.758293041, 37.038567852 ], [ 136.758295244, 37.038601674 ], [ 136.758289755, 37.038658157 ], [ 136.758293521, 37.038695593 ], [ 136.758296298, 37.038716315 ], [ 136.758299217, 37.038724571 ], [ 136.758304065, 37.038730878 ], [ 136.758305268, 37.038734096 ], [ 136.758306113, 37.038739131 ], [ 136.758303311, 37.038741497 ], [ 136.758282897, 37.038744362 ], [ 136.75827399, 37.038747267 ], [ 136.758268919, 37.038750184 ], [ 136.758260536, 37.038752951 ], [ 136.758252856, 37.038754462 ], [ 136.758236118, 37.038754824 ], [ 136.75823013, 37.038755637 ], [ 136.758223442, 37.03875801 ], [ 136.758216151, 37.038761419 ], [ 136.758211649, 37.038765077 ], [ 136.758209438, 37.038768584 ], [ 136.758212515, 37.038770671 ], [ 136.758223252, 37.038774941 ], [ 136.758231613, 37.038784772 ], [ 136.758239555, 37.038789991 ], [ 136.758248092, 37.038795771 ], [ 136.7582586, 37.038805391 ], [ 136.758274279, 37.038817026 ], [ 136.758310502, 37.038840559 ], [ 136.758334392, 37.038854253 ], [ 136.758363, 37.038873289 ], [ 136.758403098, 37.03890486 ], [ 136.758419139, 37.038917999 ], [ 136.758427014, 37.038924963 ], [ 136.758430979, 37.038928811 ], [ 136.758430047, 37.038932641 ], [ 136.758425492, 37.038942749 ], [ 136.758422019, 37.038953553 ], [ 136.7584199, 37.03895981 ], [ 136.75841559, 37.038967417 ], [ 136.758409745, 37.038974607 ], [ 136.758402305, 37.03898333 ], [ 136.758388913, 37.038996519 ], [ 136.758380174, 37.039005135 ], [ 136.758371882, 37.039012135 ], [ 136.758367127, 37.039017778 ], [ 136.758362766, 37.039024289 ], [ 136.758361813, 37.03903146 ], [ 136.758356318, 37.039047643 ], [ 136.75835586, 37.039055408 ], [ 136.758358115, 37.039059569 ], [ 136.758355825, 37.03906198 ], [ 136.758345162, 37.039065321 ], [ 136.758319935, 37.039068674 ], [ 136.758264497, 37.039072636 ], [ 136.758219771, 37.039076291 ], [ 136.758151255, 37.039072089 ], [ 136.758103923, 37.039067663 ], [ 136.758065519, 37.039076616 ], [ 136.758017027, 37.039089343 ], [ 136.757994153, 37.039095833 ], [ 136.757979804, 37.039103516 ], [ 136.757973605, 37.039107648 ], [ 136.757971093, 37.039111632 ], [ 136.757968225, 37.039126158 ], [ 136.757967643, 37.039133829 ], [ 136.757964534, 37.039137572 ], [ 136.75795484, 37.039143289 ], [ 136.757934714, 37.039151736 ], [ 136.757913269, 37.039156534 ], [ 136.757883057, 37.039160238 ], [ 136.757874179, 37.039162364 ], [ 136.757858292, 37.039170935 ], [ 136.757841917, 37.039181202 ], [ 136.757830522, 37.03918835 ], [ 136.757824518, 37.039193361 ], [ 136.757821401, 37.039198542 ], [ 136.757821071, 37.039204451 ], [ 136.757827456, 37.039221245 ], [ 136.757838047, 37.039243415 ], [ 136.757850351, 37.039257295 ], [ 136.757865116, 37.039267409 ], [ 136.757875374, 37.039272756 ], [ 136.75790584, 37.039281107 ], [ 136.757926713, 37.039289984 ], [ 136.757975482, 37.039319189 ], [ 136.757989865, 37.039326227 ], [ 136.757995214, 37.039332076 ], [ 136.75799518, 37.039338386 ], [ 136.757995543, 37.039344936 ], [ 136.757998776, 37.03935509 ], [ 136.757997124, 37.039372408 ], [ 136.757994824, 37.03937869 ], [ 136.757986591, 37.039385929 ], [ 136.757973124, 37.039393989 ], [ 136.757956701, 37.039400362 ], [ 136.757935935, 37.039403925 ], [ 136.757912039, 37.039405939 ], [ 136.757851816, 37.039403218 ], [ 136.757772409, 37.039395077 ], [ 136.757706276, 37.039388081 ], [ 136.75765649, 37.039383822 ], [ 136.75764774, 37.039380517 ], [ 136.757635715, 37.039375045 ], [ 136.757625984, 37.039368941 ], [ 136.757619142, 37.039363008 ], [ 136.757609703, 37.039354719 ], [ 136.757601464, 37.039349179 ], [ 136.757594916, 37.039344205 ], [ 136.757582645, 37.039337097 ], [ 136.757577653, 37.039333748 ], [ 136.757567091, 37.039328181 ], [ 136.757560615, 37.039325603 ], [ 136.757551806, 37.039322789 ], [ 136.757533679, 37.039317098 ], [ 136.75751536, 37.039313535 ], [ 136.757478714, 37.039312565 ], [ 136.757460693, 37.039315138 ], [ 136.757437932, 37.039319148 ], [ 136.757404039, 37.039322945 ], [ 136.757375533, 37.039326962 ], [ 136.757359644, 37.03933138 ], [ 136.757345839, 37.039337342 ], [ 136.757330299, 37.039341621 ], [ 136.757303448, 37.039342088 ], [ 136.757286996, 37.039345744 ], [ 136.757273672, 37.039345013 ], [ 136.75726196, 37.039342143 ], [ 136.757251726, 37.039340888 ], [ 136.75722473, 37.039340475 ], [ 136.757214581, 37.039338124 ], [ 136.757202461, 37.039331693 ], [ 136.757190498, 37.039325017 ], [ 136.757173904, 37.039316973 ], [ 136.757127835, 37.039295919 ], [ 136.757117813, 37.039294257 ], [ 136.757108144, 37.039295182 ], [ 136.757101936, 37.039301071 ], [ 136.757091173, 37.039320282 ], [ 136.757088868, 37.039333545 ], [ 136.757083693, 37.039355611 ], [ 136.757081171, 37.039370837 ], [ 136.757082149, 37.039383419 ], [ 136.757079944, 37.039404517 ], [ 136.757074279, 37.039420571 ], [ 136.757066274, 37.03943831 ], [ 136.757057802, 37.039457609 ], [ 136.757056181, 37.039462555 ], [ 136.757047776, 37.039469474 ], [ 136.757018078, 37.039486064 ], [ 136.756977354, 37.039504932 ], [ 136.756932281, 37.039522108 ], [ 136.756911245, 37.039533226 ], [ 136.756894678, 37.039534147 ], [ 136.756860679, 37.039534449 ], [ 136.756834219, 37.03952695 ], [ 136.756794635, 37.039518191 ], [ 136.756774985, 37.039508758 ], [ 136.756763702, 37.039499495 ], [ 136.756746583, 37.03949115 ], [ 136.756727775, 37.039487171 ], [ 136.756667823, 37.039476918 ], [ 136.756652325, 37.039473371 ], [ 136.756639421, 37.039473885 ], [ 136.756607234, 37.039481784 ], [ 136.756576243, 37.039494099 ], [ 136.756550378, 37.039505611 ], [ 136.75653292, 37.039512006 ], [ 136.756522808, 37.039512111 ], [ 136.756507823, 37.039510521 ], [ 136.756491787, 37.039509767 ], [ 136.756483943, 37.039509461 ], [ 136.756453738, 37.039507272 ], [ 136.756439644, 37.039501912 ], [ 136.756422261, 37.039492487 ], [ 136.75640596, 37.039476218 ], [ 136.75639628, 37.039464784 ], [ 136.756394588, 37.039455134 ], [ 136.756396287, 37.03943096 ], [ 136.756397334, 37.039416611 ], [ 136.756394479, 37.039396335 ], [ 136.756392838, 37.03937833 ], [ 136.756388906, 37.039368413 ], [ 136.756383815, 37.039362106 ], [ 136.756375595, 37.039352973 ], [ 136.756368637, 37.039340938 ], [ 136.756364506, 37.039331021 ], [ 136.756359985, 37.039319424 ], [ 136.756351931, 37.039301814 ], [ 136.756347189, 37.03929429 ], [ 136.756336652, 37.039279067 ], [ 136.75632715, 37.039267614 ], [ 136.756303177, 37.039239956 ], [ 136.756293269, 37.039229699 ], [ 136.756261683, 37.039197651 ], [ 136.756241226, 37.039174658 ], [ 136.756229609, 37.03916743 ], [ 136.756219177, 37.039162123 ], [ 136.756204068, 37.039154698 ], [ 136.756197108, 37.039152118 ], [ 136.756190242, 37.039150656 ], [ 136.756179298, 37.039150134 ], [ 136.756165845, 37.039150807 ], [ 136.75614332, 37.039152591 ], [ 136.756113504, 37.039157963 ], [ 136.756089765, 37.039163192 ], [ 136.756072955, 37.039169718 ], [ 136.756063062, 37.039175435 ], [ 136.756045728, 37.039189202 ], [ 136.756040919, 37.039194137 ], [ 136.756025367, 37.039214609 ], [ 136.756009764, 37.039241845 ], [ 136.756000104, 37.039259782 ], [ 136.755986342, 37.039280899 ], [ 136.755996384, 37.039312342 ], [ 136.756001194, 37.039325537 ], [ 136.756012859, 37.039342509 ], [ 136.756023355, 37.039366005 ], [ 136.756030685, 37.039373778 ], [ 136.756052429, 37.039387511 ], [ 136.756073227, 37.039404589 ], [ 136.756086774, 37.039423565 ], [ 136.756102686, 37.039447181 ], [ 136.756115546, 37.039466474 ], [ 136.756123551, 37.039478482 ], [ 136.756132676, 37.039486021 ], [ 136.756143197, 37.039493405 ], [ 136.75617804, 37.039515623 ], [ 136.756203088, 37.039528281 ], [ 136.756238033, 37.039545125 ], [ 136.756252765, 37.039553497 ], [ 136.75625501, 37.039557418 ], [ 136.756253404, 37.039564401 ], [ 136.756251832, 37.039579036 ], [ 136.756254244, 37.039584356 ], [ 136.756254559, 37.039590646 ], [ 136.756250851, 37.039599299 ], [ 136.756254151, 37.039601687 ], [ 136.756264772, 37.039604379 ], [ 136.756268965, 37.039602716 ], [ 136.756274058, 37.039595885 ], [ 136.756280347, 37.039593391 ], [ 136.756301626, 37.039591788 ], [ 136.756320105, 37.039591991 ], [ 136.756326116, 37.039594405 ] ] ] } },
{ "type": "Feature", "properties": { "A54_001": "1", "A54_002": "17", "A54_003": "石川県", "A54_004": "17384", "A54_005": "志賀町", "A54_006": "志賀町006" }, "geometry": { "type": "Polygon", "coordinates": [ [ [ 136.737080196, 37.059002396 ], [ 136.737071042, 37.058988702 ], [ 136.737058574, 37.058978437 ], [ 136.73704078, 37.058969343 ], [ 136.737015673, 37.058965089 ], [ 136.736992158, 37.058963805 ], [ 136.73696903, 37.058963478 ], [ 136.736933641, 37.058972082 ], [ 136.736913313, 37.058975829 ], [ 136.736888489, 37.058979164 ], [ 136.736846522, 37.058981859 ], [ 136.736828426, 37.058978595 ], [ 136.736806484, 37.058973361 ], [ 136.736787007, 37.058967748 ], [ 136.736771547, 37.058961708 ], [ 136.736757987, 37.058955558 ], [ 136.736742628, 37.058945428 ], [ 136.736728616, 37.058935735 ], [ 136.736711462, 37.058920956 ], [ 136.736693763, 37.058905131 ], [ 136.736671258, 37.058886269 ], [ 136.736654318, 37.058871348 ], [ 136.736639806, 37.058858634 ], [ 136.736631931, 37.058851387 ], [ 136.736614515, 37.058839177 ], [ 136.736591076, 37.05882625 ], [ 136.736572436, 37.058813882 ], [ 136.736565236, 37.058806502 ], [ 136.736561028, 37.058803017 ], [ 136.736554261, 37.058800668 ], [ 136.736546965, 37.058800407 ], [ 136.736530099, 37.058808339 ], [ 136.736516326, 37.058816012 ], [ 136.736498672, 37.058826176 ], [ 136.736485708, 37.058832023 ], [ 136.736474409, 37.058833712 ], [ 136.736463977, 37.058835233 ], [ 136.736436224, 37.058847677 ], [ 136.736421584, 37.058855617 ], [ 136.736413338, 37.058862247 ], [ 136.736410277, 37.058868769 ], [ 136.736409682, 37.058894495 ], [ 136.736406496, 37.058907072 ], [ 136.736400098, 37.058921071 ], [ 136.736390496, 37.058936933 ], [ 136.736388356, 37.058943449 ], [ 136.7363893, 37.058947661 ], [ 136.736403096, 37.058963725 ], [ 136.736407494, 37.058971409 ], [ 136.736414979, 37.058986026 ], [ 136.736423527, 37.059015498 ], [ 136.73642813, 37.059038557 ], [ 136.736437953, 37.059065375 ], [ 136.736451024, 37.059104308 ], [ 136.736460687, 37.059123456 ], [ 136.736474855, 37.05914728 ], [ 136.736492525, 37.059186247 ], [ 136.736497669, 37.059205217 ], [ 136.736500334, 37.059227098 ], [ 136.736497294, 37.059251787 ], [ 136.736492816, 37.059276175 ], [ 136.736487299, 37.059295385 ], [ 136.736477066, 37.059323329 ], [ 136.736467684, 37.059349996 ], [ 136.736462459, 37.059373317 ], [ 136.736459955, 37.059398513 ], [ 136.73646257, 37.059431379 ], [ 136.736465483, 37.059473113 ], [ 136.736467435, 37.059519692 ], [ 136.73646687, 37.059548148 ], [ 136.736462793, 37.059577151 ], [ 136.736458082, 37.059599032 ], [ 136.736452798, 37.059618694 ], [ 136.736445415, 37.059637853 ], [ 136.736429778, 37.059675014 ], [ 136.736423726, 37.059687365 ], [ 136.736408622, 37.059713903 ], [ 136.736397638, 37.059731409 ], [ 136.736387764, 37.059745764 ], [ 136.736381898, 37.059752943 ], [ 136.736373474, 37.059763402 ], [ 136.736366265, 37.059771514 ], [ 136.736354412, 37.059783672 ], [ 136.736340319, 37.059796363 ], [ 136.736325525, 37.059807664 ], [ 136.736316697, 37.059813823 ], [ 136.736302524, 37.059822837 ], [ 136.736293091, 37.059826615 ], [ 136.736287518, 37.059827811 ], [ 136.736267276, 37.059828225 ], [ 136.736229122, 37.059824554 ], [ 136.736206314, 37.059819442 ], [ 136.736188785, 37.059817279 ], [ 136.73618027, 37.05981568 ], [ 136.736167424, 37.059808641 ], [ 136.736139248, 37.059794318 ], [ 136.736126133, 37.059784998 ], [ 136.736107962, 37.059775118 ], [ 136.736093529, 37.059768352 ], [ 136.736083466, 37.059764323 ], [ 136.736073518, 37.059761737 ], [ 136.736064013, 37.059762324 ], [ 136.736051612, 37.059766082 ], [ 136.73602681, 37.059775472 ], [ 136.73599754, 37.059785504 ], [ 136.735954567, 37.059796991 ], [ 136.735945765, 37.059802555 ], [ 136.735918716, 37.059821498 ], [ 136.73590212, 37.059833406 ], [ 136.73588496, 37.059845518 ], [ 136.735868445, 37.059860904 ], [ 136.735856547, 37.059869124 ], [ 136.735848996, 37.059874224 ], [ 136.735823771, 37.059886731 ], [ 136.735803258, 37.059897425 ], [ 136.73578507, 37.059908407 ], [ 136.735765645, 37.059921322 ], [ 136.735749643, 37.059935439 ], [ 136.735739027, 37.059947557 ], [ 136.735723861, 37.059967102 ], [ 136.735708857, 37.059993587 ], [ 136.735700152, 37.060015778 ], [ 136.735696391, 37.060030687 ], [ 136.735697589, 37.06004748 ], [ 136.735700785, 37.060068903 ], [ 136.735706975, 37.060083795 ], [ 136.735724166, 37.060107954 ], [ 136.735735264, 37.060117961 ], [ 136.735747565, 37.060127964 ], [ 136.735780267, 37.060159263 ], [ 136.73579225, 37.060175842 ], [ 136.73580281, 37.060193498 ], [ 136.735810838, 37.060213407 ], [ 136.73581346, 37.060225059 ], [ 136.735815579, 37.060257977 ], [ 136.735812154, 37.06027898 ], [ 136.735807607, 37.060309621 ], [ 136.735804807, 37.060329562 ], [ 136.736031711, 37.060329034 ], [ 136.736074874, 37.060325929 ], [ 136.736106403, 37.060317942 ], [ 136.73615048, 37.060318219 ], [ 136.736201686, 37.060314305 ], [ 136.736230324, 37.060310651 ], [ 136.736251522, 37.060304365 ], [ 136.736259891, 37.060303675 ], [ 136.736292339, 37.060292375 ], [ 136.736314285, 37.060289021 ], [ 136.736340552, 37.060284908 ], [ 136.736393042, 37.060284783 ], [ 136.736419461, 37.060283761 ], [ 136.736446651, 37.060279571 ], [ 136.736475486, 37.060274881 ], [ 136.736491114, 37.060271162 ], [ 136.73651481, 37.060262498 ], [ 136.736535615, 37.060252093 ], [ 136.736575511, 37.06022987 ], [ 136.736605544, 37.060214065 ], [ 136.736635851, 37.060201622 ], [ 136.736658166, 37.060194547 ], [ 136.736684315, 37.060187622 ], [ 136.736718682, 37.060180781 ], [ 136.736759809, 37.060173811 ], [ 136.736804183, 37.06016915 ], [ 136.736842772, 37.060171489 ], [ 136.73686069, 37.06017651 ], [ 136.736883125, 37.06019001 ], [ 136.736898078, 37.060202212 ], [ 136.736906596, 37.060213192 ], [ 136.736920817, 37.060245631 ], [ 136.736921097, 37.060267755 ], [ 136.736918915, 37.060277939 ], [ 136.736913874, 37.060288537 ], [ 136.73690484, 37.060299291 ], [ 136.736891213, 37.060313056 ], [ 136.736874839, 37.060327316 ], [ 136.736862621, 37.060336536 ], [ 136.73685101, 37.060345757 ], [ 136.736843086, 37.060355002 ], [ 136.736833678, 37.060366457 ], [ 136.736828122, 37.060378549 ], [ 136.736824006, 37.060390681 ], [ 136.736815193, 37.060402058 ], [ 136.736810533, 37.060410936 ], [ 136.7368089, 37.060417409 ], [ 136.736809939, 37.060424586 ], [ 136.7368142, 37.060428657 ], [ 136.736824374, 37.060433073 ], [ 136.736833751, 37.060435207 ], [ 136.736865263, 37.060438376 ], [ 136.736890492, 37.060440837 ], [ 136.736910139, 37.060446406 ], [ 136.736920817, 37.060451193 ], [ 136.73693188, 37.060459308 ], [ 136.73693929, 37.060467283 ], [ 136.736946451, 37.060479573 ], [ 136.736954615, 37.060487497 ], [ 136.73696673, 37.060500671 ], [ 136.736978377, 37.060517033 ], [ 136.736985749, 37.060531803 ], [ 136.736988206, 37.060538777 ], [ 136.736988493, 37.060559541 ], [ 136.736985841, 37.060569354 ], [ 136.736980131, 37.06058286 ], [ 136.736974599, 37.060592825 ], [ 136.736964155, 37.060606367 ], [ 136.736958236, 37.060615096 ], [ 136.736947559, 37.060630116 ], [ 136.736943396, 37.060640563 ], [ 136.736938381, 37.060652593 ], [ 136.736939887, 37.060660664 ], [ 136.736945321, 37.060666208 ], [ 136.736962769, 37.060672795 ], [ 136.736994772, 37.060682419 ], [ 136.737015397, 37.060690072 ], [ 136.737026981, 37.060695593 ], [ 136.737038268, 37.060703979 ], [ 136.73704375, 37.060710937 ], [ 136.73704537, 37.06071681 ], [ 136.737046128, 37.060726004 ], [ 136.737048101, 37.060748919 ], [ 136.737046858, 37.060771957 ], [ 136.737043414, 37.06078256 ], [ 136.737037675, 37.060793245 ], [ 136.737029466, 37.060807399 ], [ 136.73702125, 37.060820689 ], [ 136.737007672, 37.060837716 ], [ 136.736996269, 37.060849814 ], [ 136.736978078, 37.060867248 ], [ 136.736957727, 37.060885053 ], [ 136.73693891, 37.060899764 ], [ 136.736929047, 37.060908091 ], [ 136.736916981, 37.060918131 ], [ 136.736908725, 37.060922661 ], [ 136.736890555, 37.060932283 ], [ 136.73688517, 37.060936102 ], [ 136.736883459, 37.060938412 ], [ 136.736881927, 37.060944868 ], [ 136.736877708, 37.060951242 ], [ 136.736871095, 37.060957454 ], [ 136.736868289, 37.060960634 ], [ 136.736868747, 37.060967187 ], [ 136.736873904, 37.060971919 ], [ 136.736885738, 37.06097699 ], [ 136.73690687, 37.060984267 ], [ 136.736929893, 37.060989397 ], [ 136.736974238, 37.060990035 ], [ 136.736998013, 37.0609832 ], [ 136.73702086, 37.060977569 ], [ 136.737063331, 37.060965621 ], [ 136.737101347, 37.060957936 ], [ 136.737142636, 37.060951994 ], [ 136.737172774, 37.060947661 ], [ 136.737191537, 37.060942304 ], [ 136.737210629, 37.060932622 ], [ 136.737222923, 37.060925881 ], [ 136.737242835, 37.060910246 ], [ 136.737262251, 37.060894852 ], [ 136.737282606, 37.060878525 ], [ 136.73729829, 37.060866876 ], [ 136.737316043, 37.060859325 ], [ 136.737334858, 37.060852797 ], [ 136.737361919, 37.060849615 ], [ 136.737386126, 37.06084808 ], [ 136.737399397, 37.060847524 ], [ 136.73741501, 37.060846536 ], [ 136.7374344, 37.060835783 ], [ 136.737412351, 37.060583947 ], [ 136.737547832, 37.060530674 ], [ 136.737573268, 37.060520448 ], [ 136.737570228, 37.060505235 ], [ 136.737568691, 37.060496524 ], [ 136.737570923, 37.060487583 ], [ 136.737576875, 37.060474989 ], [ 136.737584158, 37.060463579 ], [ 136.737590185, 37.060457636 ], [ 136.737603416, 37.060444238 ], [ 136.737617209, 37.060430969 ], [ 136.737624315, 37.060423146 ], [ 136.737627536, 37.060418138 ], [ 136.737630075, 37.060412533 ], [ 136.737631503, 37.060406644 ], [ 136.737632417, 37.060386119 ], [ 136.737638199, 37.060367613 ], [ 136.737639638, 37.060351757 ], [ 136.737648973, 37.060339256 ], [ 136.73765477, 37.060332248 ], [ 136.737676971, 37.060315495 ], [ 136.737691883, 37.060305185 ], [ 136.737698652, 37.060297226 ], [ 136.737701978, 37.060283612 ], [ 136.737700187, 37.060266114 ], [ 136.737697684, 37.060249335 ], [ 136.73769514, 37.060243901 ], [ 136.737691187, 37.060237083 ], [ 136.737680912, 37.060226601 ], [ 136.737666076, 37.060211444 ], [ 136.737646083, 37.060191537 ], [ 136.737636943, 37.060185214 ], [ 136.737625369, 37.060177873 ], [ 136.737615315, 37.060172177 ], [ 136.737599261, 37.060163531 ], [ 136.737583917, 37.060154788 ], [ 136.73756492, 37.060143726 ], [ 136.737540787, 37.060130256 ], [ 136.737520727, 37.060118297 ], [ 136.737503882, 37.060106458 ], [ 136.737485395, 37.060094595 ], [ 136.737476737, 37.060088544 ], [ 136.737460893, 37.060078809 ], [ 136.737437783, 37.060061179 ], [ 136.737421975, 37.060048966 ], [ 136.737410434, 37.06003975 ], [ 136.737403485, 37.060031696 ], [ 136.737383192, 37.060007291 ], [ 136.73737162, 37.05999156 ], [ 136.737362226, 37.059976405 ], [ 136.737356847, 37.059961237 ], [ 136.737350545, 37.059938162 ], [ 136.737345898, 37.059912787 ], [ 136.737338432, 37.059874821 ], [ 136.73732973, 37.059836698 ], [ 136.737319031, 37.059789736 ], [ 136.737315663, 37.059778793 ], [ 136.737311907, 37.05976883 ], [ 136.737309302, 37.059764234 ], [ 136.737304327, 37.059757088 ], [ 136.737299121, 37.059751094 ], [ 136.737286313, 37.059739315 ], [ 136.737270301, 37.059725235 ], [ 136.73724352, 37.059704772 ], [ 136.737231554, 37.059693257 ], [ 136.737224479, 37.059685562 ], [ 136.737218073, 37.059675032 ], [ 136.737216036, 37.059663381 ], [ 136.737215834, 37.059655424 ], [ 136.737218372, 37.05963996 ], [ 136.737227286, 37.059608497 ], [ 136.737236009, 37.059580953 ], [ 136.737236214, 37.059556677 ], [ 136.737233141, 37.059545203 ], [ 136.737226417, 37.059531201 ], [ 136.737220513, 37.059523322 ], [ 136.737215428, 37.059517825 ], [ 136.737188193, 37.059496035 ], [ 136.737175257, 37.059486995 ], [ 136.737168584, 37.059481996 ], [ 136.737159078, 37.059472698 ], [ 136.737140576, 37.05945568 ], [ 136.737126029, 37.059437235 ], [ 136.73711836, 37.059423239 ], [ 136.737110705, 37.05941301 ], [ 136.737106183, 37.059397296 ], [ 136.737106347, 37.059380193 ], [ 136.737109956, 37.059368175 ], [ 136.737118236, 37.059349596 ], [ 136.737127524, 37.059329534 ], [ 136.737135692, 37.059312793 ], [ 136.737137129, 37.059305211 ], [ 136.737136574, 37.059288006 ], [ 136.737132341, 37.059278889 ], [ 136.737123433, 37.059267276 ], [ 136.737111441, 37.059254446 ], [ 136.737096782, 37.059239695 ], [ 136.737074743, 37.059219898 ], [ 136.737055819, 37.059195975 ], [ 136.737048227, 37.059182376 ], [ 136.737044137, 37.059165907 ], [ 136.737043036, 37.059151736 ], [ 136.737046422, 37.059139448 ], [ 136.737058067, 37.05911433 ], [ 136.737075315, 37.059082419 ], [ 136.737082196, 37.059066512 ], [ 136.737088113, 37.059050186 ], [ 136.737089167, 37.059034762 ], [ 136.737086853, 37.059022291 ], [ 136.737082657, 37.059008776 ], [ 136.737080196, 37.059002396 ] ] ] } },
{ "type": "Feature", "properties": { "A54_001": "1", "A54_002": "17", "A54_003": "石川県", "A54_004": "17384", "A54_005": "志賀町", "A54_006": "志賀町005" }, "geometry": { "type": "Polygon", "coordinates": [ [ [ 136.753738097, 37.068295525 ], [ 136.753767841, 37.068262277 ], [ 136.753807043, 37.068241543 ], [ 136.753830612, 37.068229468 ], [ 136.753862186, 37.068219665 ], [ 136.753904991, 37.068208523 ], [ 136.753933087, 37.068199429 ], [ 136.753944516, 37.068194701 ], [ 136.753958079, 37.068184007 ], [ 136.753965348, 37.068175048 ], [ 136.753975237, 37.068159726 ], [ 136.75397896, 37.068147141 ], [ 136.753980743, 37.068131395 ], [ 136.753982877, 37.068121472 ], [ 136.753971074, 37.068108157 ], [ 136.753964063, 37.068096534 ], [ 136.753955869, 37.068081348 ], [ 136.753949523, 37.068067394 ], [ 136.753943539, 37.068053253 ], [ 136.753937157, 37.068035631 ], [ 136.753931577, 37.068017264 ], [ 136.753931786, 37.067991167 ], [ 136.753931165, 37.06798127 ], [ 136.75392794, 37.067976555 ], [ 136.753920153, 37.067969265 ], [ 136.753909542, 37.06796009 ], [ 136.753901603, 37.067951682 ], [ 136.753899595, 37.067942492 ], [ 136.753899488, 37.067928956 ], [ 136.753905345, 37.067920983 ], [ 136.753916688, 37.067911335 ], [ 136.753928537, 37.06789539 ], [ 136.753938827, 37.067880908 ], [ 136.753940883, 37.067879086 ], [ 136.753939007, 37.067876655 ], [ 136.75392719, 37.067878362 ], [ 136.7538992, 37.0678825 ], [ 136.753882377, 37.067884497 ], [ 136.753856825, 37.06788913 ], [ 136.753842645, 37.06788899 ], [ 136.753820944, 37.067886292 ], [ 136.753801534, 37.06788007 ], [ 136.753780183, 37.06787312 ], [ 136.753754689, 37.067866957 ], [ 136.753702335, 37.067855673 ], [ 136.753640967, 37.067845384 ], [ 136.753604206, 37.067839029 ], [ 136.753585485, 37.067832431 ], [ 136.753573901, 37.067824334 ], [ 136.753567157, 37.067817516 ], [ 136.753559303, 37.067799555 ], [ 136.753545774, 37.067770617 ], [ 136.753542128, 37.067762846 ], [ 136.753531939, 37.06774421 ], [ 136.753521468, 37.067723862 ], [ 136.753514452, 37.067713204 ], [ 136.753507266, 37.067700698 ], [ 136.753500834, 37.067692439 ], [ 136.753484991, 37.067673468 ], [ 136.753465917, 37.067652945 ], [ 136.753457705, 37.067640922 ], [ 136.753443955, 37.067627907 ], [ 136.753420365, 37.067606684 ], [ 136.753368644, 37.06757618 ], [ 136.753343012, 37.067566466 ], [ 136.753321925, 37.067564716 ], [ 136.753299947, 37.067565478 ], [ 136.75327008, 37.067573619 ], [ 136.75325193, 37.067581874 ], [ 136.753238626, 37.067590208 ], [ 136.753220923, 37.067605268 ], [ 136.753203324, 37.06761766 ], [ 136.753189315, 37.067627461 ], [ 136.75317572, 37.06763356 ], [ 136.753159384, 37.067639099 ], [ 136.753131652, 37.067639146 ], [ 136.753113691, 37.067637408 ], [ 136.753081301, 37.067629608 ], [ 136.753065707, 37.06762694 ], [ 136.753045486, 37.06762513 ], [ 136.753031703, 37.067624425 ], [ 136.753024899, 37.067628672 ], [ 136.753016656, 37.067636988 ], [ 136.753009526, 37.067645353 ], [ 136.753004312, 37.067652977 ], [ 136.752997293, 37.067659504 ], [ 136.752988835, 37.067665972 ], [ 136.752970234, 37.067678442 ], [ 136.75295095, 37.067692649 ], [ 136.752938038, 37.067701237 ], [ 136.752927069, 37.067706398 ], [ 136.752914977, 37.067711105 ], [ 136.752896686, 37.067718359 ], [ 136.75288651, 37.067720234 ], [ 136.752874448, 37.067721471 ], [ 136.752861483, 37.067723264 ], [ 136.752847179, 37.067725368 ], [ 136.752826885, 37.067730822 ], [ 136.752813814, 37.067735642 ], [ 136.752795353, 37.067743084 ], [ 136.752769605, 37.067752601 ], [ 136.752678342, 37.067780633 ], [ 136.752630556, 37.067787585 ], [ 136.752595446, 37.067787787 ], [ 136.752502179, 37.067778946 ], [ 136.752450882, 37.067776 ], [ 136.752421397, 37.067779871 ], [ 136.75236827, 37.067801178 ], [ 136.752315091, 37.067825864 ], [ 136.752276777, 37.067844574 ], [ 136.752242084, 37.067865314 ], [ 136.75222743, 37.067875788 ], [ 136.752217234, 37.067885485 ], [ 136.752201455, 37.067904354 ], [ 136.752196225, 37.067912789 ], [ 136.752179352, 37.067944685 ], [ 136.752160721, 37.067977341 ], [ 136.752131413, 37.068031353 ], [ 136.752117256, 37.068058131 ], [ 136.752105123, 37.068088881 ], [ 136.752084676, 37.068138914 ], [ 136.752068992, 37.068200426 ], [ 136.752051995, 37.068279785 ], [ 136.7520462, 37.068334132 ], [ 136.75204625, 37.068434485 ], [ 136.752548521, 37.068460057 ], [ 136.752558594, 37.068458488 ], [ 136.752603901, 37.068456799 ], [ 136.752637078, 37.068460357 ], [ 136.752664454, 37.068465913 ], [ 136.75270586, 37.068474204 ], [ 136.752755346, 37.068485669 ], [ 136.752825522, 37.068505757 ], [ 136.75286139, 37.0685172 ], [ 136.75288284, 37.068522538 ], [ 136.752898994, 37.068523586 ], [ 136.752940456, 37.068523649 ], [ 136.753026746, 37.068514966 ], [ 136.753056766, 37.068511997 ], [ 136.753103904, 37.06850224 ], [ 136.753162145, 37.068487781 ], [ 136.753206849, 37.068478998 ], [ 136.753234772, 37.06847476 ], [ 136.753286289, 37.068470596 ], [ 136.753330921, 37.068474942 ], [ 136.753385669, 37.068484568 ], [ 136.753422614, 37.068490149 ], [ 136.753489918, 37.068490509 ], [ 136.753532515, 37.068488666 ], [ 136.753557863, 37.068482365 ], [ 136.753573783, 37.068468444 ], [ 136.753598221, 37.068441368 ], [ 136.753631928, 37.068398996 ], [ 136.753659574, 37.068362965 ], [ 136.753674794, 37.068345508 ], [ 136.753691768, 37.06833634 ], [ 136.753715048, 37.068321606 ], [ 136.753738097, 37.068295525 ] ] ] } },
{ "type": "Feature", "properties": { "A54_001": "1", "A54_002": "17", "A54_003": "石川県", "A54_004": "17384", "A54_005": "志賀町", "A54_006": "志賀町004" }, "geometry": { "type": "Polygon", "coordinates": [ [ [ 136.755756596, 37.068615839 ], [ 136.755728137, 37.068585894 ], [ 136.75570863, 37.068566452 ], [ 136.755693625, 37.068550368 ], [ 136.755661584, 37.06852142 ], [ 136.75563935, 37.068500833 ], [ 136.755620796, 37.068481944 ], [ 136.755612566, 37.068475337 ], [ 136.75559233, 37.068463822 ], [ 136.755568279, 37.068450717 ], [ 136.755541595, 37.068431583 ], [ 136.755526302, 37.06842086 ], [ 136.755510661, 37.068408082 ], [ 136.755495574, 37.068392593 ], [ 136.7554854, 37.068381554 ], [ 136.755472578, 37.068373742 ], [ 136.755448938, 37.068361377 ], [ 136.755420643, 37.068345013 ], [ 136.755407066, 37.068337288 ], [ 136.755370447, 37.068304675 ], [ 136.755359069, 37.068291659 ], [ 136.755339937, 37.068269316 ], [ 136.755306765, 37.068239733 ], [ 136.755293154, 37.068227853 ], [ 136.755279546, 37.068211414 ], [ 136.755255103, 37.068175004 ], [ 136.755242348, 37.06815681 ], [ 136.75520815, 37.068115193 ], [ 136.755198168, 37.068093639 ], [ 136.755178887, 37.068052939 ], [ 136.755162672, 37.068023622 ], [ 136.755138937, 37.067995848 ], [ 136.755119682, 37.067975451 ], [ 136.755109821, 37.067973173 ], [ 136.755079369, 37.067983277 ], [ 136.755026652, 37.067995404 ], [ 136.754982406, 37.06801951 ], [ 136.754947688, 37.068040773 ], [ 136.754883967, 37.068068641 ], [ 136.75483652, 37.068083427 ], [ 136.754768567, 37.068097402 ], [ 136.754756912, 37.068091919 ], [ 136.754747266, 37.068087361 ], [ 136.754736102, 37.068086665 ], [ 136.754724237, 37.06809313 ], [ 136.754708526, 37.068105827 ], [ 136.754693171, 37.068110802 ], [ 136.754668541, 37.068117448 ], [ 136.754655428, 37.068117718 ], [ 136.754644392, 37.068120455 ], [ 136.754634405, 37.068124872 ], [ 136.754625483, 37.068131762 ], [ 136.754618338, 37.068134747 ], [ 136.754594203, 37.068141242 ], [ 136.754560544, 37.068151911 ], [ 136.754528841, 37.068164733 ], [ 136.754505565, 37.0681747 ], [ 136.754487442, 37.068184162 ], [ 136.754476812, 37.068190884 ], [ 136.754469475, 37.068200059 ], [ 136.754459025, 37.068217262 ], [ 136.754447718, 37.068236958 ], [ 136.754437173, 37.068250835 ], [ 136.75443304, 37.068260256 ], [ 136.754423328, 37.068286617 ], [ 136.754416059, 37.068301938 ], [ 136.754411934, 37.068318136 ], [ 136.754409854, 37.068345091 ], [ 136.754407702, 37.068364621 ], [ 136.754403299, 37.068376086 ], [ 136.754397506, 37.068392972 ], [ 136.754388734, 37.06841803 ], [ 136.754378324, 37.068442352 ], [ 136.754366062, 37.06847002 ], [ 136.754361337, 37.068489243 ], [ 136.754349788, 37.06852032 ], [ 136.754335119, 37.068552332 ], [ 136.754328949, 37.068564007 ], [ 136.754312699, 37.068582794 ], [ 136.754293765, 37.068605023 ], [ 136.754253793, 37.068651618 ], [ 136.754253643, 37.068658592 ], [ 136.754261286, 37.068684257 ], [ 136.754270493, 37.06873889 ], [ 136.754278429, 37.068787318 ], [ 136.754282206, 37.068814537 ], [ 136.754282902, 37.068833626 ], [ 136.754242735, 37.068874651 ], [ 136.754209368, 37.068908148 ], [ 136.754195118, 37.068920832 ], [ 136.754189869, 37.0689286 ], [ 136.754182883, 37.068945788 ], [ 136.754176638, 37.068958986 ], [ 136.754168872, 37.068972611 ], [ 136.754163374, 37.068980649 ], [ 136.754148196, 37.068992491 ], [ 136.754134271, 37.069005473 ], [ 136.754124749, 37.069017309 ], [ 136.754121159, 37.069032264 ], [ 136.754118009, 37.069047077 ], [ 136.754115418, 37.069079186 ], [ 136.754116291, 37.069096437 ], [ 136.75412048, 37.069128632 ], [ 136.75412467, 37.069171082 ], [ 136.754125478, 37.069229578 ], [ 136.754124559, 37.069249716 ], [ 136.754124892, 37.069252655 ], [ 136.754120238, 37.069275141 ], [ 136.754113132, 37.069299853 ], [ 136.754108172, 37.069312415 ], [ 136.754097988, 37.069326078 ], [ 136.754086149, 37.069338058 ], [ 136.754071945, 37.069346479 ], [ 136.754060657, 37.069352343 ], [ 136.754036377, 37.069360666 ], [ 136.754015225, 37.069364512 ], [ 136.753998742, 37.069368186 ], [ 136.753974682, 37.069375293 ], [ 136.753940959, 37.06938717 ], [ 136.753920901, 37.069392589 ], [ 136.753915598, 37.06939585 ], [ 136.753913479, 37.069400871 ], [ 136.753914628, 37.06940886 ], [ 136.753915548, 37.069423804 ], [ 136.753917016, 37.069437263 ], [ 136.75392716, 37.069464135 ], [ 136.753928725, 37.069476279 ], [ 136.753929493, 37.069498486 ], [ 136.753926632, 37.069511732 ], [ 136.753922483, 37.069530363 ], [ 136.753914979, 37.069553731 ], [ 136.753912026, 37.069563363 ], [ 136.753911245, 37.069578698 ], [ 136.753912577, 37.069590363 ], [ 136.753916316, 37.06959964 ], [ 136.753920863, 37.069607325 ], [ 136.753927592, 37.069614774 ], [ 136.753936707, 37.069624232 ], [ 136.753948918, 37.069632898 ], [ 136.753967488, 37.069644624 ], [ 136.753992005, 37.069659091 ], [ 136.75401136, 37.069673298 ], [ 136.754044278, 37.069700141 ], [ 136.754054784, 37.069710081 ], [ 136.754068254, 37.06972506 ], [ 136.754090894, 37.069749569 ], [ 136.7541078, 37.069773752 ], [ 136.754119077, 37.069795076 ], [ 136.754129629, 37.069817317 ], [ 136.754136051, 37.069835922 ], [ 136.754144665, 37.069864942 ], [ 136.754150006, 37.06989213 ], [ 136.754152459, 37.069914668 ], [ 136.754152425, 37.069952264 ], [ 136.754148824, 37.069975501 ], [ 136.754139926, 37.070007083 ], [ 136.754125995, 37.070033591 ], [ 136.754115245, 37.070052073 ], [ 136.754101797, 37.070068346 ], [ 136.754088829, 37.070081115 ], [ 136.754072778, 37.070094171 ], [ 136.754062136, 37.070101001 ], [ 136.754042566, 37.070111828 ], [ 136.754018369, 37.070123531 ], [ 136.754005138, 37.070128738 ], [ 136.753992611, 37.070128695 ], [ 136.753974255, 37.070126982 ], [ 136.753924135, 37.070122293 ], [ 136.753891181, 37.070118826 ], [ 136.753875323, 37.070119176 ], [ 136.753834875, 37.070124767 ], [ 136.753783932, 37.070130789 ], [ 136.753754216, 37.070135795 ], [ 136.753722786, 37.070143652 ], [ 136.753702423, 37.070149259 ], [ 136.753683998, 37.070156359 ], [ 136.753673477, 37.070161657 ], [ 136.753666675, 37.070167545 ], [ 136.753659557, 37.070173666 ], [ 136.75365565, 37.070178609 ], [ 136.753652724, 37.070185222 ], [ 136.753651065, 37.070196715 ], [ 136.753651961, 37.070211948 ], [ 136.753656654, 37.070229861 ], [ 136.753664835, 37.070251688 ], [ 136.753668818, 37.070270158 ], [ 136.753668917, 37.070278782 ], [ 136.753668565, 37.070289883 ], [ 136.753666122, 37.07029858 ], [ 136.753661625, 37.07030453 ], [ 136.753652416, 37.070312563 ], [ 136.753642922, 37.070317243 ], [ 136.753630271, 37.070323264 ], [ 136.753617129, 37.070328706 ], [ 136.75359843, 37.070336445 ], [ 136.753580958, 37.070341899 ], [ 136.753560623, 37.07034646 ], [ 136.753547936, 37.070353049 ], [ 136.753532756, 37.070363116 ], [ 136.753514456, 37.070374073 ], [ 136.753476193, 37.070395541 ], [ 136.753449306, 37.070411839 ], [ 136.753436606, 37.070420662 ], [ 136.753423603, 37.070427403 ], [ 136.753407125, 37.070434131 ], [ 136.753389274, 37.070443089 ], [ 136.753381273, 37.070448252 ], [ 136.75336558, 37.070455307 ], [ 136.753347823, 37.070463698 ], [ 136.753341402, 37.070469786 ], [ 136.75334041, 37.070474261 ], [ 136.753342638, 37.070484443 ], [ 136.753344883, 37.070510197 ], [ 136.753344214, 37.070523613 ], [ 136.753340897, 37.070533793 ], [ 136.753337868, 37.070540731 ], [ 136.753338138, 37.070544958 ], [ 136.753341303, 37.07055016 ], [ 136.753346738, 37.070557928 ], [ 136.753354384, 37.070568436 ], [ 136.753357525, 37.070576196 ], [ 136.753360477, 37.07058347 ], [ 136.753366091, 37.070595394 ], [ 136.753368852, 37.070604775 ], [ 136.753368895, 37.070615553 ], [ 136.753368274, 37.070686544 ], [ 136.75336687, 37.070779385 ], [ 136.753364213, 37.070862868 ], [ 136.753355044, 37.070913436 ], [ 136.753350402, 37.070956342 ], [ 136.753342385, 37.070989441 ], [ 136.753335259, 37.071011431 ], [ 136.753328303, 37.071031178 ], [ 136.753318241, 37.071049346 ], [ 136.753306413, 37.071073681 ], [ 136.753296856, 37.071089779 ], [ 136.753287019, 37.071105839 ], [ 136.753278714, 37.071127618 ], [ 136.753274326, 37.071150772 ], [ 136.753274058, 37.071200109 ], [ 136.753272782, 37.071232276 ], [ 136.753265588, 37.071262584 ], [ 136.753252589, 37.071295557 ], [ 136.753241465, 37.071320714 ], [ 136.753220874, 37.071345505 ], [ 136.75321084, 37.071362664 ], [ 136.753200802, 37.071382428 ], [ 136.753195669, 37.071395684 ], [ 136.753196678, 37.071402536 ], [ 136.753201519, 37.071409825 ], [ 136.753206872, 37.071420324 ], [ 136.75321013, 37.07143124 ], [ 136.753214812, 37.071436843 ], [ 136.753222103, 37.071442456 ], [ 136.75323819, 37.071462202 ], [ 136.753247514, 37.071470219 ], [ 136.753251354, 37.07147973 ], [ 136.753265829, 37.071504373 ], [ 136.753274917, 37.071533062 ], [ 136.753285469, 37.071549031 ], [ 136.753306791, 37.071596966 ], [ 136.753315657, 37.071637657 ], [ 136.753319269, 37.071701507 ], [ 136.753317254, 37.071737213 ], [ 136.753312449, 37.071777063 ], [ 136.75329196, 37.071841082 ], [ 136.753286295, 37.071873594 ], [ 136.753291911, 37.071906145 ], [ 136.75331325, 37.071967363 ], [ 136.753321653, 37.071993814 ], [ 136.753327934, 37.072017798 ], [ 136.753327485, 37.072044461 ], [ 136.753325536, 37.072065983 ], [ 136.753321428, 37.072091399 ], [ 136.753310821, 37.072126868 ], [ 136.753290869, 37.07217082 ], [ 136.753285367, 37.07218786 ], [ 136.753285154, 37.07219596 ], [ 136.753283342, 37.072208678 ], [ 136.753281346, 37.07222209 ], [ 136.753285293, 37.072234539 ], [ 136.75329343, 37.072245886 ], [ 136.753306247, 37.072263125 ], [ 136.753318674, 37.072285949 ], [ 136.753341842, 37.072323212 ], [ 136.753362768, 37.07235697 ], [ 136.753370035, 37.072366917 ], [ 136.753372242, 37.072378802 ], [ 136.753373602, 37.072418502 ], [ 136.753374461, 37.072452884 ], [ 136.753373214, 37.072489918 ], [ 136.753367959, 37.072525684 ], [ 136.753361596, 37.072573045 ], [ 136.753354088, 37.072607398 ], [ 136.753342358, 37.072646917 ], [ 136.753334416, 37.07266394 ], [ 136.753318585, 37.072688062 ], [ 136.75330541, 37.072705625 ], [ 136.753288923, 37.072722338 ], [ 136.753270349, 37.072737936 ], [ 136.753252317, 37.072751147 ], [ 136.753233938, 37.072761987 ], [ 136.75320228, 37.072778503 ], [ 136.753162056, 37.072798629 ], [ 136.753117648, 37.072818742 ], [ 136.753088103, 37.072831219 ], [ 136.753056815, 37.072843969 ], [ 136.753034588, 37.072857175 ], [ 136.753010622, 37.072869662 ], [ 136.752986491, 37.072881464 ], [ 136.752969294, 37.072900274 ], [ 136.752948061, 37.072923117 ], [ 136.752925274, 37.072944142 ], [ 136.752860989, 37.072994094 ], [ 136.752827737, 37.073014245 ], [ 136.752786795, 37.073038001 ], [ 136.752755827, 37.07305579 ], [ 136.752737795, 37.073069145 ], [ 136.752726369, 37.073085597 ], [ 136.752717706, 37.073106807 ], [ 136.752712471, 37.073138942 ], [ 136.752709304, 37.073175409 ], [ 136.752707186, 37.073213277 ], [ 136.75270181, 37.073238275 ], [ 136.752695995, 37.073250835 ], [ 136.752685781, 37.073267714 ], [ 136.752671349, 37.073291138 ], [ 136.752658526, 37.073308008 ], [ 136.752636573, 37.073335047 ], [ 136.752615852, 37.073360829 ], [ 136.752613187, 37.073371021 ], [ 136.752614682, 37.073383606 ], [ 136.752613719, 37.0734015 ], [ 136.752611739, 37.073411973 ], [ 136.752613809, 37.073415892 ], [ 136.752615021, 37.073418554 ], [ 136.75261308, 37.073421765 ], [ 136.752607304, 37.073425097 ], [ 136.752597527, 37.073427856 ], [ 136.752586172, 37.073431313 ], [ 136.752566606, 37.073437111 ], [ 136.752513312, 37.073453137 ], [ 136.752467912, 37.07346318 ], [ 136.752435972, 37.073467403 ], [ 136.752393199, 37.073474246 ], [ 136.752339953, 37.073483423 ], [ 136.752285468, 37.073495254 ], [ 136.752257333, 37.073504934 ], [ 136.752234779, 37.073514083 ], [ 136.752226713, 37.073522859 ], [ 136.75222041, 37.073528009 ], [ 136.75220973, 37.073533424 ], [ 136.752201505, 37.073540388 ], [ 136.752195855, 37.073551408 ], [ 136.752192669, 37.073560336 ], [ 136.752194915, 37.073565102 ], [ 136.752205001, 37.073569472 ], [ 136.752217721, 37.073571472 ], [ 136.752226621, 37.0735708 ], [ 136.752230984, 37.073570959 ], [ 136.752241593, 37.073576448 ], [ 136.752268087, 37.073581011 ], [ 136.752274011, 37.07358159 ], [ 136.752310262, 37.073587024 ], [ 136.752312004, 37.073587175 ], [ 136.752342705, 37.073587561 ], [ 136.75237131, 37.073586544 ], [ 136.752404591, 37.073592247 ], [ 136.752420975, 37.073594539 ], [ 136.752431604, 37.073596397 ], [ 136.752452353, 37.073598704 ], [ 136.75246664, 37.073602106 ], [ 136.752491014, 37.073609743 ], [ 136.752524777, 37.073623973 ], [ 136.752553985, 37.073640287 ], [ 136.75258248, 37.073661635 ], [ 136.752598812, 37.07367357 ], [ 136.752616497, 37.07369334 ], [ 136.752636905, 37.073725141 ], [ 136.752663505, 37.073772337 ], [ 136.752691021, 37.073812408 ], [ 136.752718221, 37.073846323 ], [ 136.752750093, 37.073887807 ], [ 136.75277641, 37.07392298 ], [ 136.752807769, 37.073961668 ], [ 136.75284436, 37.074001906 ], [ 136.752875212, 37.074036537 ], [ 136.752902415, 37.074070038 ], [ 136.752923377, 37.074097227 ], [ 136.752944151, 37.074125812 ], [ 136.752967677, 37.07416139 ], [ 136.752992629, 37.074193207 ], [ 136.753016832, 37.074232428 ], [ 136.753035667, 37.07426408 ], [ 136.753053431, 37.074302296 ], [ 136.753063429, 37.074323022 ], [ 136.753071791, 37.074357295 ], [ 136.753074651, 37.074377283 ], [ 136.753077165, 37.074397001 ], [ 136.753075288, 37.074419496 ], [ 136.753069257, 37.074438624 ], [ 136.753054948, 37.074472539 ], [ 136.753043996, 37.074496958 ], [ 136.753036964, 37.074507838 ], [ 136.753020828, 37.074523993 ], [ 136.752995055, 37.07454809 ], [ 136.752983302, 37.074560485 ], [ 136.752967836, 37.074581536 ], [ 136.752954334, 37.074595187 ], [ 136.75294542, 37.074598508 ], [ 136.75293391, 37.074599306 ], [ 136.752919973, 37.074595761 ], [ 136.75288253, 37.074583897 ], [ 136.75285589, 37.074574991 ], [ 136.752848222, 37.074574685 ], [ 136.752839652, 37.074578854 ], [ 136.75282548, 37.074587465 ], [ 136.75281951, 37.07459332 ], [ 136.752815112, 37.07460155 ], [ 136.752810081, 37.074627107 ], [ 136.752801846, 37.074667054 ], [ 136.752801404, 37.074684102 ], [ 136.752804327, 37.074692637 ], [ 136.75280498, 37.074700885 ], [ 136.752803698, 37.07471109 ], [ 136.752804267, 37.074734712 ], [ 136.752799645, 37.074751187 ], [ 136.752798173, 37.074765438 ], [ 136.752797575, 37.074778295 ], [ 136.752793355, 37.074784985 ], [ 136.752780877, 37.074802559 ], [ 136.752775604, 37.074810642 ], [ 136.752769819, 37.074815515 ], [ 136.752756877, 37.074821201 ], [ 136.752741486, 37.074828411 ], [ 136.752726268, 37.074837027 ], [ 136.752716485, 37.074840769 ], [ 136.752706881, 37.074842826 ], [ 136.75269272, 37.074847255 ], [ 136.752684156, 37.074850298 ], [ 136.752668619, 37.074853461 ], [ 136.752633347, 37.074860043 ], [ 136.752590938, 37.07486395 ], [ 136.752549247, 37.074866039 ], [ 136.75250599, 37.074866447 ], [ 136.752480696, 37.074866638 ], [ 136.752460637, 37.07486573 ], [ 136.752440947, 37.074863147 ], [ 136.752412372, 37.074856478 ], [ 136.752383105, 37.074850788 ], [ 136.752325115, 37.074832833 ], [ 136.752296366, 37.074827001 ], [ 136.752271961, 37.07482496 ], [ 136.752259213, 37.074826033 ], [ 136.752247517, 37.074828092 ], [ 136.752238432, 37.074831692 ], [ 136.752226531, 37.074838355 ], [ 136.752198361, 37.074854468 ], [ 136.752175958, 37.074868926 ], [ 136.752162861, 37.074871962 ], [ 136.752137044, 37.074873124 ], [ 136.752119072, 37.074873062 ], [ 136.752100945, 37.074870628 ], [ 136.752085083, 37.074869446 ], [ 136.752054373, 37.074870601 ], [ 136.752022477, 37.074866578 ], [ 136.751999473, 37.074863281 ], [ 136.751956623, 37.074853065 ], [ 136.751944227, 37.07485358 ], [ 136.751924313, 37.074859107 ], [ 136.751905971, 37.074865053 ], [ 136.751895286, 37.074873541 ], [ 136.751868975, 37.074899303 ], [ 136.751853736, 37.074911551 ], [ 136.751844459, 37.074917529 ], [ 136.751836782, 37.074918899 ], [ 136.751825111, 37.0749162 ], [ 136.751815183, 37.074913651 ], [ 136.751765363, 37.074900896 ], [ 136.751748114, 37.074898186 ], [ 136.751730848, 37.074896585 ], [ 136.751722285, 37.074899349 ], [ 136.751714205, 37.074910639 ], [ 136.751700314, 37.074929461 ], [ 136.751683464, 37.074950651 ], [ 136.751668021, 37.074967512 ], [ 136.751652061, 37.074982126 ], [ 136.751636317, 37.074992137 ], [ 136.751619361, 37.074997665 ], [ 136.751596495, 37.075002055 ], [ 136.751592121, 37.075004004 ], [ 136.751573442, 37.07500575 ], [ 136.751544158, 37.075003278 ], [ 136.751527921, 37.075004897 ], [ 136.751489183, 37.075007834 ], [ 136.751485525, 37.07500838 ], [ 136.751471026, 37.075010708 ], [ 136.751444125, 37.07501886 ], [ 136.751431192, 37.075023005 ], [ 136.751413886, 37.075030631 ], [ 136.751411788, 37.075031885 ], [ 136.751396049, 37.075038958 ], [ 136.751372627, 37.075048375 ], [ 136.751352183, 37.075054179 ], [ 136.751320587, 37.075059096 ], [ 136.75129895, 37.075060841 ], [ 136.75125482, 37.075060542 ], [ 136.75120721, 37.075059123 ], [ 136.7511814, 37.075058888 ], [ 136.751130283, 37.075059133 ], [ 136.751083, 37.075061617 ], [ 136.751042709, 37.075062737 ], [ 136.751041134, 37.075062732 ], [ 136.751011494, 37.07506179 ], [ 136.750982038, 37.075057775 ], [ 136.750957464, 37.075053634 ], [ 136.750913551, 37.075044532 ], [ 136.750871388, 37.075036283 ], [ 136.750810946, 37.075022373 ], [ 136.750760917, 37.075014925 ], [ 136.750713676, 37.075009731 ], [ 136.750679139, 37.075011422 ], [ 136.750627321, 37.075012357 ], [ 136.750563285, 37.075016188 ], [ 136.750538682, 37.075019454 ], [ 136.750509879, 37.075023687 ], [ 136.750495011, 37.07502979 ], [ 136.750484167, 37.075036457 ], [ 136.750475566, 37.075046213 ], [ 136.750464131, 37.07506434 ], [ 136.750453822, 37.07509023 ], [ 136.750444777, 37.075117458 ], [ 136.750437794, 37.075152372 ], [ 136.750434024, 37.075171229 ], [ 136.750430349, 37.075205874 ], [ 136.750424911, 37.075241919 ], [ 136.750417248, 37.075271387 ], [ 136.750408592, 37.075293435 ], [ 136.750396776, 37.075315337 ], [ 136.75038918, 37.075334604 ], [ 136.750377911, 37.075353146 ], [ 136.750371254, 37.075359133 ], [ 136.750358663, 37.075364262 ], [ 136.750340972, 37.075376645 ], [ 136.75031525, 37.075393325 ], [ 136.750282524, 37.075411521 ], [ 136.750252059, 37.075433772 ], [ 136.750224566, 37.075453384 ], [ 136.750235034, 37.075484727 ], [ 136.750265559, 37.075581275 ], [ 136.750279778, 37.075628005 ], [ 136.750290399, 37.075662286 ], [ 136.750328948, 37.07566298 ], [ 136.750361024, 37.075667013 ], [ 136.750379857, 37.075672188 ], [ 136.750402996, 37.075681633 ], [ 136.750454326, 37.07570417 ], [ 136.750531595, 37.075740524 ], [ 136.750552414, 37.075742309 ], [ 136.750578629, 37.075736408 ], [ 136.750604895, 37.075718955 ], [ 136.750636613, 37.075683534 ], [ 136.750661643, 37.075655559 ], [ 136.750693546, 37.075625338 ], [ 136.750726641, 37.075601484 ], [ 136.750773776, 37.075578661 ], [ 136.750807112, 37.075568261 ], [ 136.750848364, 37.075560088 ], [ 136.750872481, 37.075559434 ], [ 136.750904821, 37.075562485 ], [ 136.750925833, 37.075570137 ], [ 136.750945593, 37.075586598 ], [ 136.750958975, 37.075595206 ], [ 136.750982338, 37.075621214 ], [ 136.751003226, 37.07565162 ], [ 136.751016809, 37.075681018 ], [ 136.751023611, 37.075720666 ], [ 136.751026774, 37.075757363 ], [ 136.751031187, 37.075787468 ], [ 136.751036309, 37.075798976 ], [ 136.751037752, 37.075814886 ], [ 136.751042892, 37.07582297 ], [ 136.75105112, 37.075825936 ], [ 136.751062108, 37.075825975 ], [ 136.751073419, 37.075822347 ], [ 136.751090224, 37.075819954 ], [ 136.751099403, 37.075815346 ], [ 136.751150834, 37.075788617 ], [ 136.751203178, 37.075761406 ], [ 136.751242682, 37.075737816 ], [ 136.751252482, 37.075732967 ], [ 136.751265312, 37.075731299 ], [ 136.751275722, 37.075725947 ], [ 136.751288877, 37.07572037 ], [ 136.751311465, 37.075719476 ], [ 136.751318784, 37.075719988 ], [ 136.7513258, 37.075722454 ], [ 136.751332482, 37.075728353 ], [ 136.751345617, 37.075753226 ], [ 136.751352883, 37.07576548 ], [ 136.751358325, 37.07577406 ], [ 136.751366437, 37.075798303 ], [ 136.7513848, 37.075846308 ], [ 136.751395953, 37.075871778 ], [ 136.751407723, 37.075897502 ], [ 136.751422458, 37.075909539 ], [ 136.751448839, 37.075924627 ], [ 136.751455831, 37.075923254 ], [ 136.751477856, 37.075914248 ], [ 136.751493706, 37.075903255 ], [ 136.751509104, 37.075892756 ], [ 136.75153258, 37.075875509 ], [ 136.751580379, 37.075834133 ], [ 136.75165972, 37.075764644 ], [ 136.751719105, 37.075714675 ], [ 136.751761472, 37.075685716 ], [ 136.751796297, 37.075666022 ], [ 136.751831462, 37.075654402 ], [ 136.751861087, 37.075652064 ], [ 136.751915992, 37.075658366 ], [ 136.751953508, 37.075663147 ], [ 136.752038042, 37.075654151 ], [ 136.75216739, 37.075639608 ], [ 136.752231948, 37.075628885 ], [ 136.752308381, 37.075608119 ], [ 136.752372242, 37.075595374 ], [ 136.752441368, 37.075580071 ], [ 136.7525197, 37.075559555 ], [ 136.752564589, 37.075556774 ], [ 136.752603942, 37.075560822 ], [ 136.752654525, 37.075580373 ], [ 136.752669404, 37.075594853 ], [ 136.752675704, 37.075615178 ], [ 136.752676796, 37.075637683 ], [ 136.752672723, 37.075658702 ], [ 136.752659436, 37.075692737 ], [ 136.752640943, 37.07572643 ], [ 136.752613775, 37.075767185 ], [ 136.752591857, 37.075812355 ], [ 136.752585688, 37.075825788 ], [ 136.752584871, 37.075839618 ], [ 136.752590415, 37.075845927 ], [ 136.752608222, 37.075851549 ], [ 136.752636143, 37.07584815 ], [ 136.752688358, 37.075838546 ], [ 136.752785738, 37.075814591 ], [ 136.752920856, 37.075785639 ], [ 136.753021406, 37.075762019 ], [ 136.75307246, 37.075740299 ], [ 136.753101687, 37.075722225 ], [ 136.753144052, 37.075693473 ], [ 136.753169966, 37.075678604 ], [ 136.753196844, 37.075666397 ], [ 136.753222907, 37.075651204 ], [ 136.753249513, 37.075633084 ], [ 136.753283454, 37.07560442 ], [ 136.753298965, 37.075591542 ], [ 136.753309667, 37.075586389 ], [ 136.753323944, 37.07558132 ], [ 136.753355716, 37.075572924 ], [ 136.753377692, 37.075573 ], [ 136.753398415, 37.075577822 ], [ 136.75341059, 37.075584992 ], [ 136.753416268, 37.075599971 ], [ 136.7534288, 37.075651182 ], [ 136.75343095, 37.075671457 ], [ 136.75342911, 37.075689338 ], [ 136.753423949, 37.075709948 ], [ 136.753420871, 37.075729925 ], [ 136.753412725, 37.075751281 ], [ 136.753404709, 37.07578401 ], [ 136.753391453, 37.075814432 ], [ 136.75338029, 37.075846672 ], [ 136.753339404, 37.075948883 ], [ 136.753312708, 37.076031218 ], [ 136.753307918, 37.076084811 ], [ 136.753298676, 37.076156935 ], [ 136.753287122, 37.076203123 ], [ 136.753268855, 37.076261716 ], [ 136.753249413, 37.07630029 ], [ 136.75323128, 37.076323711 ], [ 136.753211336, 37.076342962 ], [ 136.753194389, 37.07635724 ], [ 136.753164465, 37.076375168 ], [ 136.753120554, 37.076394534 ], [ 136.753082645, 37.076406144 ], [ 136.753019395, 37.076418278 ], [ 136.752959342, 37.076427711 ], [ 136.752896159, 37.076437827 ], [ 136.752853904, 37.076446276 ], [ 136.752833886, 37.076454209 ], [ 136.752814744, 37.076462631 ], [ 136.75280824, 37.076471413 ], [ 136.752811859, 37.07647813 ], [ 136.752832519, 37.076496793 ], [ 136.752868141, 37.076521095 ], [ 136.752904312, 37.076543687 ], [ 136.752926177, 37.07656403 ], [ 136.752942466, 37.07658421 ], [ 136.752954224, 37.076607978 ], [ 136.752959886, 37.076625886 ], [ 136.752960648, 37.076645038 ], [ 136.752958652, 37.076660405 ], [ 136.752952259, 37.076684155 ], [ 136.75294359, 37.076706482 ], [ 136.752931289, 37.076724616 ], [ 136.752913133, 37.076745846 ], [ 136.752892647, 37.076761428 ], [ 136.752871087, 37.076773762 ], [ 136.752841196, 37.076785679 ], [ 136.752784452, 37.076807118 ], [ 136.752764424, 37.076816906 ], [ 136.752749719, 37.076826218 ], [ 136.752735179, 37.076838189 ], [ 136.752722012, 37.076854219 ], [ 136.752711816, 37.076876154 ], [ 136.752695218, 37.076912863 ], [ 136.752677646, 37.076951029 ], [ 136.752656266, 37.076979836 ], [ 136.75262684, 37.077001397 ], [ 136.752601867, 37.077012656 ], [ 136.752548072, 37.077025183 ], [ 136.752494721, 37.077036946 ], [ 136.752446989, 37.077057605 ], [ 136.75241515, 37.077078076 ], [ 136.752379403, 37.077107861 ], [ 136.752351372, 37.077135518 ], [ 136.752339237, 37.077147768 ], [ 136.752323231, 37.077158499 ], [ 136.752303184, 37.077167575 ], [ 136.75227441, 37.077174702 ], [ 136.752246838, 37.077175723 ], [ 136.752197391, 37.077174784 ], [ 136.752116541, 37.077167824 ], [ 136.752064353, 37.077166182 ], [ 136.752033373, 37.077171454 ], [ 136.752026643, 37.077174359 ], [ 136.752006745, 37.077185058 ], [ 136.751987108, 37.07720358 ], [ 136.751972913, 37.077230673 ], [ 136.751948968, 37.077284524 ], [ 136.751928051, 37.077325453 ], [ 136.75189483, 37.077370341 ], [ 136.751859859, 37.077402263 ], [ 136.751810033, 37.077439694 ], [ 136.751765301, 37.077469132 ], [ 136.751720665, 37.07748316 ], [ 136.751681996, 37.077489738 ], [ 136.751647795, 37.077491574 ], [ 136.751628849, 37.077494689 ], [ 136.751599249, 37.077494333 ], [ 136.751565305, 37.077490303 ], [ 136.751537222, 37.077490205 ], [ 136.751507676, 37.077492444 ], [ 136.751482728, 37.077492781 ], [ 136.751455011, 37.07749573 ], [ 136.751430766, 37.077497177 ], [ 136.751394834, 37.077496772 ], [ 136.751380171, 37.07749836 ], [ 136.751366701, 37.077505856 ], [ 136.751348035, 37.077513306 ], [ 136.751331798, 37.077516881 ], [ 136.751313353, 37.077525035 ], [ 136.751293217, 37.077538103 ], [ 136.751274684, 37.077546004 ], [ 136.751245095, 37.077558057 ], [ 136.751238784, 37.077564605 ], [ 136.7512298, 37.077580641 ], [ 136.751227147, 37.077586642 ], [ 136.751229054, 37.077589587 ], [ 136.751237241, 37.07759185 ], [ 136.75126546, 37.07759796 ], [ 136.751279422, 37.077597026 ], [ 136.751303363, 37.077589568 ], [ 136.751335246, 37.077579532 ], [ 136.751353405, 37.077576379 ], [ 136.751385494, 37.077578167 ], [ 136.75141653, 37.077579114 ], [ 136.751431344, 37.077582942 ], [ 136.751476123, 37.077594489 ], [ 136.751549798, 37.077615852 ], [ 136.751593875, 37.077622044 ], [ 136.751640719, 37.077623965 ], [ 136.751655354, 37.077627612 ], [ 136.751715148, 37.077643159 ], [ 136.75174589, 37.077652845 ], [ 136.75177219, 37.077664274 ], [ 136.751791273, 37.077675208 ], [ 136.751834394, 37.077700033 ], [ 136.751888097, 37.077735303 ], [ 136.751907765, 37.077748303 ], [ 136.7519535, 37.077778417 ], [ 136.751975237, 37.07779557 ], [ 136.751986746, 37.077805289 ], [ 136.7519952, 37.077812266 ], [ 136.75200263, 37.077817041 ], [ 136.7520087, 37.077821902 ], [ 136.752011539, 37.077825057 ], [ 136.752026529, 37.077840041 ], [ 136.752041654, 37.077854837 ], [ 136.75206541, 37.077875169 ], [ 136.752080469, 37.077887675 ], [ 136.752093774, 37.077895949 ], [ 136.752101929, 37.077899889 ], [ 136.752106911, 37.077900069 ], [ 136.752110318, 37.077896007 ], [ 136.752111112, 37.077878275 ], [ 136.752106395, 37.077827362 ], [ 136.752104914, 37.077810171 ], [ 136.75210735, 37.077802754 ], [ 136.752109207, 37.077792299 ], [ 136.752111372, 37.077778726 ], [ 136.752120556, 37.077742423 ], [ 136.752129506, 37.077712005 ], [ 136.752136552, 37.077700693 ], [ 136.752145696, 37.077686108 ], [ 136.752148935, 37.077677892 ], [ 136.752151371, 37.077668312 ], [ 136.752154289, 37.077663294 ], [ 136.752168983, 37.077645845 ], [ 136.752181413, 37.077633029 ], [ 136.75219492, 37.077622776 ], [ 136.752219179, 37.077604233 ], [ 136.752239657, 37.077594482 ], [ 136.752260213, 37.077584822 ], [ 136.752285467, 37.077577647 ], [ 136.752323176, 37.07756774 ], [ 136.752370127, 37.077562452 ], [ 136.752409367, 37.077560516 ], [ 136.75244199, 37.077561333 ], [ 136.752463263, 37.07756238 ], [ 136.752493419, 37.077565982 ], [ 136.75257716, 37.07757716 ], [ 136.752633802, 37.077587 ], [ 136.75266862, 37.077593682 ], [ 136.752690133, 37.077596236 ], [ 136.752699156, 37.077595663 ], [ 136.752713036, 37.077591314 ], [ 136.752719811, 37.077590536 ], [ 136.752729883, 37.077591535 ], [ 136.752735858, 37.077591078 ], [ 136.752741361, 37.077588376 ], [ 136.752744073, 37.077583835 ], [ 136.752742708, 37.077578396 ], [ 136.752736973, 37.077569995 ], [ 136.752731739, 37.07756047 ], [ 136.752726998, 37.077553199 ], [ 136.752726913, 37.077537816 ], [ 136.752722353, 37.077520101 ], [ 136.752716372, 37.077496885 ], [ 136.75270817, 37.077466379 ], [ 136.752706727, 37.077450469 ], [ 136.75270535, 37.077422339 ], [ 136.752706118, 37.077401065 ], [ 136.752709313, 37.077390587 ], [ 136.752714427, 37.077380827 ], [ 136.752722483, 37.077372006 ], [ 136.752745754, 37.077359372 ], [ 136.75278526, 37.077343578 ], [ 136.752843669, 37.077328408 ], [ 136.752882276, 37.077318702 ], [ 136.75292207, 37.077314136 ], [ 136.752986466, 37.077310847 ], [ 136.753030251, 37.077314793 ], [ 136.75306002, 37.077321367 ], [ 136.75309487, 37.077334555 ], [ 136.753131872, 37.077349139 ], [ 136.753168591, 37.077363893 ], [ 136.753182362, 37.077367329 ], [ 136.753204954, 37.077369877 ], [ 136.753216187, 37.077370412 ], [ 136.753219557, 37.077369009 ], [ 136.753222423, 37.077365234 ], [ 136.753222557, 37.077361359 ], [ 136.753221045, 37.07735592 ], [ 136.753185669, 37.07723652 ], [ 136.753176685, 37.077190629 ], [ 136.753176222, 37.077162016 ], [ 136.753180319, 37.077138546 ], [ 136.753189882, 37.077121457 ], [ 136.753202173, 37.077105108 ], [ 136.753217211, 37.07709049 ], [ 136.753259363, 37.077059574 ], [ 136.753313862, 37.077029188 ], [ 136.753344473, 37.077013155 ], [ 136.753368691, 37.076993918 ], [ 136.753393082, 37.076971664 ], [ 136.753403533, 37.076958741 ], [ 136.753440272, 37.07693881 ], [ 136.753472736, 37.076919115 ], [ 136.753507311, 37.076904313 ], [ 136.753544712, 37.076880409 ], [ 136.753584437, 37.076857487 ], [ 136.753610506, 37.076843186 ], [ 136.753635423, 37.076831829 ], [ 136.753673699, 37.076816723 ], [ 136.753711709, 37.076803023 ], [ 136.753739853, 37.076791802 ], [ 136.753748081, 37.076786514 ], [ 136.753759651, 37.076776633 ], [ 136.753767545, 37.07676855 ], [ 136.753775541, 37.076756142 ], [ 136.75378944, 37.076711015 ], [ 136.753799799, 37.07667341 ], [ 136.753811774, 37.076653194 ], [ 136.753852284, 37.076586938 ], [ 136.753874487, 37.07655342 ], [ 136.753892052, 37.076531033 ], [ 136.753925977, 37.076490843 ], [ 136.753951676, 37.076463744 ], [ 136.753972651, 37.076443037 ], [ 136.753997421, 37.076421522 ], [ 136.754035811, 37.076395766 ], [ 136.754064655, 37.07638398 ], [ 136.75408528, 37.07637604 ], [ 136.75412234, 37.076365283 ], [ 136.754148674, 37.076360022 ], [ 136.754206584, 37.076353843 ], [ 136.754235103, 37.076352347 ], [ 136.754265194, 37.076349181 ], [ 136.754273589, 37.076346101 ], [ 136.754291861, 37.076340568 ], [ 136.754302648, 37.076336217 ], [ 136.754308651, 37.076330489 ], [ 136.754315382, 37.076321167 ], [ 136.754325762, 37.076308767 ], [ 136.754332442, 37.076298589 ], [ 136.754336864, 37.076287836 ], [ 136.754346083, 37.076261455 ], [ 136.754360697, 37.076221188 ], [ 136.754370819, 37.076192089 ], [ 136.754376568, 37.076179168 ], [ 136.754381498, 37.076170156 ], [ 136.754389024, 37.076159485 ], [ 136.754398073, 37.076149929 ], [ 136.754408656, 37.076139494 ], [ 136.754419978, 37.076131774 ], [ 136.754432957, 37.076123421 ], [ 136.754456556, 37.076108363 ], [ 136.754479621, 37.076096287 ], [ 136.754493681, 37.076087577 ], [ 136.754507437, 37.076077009 ], [ 136.754518901, 37.076067983 ], [ 136.754524098, 37.076063694 ], [ 136.75452767, 37.076058335 ], [ 136.754529831, 37.076053855 ], [ 136.754530777, 37.076038944 ], [ 136.754528074, 37.076023002 ], [ 136.754522726, 37.076011665 ], [ 136.754514597, 37.076000868 ], [ 136.754499305, 37.075966941 ], [ 136.754482306, 37.075949264 ], [ 136.754472909, 37.075937742 ], [ 136.754466873, 37.075924753 ], [ 136.754460239, 37.075909816 ], [ 136.754457274, 37.075892431 ], [ 136.754461082, 37.075866275 ], [ 136.754475984, 37.075820593 ], [ 136.75448817, 37.075788185 ], [ 136.75449316, 37.075768215 ], [ 136.75449131, 37.075754655 ], [ 136.7544865, 37.075741499 ], [ 136.754479724, 37.075725922 ], [ 136.754470906, 37.0757115 ], [ 136.754459815, 37.075699296 ], [ 136.754440923, 37.07567589 ], [ 136.754408733, 37.075628495 ], [ 136.754396994, 37.075605258 ], [ 136.754389088, 37.075584261 ], [ 136.754378203, 37.075563262 ], [ 136.754370455, 37.075535948 ], [ 136.754366853, 37.075524059 ], [ 136.754366132, 37.075497328 ], [ 136.754370185, 37.07548624 ], [ 136.754381033, 37.075470462 ], [ 136.754391847, 37.075461001 ], [ 136.75440669, 37.075453168 ], [ 136.754421877, 37.075446192 ], [ 136.754437749, 37.075441534 ], [ 136.754454102, 37.075439356 ], [ 136.754515322, 37.075434441 ], [ 136.754581781, 37.075433834 ], [ 136.754618042, 37.075431446 ], [ 136.754640898, 37.075428867 ], [ 136.754656103, 37.075424873 ], [ 136.754677612, 37.075415459 ], [ 136.754688726, 37.075406792 ], [ 136.754696444, 37.075399952 ], [ 136.754699762, 37.075393737 ], [ 136.754700703, 37.07538599 ], [ 136.754699647, 37.075377516 ], [ 136.754697141, 37.07536681 ], [ 136.754695177, 37.075361874 ], [ 136.754690496, 37.075354009 ], [ 136.754681144, 37.075338359 ], [ 136.754674925, 37.075328037 ], [ 136.754669719, 37.07531324 ], [ 136.754666728, 37.075296387 ], [ 136.754667112, 37.075281619 ], [ 136.754670171, 37.075267094 ], [ 136.754672703, 37.07526047 ], [ 136.754686468, 37.075235709 ], [ 136.754704664, 37.075206701 ], [ 136.754705003, 37.07520016 ], [ 136.754700847, 37.075195108 ], [ 136.754689942, 37.075188149 ], [ 136.754660678, 37.07517982 ], [ 136.754634098, 37.07517652 ], [ 136.754592663, 37.075170707 ], [ 136.754531446, 37.075162727 ], [ 136.754499222, 37.075154784 ], [ 136.754451385, 37.07514338 ], [ 136.754423224, 37.075134974 ], [ 136.754394447, 37.075119815 ], [ 136.754379347, 37.075104389 ], [ 136.754367119, 37.075075978 ], [ 136.754349829, 37.075020488 ], [ 136.754342931, 37.075004532 ], [ 136.754335169, 37.074990321 ], [ 136.754320251, 37.074976851 ], [ 136.754302532, 37.074963371 ], [ 136.754268775, 37.074943572 ], [ 136.754234034, 37.074916615 ], [ 136.754217092, 37.074898894 ], [ 136.754208473, 37.074880832 ], [ 136.754206457, 37.074864748 ], [ 136.754205895, 37.074846083 ], [ 136.754207914, 37.074828337 ], [ 136.754214478, 37.074808237 ], [ 136.754225333, 37.074789198 ], [ 136.754236222, 37.074776376 ], [ 136.754258308, 37.074756042 ], [ 136.754322494, 37.074709909 ], [ 136.7543904, 37.074666259 ], [ 136.75441895, 37.074644415 ], [ 136.754434398, 37.074626572 ], [ 136.754443052, 37.074606804 ], [ 136.754441889, 37.074595202 ], [ 136.754438112, 37.074584564 ], [ 136.754426526, 37.074566068 ], [ 136.75440754, 37.074545717 ], [ 136.754382888, 37.07452495 ], [ 136.754347809, 37.074496036 ], [ 136.754238775, 37.074412679 ], [ 136.754206153, 37.074382791 ], [ 136.754179227, 37.074354095 ], [ 136.754162255, 37.074331534 ], [ 136.754145918, 37.074305794 ], [ 136.75413661, 37.074275925 ], [ 136.754132785, 37.074251202 ], [ 136.754130264, 37.074207901 ], [ 136.754131531, 37.074127685 ], [ 136.754126937, 37.074072636 ], [ 136.754123695, 37.074044058 ], [ 136.754114202, 37.073994371 ], [ 136.754081374, 37.073817676 ], [ 136.754077392, 37.073786662 ], [ 136.754053897, 37.073776659 ], [ 136.754015071, 37.073752273 ], [ 136.753963455, 37.073718129 ], [ 136.753919825, 37.073683761 ], [ 136.753897426, 37.073658216 ], [ 136.753864587, 37.073618748 ], [ 136.753837868, 37.07359126 ], [ 136.753782106, 37.073527264 ], [ 136.75375967, 37.073506541 ], [ 136.75373605, 37.073488282 ], [ 136.75370346, 37.073465153 ], [ 136.753677411, 37.073444796 ], [ 136.753652505, 37.073425217 ], [ 136.753639381, 37.07340239 ], [ 136.753623272, 37.073374155 ], [ 136.753608394, 37.073351043 ], [ 136.753600105, 37.073336757 ], [ 136.753600302, 37.073314869 ], [ 136.753607421, 37.073287913 ], [ 136.753615383, 37.073267259 ], [ 136.753631342, 37.073233909 ], [ 136.753672558, 37.073176081 ], [ 136.753703136, 37.073136906 ], [ 136.753737715, 37.073083561 ], [ 136.753752677, 37.073057759 ], [ 136.753761812, 37.073036479 ], [ 136.753768214, 37.073013161 ], [ 136.753782926, 37.072952655 ], [ 136.753790926, 37.072908202 ], [ 136.753794733, 37.072882361 ], [ 136.753799199, 37.072851043 ], [ 136.753810864, 37.072823544 ], [ 136.753820901, 37.072805971 ], [ 136.753835668, 37.072782889 ], [ 136.753892791, 37.07271998 ], [ 136.753920651, 37.07269462 ], [ 136.75393816, 37.072672062 ], [ 136.753952912, 37.072651846 ], [ 136.753961051, 37.072631607 ], [ 136.753964635, 37.072586589 ], [ 136.753966774, 37.072530094 ], [ 136.753974252, 37.072501256 ], [ 136.754001047, 37.07242941 ], [ 136.754013157, 37.072390315 ], [ 136.754016878, 37.072363609 ], [ 136.754016596, 37.072334699 ], [ 136.754005562, 37.072287205 ], [ 136.753995992, 37.072249747 ], [ 136.753986858, 37.072171225 ], [ 136.753991345, 37.07213186 ], [ 136.754007599, 37.072089544 ], [ 136.754076, 37.071985338 ], [ 136.75410927, 37.071957635 ], [ 136.754158779, 37.071923726 ], [ 136.754216584, 37.071894666 ], [ 136.754332273, 37.071848938 ], [ 136.754419492, 37.07180649 ], [ 136.754396127, 37.07177231 ], [ 136.754359868, 37.071728991 ], [ 136.754298844, 37.071667149 ], [ 136.754255871, 37.07163427 ], [ 136.754247073, 37.071624453 ], [ 136.754242887, 37.071608298 ], [ 136.754234752, 37.07158821 ], [ 136.754223285, 37.071564686 ], [ 136.754207309, 37.071545184 ], [ 136.754203382, 37.071537105 ], [ 136.75420165, 37.071518508 ], [ 136.754200647, 37.071479367 ], [ 136.754203471, 37.071464706 ], [ 136.754214039, 37.071446576 ], [ 136.754250864, 37.071410261 ], [ 136.754333598, 37.071336041 ], [ 136.754370126, 37.0712985 ], [ 136.75439687, 37.071262889 ], [ 136.754415965, 37.071231883 ], [ 136.75444629, 37.071172684 ], [ 136.754498222, 37.071060734 ], [ 136.754554326, 37.070948753 ], [ 136.754569632, 37.070923934 ], [ 136.754578935, 37.070913062 ], [ 136.754586286, 37.070907492 ], [ 136.754575738, 37.070847051 ], [ 136.754574474, 37.070822859 ], [ 136.754570868, 37.070811807 ], [ 136.754560652, 37.070798074 ], [ 136.754541746, 37.070779562 ], [ 136.754490476, 37.070725477 ], [ 136.754493319, 37.070707148 ], [ 136.754491919, 37.070683173 ], [ 136.754495463, 37.070649671 ], [ 136.754500116, 37.070635746 ], [ 136.754508996, 37.070630154 ], [ 136.754549332, 37.070622463 ], [ 136.75459727, 37.070618962 ], [ 136.754591153, 37.070620896 ], [ 136.754674804, 37.07062845 ], [ 136.754708916, 37.070642509 ], [ 136.754760952, 37.070671554 ], [ 136.754794754, 37.070684639 ], [ 136.754830875, 37.07072218 ], [ 136.754829873, 37.070732774 ], [ 136.754818468, 37.070754011 ], [ 136.754813826, 37.07076598 ], [ 136.754812126, 37.070797533 ], [ 136.754816293, 37.070817111 ], [ 136.754829913, 37.070839904 ], [ 136.754868841, 37.07091588 ], [ 136.754905288, 37.070949277 ], [ 136.754956629, 37.070992504 ], [ 136.754994656, 37.071016607 ], [ 136.755032911, 37.071040278 ], [ 136.755055134, 37.071050628 ], [ 136.755084064, 37.071064182 ], [ 136.755121805, 37.071072595 ], [ 136.755141302, 37.071079511 ], [ 136.755148663, 37.071074157 ], [ 136.755152717, 37.071056563 ], [ 136.755155664, 37.071021103 ], [ 136.755149457, 37.070983413 ], [ 136.755144417, 37.070954541 ], [ 136.755131809, 37.070921533 ], [ 136.755126709, 37.070905862 ], [ 136.755108188, 37.070886964 ], [ 136.755083001, 37.070861193 ], [ 136.755057211, 37.070832483 ], [ 136.754983199, 37.070768398 ], [ 136.75496758, 37.070753528 ], [ 136.754947431, 37.070738229 ], [ 136.754895626, 37.070689423 ], [ 136.754872569, 37.07066293 ], [ 136.754847071, 37.070638627 ], [ 136.754846486, 37.070632506 ], [ 136.7548493, 37.070621513 ], [ 136.754847199, 37.070604591 ], [ 136.754842792, 37.070581371 ], [ 136.75483854, 37.07056081 ], [ 136.754827886, 37.070496944 ], [ 136.754822994, 37.070440911 ], [ 136.754826419, 37.070389702 ], [ 136.754837749, 37.07032639 ], [ 136.754849034, 37.070296222 ], [ 136.754855464, 37.070288422 ], [ 136.754866212, 37.070268148 ], [ 136.754883563, 37.070245454 ], [ 136.754905481, 37.070224704 ], [ 136.754925262, 37.070210237 ], [ 136.754972174, 37.070190457 ], [ 136.754998537, 37.0701858 ], [ 136.755040229, 37.070185242 ], [ 136.755093384, 37.07019214 ], [ 136.75512953, 37.070193986 ], [ 136.755144179, 37.070192757 ], [ 136.755150185, 37.070188299 ], [ 136.755160514, 37.070176999 ], [ 136.75516983, 37.070167848 ], [ 136.755171898, 37.070163872 ], [ 136.755172505, 37.070149339 ], [ 136.755174644, 37.070140542 ], [ 136.755181213, 37.07011946 ], [ 136.755188583, 37.070089666 ], [ 136.755194091, 37.070069274 ], [ 136.755200101, 37.070055877 ], [ 136.755207827, 37.070045423 ], [ 136.755216251, 37.070036927 ], [ 136.755231955, 37.070027745 ], [ 136.755266069, 37.070010119 ], [ 136.755305214, 37.069993791 ], [ 136.755313316, 37.069988628 ], [ 136.755326767, 37.069976041 ], [ 136.755330994, 37.069969991 ], [ 136.755332638, 37.069959291 ], [ 136.755330845, 37.069937233 ], [ 136.755326583, 37.069920448 ], [ 136.755316388, 37.06988424 ], [ 136.755317022, 37.069862579 ], [ 136.755320415, 37.069848613 ], [ 136.75532816, 37.069834519 ], [ 136.755347349, 37.069815229 ], [ 136.755362881, 37.069798197 ], [ 136.755381142, 37.069777705 ], [ 136.755388546, 37.069762501 ], [ 136.755395961, 37.069744909 ], [ 136.755397444, 37.069728567 ], [ 136.755402094, 37.069679606 ], [ 136.755406745, 37.069657679 ], [ 136.755417355, 37.069631582 ], [ 136.755440379, 37.069595426 ], [ 136.75546444, 37.06956515 ], [ 136.755487395, 37.069543845 ], [ 136.755511161, 37.06952239 ], [ 136.755536908, 37.069502635 ], [ 136.755553919, 37.069484527 ], [ 136.755569411, 37.069449967 ], [ 136.755589842, 37.06939623 ], [ 136.755602791, 37.069372304 ], [ 136.755623087, 37.069345709 ], [ 136.755673137, 37.069298581 ], [ 136.755694123, 37.069269123 ], [ 136.755700697, 37.06923875 ], [ 136.755702358, 37.069228915 ], [ 136.755692494, 37.069174947 ], [ 136.755683787, 37.069125488 ], [ 136.755678779, 37.069034481 ], [ 136.755669356, 37.068940359 ], [ 136.755663039, 37.068923215 ], [ 136.755639606, 37.068910166 ], [ 136.755556304, 37.068858899 ], [ 136.755529082, 37.068837402 ], [ 136.755537372, 37.068786921 ], [ 136.755546058, 37.068761268 ], [ 136.755568601, 37.068741233 ], [ 136.755639288, 37.068731385 ], [ 136.755747703, 37.068734328 ], [ 136.755774392, 37.068737845 ], [ 136.755793622, 37.068737912 ], [ 136.75584905, 37.068759083 ], [ 136.75590629, 37.06877379 ], [ 136.755924819, 37.068776602 ], [ 136.75589184, 37.068748669 ], [ 136.755873812, 37.068729998 ], [ 136.755862551, 37.068714162 ], [ 136.755848482, 37.068699659 ], [ 136.755836199, 37.068689676 ], [ 136.755823201, 37.068678844 ], [ 136.755797191, 37.068657821 ], [ 136.755769207, 37.068631662 ], [ 136.755756596, 37.068615839 ] ] ] } },
{ "type": "Feature", "properties": { "A54_001": "1", "A54_002": "17", "A54_003": "石川県", "A54_004": "17384", "A54_005": "志賀町", "A54_006": "志賀町002" }, "geometry": { "type": "Polygon", "coordinates": [ [ [ 136.759162315, 37.07812523 ], [ 136.759337051, 37.077933569 ], [ 136.759317753, 37.077918336 ], [ 136.759310022, 37.077908793 ], [ 136.759300864, 37.077881862 ], [ 136.759294526, 37.077859961 ], [ 136.759274005, 37.077814841 ], [ 136.759276336, 37.077801693 ], [ 136.759283948, 37.077772729 ], [ 136.759280188, 37.077758586 ], [ 136.759275242, 37.077745475 ], [ 136.759272126, 37.077739309 ], [ 136.75925706, 37.077725794 ], [ 136.759249618, 37.077716739 ], [ 136.759234466, 37.077698204 ], [ 136.759224268, 37.077678723 ], [ 136.759223493, 37.077659552 ], [ 136.759216629, 37.077620148 ], [ 136.759210381, 37.077612999 ], [ 136.759195017, 37.077606782 ], [ 136.759169973, 37.077606263 ], [ 136.759136355, 37.077606319 ], [ 136.759125756, 37.077604958 ], [ 136.759099502, 37.077603597 ], [ 136.759033924, 37.077603039 ], [ 136.759022933, 37.077603559 ], [ 136.759002545, 37.077596776 ], [ 136.758991759, 37.07759053 ], [ 136.758987285, 37.077585846 ], [ 136.758986812, 37.07757759 ], [ 136.758981771, 37.077571724 ], [ 136.758975104, 37.077564934 ], [ 136.758957992, 37.077557594 ], [ 136.758944977, 37.077553737 ], [ 136.758937705, 37.077552757 ], [ 136.758930016, 37.077554172 ], [ 136.758919016, 37.077560605 ], [ 136.758909113, 37.077565851 ], [ 136.758894241, 37.077570784 ], [ 136.758876081, 37.077572163 ], [ 136.758854772, 37.077571414 ], [ 136.758834133, 37.077569379 ], [ 136.758800571, 37.07756127 ], [ 136.758781941, 37.077557953 ], [ 136.758751834, 37.077555686 ], [ 136.758703602, 37.077552412 ], [ 136.758656032, 37.077547319 ], [ 136.758606122, 37.077544552 ], [ 136.75851765, 37.07761433 ], [ 136.758513922, 37.077613281 ], [ 136.758387746, 37.077650434 ], [ 136.758299081, 37.077676442 ], [ 136.758171237, 37.077714094 ], [ 136.758079426, 37.077741849 ], [ 136.75822422, 37.077722783 ], [ 136.758284364, 37.077717502 ], [ 136.758348349, 37.077715136 ], [ 136.758383271, 37.077708822 ], [ 136.758408571, 37.077707864 ], [ 136.758444542, 37.077715566 ], [ 136.758487019, 37.077735087 ], [ 136.758522918, 37.077756253 ], [ 136.758566051, 37.077796025 ], [ 136.758608608, 37.077861388 ], [ 136.758616066, 37.077869659 ], [ 136.758629922, 37.077886477 ], [ 136.75863904, 37.077899774 ], [ 136.758641373, 37.077919832 ], [ 136.758639422, 37.077941841 ], [ 136.758638134, 37.077953335 ], [ 136.758635566, 37.077977054 ], [ 136.758630621, 37.077989013 ], [ 136.758622005, 37.078001708 ], [ 136.758597999, 37.078034175 ], [ 136.758573112, 37.078065152 ], [ 136.758558414, 37.078073167 ], [ 136.758534839, 37.078086053 ], [ 136.758509413, 37.078102105 ], [ 136.758483486, 37.078119354 ], [ 136.75846423, 37.078132148 ], [ 136.75844482, 37.078142291 ], [ 136.758395559, 37.078165083 ], [ 136.758351965, 37.078186272 ], [ 136.758337768, 37.07819309 ], [ 136.758322649, 37.078206267 ], [ 136.758308119, 37.078220671 ], [ 136.758298409, 37.078227748 ], [ 136.758282809, 37.078238247 ], [ 136.758246672, 37.078259363 ], [ 136.758223663, 37.078273585 ], [ 136.758209387, 37.078282556 ], [ 136.758202426, 37.078288714 ], [ 136.758195019, 37.078296168 ], [ 136.758191287, 37.07830204 ], [ 136.758192276, 37.078308577 ], [ 136.758196179, 37.0783147 ], [ 136.758205266, 37.078323364 ], [ 136.758216797, 37.078329081 ], [ 136.758236778, 37.078340487 ], [ 136.758247249, 37.078346732 ], [ 136.758255884, 37.078353628 ], [ 136.758262922, 37.078360357 ], [ 136.758269056, 37.078367966 ], [ 136.758274694, 37.078377889 ], [ 136.758282262, 37.078399011 ], [ 136.758285456, 37.078407538 ], [ 136.758287438, 37.078419683 ], [ 136.758289648, 37.078426954 ], [ 136.758289621, 37.078432072 ], [ 136.758287519, 37.078437995 ], [ 136.758284393, 37.078446284 ], [ 136.758284165, 37.078451158 ], [ 136.758285845, 37.078454597 ], [ 136.758290022, 37.078455891 ], [ 136.75830109, 37.078455614 ], [ 136.75831476, 37.078452624 ], [ 136.758330274, 37.078449749 ], [ 136.758368471, 37.078451557 ], [ 136.758411199, 37.078451424 ], [ 136.758453511, 37.078457716 ], [ 136.758489724, 37.0784707 ], [ 136.758516228, 37.078480091 ], [ 136.758528674, 37.078483171 ], [ 136.758537634, 37.07848376 ], [ 136.758546207, 37.078483285 ], [ 136.758561883, 37.078479671 ], [ 136.758571477, 37.078475388 ], [ 136.758587906, 37.078467478 ], [ 136.758609084, 37.07845908 ], [ 136.75863895, 37.078447747 ], [ 136.758657716, 37.078442468 ], [ 136.75867348, 37.07844108 ], [ 136.758706314, 37.078442617 ], [ 136.758723229, 37.078446911 ], [ 136.758742223, 37.078455762 ], [ 136.758775708, 37.078476279 ], [ 136.758794848, 37.078489439 ], [ 136.758811665, 37.078495174 ], [ 136.758836583, 37.078504659 ], [ 136.758860511, 37.078514122 ], [ 136.758880438, 37.078516741 ], [ 136.758893575, 37.078518705 ], [ 136.758900775, 37.078516252 ], [ 136.758914374, 37.078507594 ], [ 136.758918189, 37.078503137 ], [ 136.75892455, 37.078493535 ], [ 136.758927975, 37.07848604 ], [ 136.758929629, 37.078475502 ], [ 136.758934073, 37.078397441 ], [ 136.758937036, 37.078364992 ], [ 136.758938182, 37.078356849 ], [ 136.758940526, 37.07834744 ], [ 136.758944261, 37.07833691 ], [ 136.758950408, 37.078325189 ], [ 136.758959552, 37.078312595 ], [ 136.758965949, 37.078306714 ], [ 136.758974234, 37.078301228 ], [ 136.758983872, 37.078297197 ], [ 136.758995258, 37.078294199 ], [ 136.759009814, 37.078291699 ], [ 136.759027873, 37.0782904 ], [ 136.759057707, 37.078286889 ], [ 136.759086527, 37.07828387 ], [ 136.759129947, 37.078278549 ], [ 136.759142118, 37.078276194 ], [ 136.759150713, 37.078273592 ], [ 136.759158301, 37.078270104 ], [ 136.759163213, 37.078264443 ], [ 136.759166043, 37.078258785 ], [ 136.759169067, 37.07825073 ], [ 136.759170392, 37.078242642 ], [ 136.759171086, 37.078230731 ], [ 136.759170928, 37.078224576 ], [ 136.759169372, 37.078216739 ], [ 136.759167614, 37.078211146 ], [ 136.759163683, 37.078199553 ], [ 136.759160971, 37.078191424 ], [ 136.759157678, 37.078174246 ], [ 136.759156212, 37.078164481 ], [ 136.759155085, 37.078152339 ], [ 136.759155453, 37.078138039 ], [ 136.759157818, 37.078131234 ], [ 136.759162315, 37.07812523 ] ] ] } },
{ "type": "Feature", "properties": { "A54_001": "1", "A54_002": "17", "A54_003": "石川県", "A54_004": "17384", "A54_005": "志賀町", "A54_006": "志賀町003" }, "geometry": { "type": "Polygon", "coordinates": [ [ [ 136.755350423, 37.07778773 ], [ 136.75539744, 37.077432793 ], [ 136.755679942, 37.077088441 ], [ 136.755889798, 37.076767195 ], [ 136.755701046, 37.076720645 ], [ 136.754991257, 37.076860215 ], [ 136.75497406, 37.076868779 ], [ 136.754952196, 37.076877012 ], [ 136.754911795, 37.076892038 ], [ 136.754878545, 37.076903259 ], [ 136.754849425, 37.076913963 ], [ 136.754821929, 37.076928079 ], [ 136.754806316, 37.076936793 ], [ 136.754797627, 37.076942152 ], [ 136.754791515, 37.07694733 ], [ 136.754785651, 37.076956393 ], [ 136.754776445, 37.076970032 ], [ 136.754767726, 37.076980906 ], [ 136.754754846, 37.076995874 ], [ 136.754738629, 37.0770082 ], [ 136.754724545, 37.077021136 ], [ 136.754713399, 37.077029632 ], [ 136.754705789, 37.077037049 ], [ 136.754698561, 37.077046774 ], [ 136.754691145, 37.077056012 ], [ 136.754679017, 37.077066991 ], [ 136.754667924, 37.077075964 ], [ 136.754654618, 37.077084542 ], [ 136.75464323, 37.077089855 ], [ 136.754626676, 37.07709589 ], [ 136.754606411, 37.07710165 ], [ 136.754567323, 37.077108903 ], [ 136.754537187, 37.077111926 ], [ 136.754508153, 37.077117259 ], [ 136.754471911, 37.07712436 ], [ 136.754422304, 37.077134046 ], [ 136.754405483, 37.077137547 ], [ 136.75437972, 37.077145046 ], [ 136.754360005, 37.077151222 ], [ 136.754343721, 37.077157239 ], [ 136.754323265, 37.077165161 ], [ 136.754301186, 37.077175628 ], [ 136.754271003, 37.077191663 ], [ 136.754254015, 37.077200868 ], [ 136.754230731, 37.077213926 ], [ 136.754201175, 37.077230458 ], [ 136.754179273, 37.077243719 ], [ 136.75413376, 37.077272145 ], [ 136.754082141, 37.077304624 ], [ 136.754052776, 37.077323022 ], [ 136.754042576, 37.077329214 ], [ 136.754034649, 37.077337098 ], [ 136.754029927, 37.077345147 ], [ 136.754033181, 37.077350592 ], [ 136.754040917, 37.077359325 ], [ 136.754053345, 37.07736336 ], [ 136.754089434, 37.077372118 ], [ 136.754117822, 37.077376128 ], [ 136.754136115, 37.077383464 ], [ 136.754156565, 37.077389131 ], [ 136.754175974, 37.077393831 ], [ 136.7541983, 37.077397892 ], [ 136.754215415, 37.077402583 ], [ 136.75423222, 37.077410554 ], [ 136.754260392, 37.077425331 ], [ 136.754276522, 37.077435345 ], [ 136.754291493, 37.077449617 ], [ 136.754302289, 37.077462352 ], [ 136.754317493, 37.077481275 ], [ 136.75433006, 37.077499288 ], [ 136.75433654, 37.077513504 ], [ 136.754341005, 37.077528055 ], [ 136.754343712, 37.077543303 ], [ 136.754343981, 37.077566292 ], [ 136.75434029, 37.077604155 ], [ 136.754335617, 37.077627938 ], [ 136.754328174, 37.077650414 ], [ 136.754307499, 37.077688299 ], [ 136.754282288, 37.07773727 ], [ 136.754256944, 37.077786015 ], [ 136.754246705, 37.077809599 ], [ 136.75423771, 37.077831925 ], [ 136.754235512, 37.077851491 ], [ 136.754243345, 37.077885897 ], [ 136.75425264, 37.077943234 ], [ 136.754258151, 37.07798057 ], [ 136.754259263, 37.078034805 ], [ 136.754264248, 37.078078042 ], [ 136.754273699, 37.07813555 ], [ 136.754282928, 37.078178054 ], [ 136.754288932, 37.078194989 ], [ 136.754289586, 37.078202958 ], [ 136.754289194, 37.078211058 ], [ 136.754278291, 37.078230512 ], [ 136.754249934, 37.078281049 ], [ 136.754221795, 37.078322413 ], [ 136.754196115, 37.078362434 ], [ 136.754185515, 37.078379907 ], [ 136.754171276, 37.078400827 ], [ 136.754152616, 37.078432204 ], [ 136.754143931, 37.078449205 ], [ 136.754135251, 37.07846946 ], [ 136.754136815, 37.07847553 ], [ 136.754142185, 37.07847873 ], [ 136.754160339, 37.078476477 ], [ 136.754172808, 37.078473087 ], [ 136.754195627, 37.07845663 ], [ 136.754276286, 37.078399489 ], [ 136.754303368, 37.078382966 ], [ 136.754332445, 37.078361611 ], [ 136.754398914, 37.078322272 ], [ 136.754404607, 37.078319895 ], [ 136.754426428, 37.078321575 ], [ 136.754482953, 37.07832834 ], [ 136.754531505, 37.078332916 ], [ 136.754571942, 37.0783405 ], [ 136.754593156, 37.078346233 ], [ 136.754635162, 37.078361266 ], [ 136.754679949, 37.07836307 ], [ 136.754720804, 37.078368268 ], [ 136.75475245, 37.078373073 ], [ 136.754797206, 37.078376571 ], [ 136.754844155, 37.07837586 ], [ 136.754865372, 37.078374852 ], [ 136.754876554, 37.078372332 ], [ 136.754882618, 37.078367928 ], [ 136.754884507, 37.078363745 ], [ 136.754886778, 37.078353479 ], [ 136.754888741, 37.078346169 ], [ 136.754891519, 37.078337789 ], [ 136.754892937, 37.078331431 ], [ 136.754891797, 37.078321767 ], [ 136.7548868, 37.078305718 ], [ 136.754880653, 37.078281897 ], [ 136.754878331, 37.078264074 ], [ 136.754876349, 37.078245881 ], [ 136.754875352, 37.078224367 ], [ 136.754874809, 37.078214462 ], [ 136.754876646, 37.078205529 ], [ 136.754880586, 37.078196594 ], [ 136.754886007, 37.078190386 ], [ 136.754895201, 37.078185146 ], [ 136.75490648, 37.078181355 ], [ 136.754918352, 37.07817817 ], [ 136.754934513, 37.078176154 ], [ 136.754953246, 37.078177093 ], [ 136.754971513, 37.078176652 ], [ 136.755000506, 37.078179068 ], [ 136.755039667, 37.078183467 ], [ 136.755058397, 37.078184973 ], [ 136.755079765, 37.078185282 ], [ 136.75508905, 37.078182043 ], [ 136.755098555, 37.078175443 ], [ 136.755102086, 37.078167228 ], [ 136.755103315, 37.078160528 ], [ 136.755101935, 37.078149457 ], [ 136.755100289, 37.07813971 ], [ 136.755092611, 37.078118262 ], [ 136.755091675, 37.078106283 ], [ 136.755090992, 37.07809726 ], [ 136.755087074, 37.078083504 ], [ 136.755078722, 37.07804933 ], [ 136.755075983, 37.078039976 ], [ 136.755072129, 37.078012324 ], [ 136.755072494, 37.077984191 ], [ 136.755074064, 37.077956071 ], [ 136.755075549, 37.077943388 ], [ 136.755082858, 37.077914514 ], [ 136.755087942, 37.077899924 ], [ 136.755097966, 37.077878511 ], [ 136.755109629, 37.077859943 ], [ 136.755120774, 37.077845446 ], [ 136.755138592, 37.077828214 ], [ 136.755167846, 37.0778074 ], [ 136.755186123, 37.077798911 ], [ 136.755202999, 37.077793779 ], [ 136.755215077, 37.07779183 ], [ 136.755231191, 37.077792417 ], [ 136.755243623, 37.077795741 ], [ 136.755259636, 37.077802483 ], [ 136.755285934, 37.077823003 ], [ 136.755294066, 37.077831097 ], [ 136.755304098, 37.077837521 ], [ 136.755309476, 37.077839215 ], [ 136.755318948, 37.077838852 ], [ 136.75532863, 37.077834884 ], [ 136.755337254, 37.077827173 ], [ 136.75536251, 37.077796766 ], [ 136.755350423, 37.07778773 ] ] ] } },
{ "type": "Feature", "properties": { "A54_001": "1", "A54_002": "17", "A54_003": "石川県", "A54_004": "17384", "A54_005": "志賀町", "A54_006": "志賀町001" }, "geometry": { "type": "Polygon", "coordinates": [ [ [ 136.757941334, 37.083353353 ], [ 136.757982947, 37.083345791 ], [ 136.758022951, 37.083331916 ], [ 136.758072336, 37.083311621 ], [ 136.758125088, 37.083290779 ], [ 136.758156943, 37.083284256 ], [ 136.758202127, 37.083277662 ], [ 136.75826718, 37.083272173 ], [ 136.758326191, 37.083269051 ], [ 136.758353422, 37.083269063 ], [ 136.758413187, 37.083278614 ], [ 136.758450257, 37.083283256 ], [ 136.758637153, 37.083257604 ], [ 136.759071775, 37.083249924 ], [ 136.759360503, 37.08326729 ], [ 136.759419816, 37.083230772 ], [ 136.759441241, 37.083216526 ], [ 136.759464794, 37.083205883 ], [ 136.759505766, 37.083191866 ], [ 136.759534829, 37.083183739 ], [ 136.75955571, 37.083176529 ], [ 136.759577377, 37.08316095 ], [ 136.759583192, 37.083154653 ], [ 136.759586961, 37.083141933 ], [ 136.759585445, 37.083130988 ], [ 136.759580611, 37.083122104 ], [ 136.759567758, 37.083106749 ], [ 136.759561117, 37.083099283 ], [ 136.759550405, 37.083091568 ], [ 136.75953667, 37.083085519 ], [ 136.759523436, 37.083080436 ], [ 136.759507901, 37.083074544 ], [ 136.759490596, 37.083065058 ], [ 136.759469968, 37.083048208 ], [ 136.759450905, 37.083035157 ], [ 136.759442376, 37.083027369 ], [ 136.759421598, 37.083006976 ], [ 136.759411969, 37.082996562 ], [ 136.759397652, 37.082987952 ], [ 136.759382088, 37.082979058 ], [ 136.759365232, 37.082969727 ], [ 136.759351777, 37.082959678 ], [ 136.759330008, 37.082941689 ], [ 136.759318972, 37.082933657 ], [ 136.759313209, 37.082926005 ], [ 136.759308593, 37.082914148 ], [ 136.75930317, 37.082903955 ], [ 136.759297423, 37.082897618 ], [ 136.759283219, 37.08287824 ], [ 136.759270432, 37.082863165 ], [ 136.759259481, 37.082854107 ], [ 136.759244773, 37.082844945 ], [ 136.759222798, 37.082829559 ], [ 136.75921038, 37.082821199 ], [ 136.759197953, 37.082812595 ], [ 136.759190516, 37.082804568 ], [ 136.75916926, 37.082785246 ], [ 136.75915515, 37.082771455 ], [ 136.759126114, 37.082745231 ], [ 136.758800171, 37.082645659 ], [ 136.758485432, 37.082459867 ], [ 136.758330798, 37.082260775 ], [ 136.758281609, 37.08223194 ], [ 136.758230536, 37.082193853 ], [ 136.758186151, 37.082158537 ], [ 136.758119953, 37.082102951 ], [ 136.758103647, 37.082085566 ], [ 136.758080776, 37.082057119 ], [ 136.7580542, 37.082014673 ], [ 136.758046104, 37.081987007 ], [ 136.758045401, 37.081952391 ], [ 136.75804267, 37.081918453 ], [ 136.758039081, 37.081904049 ], [ 136.758034614, 37.081891733 ], [ 136.758026376, 37.081882225 ], [ 136.758011258, 37.081871971 ], [ 136.75799163, 37.081855268 ], [ 136.757976063, 37.081851205 ], [ 136.757958618, 37.081851145 ], [ 136.757907473, 37.081857961 ], [ 136.757877194, 37.081860047 ], [ 136.757843013, 37.081857973 ], [ 136.757820808, 37.08185413 ], [ 136.757802519, 37.081847921 ], [ 136.757784769, 37.08183975 ], [ 136.757767756, 37.081824317 ], [ 136.757752838, 37.081799782 ], [ 136.75774304, 37.081772911 ], [ 136.757725655, 37.081744961 ], [ 136.757715176, 37.081731651 ], [ 136.757700232, 37.081720416 ], [ 136.757687169, 37.081717154 ], [ 136.757661175, 37.081717208 ], [ 136.757642822, 37.081722939 ], [ 136.757604645, 37.081735983 ], [ 136.757563398, 37.081748979 ], [ 136.757530392, 37.081756417 ], [ 136.757503856, 37.081758966 ], [ 136.757455216, 37.081753625 ], [ 136.757427169, 37.08174668 ], [ 136.757392406, 37.081729195 ], [ 136.757360609, 37.081706304 ], [ 136.757326039, 37.081682376 ], [ 136.75730081, 37.081671953 ], [ 136.757273271, 37.081666541 ], [ 136.757237579, 37.081662993 ], [ 136.757153596, 37.081658504 ], [ 136.757128288, 37.081652307 ], [ 136.757099972, 37.081638755 ], [ 136.757078097, 37.081619602 ], [ 136.757029335, 37.081576476 ], [ 136.757007251, 37.081562729 ], [ 136.756974049, 37.081550142 ], [ 136.756933187, 37.081541683 ], [ 136.756879806, 37.081533425 ], [ 136.756812817, 37.081514359 ], [ 136.756775511, 37.081497108 ], [ 136.756723318, 37.081468686 ], [ 136.756685531, 37.081442872 ], [ 136.756641705, 37.081395834 ], [ 136.756609276, 37.08135243 ], [ 136.756593167, 37.081325628 ], [ 136.756577796, 37.081295666 ], [ 136.75653228, 37.081228337 ], [ 136.756516686, 37.081210395 ], [ 136.756506334, 37.081188137 ], [ 136.756498957, 37.081164906 ], [ 136.75648496, 37.081140824 ], [ 136.756471989, 37.081122558 ], [ 136.756455823, 37.081110616 ], [ 136.756428214, 37.0810974 ], [ 136.756414503, 37.081093441 ], [ 136.756387008, 37.081096527 ], [ 136.756380052, 37.08109954 ], [ 136.756375836, 37.081105527 ], [ 136.756380155, 37.081113932 ], [ 136.756402024, 37.08113413 ], [ 136.756404194, 37.081150917 ], [ 136.756416146, 37.081168423 ], [ 136.7564396, 37.081190762 ], [ 136.756446889, 37.081199033 ], [ 136.756453033, 37.081223521 ], [ 136.75645995, 37.081250832 ], [ 136.75645969, 37.081267745 ], [ 136.7564577, 37.081280174 ], [ 136.756451673, 37.08130699 ], [ 136.756445222, 37.081329055 ], [ 136.756437447, 37.081346276 ], [ 136.756429118, 37.081357674 ], [ 136.756419144, 37.081369796 ], [ 136.756403845, 37.081378529 ], [ 136.756384974, 37.081384376 ], [ 136.75636408, 37.081389918 ], [ 136.756338248, 37.081393424 ], [ 136.756313317, 37.081396735 ], [ 136.756289787, 37.081396816 ], [ 136.756262091, 37.08139344 ], [ 136.75620802, 37.08138589 ], [ 136.756181558, 37.081383194 ], [ 136.756150676, 37.081382529 ], [ 136.756116142, 37.081383247 ], [ 136.756119787, 37.081385215 ], [ 136.756155211, 37.081415527 ], [ 136.756199668, 37.081451736 ], [ 136.756268408, 37.081507034 ], [ 136.756307501, 37.08153898 ], [ 136.756334202, 37.081559916 ], [ 136.756362656, 37.081583399 ], [ 136.75638052, 37.081597438 ], [ 136.756391134, 37.081606423 ], [ 136.756406489, 37.081608116 ], [ 136.756414548, 37.081611262 ], [ 136.756421792, 37.081617514 ], [ 136.756430007, 37.081629122 ], [ 136.756432663, 37.081639243 ], [ 136.756460983, 37.081656192 ], [ 136.756502643, 37.081681514 ], [ 136.756547017, 37.081708324 ], [ 136.756570043, 37.081722444 ], [ 136.756624704, 37.081714396 ], [ 136.756642954, 37.081713261 ], [ 136.7566733, 37.081715429 ], [ 136.756696501, 37.081719979 ], [ 136.756713608, 37.081726346 ], [ 136.756729641, 37.081733908 ], [ 136.75674922, 37.081744916 ], [ 136.75679439, 37.081770016 ], [ 136.756801821, 37.081774881 ], [ 136.756813811, 37.081781131 ], [ 136.756855146, 37.081801937 ], [ 136.756873236, 37.081811588 ], [ 136.756892728, 37.081826335 ], [ 136.756901378, 37.081834629 ], [ 136.756918714, 37.081850693 ], [ 136.756931087, 37.081867191 ], [ 136.756936911, 37.08187807 ], [ 136.756943907, 37.081901055 ], [ 136.756945532, 37.081914795 ], [ 136.756944485, 37.081937933 ], [ 136.756940442, 37.081966035 ], [ 136.756934298, 37.082002069 ], [ 136.756923174, 37.082033507 ], [ 136.756918694, 37.082055012 ], [ 136.756920886, 37.082067879 ], [ 136.756924982, 37.082077959 ], [ 136.756932105, 37.082083715 ], [ 136.756943942, 37.082086973 ], [ 136.756961386, 37.082087168 ], [ 136.756972558, 37.082086648 ], [ 136.756981793, 37.082088635 ], [ 136.756994153, 37.082092877 ], [ 136.757015239, 37.082097699 ], [ 136.757034769, 37.082099028 ], [ 136.757065567, 37.082100883 ], [ 136.757092236, 37.082104751 ], [ 136.757117309, 37.082112804 ], [ 136.757134857, 37.082118803 ], [ 136.757173141, 37.082136129 ], [ 136.757208789, 37.082156104 ], [ 136.757272415, 37.082196371 ], [ 136.757310305, 37.082221942 ], [ 136.757347312, 37.082250861 ], [ 136.757375217, 37.082271837 ], [ 136.757409287, 37.082301098 ], [ 136.757435871, 37.08232507 ], [ 136.757466339, 37.082354769 ], [ 136.757483078, 37.08237312 ], [ 136.757513666, 37.08240564 ], [ 136.757530165, 37.082422549 ], [ 136.757547275, 37.082441091 ], [ 136.757558456, 37.082457584 ], [ 136.757567866, 37.08247518 ], [ 136.757573763, 37.082489258 ], [ 136.757578574, 37.082504496 ], [ 136.757576518, 37.082516627 ], [ 136.757569253, 37.082533129 ], [ 136.757559719, 37.082540765 ], [ 136.757548219, 37.082547998 ], [ 136.757530332, 37.082554884 ], [ 136.757512956, 37.082560772 ], [ 136.757501048, 37.082568561 ], [ 136.757484444, 37.082579525 ], [ 136.757477524, 37.08258836 ], [ 136.757471533, 37.082602199 ], [ 136.757466462, 37.082616555 ], [ 136.757466371, 37.082633487 ], [ 136.757466091, 37.082652104 ], [ 136.757462014, 37.082663553 ], [ 136.757455858, 37.082672615 ], [ 136.757445513, 37.082682501 ], [ 136.757431719, 37.082685427 ], [ 136.757415841, 37.082686904 ], [ 136.75739962, 37.082685172 ], [ 136.757372005, 37.082679102 ], [ 136.757335099, 37.082664998 ], [ 136.757264714, 37.082643362 ], [ 136.757214506, 37.082630572 ], [ 136.757196906, 37.082627997 ], [ 136.757185089, 37.082627182 ], [ 136.757169196, 37.082629226 ], [ 136.757160994, 37.082631712 ], [ 136.757157651, 37.08263645 ], [ 136.757156573, 37.082642457 ], [ 136.757162974, 37.08265268 ], [ 136.757174517, 37.082679277 ], [ 136.757196389, 37.082724086 ], [ 136.757204127, 37.082742982 ], [ 136.757213952, 37.082771277 ], [ 136.757215973, 37.082792803 ], [ 136.757215532, 37.082818484 ], [ 136.757210723, 37.082834265 ], [ 136.757203121, 37.082852685 ], [ 136.757193086, 37.082869845 ], [ 136.757177788, 37.082891041 ], [ 136.757161258, 37.082915396 ], [ 136.757146291, 37.082939802 ], [ 136.757142083, 37.082952476 ], [ 136.75713993, 37.082963805 ], [ 136.757141481, 37.082972434 ], [ 136.757148311, 37.08298037 ], [ 136.757160993, 37.08299175 ], [ 136.757174706, 37.082999863 ], [ 136.757189214, 37.083008384 ], [ 136.757210785, 37.083019317 ], [ 136.757240821, 37.083033082 ], [ 136.757251852, 37.083039987 ], [ 136.757261776, 37.083047771 ], [ 136.75726832, 37.083054336 ], [ 136.757277365, 37.083066641 ], [ 136.757283288, 37.083075925 ], [ 136.757287976, 37.08309519 ], [ 136.75729153, 37.083109792 ], [ 136.757296948, 37.08313972 ], [ 136.757302598, 37.083160007 ], [ 136.757308197, 37.083166767 ], [ 136.757307782, 37.083170676 ], [ 136.757299791, 37.083173767 ], [ 136.757285335, 37.083174194 ], [ 136.757261704, 37.083174194 ], [ 136.757256286, 37.083171355 ], [ 136.757248132, 37.083167091 ], [ 136.75722653, 37.083161988 ], [ 136.757207541, 37.08315821 ], [ 136.757198468, 37.08315762 ], [ 136.757191982, 37.083158958 ], [ 136.757184787, 37.08316252 ], [ 136.757176173, 37.083170402 ], [ 136.75716803, 37.08318299 ], [ 136.757160161, 37.083196733 ], [ 136.757148236, 37.083209686 ], [ 136.757134936, 37.083217048 ], [ 136.7571164, 37.083225229 ], [ 136.757087409, 37.0832346 ], [ 136.757039728, 37.083245475 ], [ 136.757003936, 37.083251921 ], [ 136.756974987, 37.083253533 ], [ 136.756963023, 37.083254933 ], [ 136.756951443, 37.083258083 ], [ 136.756944445, 37.083260618 ], [ 136.756936148, 37.083266177 ], [ 136.756987518, 37.083278412 ], [ 136.757108598, 37.083306072 ], [ 136.757195513, 37.083326368 ], [ 136.757342902, 37.083360364 ], [ 136.757344767, 37.083360785 ], [ 136.757542073, 37.08335915 ], [ 136.757563456, 37.083352663 ], [ 136.757646783, 37.083343777 ], [ 136.757773577, 37.08333158 ], [ 136.757834445, 37.083336755 ], [ 136.75790164, 37.083351387 ], [ 136.757941334, 37.083353353 ] ] ] } },
{ "type": "Feature", "properties": { "A54_001": "1", "A54_002": "17", "A54_003": "石川県", "A54_004": "17384", "A54_005": "志賀町", "A54_006": "志賀町013" }, "geometry": { "type": "Polygon", "coordinates": [ [ [ 136.78433334, 37.032795502 ], [ 136.784350683, 37.032886127 ], [ 136.784379962, 37.033038847 ], [ 136.784416901, 37.033236097 ], [ 136.784443351, 37.033376091 ], [ 136.784488794, 37.033614489 ], [ 136.784498881, 37.033671512 ], [ 136.784503201, 37.033688785 ], [ 136.784538989, 37.033660985 ], [ 136.784548585, 37.033654444 ], [ 136.784552568, 37.033654822 ], [ 136.784561705, 37.033663822 ], [ 136.784571171, 37.03367193 ], [ 136.784586181, 37.033681282 ], [ 136.784598211, 37.033688806 ], [ 136.784618294, 37.033701073 ], [ 136.784630715, 37.033710149 ], [ 136.784642593, 37.033717496 ], [ 136.784656224, 37.033723655 ], [ 136.784696856, 37.033744359 ], [ 136.784712189, 37.033751665 ], [ 136.784740827, 37.033763643 ], [ 136.784777709, 37.033777944 ], [ 136.784799363, 37.03378909 ], [ 136.784807102, 37.033796208 ], [ 136.784816943, 37.033804204 ], [ 136.784834232, 37.033818955 ], [ 136.78485218, 37.033831909 ], [ 136.784866757, 37.033842452 ], [ 136.784884708, 37.033854546 ], [ 136.784897767, 37.033859584 ], [ 136.784923337, 37.0338691 ], [ 136.784946536, 37.033878028 ], [ 136.784963929, 37.033883196 ], [ 136.784987383, 37.033890259 ], [ 136.785000104, 37.033896142 ], [ 136.785009031, 37.03390151 ], [ 136.785018207, 37.033907647 ], [ 136.78433334, 37.032795502 ] ] ] } },
{ "type": "Feature", "properties": { "A54_001": "1", "A54_002": "17", "A54_003": "石川県", "A54_004": "17384", "A54_005": "志賀町", "A54_006": "志賀町012" }, "geometry": { "type": "Polygon", "coordinates": [ [ [ 136.785018207, 37.033907647 ], [ 136.78503366, 37.033917378 ], [ 136.785043367, 37.033925436 ], [ 136.785051518, 37.033932005 ], [ 136.785062742, 37.033942548 ], [ 136.785070392, 37.033951082 ], [ 136.785077958, 37.033964309 ], [ 136.785081743, 37.033971973 ], [ 136.785090681, 37.033984125 ], [ 136.785096265, 37.033994924 ], [ 136.785100922, 37.034011769 ], [ 136.785104723, 37.03402897 ], [ 136.785106127, 37.034061132 ], [ 136.785112393, 37.034090078 ], [ 136.785112216, 37.034105587 ], [ 136.785107577, 37.034125154 ], [ 136.785101726, 37.034141609 ], [ 136.785098503, 37.034148177 ], [ 136.785093889, 37.034152466 ], [ 136.785083331, 37.034160102 ], [ 136.785071301, 37.034168618 ], [ 136.785058538, 37.0341796 ], [ 136.785045361, 37.03419287 ], [ 136.78503621, 37.034205309 ], [ 136.785028575, 37.03421865 ], [ 136.785023001, 37.0342285 ], [ 136.785019977, 37.03423681 ], [ 136.785013972, 37.034241679 ], [ 136.785007055, 37.034246728 ], [ 136.784999519, 37.034250358 ], [ 136.784991131, 37.034253484 ], [ 136.78497723, 37.034256209 ], [ 136.784952142, 37.034261838 ], [ 136.784911127, 37.034272314 ], [ 136.784884419, 37.034280102 ], [ 136.784858719, 37.034282578 ], [ 136.784817267, 37.034283081 ], [ 136.784787871, 37.034278738 ], [ 136.784765986, 37.034272997 ], [ 136.784751597, 37.034266812 ], [ 136.784697607, 37.03423824 ], [ 136.784735695, 37.034363173 ], [ 136.784766275, 37.034463555 ], [ 136.784798893, 37.034571662 ], [ 136.784833522, 37.034683487 ], [ 136.784873169, 37.034812541 ], [ 136.785188117, 37.03476249 ], [ 136.785371147, 37.034733261 ], [ 136.785376279, 37.034681674 ], [ 136.78538539, 37.034638612 ], [ 136.785391283, 37.034619374 ], [ 136.78540518, 37.034591037 ], [ 136.785413642, 37.034580545 ], [ 136.785429819, 37.034568765 ], [ 136.785449597, 37.03455966 ], [ 136.785481961, 37.034546079 ], [ 136.785508317, 37.034537177 ], [ 136.785544118, 37.034527858 ], [ 136.785563636, 37.03452343 ], [ 136.785597532, 37.034520507 ], [ 136.785627846, 37.034519871 ], [ 136.785651052, 37.034523463 ], [ 136.785666347, 37.034527316 ], [ 136.785682141, 37.034535315 ], [ 136.785697124, 37.034547418 ], [ 136.7857209, 37.034571604 ], [ 136.785745033, 37.034596727 ], [ 136.7857586, 37.034605861 ], [ 136.785774886, 37.034613717 ], [ 136.785800429, 37.034619783 ], [ 136.785832751, 37.034620122 ], [ 136.785850359, 37.034618397 ], [ 136.78587427, 37.034610405 ], [ 136.785890291, 37.034607167 ], [ 136.785896883, 37.034598691 ], [ 136.785900759, 37.034578086 ], [ 136.785903982, 37.034539651 ], [ 136.785907378, 37.034514763 ], [ 136.785899299, 37.034495869 ], [ 136.785890897, 37.034481852 ], [ 136.785874429, 37.034468349 ], [ 136.785862051, 37.034454345 ], [ 136.78584693, 37.034439966 ], [ 136.785836042, 37.034427272 ], [ 136.785830172, 37.034423233 ], [ 136.785813277, 37.034415743 ], [ 136.785784866, 37.03440428 ], [ 136.78577308, 37.034403602 ], [ 136.78575197, 37.034404462 ], [ 136.785735576, 37.034402491 ], [ 136.785723735, 37.034399247 ], [ 136.785713895, 37.03439656 ], [ 136.785701562, 37.034391266 ], [ 136.785678206, 37.0343789 ], [ 136.785662227, 37.034373686 ], [ 136.785651705, 37.034370774 ], [ 136.785641605, 37.034365274 ], [ 136.78562292, 37.034353206 ], [ 136.785610144, 37.034345444 ], [ 136.785598727, 37.034342172 ], [ 136.785578186, 37.034337886 ], [ 136.78552642, 37.034324894 ], [ 136.7854968, 37.03431697 ], [ 136.785485087, 37.034312867 ], [ 136.785481011, 37.03430792 ], [ 136.785479961, 37.034299185 ], [ 136.785478614, 37.034293145 ], [ 136.785474033, 37.034285911 ], [ 136.78546877, 37.034274661 ], [ 136.785463543, 37.034253951 ], [ 136.785461197, 37.034238365 ], [ 136.785456794, 37.034233704 ], [ 136.785447401, 37.034222126 ], [ 136.785437204, 37.034209678 ], [ 136.785429463, 37.03419985 ], [ 136.785425152, 37.034193436 ], [ 136.78541562, 37.034186959 ], [ 136.785401128, 37.03417993 ], [ 136.785389577, 37.034173141 ], [ 136.785378929, 37.03416682 ], [ 136.785365313, 37.034157844 ], [ 136.78535853, 37.03415233 ], [ 136.785358204, 37.034149151 ], [ 136.785381192, 37.03413486 ], [ 136.785417185, 37.034114077 ], [ 136.785433683, 37.034103557 ], [ 136.785454384, 37.034083673 ], [ 136.785473777, 37.034061002 ], [ 136.785500797, 37.034047568 ], [ 136.785531373, 37.034030151 ], [ 136.785554406, 37.034014099 ], [ 136.785586038, 37.033987291 ], [ 136.785601575, 37.033973101 ], [ 136.785615346, 37.033957329 ], [ 136.785636147, 37.033919081 ], [ 136.785642782, 37.033904544 ], [ 136.785018207, 37.033907647 ] ] ] } },
{ "type": "Feature", "properties": { "A54_001": "1", "A54_002": "17", "A54_003": "石川県", "A54_004": "17384", "A54_005": "志賀町", "A54_006": "志賀町022" }, "geometry": { "type": "Polygon", "coordinates": [ [ [ 136.799257944, 37.006140157 ], [ 136.799220978, 37.006144515 ], [ 136.799182797, 37.006147979 ], [ 136.799143246, 37.006146319 ], [ 136.799104582, 37.006145928 ], [ 136.799077587, 37.00614235 ], [ 136.799013774, 37.006128307 ], [ 136.798984021, 37.00611871 ], [ 136.798963111, 37.006111412 ], [ 136.798952147, 37.006108303 ], [ 136.798940335, 37.0061003 ], [ 136.79891855, 37.006088554 ], [ 136.798906712, 37.006086121 ], [ 136.798887011, 37.006085202 ], [ 136.798877043, 37.006087247 ], [ 136.798869653, 37.006091777 ], [ 136.798864043, 37.006098549 ], [ 136.798856966, 37.006110247 ], [ 136.798855505, 37.0061243 ], [ 136.798861809, 37.006159361 ], [ 136.798865216, 37.006179379 ], [ 136.7988745, 37.006195302 ], [ 136.798899299, 37.006229517 ], [ 136.79891991, 37.006250746 ], [ 136.798948349, 37.006280191 ], [ 136.798961233, 37.00629301 ], [ 136.798976473, 37.00631282 ], [ 136.798984765, 37.006327861 ], [ 136.798991512, 37.006340905 ], [ 136.798996995, 37.00636025 ], [ 136.798999133, 37.006379011 ], [ 136.798997646, 37.006411089 ], [ 136.798995463, 37.006430171 ], [ 136.798988878, 37.00645738 ], [ 136.798980699, 37.006480836 ], [ 136.798973058, 37.006502055 ], [ 136.798965623, 37.006526073 ], [ 136.798962414, 37.006541018 ], [ 136.798962336, 37.006557231 ], [ 136.798965065, 37.006569915 ], [ 136.798968219, 37.006576554 ], [ 136.798974159, 37.00658384 ], [ 136.798981696, 37.006590413 ], [ 136.798993609, 37.006598117 ], [ 136.799024404, 37.006613742 ], [ 136.799057726, 37.006628142 ], [ 136.79910464, 37.00665053 ], [ 136.799122711, 37.006661608 ], [ 136.799146283, 37.006681823 ], [ 136.799159853, 37.00669704 ], [ 136.799178982, 37.006722203 ], [ 136.799190744, 37.006740689 ], [ 136.79920111, 37.006760748 ], [ 136.7992118, 37.006784542 ], [ 136.799223871, 37.006811136 ], [ 136.799231403, 37.006827712 ], [ 136.799238944, 37.006854092 ], [ 136.799243691, 37.006872661 ], [ 136.799245417, 37.006886483 ], [ 136.799249457, 37.006895282 ], [ 136.799256868, 37.006907365 ], [ 136.799269023, 37.0069252 ], [ 136.799281096, 37.006941052 ], [ 136.799296634, 37.006961147 ], [ 136.799302658, 37.006971628 ], [ 136.799308002, 37.006981269 ], [ 136.799311134, 37.006992734 ], [ 136.79931331, 37.007005295 ], [ 136.799313782, 37.007022513 ], [ 136.799310587, 37.007044866 ], [ 136.799307063, 37.00706183 ], [ 136.799304412, 37.007070157 ], [ 136.799300174, 37.007075803 ], [ 136.799296681, 37.007080401 ], [ 136.799296268, 37.007083275 ], [ 136.799298069, 37.007087434 ], [ 136.799303685, 37.007091148 ], [ 136.799313858, 37.007093873 ], [ 136.799336413, 37.007098489 ], [ 136.799346708, 37.007099388 ], [ 136.799375154, 37.007102129 ], [ 136.799401896, 37.007105195 ], [ 136.799407577, 37.00710713 ], [ 136.799417401, 37.007111405 ], [ 136.799435239, 37.007120068 ], [ 136.799457722, 37.007130771 ], [ 136.799487686, 37.00714983 ], [ 136.799503217, 37.007162657 ], [ 136.799522044, 37.007183848 ], [ 136.799535851, 37.007199956 ], [ 136.799555993, 37.007230895 ], [ 136.799567339, 37.007252974 ], [ 136.799579066, 37.007276077 ], [ 136.799587911, 37.007300624 ], [ 136.79960294, 37.007342322 ], [ 136.799610527, 37.007372854 ], [ 136.799616986, 37.007396595 ], [ 136.79962424, 37.007436627 ], [ 136.799623364, 37.007473943 ], [ 136.799620032, 37.007514605 ], [ 136.799609724, 37.007569704 ], [ 136.799604793, 37.007616651 ], [ 136.799595132, 37.007697538 ], [ 136.799589613, 37.007747718 ], [ 136.799582151, 37.007833284 ], [ 136.799578016, 37.007907534 ], [ 136.79957654, 37.007954117 ], [ 136.799574173, 37.007975075 ], [ 136.799569375, 37.007994488 ], [ 136.79956134, 37.008029947 ], [ 136.79955635, 37.008052994 ], [ 136.799546636, 37.00807966 ], [ 136.79953869, 37.00810358 ], [ 136.799530323, 37.008140174 ], [ 136.799522341, 37.008169221 ], [ 136.799515403, 37.008190839 ], [ 136.799509241, 37.00820903 ], [ 136.799504427, 37.008224333 ], [ 136.799500382, 37.008237053 ], [ 136.799497563, 37.008243517 ], [ 136.799490796, 37.008254358 ], [ 136.799480516, 37.008273073 ], [ 136.799472242, 37.008289614 ], [ 136.79945958, 37.008311621 ], [ 136.799446631, 37.008333065 ], [ 136.799439808, 37.008343667 ], [ 136.799430503, 37.008354096 ], [ 136.799418791, 37.008366599 ], [ 136.799409194, 37.008374316 ], [ 136.799395818, 37.008384758 ], [ 136.799384638, 37.008390154 ], [ 136.79937406, 37.008394714 ], [ 136.799356301, 37.008401607 ], [ 136.799338347, 37.008407572 ], [ 136.799304341, 37.00841745 ], [ 136.799281635, 37.008422041 ], [ 136.799244641, 37.008431137 ], [ 136.799225887, 37.008437788 ], [ 136.799212805, 37.008445335 ], [ 136.799202908, 37.008454564 ], [ 136.799197802, 37.008460299 ], [ 136.799190987, 37.008469303 ], [ 136.799180738, 37.0084882 ], [ 136.799175899, 37.008496651 ], [ 136.799170914, 37.008503801 ], [ 136.799166224, 37.008508853 ], [ 136.799159695, 37.008512292 ], [ 136.799150858, 37.008515688 ], [ 136.799133647, 37.008519497 ], [ 136.799113658, 37.008522584 ], [ 136.79909112, 37.008527101 ], [ 136.799054014, 37.008533561 ], [ 136.799002515, 37.008537734 ], [ 136.798966207, 37.008537068 ], [ 136.798920368, 37.008532927 ], [ 136.7988375, 37.008519488 ], [ 136.798771007, 37.008509577 ], [ 136.798702149, 37.008502971 ], [ 136.798653211, 37.008498268 ], [ 136.798590486, 37.008495418 ], [ 136.798538952, 37.008491589 ], [ 136.798503432, 37.00848505 ], [ 136.798478034, 37.008477738 ], [ 136.798453166, 37.008466759 ], [ 136.798396128, 37.008438759 ], [ 136.798379784, 37.008431021 ], [ 136.79831875, 37.008402755 ], [ 136.798294392, 37.008394433 ], [ 136.798284865, 37.008391428 ], [ 136.798276521, 37.00838701 ], [ 136.798270355, 37.008385153 ], [ 136.798263081, 37.008386089 ], [ 136.798254208, 37.008388108 ], [ 136.798239959, 37.008389901 ], [ 136.798233973, 37.008392199 ], [ 136.79822189, 37.00839903 ], [ 136.798211253, 37.008402985 ], [ 136.798185927, 37.008409456 ], [ 136.798146596, 37.008420061 ], [ 136.79812836, 37.008426061 ], [ 136.798094875, 37.008431128 ], [ 136.79806489, 37.008433132 ], [ 136.798001016, 37.008434214 ], [ 136.797924556, 37.008431408 ], [ 136.797818496, 37.00842027 ], [ 136.797710359, 37.008409049 ], [ 136.797628102, 37.008398842 ], [ 136.797590935, 37.00839041 ], [ 136.797559267, 37.008380038 ], [ 136.797530656, 37.008368208 ], [ 136.797479336, 37.00833032 ], [ 136.797459611, 37.008309957 ], [ 136.79744022, 37.00828348 ], [ 136.797433911, 37.008263893 ], [ 136.797428224, 37.008221804 ], [ 136.797429321, 37.00818414 ], [ 136.797432421, 37.008134389 ], [ 136.797435327, 37.008101133 ], [ 136.797442523, 37.008063487 ], [ 136.797441884, 37.008038078 ], [ 136.797443152, 37.008028053 ], [ 136.79745026, 37.008008752 ], [ 136.797475862, 37.007905703 ], [ 136.797488657, 37.007869206 ], [ 136.797526172, 37.007805483 ], [ 136.797538845, 37.007782301 ], [ 136.797541084, 37.007760784 ], [ 136.797542792, 37.007722876 ], [ 136.79754627, 37.007681688 ], [ 136.797565008, 37.007590756 ], [ 136.797582263, 37.007502938 ], [ 136.797587738, 37.007454846 ], [ 136.797591746, 37.007382702 ], [ 136.797595768, 37.007356106 ], [ 136.797599166, 37.007338226 ], [ 136.797606361, 37.007327905 ], [ 136.797620698, 37.007318166 ], [ 136.797656066, 37.007299914 ], [ 136.797676494, 37.007291871 ], [ 136.797722722, 37.00728237 ], [ 136.797765987, 37.007272861 ], [ 136.797803463, 37.007265673 ], [ 136.797828082, 37.007261037 ], [ 136.797837771, 37.007255077 ], [ 136.797856219, 37.007240904 ], [ 136.797877944, 37.007216931 ], [ 136.797899498, 37.007196362 ], [ 136.797918498, 37.007179808 ], [ 136.797930761, 37.007170487 ], [ 136.79794844, 37.00715952 ], [ 136.797964749, 37.007153148 ], [ 136.797984475, 37.00714545 ], [ 136.798016987, 37.007132865 ], [ 136.798033937, 37.007122803 ], [ 136.798047132, 37.007112301 ], [ 136.798058641, 37.007100676 ], [ 136.798063613, 37.007089912 ], [ 136.798065091, 37.007072725 ], [ 136.798062083, 37.00704602 ], [ 136.798064785, 37.007027718 ], [ 136.798069118, 37.007005482 ], [ 136.798075643, 37.006989709 ], [ 136.798086182, 37.00697241 ], [ 136.798100087, 37.0069576 ], [ 136.798135596, 37.006930176 ], [ 136.798164807, 37.006907903 ], [ 136.79818369, 37.006894963 ], [ 136.798201542, 37.006879085 ], [ 136.798215952, 37.006863096 ], [ 136.798223666, 37.006853456 ], [ 136.798227713, 37.006842246 ], [ 136.798230247, 37.006833069 ], [ 136.798231082, 37.006825085 ], [ 136.798229235, 37.006815734 ], [ 136.798223315, 37.006804454 ], [ 136.798200077, 37.006744244 ], [ 136.798192379, 37.006729764 ], [ 136.798143699, 37.006758526 ], [ 136.798070199, 37.006706605 ], [ 136.798045638, 37.006688858 ], [ 136.798045147, 37.006707945 ], [ 136.798042124, 37.006715284 ], [ 136.798034098, 37.006730239 ], [ 136.798025326, 37.006742372 ], [ 136.798012547, 37.006754213 ], [ 136.79800237, 37.006760815 ], [ 136.797991282, 37.006767889 ], [ 136.797981066, 37.006772629 ], [ 136.797961366, 37.006783818 ], [ 136.797947645, 37.006792041 ], [ 136.797939973, 37.006796259 ], [ 136.797923982, 37.006803012 ], [ 136.797903986, 37.006812098 ], [ 136.797877279, 37.006828505 ], [ 136.797854476, 37.0068458 ], [ 136.797830052, 37.006865266 ], [ 136.797796634, 37.00689185 ], [ 136.79776668, 37.006915021 ], [ 136.79774588, 37.006931444 ], [ 136.797733951, 37.0069388 ], [ 136.797716067, 37.006951297 ], [ 136.797694791, 37.006964888 ], [ 136.797676376, 37.00697474 ], [ 136.797649523, 37.006988154 ], [ 136.797630089, 37.00699644 ], [ 136.797603496, 37.007007599 ], [ 136.797595199, 37.007014182 ], [ 136.797582071, 37.007025385 ], [ 136.797574076, 37.007031248 ], [ 136.79756374, 37.007040218 ], [ 136.797552487, 37.007049174 ], [ 136.797542175, 37.007056875 ], [ 136.797533718, 37.00706406 ], [ 136.797522223, 37.007076145 ], [ 136.797505524, 37.007094154 ], [ 136.797499408, 37.007099657 ], [ 136.797495346, 37.007102739 ], [ 136.79748857, 37.00710354 ], [ 136.797483674, 37.007101947 ], [ 136.79747869, 37.007097003 ], [ 136.797469432, 37.007086026 ], [ 136.79745528, 37.007063774 ], [ 136.797447879, 37.007049933 ], [ 136.797441708, 37.007036242 ], [ 136.797434291, 37.007025596 ], [ 136.797429383, 37.00701315 ], [ 136.797424123, 37.007003478 ], [ 136.797417289, 37.006990002 ], [ 136.797407202, 37.006975275 ], [ 136.797404645, 37.006968797 ], [ 136.79740144, 37.006954491 ], [ 136.797399048, 37.006934356 ], [ 136.797395873, 37.006921598 ], [ 136.797393218, 37.006914641 ], [ 136.797389166, 37.006908239 ], [ 136.797386203, 37.006903118 ], [ 136.797384448, 37.006895365 ], [ 136.797381902, 37.006856314 ], [ 136.797378743, 37.006824716 ], [ 136.797380564, 37.006808648 ], [ 136.797383475, 37.006756134 ], [ 136.797387359, 37.006709743 ], [ 136.797386005, 37.006663265 ], [ 136.797384428, 37.006606391 ], [ 136.7973796, 37.006537225 ], [ 136.797378161, 37.006496923 ], [ 136.797378431, 37.006477217 ], [ 136.797380115, 37.006455435 ], [ 136.797379993, 37.006444812 ], [ 136.797377239, 37.006437536 ], [ 136.797378491, 37.006430971 ], [ 136.797382534, 37.006423855 ], [ 136.797402467, 37.006401047 ], [ 136.797422448, 37.006377488 ], [ 136.797452257, 37.0063446 ], [ 136.797368801, 37.006332804 ], [ 136.797335945, 37.00632859 ], [ 136.797327242, 37.006328016 ], [ 136.797339203, 37.006337455 ], [ 136.797344298, 37.006342856 ], [ 136.797345982, 37.006347699 ], [ 136.797344337, 37.006352655 ], [ 136.797338462, 37.006373163 ], [ 136.797335202, 37.006381874 ], [ 136.797335277, 37.006386986 ], [ 136.797338645, 37.00639075 ], [ 136.797342308, 37.006395154 ], [ 136.79734379, 37.006397635 ], [ 136.797343557, 37.006404503 ], [ 136.797340238, 37.006411441 ], [ 136.797336323, 37.006417898 ], [ 136.797331239, 37.00642539 ], [ 136.797325635, 37.006431043 ], [ 136.797316442, 37.006437484 ], [ 136.797310641, 37.006442657 ], [ 136.797305033, 37.006449269 ], [ 136.797295188, 37.00646556 ], [ 136.797288069, 37.006478636 ], [ 136.79728316, 37.006488354 ], [ 136.797276573, 37.006497278 ], [ 136.797270236, 37.006504311 ], [ 136.797263729, 37.006511853 ], [ 136.797254998, 37.006522156 ], [ 136.797248823, 37.006530624 ], [ 136.797240258, 37.006545465 ], [ 136.797231377, 37.006561699 ], [ 136.797224073, 37.00657765 ], [ 136.797207489, 37.006614452 ], [ 136.79719924, 37.006632436 ], [ 136.797190906, 37.006649434 ], [ 136.797188229, 37.006661794 ], [ 136.79718533, 37.00666915 ], [ 136.797176551, 37.00668432 ], [ 136.797172695, 37.006692784 ], [ 136.797168669, 37.006698352 ], [ 136.797163346, 37.006702978 ], [ 136.797158346, 37.006704747 ], [ 136.797154421, 37.006704552 ], [ 136.797147205, 37.006702339 ], [ 136.797135479, 37.006697852 ], [ 136.79712508, 37.006694899 ], [ 136.797115503, 37.006693283 ], [ 136.797100479, 37.006693556 ], [ 136.797076653, 37.00669513 ], [ 136.797047477, 37.006692282 ], [ 136.797031151, 37.006691033 ], [ 136.79701562, 37.006690186 ], [ 136.796997572, 37.006687344 ], [ 136.796981748, 37.006685378 ], [ 136.796965943, 37.00668195 ], [ 136.796957761, 37.006679597 ], [ 136.796950229, 37.006677857 ], [ 136.796944665, 37.006675329 ], [ 136.796939951, 37.006673352 ], [ 136.796936766, 37.006673023 ], [ 136.796934313, 37.00667443 ], [ 136.796934293, 37.006678446 ], [ 136.796935522, 37.006683196 ], [ 136.796939933, 37.00668896 ], [ 136.796943552, 37.006693673 ], [ 136.796950079, 37.006702043 ], [ 136.796957155, 37.006709642 ], [ 136.796968839, 37.006717756 ], [ 136.796983459, 37.006729628 ], [ 136.797000024, 37.006740222 ], [ 136.797020879, 37.006754184 ], [ 136.79703307, 37.006763304 ], [ 136.797047835, 37.006773026 ], [ 136.797063116, 37.006778641 ], [ 136.797098841, 37.006791109 ], [ 136.797118506, 37.006796781 ], [ 136.797136695, 37.006804026 ], [ 136.797149482, 37.006812313 ], [ 136.797156628, 37.006817287 ], [ 136.797171964, 37.006837781 ], [ 136.797179092, 37.00684822 ], [ 136.797184349, 37.00685915 ], [ 136.797187144, 37.006869473 ], [ 136.7971967, 37.006883471 ], [ 136.797203692, 37.006896774 ], [ 136.797211411, 37.006911936 ], [ 136.797217995, 37.006927246 ], [ 136.797230628, 37.006953778 ], [ 136.797236291, 37.006971321 ], [ 136.797241188, 37.006990979 ], [ 136.797243296, 37.007008077 ], [ 136.797249889, 37.007048863 ], [ 136.797253125, 37.007062199 ], [ 136.797264938, 37.007092339 ], [ 136.797269082, 37.007100259 ], [ 136.797274421, 37.007108103 ], [ 136.797278276, 37.007114185 ], [ 136.797281225, 37.007122181 ], [ 136.797332654, 37.007182842 ], [ 136.797361734, 37.00722378 ], [ 136.797370633, 37.007239462 ], [ 136.797371822, 37.007245755 ], [ 136.797372651, 37.007254563 ], [ 136.797371565, 37.007262806 ], [ 136.797373443, 37.007270919 ], [ 136.797374613, 37.007281265 ], [ 136.797374881, 37.007297951 ], [ 136.797378484, 37.007309703 ], [ 136.797377803, 37.007324377 ], [ 136.797377441, 37.007336116 ], [ 136.797380426, 37.007349578 ], [ 136.797386503, 37.007385675 ], [ 136.797396671, 37.007427289 ], [ 136.797400767, 37.007463257 ], [ 136.79740023, 37.007511197 ], [ 136.797405941, 37.007548725 ], [ 136.797406282, 37.007550403 ], [ 136.797412355, 37.007591794 ], [ 136.79741447, 37.007600501 ], [ 136.797413353, 37.007615174 ], [ 136.797410101, 37.007638925 ], [ 136.797407853, 37.007663752 ], [ 136.797403746, 37.007704597 ], [ 136.797404201, 37.00773664 ], [ 136.797399969, 37.007784094 ], [ 136.797395805, 37.007825418 ], [ 136.797385219, 37.007870147 ], [ 136.797379777, 37.007909763 ], [ 136.797373674, 37.007937628 ], [ 136.797363765, 37.007968487 ], [ 136.797356031, 37.007991088 ], [ 136.797347394, 37.008011327 ], [ 136.797340195, 37.008022487 ], [ 136.797335291, 37.008027503 ], [ 136.797326541, 37.008035023 ], [ 136.797311669, 37.008047137 ], [ 136.797297025, 37.008064065 ], [ 136.797279487, 37.008086933 ], [ 136.797261243, 37.008111615 ], [ 136.797244759, 37.008132809 ], [ 136.797231493, 37.008147797 ], [ 136.79721227, 37.008158639 ], [ 136.797190085, 37.008169472 ], [ 136.797162433, 37.008175658 ], [ 136.797129166, 37.008180656 ], [ 136.797082323, 37.008182048 ], [ 136.797035066, 37.008179184 ], [ 136.796985405, 37.008173159 ], [ 136.796937955, 37.008162668 ], [ 136.796899752, 37.008152372 ], [ 136.796854945, 37.008138273 ], [ 136.796825021, 37.008127697 ], [ 136.796763656, 37.008107283 ], [ 136.796670237, 37.008068605 ], [ 136.796603229, 37.008041639 ], [ 136.796570876, 37.008028959 ], [ 136.796546074, 37.00801784 ], [ 136.79651878, 37.008003917 ], [ 136.79646914, 37.007975739 ], [ 136.796418383, 37.007951675 ], [ 136.796326727, 37.007903842 ], [ 136.796257778, 37.00786823 ], [ 136.796176312, 37.007819834 ], [ 136.796065233, 37.007755193 ], [ 136.795976766, 37.007702627 ], [ 136.795892832, 37.007653722 ], [ 136.79586016, 37.00763489 ], [ 136.795824759, 37.007611689 ], [ 136.795808094, 37.007598219 ], [ 136.795785351, 37.007580537 ], [ 136.79577304, 37.00756764 ], [ 136.795763676, 37.007553511 ], [ 136.795759736, 37.007539522 ], [ 136.795760893, 37.007516603 ], [ 136.795765013, 37.007490842 ], [ 136.795772103, 37.00747521 ], [ 136.795786339, 37.007453046 ], [ 136.795800586, 37.007428676 ], [ 136.795809726, 37.007412631 ], [ 136.795816604, 37.00739588 ], [ 136.795823962, 37.007378868 ], [ 136.795829397, 37.007372176 ], [ 136.795837612, 37.00736731 ], [ 136.795843402, 37.007359221 ], [ 136.795851088, 37.007355611 ], [ 136.795872197, 37.007350925 ], [ 136.79589712, 37.007350444 ], [ 136.795903593, 37.007345433 ], [ 136.795915482, 37.007337363 ], [ 136.795926413, 37.007324914 ], [ 136.795927334, 37.007314714 ], [ 136.795924083, 37.007302264 ], [ 136.795919771, 37.007293026 ], [ 136.795912824, 37.007288252 ], [ 136.795907628, 37.007286953 ], [ 136.795903541, 37.007287739 ], [ 136.795900037, 37.007291641 ], [ 136.795892851, 37.007294973 ], [ 136.795885177, 37.007296147 ], [ 136.795871933, 37.007296106 ], [ 136.795860851, 37.007299206 ], [ 136.795847078, 37.007305553 ], [ 136.795826099, 37.007319304 ], [ 136.795808501, 37.007336728 ], [ 136.795793805, 37.007348563 ], [ 136.795769339, 37.007362603 ], [ 136.795744928, 37.007378136 ], [ 136.795728301, 37.007388392 ], [ 136.795712922, 37.007390423 ], [ 136.795704551, 37.007391655 ], [ 136.795692158, 37.007395669 ], [ 136.795679418, 37.007399543 ], [ 136.795653468, 37.007396107 ], [ 136.795594766, 37.007388254 ], [ 136.795567794, 37.007379923 ], [ 136.79551792, 37.007370822 ], [ 136.795448261, 37.007360681 ], [ 136.795342946, 37.007338294 ], [ 136.795269228, 37.007318486 ], [ 136.795243128, 37.007310019 ], [ 136.795176414, 37.00729233 ], [ 136.795092446, 37.007265877 ], [ 136.79501931, 37.007233729 ], [ 136.794969657, 37.007199478 ], [ 136.794923181, 37.007161428 ], [ 136.794900147, 37.007138521 ], [ 136.794886637, 37.007121567 ], [ 136.794871562, 37.007103629 ], [ 136.794829688, 37.007055609 ], [ 136.794794347, 37.007012141 ], [ 136.794789705, 37.00700422 ], [ 136.79478587, 37.006994144 ], [ 136.794778169, 37.006978953 ], [ 136.79476829, 37.00696788 ], [ 136.794743967, 37.006948881 ], [ 136.794713226, 37.006921629 ], [ 136.794692737, 37.00690619 ], [ 136.794645767, 37.006896978 ], [ 136.794623658, 37.006892156 ], [ 136.794559028, 37.006878903 ], [ 136.794543264, 37.006878656 ], [ 136.794510126, 37.006884003 ], [ 136.794469186, 37.006886939 ], [ 136.794426501, 37.006884604 ], [ 136.794378044, 37.006877603 ], [ 136.794332174, 37.006871726 ], [ 136.794270011, 37.006861258 ], [ 136.79418279, 37.006841432 ], [ 136.794113746, 37.006815181 ], [ 136.794069643, 37.006791072 ], [ 136.79405915, 37.006785077 ], [ 136.794057652, 37.006779691 ], [ 136.794061345, 37.006772854 ], [ 136.794034834, 37.006768368 ], [ 136.793983194, 37.006757627 ], [ 136.793839081, 37.006726818 ], [ 136.793766175, 37.006712644 ], [ 136.793659611, 37.006709861 ], [ 136.793472353, 37.006703004 ], [ 136.793254773, 37.006696553 ], [ 136.793069529, 37.006690015 ], [ 136.792996722, 37.006682029 ], [ 136.792969592, 37.006679497 ], [ 136.792921373, 37.006686439 ], [ 136.792859389, 37.006701653 ], [ 136.792808301, 37.006714334 ], [ 136.792757931, 37.006724448 ], [ 136.792712141, 37.006733354 ], [ 136.792674005, 37.006736414 ], [ 136.792635252, 37.006736735 ], [ 136.792606595, 37.006734688 ], [ 136.792595626, 37.006732696 ], [ 136.792565318, 37.006818454 ], [ 136.792665884, 37.006836788 ], [ 136.792730239, 37.006835523 ], [ 136.79275039, 37.006830939 ], [ 136.792787602, 37.006829833 ], [ 136.792888926, 37.00681884 ], [ 136.792910235, 37.006826978 ], [ 136.792935739, 37.006850051 ], [ 136.792946015, 37.006869162 ], [ 136.792944132, 37.006879918 ], [ 136.792936421, 37.00689775 ], [ 136.79292382, 37.006917522 ], [ 136.792901441, 37.006945236 ], [ 136.792881556, 37.006957648 ], [ 136.792849793, 37.006967088 ], [ 136.792813766, 37.00697529 ], [ 136.792774512, 37.006984086 ], [ 136.792764765, 37.006981679 ], [ 136.792750169, 37.006972827 ], [ 136.79273537, 37.006969985 ], [ 136.792697321, 37.00696182 ], [ 136.79267278, 37.006955453 ], [ 136.792651687, 37.00694334 ], [ 136.79263794, 37.006939244 ], [ 136.792619319, 37.006934013 ], [ 136.792576146, 37.006926732 ], [ 136.79255544, 37.006920097 ], [ 136.792530527, 37.006918621 ], [ 136.792466561, 37.007100447 ], [ 136.792533887, 37.007114187 ], [ 136.792571995, 37.007120617 ], [ 136.792634667, 37.007127838 ], [ 136.792672119, 37.007131086 ], [ 136.792744276, 37.007129356 ], [ 136.79280519, 37.007123503 ], [ 136.792873381, 37.007113235 ], [ 136.793025745, 37.007089778 ], [ 136.793102977, 37.007077367 ], [ 136.793123019, 37.007072159 ], [ 136.793159381, 37.007069238 ], [ 136.793291417, 37.007064496 ], [ 136.793353626, 37.00706567 ], [ 136.793432317, 37.00707094 ], [ 136.793476206, 37.00707639 ], [ 136.793563953, 37.007087358 ], [ 136.793765896, 37.007123254 ], [ 136.793839883, 37.00713928 ], [ 136.793989419, 37.007163127 ], [ 136.794135611, 37.007185503 ], [ 136.794220734, 37.007200542 ], [ 136.794269652, 37.007211318 ], [ 136.794310451, 37.007225257 ], [ 136.794355326, 37.007243009 ], [ 136.794406825, 37.007269544 ], [ 136.794436724, 37.007285052 ], [ 136.794529552, 37.007342517 ], [ 136.794549864, 37.007354903 ], [ 136.794582781, 37.007371754 ], [ 136.794609506, 37.007384537 ], [ 136.794632843, 37.00739582 ], [ 136.794668959, 37.007412136 ], [ 136.794698496, 37.007430398 ], [ 136.794711022, 37.007434771 ], [ 136.794722663, 37.007442075 ], [ 136.794778461, 37.007468094 ], [ 136.794811325, 37.007483153 ], [ 136.794834438, 37.007496643 ], [ 136.794855624, 37.007511944 ], [ 136.794869336, 37.007523448 ], [ 136.794874188, 37.007529054 ], [ 136.794875738, 37.007532833 ], [ 136.794875553, 37.007535069 ], [ 136.794873983, 37.007535343 ], [ 136.794869978, 37.007534772 ], [ 136.794861454, 37.00753153 ], [ 136.794831165, 37.007524447 ], [ 136.794799467, 37.007520434 ], [ 136.794783976, 37.007516612 ], [ 136.794767076, 37.007508836 ], [ 136.794755972, 37.007498878 ], [ 136.794747326, 37.007485014 ], [ 136.794737269, 37.007474499 ], [ 136.794725984, 37.007465798 ], [ 136.794714732, 37.007460517 ], [ 136.794686314, 37.00744996 ], [ 136.794672082, 37.007448398 ], [ 136.79464857, 37.007445269 ], [ 136.794627265, 37.007442736 ], [ 136.794615519, 37.007441821 ], [ 136.794609942, 37.007441803 ], [ 136.79460645, 37.00744323 ], [ 136.794605245, 37.007445303 ], [ 136.794605638, 37.007446263 ], [ 136.794607021, 37.007448583 ], [ 136.794609878, 37.007454982 ], [ 136.794610956, 37.007458579 ], [ 136.794611142, 37.007461215 ], [ 136.79460705, 37.007463119 ], [ 136.794598484, 37.007463412 ], [ 136.794579261, 37.007460222 ], [ 136.79457149, 37.007460996 ], [ 136.794564602, 37.007464489 ], [ 136.794557084, 37.007474608 ], [ 136.79455447, 37.007479572 ], [ 136.794607592, 37.007503849 ], [ 136.794643163, 37.007520333 ], [ 136.79469245, 37.0075435 ], [ 136.794699124, 37.007522675 ], [ 136.794699346, 37.007517884 ], [ 136.794697967, 37.007514924 ], [ 136.794695091, 37.007512439 ], [ 136.794693607, 37.007510358 ], [ 136.794695413, 37.007507648 ], [ 136.794702094, 37.007505832 ], [ 136.794716128, 37.007507314 ], [ 136.794742148, 37.007526403 ], [ 136.794779038, 37.007558146 ], [ 136.794797919, 37.007575342 ], [ 136.794811714, 37.00758505 ], [ 136.79482899, 37.007595726 ], [ 136.794847118, 37.007610294 ], [ 136.794856142, 37.00761807 ], [ 136.794859912, 37.007621037 ], [ 136.794874518, 37.007627791 ], [ 136.794938608, 37.007657621 ], [ 136.795016086, 37.007693091 ], [ 136.795111567, 37.007739141 ], [ 136.795185604, 37.007780744 ], [ 136.795248807, 37.007816606 ], [ 136.795303087, 37.007846437 ], [ 136.795332877, 37.007864022 ], [ 136.795400105, 37.007854245 ], [ 136.795402814, 37.00785026 ], [ 136.795399355, 37.007844738 ], [ 136.795393907, 37.007838811 ], [ 136.795378562, 37.007826518 ], [ 136.795362741, 37.007818641 ], [ 136.795314211, 37.007793104 ], [ 136.795272755, 37.007775319 ], [ 136.795268782, 37.007768039 ], [ 136.79526324, 37.007760893 ], [ 136.795253521, 37.007752616 ], [ 136.795257366, 37.007750392 ], [ 136.795295678, 37.007756243 ], [ 136.795339515, 37.00776363 ], [ 136.795367048, 37.007763996 ], [ 136.795420107, 37.00778331 ], [ 136.795512127, 37.007818642 ], [ 136.795552267, 37.007833172 ], [ 136.795576801, 37.007846188 ], [ 136.79566095, 37.007885198 ], [ 136.795689366, 37.007898705 ], [ 136.79578921, 37.007958222 ], [ 136.795835434, 37.007986985 ], [ 136.795876799, 37.008012462 ], [ 136.795921592, 37.00804102 ], [ 136.795974452, 37.008077101 ], [ 136.796108414, 37.008166773 ], [ 136.79621457, 37.008232827 ], [ 136.79634668, 37.008315921 ], [ 136.796434505, 37.008375882 ], [ 136.796481384, 37.008403068 ], [ 136.796503613, 37.008419071 ], [ 136.796528097, 37.008437458 ], [ 136.796561421, 37.008459865 ], [ 136.796615383, 37.008492025 ], [ 136.796645093, 37.008514606 ], [ 136.796654409, 37.00852398 ], [ 136.79666165, 37.008529912 ], [ 136.796663735, 37.008531197 ], [ 136.796662018, 37.008536063 ], [ 136.796657238, 37.008536128 ], [ 136.796634455, 37.008531585 ], [ 136.796595717, 37.008527476 ], [ 136.796576203, 37.008525398 ], [ 136.796568531, 37.008526213 ], [ 136.79656747, 37.008529284 ], [ 136.796565891, 37.008531516 ], [ 136.796559966, 37.008531497 ], [ 136.796547609, 37.008527964 ], [ 136.796531769, 37.008524002 ], [ 136.796517844, 37.008520604 ], [ 136.796509996, 37.008521697 ], [ 136.796510497, 37.008526171 ], [ 136.796540552, 37.008545833 ], [ 136.796555119, 37.008560694 ], [ 136.796572854, 37.008568996 ], [ 136.796604676, 37.008582308 ], [ 136.79662336, 37.008590114 ], [ 136.796624139, 37.00859379 ], [ 136.796618335, 37.008599523 ], [ 136.796699463, 37.008647702 ], [ 136.796768656, 37.008688975 ], [ 136.796818226, 37.008693727 ], [ 136.79691802, 37.008703332 ], [ 136.797153055, 37.008725054 ], [ 136.797222572, 37.008728939 ], [ 136.797265262, 37.00873054 ], [ 136.797337147, 37.008749108 ], [ 136.797508808, 37.008777924 ], [ 136.797721749, 37.008811974 ], [ 136.797815676, 37.008813489 ], [ 136.797915708, 37.008825662 ], [ 136.798027313, 37.008829434 ], [ 136.798152938, 37.008838889 ], [ 136.798187492, 37.008839776 ], [ 136.798215546, 37.008840702 ], [ 136.798225664, 37.008838637 ], [ 136.79828699, 37.008842461 ], [ 136.798322959, 37.008846486 ], [ 136.798289022, 37.008836737 ], [ 136.798222246, 37.008815874 ], [ 136.798155286, 37.008800625 ], [ 136.798121014, 37.008797165 ], [ 136.798023813, 37.008790337 ], [ 136.797954485, 37.008786778 ], [ 136.797863158, 37.008785944 ], [ 136.79782149, 37.008787072 ], [ 136.797802343, 37.008782261 ], [ 136.797789819, 37.00877733 ], [ 136.797788262, 37.008774949 ], [ 136.797790724, 37.008770344 ], [ 136.797793182, 37.008766718 ], [ 136.797798443, 37.008759885 ], [ 136.797809621, 37.008754749 ], [ 136.79782044, 37.008751987 ], [ 136.797898867, 37.008751252 ], [ 136.79794185, 37.008751253 ], [ 136.798030879, 37.008756561 ], [ 136.798091138, 37.008758163 ], [ 136.798171104, 37.008763443 ], [ 136.798203296, 37.008764495 ], [ 136.798287952, 37.008773145 ], [ 136.798356928, 37.00878309 ], [ 136.798380949, 37.008789175 ], [ 136.798395717, 37.008798585 ], [ 136.798422332, 37.008808591 ], [ 136.798462925, 37.008819165 ], [ 136.798519092, 37.008830381 ], [ 136.798574278, 37.008842573 ], [ 136.798614961, 37.008849128 ], [ 136.798704341, 37.008854018 ], [ 136.798779563, 37.00886055 ], [ 136.798836896, 37.008861217 ], [ 136.798911952, 37.008854846 ], [ 136.798964032, 37.008849947 ], [ 136.799062881, 37.008842671 ], [ 136.799138386, 37.008832269 ], [ 136.799219315, 37.008809772 ], [ 136.799253179, 37.008797093 ], [ 136.799254218, 37.008788071 ], [ 136.799251742, 37.008767043 ], [ 136.799247672, 37.008750433 ], [ 136.79924111, 37.008737973 ], [ 136.799238379, 37.008726084 ], [ 136.799238819, 37.008707077 ], [ 136.799242177, 37.008697304 ], [ 136.799247785, 37.008690891 ], [ 136.799253539, 37.00869021 ], [ 136.799259625, 37.008693025 ], [ 136.799267432, 37.008700457 ], [ 136.799279021, 37.008718523 ], [ 136.799287704, 37.008724839 ], [ 136.799300227, 37.00873005 ], [ 136.799327082, 37.008742546 ], [ 136.799341003, 37.008746782 ], [ 136.799356019, 37.008740958 ], [ 136.799449289, 37.008692111 ], [ 136.799502835, 37.008671807 ], [ 136.799504977, 37.008670346 ], [ 136.799549019, 37.008644311 ], [ 136.799617369, 37.008589564 ], [ 136.799649212, 37.008563491 ], [ 136.799669216, 37.008537885 ], [ 136.799692018, 37.008489281 ], [ 136.799772244, 37.008274424 ], [ 136.799840909, 37.008110435 ], [ 136.799849559, 37.00808747 ], [ 136.799854954, 37.00808243 ], [ 136.799860036, 37.008081727 ], [ 136.799862211, 37.008085088 ], [ 136.799864434, 37.008099152 ], [ 136.799865653, 37.008131772 ], [ 136.799866119, 37.008170769 ], [ 136.79986832, 37.008202364 ], [ 136.799868393, 37.008207955 ], [ 136.799871269, 37.00821028 ], [ 136.799876267, 37.008206462 ], [ 136.799885806, 37.008190198 ], [ 136.799898389, 37.008155644 ], [ 136.799904398, 37.008127868 ], [ 136.799911726, 37.008071848 ], [ 136.7999185, 37.008047077 ], [ 136.799936361, 37.007993181 ], [ 136.799956936, 37.007943304 ], [ 136.799964123, 37.00793452 ], [ 136.799976371, 37.007924495 ], [ 136.799994995, 37.007899647 ], [ 136.800010608, 37.00787831 ], [ 136.800037944, 37.007833529 ], [ 136.800048507, 37.007811478 ], [ 136.800054015, 37.007789411 ], [ 136.800068174, 37.007754969 ], [ 136.800072985, 37.0077329 ], [ 136.800078654, 37.007713769 ], [ 136.800081264, 37.007705618 ], [ 136.800081689, 37.007680531 ], [ 136.800090929, 37.00764352 ], [ 136.800102599, 37.007615331 ], [ 136.800121744, 37.007584222 ], [ 136.800162944, 37.00753235 ], [ 136.800186078, 37.007505167 ], [ 136.800194108, 37.007499427 ], [ 136.800205646, 37.007490471 ], [ 136.800230592, 37.00746982 ], [ 136.800272685, 37.007439189 ], [ 136.800306008, 37.007416717 ], [ 136.800328568, 37.007405365 ], [ 136.800357548, 37.007333793 ], [ 136.80038183, 37.007276297 ], [ 136.800290724, 37.007222991 ], [ 136.80008981, 37.007103623 ], [ 136.800066079, 37.007121222 ], [ 136.80003394, 37.007136497 ], [ 136.799988016, 37.007155207 ], [ 136.799949101, 37.007166268 ], [ 136.799909812, 37.007173441 ], [ 136.799873386, 37.007174027 ], [ 136.799842039, 37.007169597 ], [ 136.799816664, 37.007164243 ], [ 136.799794057, 37.007154249 ], [ 136.799778267, 37.007140083 ], [ 136.799770134, 37.007127898 ], [ 136.799761849, 37.007108789 ], [ 136.799756965, 37.007091592 ], [ 136.799754973, 37.0070709 ], [ 136.799745104, 37.007061093 ], [ 136.799737676, 37.007052524 ], [ 136.799727649, 37.007046264 ], [ 136.799708211, 37.007032306 ], [ 136.799697907, 37.007021492 ], [ 136.799688498, 37.007010681 ], [ 136.799682766, 37.007001558 ], [ 136.799662185, 37.006966314 ], [ 136.799654361, 37.006957424 ], [ 136.799636109, 37.006935933 ], [ 136.799626808, 37.006923604 ], [ 136.799617053, 37.00690689 ], [ 136.799611832, 37.006894974 ], [ 136.7996088, 37.006883623 ], [ 136.799606328, 37.006869544 ], [ 136.799606319, 37.006846846 ], [ 136.799607267, 37.006814036 ], [ 136.799611224, 37.006798793 ], [ 136.799616288, 37.006781158 ], [ 136.799617428, 37.006765005 ], [ 136.799616487, 37.006753661 ], [ 136.799613231, 37.006747421 ], [ 136.799606399, 37.006739253 ], [ 136.79959545, 37.006732952 ], [ 136.79958104, 37.006726758 ], [ 136.79955936, 37.006722382 ], [ 136.799539061, 37.006719044 ], [ 136.799512825, 37.006714381 ], [ 136.799486076, 37.006706231 ], [ 136.799452863, 37.006695027 ], [ 136.799437664, 37.006687312 ], [ 136.799407285, 37.006670591 ], [ 136.79939776, 37.006663293 ], [ 136.799363008, 37.006631598 ], [ 136.799340655, 37.006605112 ], [ 136.799309489, 37.006556175 ], [ 136.799300342, 37.006537557 ], [ 136.799290463, 37.006505904 ], [ 136.799286211, 37.006484226 ], [ 136.799283166, 37.006460948 ], [ 136.799281583, 37.00643802 ], [ 136.799280635, 37.006397122 ], [ 136.799281651, 37.006367075 ], [ 136.799290804, 37.006313117 ], [ 136.799299305, 37.006279624 ], [ 136.799306901, 37.006251731 ], [ 136.799308785, 37.006232808 ], [ 136.799308702, 37.006208607 ], [ 136.799314857, 37.00618253 ], [ 136.799315263, 37.006170651 ], [ 136.799309416, 37.00615428 ], [ 136.799301424, 37.006149224 ], [ 136.799286278, 37.006146102 ], [ 136.799270328, 37.006141219 ], [ 136.799257944, 37.006140157 ] ] ] } },
{ "type": "Feature", "properties": { "A54_001": "1", "A54_002": "17", "A54_003": "石川県", "A54_004": "17463", "A54_005": "能登町", "A54_006": "能登町0005" }, "geometry": { "type": "Polygon", "coordinates": [ [ [ 137.141017032, 37.304281575 ], [ 137.141079859, 37.304333711 ], [ 137.141294796, 37.304541665 ], [ 137.140949748, 37.30485496 ], [ 137.141021103, 37.304920615 ], [ 137.141092911, 37.304986408 ], [ 137.141229112, 37.305067307 ], [ 137.141244717, 37.305057068 ], [ 137.141263742, 37.305042209 ], [ 137.141311532, 37.305008701 ], [ 137.141373311, 37.304963092 ], [ 137.141449082, 37.30489421 ], [ 137.141563781, 37.304802059 ], [ 137.141624081, 37.304758844 ], [ 137.141705304, 37.304688188 ], [ 137.141776952, 37.304632198 ], [ 137.141830387, 37.304607252 ], [ 137.141829944, 37.304596531 ], [ 137.141837304, 37.30459094 ], [ 137.1418664, 37.304580863 ], [ 137.141891705, 37.304575137 ], [ 137.141899828, 37.304573823 ], [ 137.141902577, 37.304571614 ], [ 137.142053816, 37.304463277 ], [ 137.142134749, 37.304389021 ], [ 137.141571912, 37.303808574 ], [ 137.141535377, 37.30384928 ], [ 137.141487256, 37.303958097 ], [ 137.141477968, 37.303982129 ], [ 137.141429835, 37.304067984 ], [ 137.141399038, 37.304111632 ], [ 137.141368508, 37.304133237 ], [ 137.14134255, 37.30414814 ], [ 137.141314838, 37.304160146 ], [ 137.141262045, 37.304173094 ], [ 137.141223134, 37.304179495 ], [ 137.141138446, 37.304197676 ], [ 137.141117268, 37.304203039 ], [ 137.141073641, 37.304220696 ], [ 137.141050642, 37.304234589 ], [ 137.141022966, 37.30425391 ], [ 137.141017744, 37.304265896 ], [ 137.141017032, 37.304281575 ] ] ] } },
{ "type": "Feature", "properties": { "A54_001": "1", "A54_002": "17", "A54_003": "石川県", "A54_004": "17463", "A54_005": "能登町", "A54_006": "能登町0003" }, "geometry": { "type": "Polygon", "coordinates": [ [ [ 137.148252103, 37.300862948 ], [ 137.147816317, 37.300652681 ], [ 137.147760375, 37.3006829 ], [ 137.147693785, 37.300690815 ], [ 137.147592647, 37.300715414 ], [ 137.147578945, 37.300731047 ], [ 137.147550582, 37.300800057 ], [ 137.147537122, 37.300917386 ], [ 137.147519249, 37.300949022 ], [ 137.14750061, 37.300925077 ], [ 137.147464318, 37.301052943 ], [ 137.147500343, 37.301063459 ], [ 137.147518674, 37.301090372 ], [ 137.147563532, 37.301295767 ], [ 137.147592809, 37.30138485 ], [ 137.147594486, 37.301429674 ], [ 137.147580389, 37.30150294 ], [ 137.147573898, 37.301592929 ], [ 137.147566881, 37.301610995 ], [ 137.147554019, 37.30165654 ], [ 137.147543711, 37.301664499 ], [ 137.147513323, 37.301671791 ], [ 137.147385082, 37.301711575 ], [ 137.147353304, 37.301733155 ], [ 137.147252458, 37.301779046 ], [ 137.147252455, 37.301791814 ], [ 137.147243847, 37.301802574 ], [ 137.147284255, 37.301823202 ], [ 137.147288667, 37.301829855 ], [ 137.147292415, 37.301842364 ], [ 137.14730002, 37.301862517 ], [ 137.147311453, 37.301879917 ], [ 137.147310582, 37.301884185 ], [ 137.147304121, 37.301888208 ], [ 137.147290914, 37.301891099 ], [ 137.147276501, 37.301890416 ], [ 137.14720911, 37.301874295 ], [ 137.147176533, 37.301865783 ], [ 137.147169433, 37.301866179 ], [ 137.147160628, 37.301870262 ], [ 137.147180849, 37.30189809 ], [ 137.147217164, 37.301930312 ], [ 137.147227382, 37.301934831 ], [ 137.147309252, 37.301978094 ], [ 137.147353975, 37.301965112 ], [ 137.147364249, 37.301961451 ], [ 137.147385174, 37.301954927 ], [ 137.147403825, 37.301959273 ], [ 137.147416759, 37.301965731 ], [ 137.147430078, 37.301961172 ], [ 137.147496963, 37.30201129 ], [ 137.147517532, 37.302082149 ], [ 137.147554231, 37.302105359 ], [ 137.147574007, 37.302149445 ], [ 137.147586559, 37.302166776 ], [ 137.147601007, 37.302215422 ], [ 137.147593514, 37.302235106 ], [ 137.147586554, 37.302243096 ], [ 137.147562173, 37.302256576 ], [ 137.147554474, 37.302266321 ], [ 137.147553053, 37.30227256 ], [ 137.147563584, 37.302311828 ], [ 137.147567429, 37.302338221 ], [ 137.147572682, 37.302340151 ], [ 137.147621058, 37.30232859 ], [ 137.147625247, 37.302329385 ], [ 137.147635822, 37.302342944 ], [ 137.147648831, 37.302350292 ], [ 137.147658271, 37.302362263 ], [ 137.147657275, 37.302369751 ], [ 137.147654221, 37.302373324 ], [ 137.147625649, 37.302371284 ], [ 137.14760584, 37.302371678 ], [ 137.147578539, 37.302377971 ], [ 137.14757222, 37.302377516 ], [ 137.147548167, 37.302372381 ], [ 137.147539326, 37.302370182 ], [ 137.147530726, 37.302364832 ], [ 137.147521963, 37.302363153 ], [ 137.147491567, 37.302366167 ], [ 137.147500146, 37.302381998 ], [ 137.147491999, 37.30247385 ], [ 137.147511292, 37.302489128 ], [ 137.14754368, 37.302499433 ], [ 137.147547375, 37.302504298 ], [ 137.147604542, 37.302622992 ], [ 137.147634695, 37.302750644 ], [ 137.147643824, 37.302761938 ], [ 137.147673334, 37.302831764 ], [ 137.147699595, 37.302866567 ], [ 137.147818135, 37.302825088 ], [ 137.1479092, 37.302810338 ], [ 137.147896128, 37.302747969 ], [ 137.147959313, 37.302739518 ], [ 137.148001465, 37.302746709 ], [ 137.148154409, 37.302761514 ], [ 137.148113345, 37.302048436 ], [ 137.148542541, 37.302101141 ], [ 137.148573616, 37.302157442 ], [ 137.148648498, 37.302289364 ], [ 137.148698253, 37.302377191 ], [ 137.148761071, 37.302464217 ], [ 137.148912838, 37.302513679 ], [ 137.149125573, 37.302413023 ], [ 137.149104537, 37.302358204 ], [ 137.149109219, 37.302266961 ], [ 137.149049801, 37.30221295 ], [ 137.149087102, 37.30216361 ], [ 137.149063816, 37.302077949 ], [ 137.149164105, 37.302042377 ], [ 137.149136734, 37.301883168 ], [ 137.149149581, 37.301758408 ], [ 137.148744078, 37.301633993 ], [ 137.148562168, 37.301561633 ], [ 137.148023692, 37.301077696 ], [ 137.148084682, 37.300979472 ], [ 137.148252103, 37.300862948 ] ] ] } },
{ "type": "Feature", "properties": { "A54_001": "1", "A54_002": "17", "A54_003": "石川県", "A54_004": "17463", "A54_005": "能登町", "A54_006": "能登町0002" }, "geometry": { "type": "Polygon", "coordinates": [ [ [ 137.225385891, 37.304631142 ], [ 137.225445695, 37.304662758 ], [ 137.225418993, 37.304578862 ], [ 137.225275258, 37.304037892 ], [ 137.225192262, 37.303760277 ], [ 137.225171385, 37.30375664 ], [ 137.225125942, 37.303759268 ], [ 137.225105024, 37.303755364 ], [ 137.225085312, 37.303748545 ], [ 137.224961263, 37.30377926 ], [ 137.224908974, 37.303787632 ], [ 137.224890909, 37.303781772 ], [ 137.224853612, 37.303773278 ], [ 137.224813267, 37.303752486 ], [ 137.224793847, 37.303735167 ], [ 137.224788887, 37.303717232 ], [ 137.224757136, 37.303685212 ], [ 137.224703057, 37.303625042 ], [ 137.224678597, 37.303593089 ], [ 137.224644885, 37.303580423 ], [ 137.224611188, 37.303593115 ], [ 137.224563772, 37.303645876 ], [ 137.224652102, 37.303989261 ], [ 137.224850326, 37.30463511 ], [ 137.224956505, 37.304621643 ], [ 137.225155385, 37.304603208 ], [ 137.225255883, 37.30460242 ], [ 137.225301985, 37.304609173 ], [ 137.225330596, 37.304611516 ], [ 137.225385891, 37.304631142 ] ] ] } },
{ "type": "Feature", "properties": { "A54_001": "1", "A54_002": "17", "A54_003": "石川県", "A54_004": "17463", "A54_005": "能登町", "A54_006": "能登町0001" }, "geometry": { "type": "Polygon", "coordinates": [ [ [ 137.232837335, 37.302652926 ], [ 137.232854442, 37.302633763 ], [ 137.232838815, 37.302604282 ], [ 137.232814049, 37.302566901 ], [ 137.232720564, 37.302488022 ], [ 137.232661188, 37.302469206 ], [ 137.232569851, 37.302453448 ], [ 137.232510941, 37.302451163 ], [ 137.232484672, 37.302435368 ], [ 137.232416554, 37.302426894 ], [ 137.232348399, 37.302405308 ], [ 137.232243629, 37.302342026 ], [ 137.23208653, 37.302315729 ], [ 137.232059747, 37.302302818 ], [ 137.232036068, 37.302279953 ], [ 137.232016908, 37.302250604 ], [ 137.231987909, 37.302220001 ], [ 137.231961586, 37.302204836 ], [ 137.231937233, 37.302203981 ], [ 137.23188897, 37.302212868 ], [ 137.231862218, 37.302203968 ], [ 137.231754159, 37.302210412 ], [ 137.23171365, 37.302201561 ], [ 137.231647029, 37.302163899 ], [ 137.231557622, 37.302123608 ], [ 137.231502407, 37.302103706 ], [ 137.231463046, 37.302066924 ], [ 137.231404751, 37.302053771 ], [ 137.231329472, 37.302060508 ], [ 137.23129895, 37.302049922 ], [ 137.231329862, 37.301940439 ], [ 137.231289895, 37.301923967 ], [ 137.231174056, 37.301954357 ], [ 137.231154062, 37.301934682 ], [ 137.231198626, 37.301875602 ], [ 137.231096332, 37.301808906 ], [ 137.231040707, 37.30190457 ], [ 137.231010421, 37.301908064 ], [ 137.230958839, 37.301908985 ], [ 137.230914485, 37.30193004 ], [ 137.230844338, 37.301946441 ], [ 137.230795629, 37.301941299 ], [ 137.230707106, 37.30196166 ], [ 137.230627581, 37.301963223 ], [ 137.230494093, 37.301990448 ], [ 137.230433987, 37.302006897 ], [ 137.23034327, 37.302019715 ], [ 137.230265282, 37.302038606 ], [ 137.22985786, 37.302222404 ], [ 137.229842568, 37.302261954 ], [ 137.229748553, 37.302361661 ], [ 137.229728616, 37.302409555 ], [ 137.229713362, 37.302482984 ], [ 137.229780639, 37.30250955 ], [ 137.22980618, 37.302453177 ], [ 137.229900451, 37.30245043 ], [ 137.229925057, 37.302411578 ], [ 137.230014506, 37.302362146 ], [ 137.230109916, 37.302329983 ], [ 137.230168338, 37.302289479 ], [ 137.230214761, 37.302290366 ], [ 137.230260781, 37.3022645 ], [ 137.230310633, 37.302269945 ], [ 137.230454655, 37.302233647 ], [ 137.230536455, 37.302222202 ], [ 137.230557729, 37.302181756 ], [ 137.23060836, 37.302198751 ], [ 137.230752639, 37.302286499 ], [ 137.230789231, 37.30236066 ], [ 137.230805991, 37.302381021 ], [ 137.230940204, 37.302366925 ], [ 137.230986769, 37.302367394 ], [ 137.231088754, 37.302376459 ], [ 137.231135521, 37.30233387 ], [ 137.231195748, 37.302347424 ], [ 137.231376078, 37.302337958 ], [ 137.231457351, 37.302377816 ], [ 137.231644034, 37.302509544 ], [ 137.231842348, 37.302525325 ], [ 137.232016815, 37.302527889 ], [ 137.232110355, 37.302541532 ], [ 137.232199189, 37.302568622 ], [ 137.232429867, 37.30264766 ], [ 137.232509473, 37.302687601 ], [ 137.232585108, 37.302696851 ], [ 137.232624311, 37.302709294 ], [ 137.232693946, 37.302709863 ], [ 137.232684414, 37.302688891 ], [ 137.232699134, 37.30266993 ], [ 137.232794663, 37.302656375 ], [ 137.232837335, 37.302652926 ] ] ] } },
{ "type": "Feature", "properties": { "A54_001": "1", "A54_002": "17", "A54_003": "石川県", "A54_004": "17463", "A54_005": "能登町", "A54_006": "能登町0004" }, "geometry": { "type": "Polygon", "coordinates": [ [ [ 137.146686133, 37.300409758 ], [ 137.146678837, 37.300409585 ], [ 137.14655572, 37.30056971 ], [ 137.146432262, 37.300747093 ], [ 137.146431737, 37.300770312 ], [ 137.146448481, 37.300808779 ], [ 137.146454733, 37.300819337 ], [ 137.146467053, 37.300843573 ], [ 137.146497557, 37.300881114 ], [ 137.146527552, 37.30090592 ], [ 137.146554552, 37.30093164 ], [ 137.146607365, 37.300958128 ], [ 137.146632958, 37.300986558 ], [ 137.146661861, 37.30101627 ], [ 137.146655311, 37.301045083 ], [ 137.146672202, 37.301111328 ], [ 137.146696481, 37.301120518 ], [ 137.146713881, 37.301153324 ], [ 137.146715176, 37.301201835 ], [ 137.146737608, 37.301267811 ], [ 137.146796957, 37.301308847 ], [ 137.146844137, 37.30131831 ], [ 137.146864677, 37.301317902 ], [ 137.146886486, 37.301318892 ], [ 137.146901207, 37.301317208 ], [ 137.14692024, 37.301308733 ], [ 137.146943117, 37.301305712 ], [ 137.146982597, 37.301286268 ], [ 137.147039414, 37.301240039 ], [ 137.147052773, 37.301222921 ], [ 137.147123226, 37.301179199 ], [ 137.147149867, 37.30115701 ], [ 137.147170097, 37.301093283 ], [ 137.147200894, 37.301004291 ], [ 137.147214546, 37.300942112 ], [ 137.147204372, 37.30091543 ], [ 137.147200768, 37.300882869 ], [ 137.14719436, 37.300859758 ], [ 137.14718733, 37.300855344 ], [ 137.14717767, 37.300855582 ], [ 137.147171259, 37.300853105 ], [ 137.147159044, 37.300819064 ], [ 137.147148702, 37.300794447 ], [ 137.147145547, 37.300788293 ], [ 137.147124969, 37.300764463 ], [ 137.147075738, 37.300701971 ], [ 137.147004653, 37.300636598 ], [ 137.146996491, 37.300631927 ], [ 137.146972786, 37.300611381 ], [ 137.146959359, 37.300616229 ], [ 137.146892208, 37.300565486 ], [ 137.146793134, 37.300481617 ], [ 137.146749771, 37.300449 ], [ 137.146686133, 37.300409758 ] ] ] } }
]
}
