{
"type": "FeatureCollection",
"name": "P11-22_17",
"crs": { "type": "name", "properties": { "name": "urn:ogc:def:crs:EPSG::6668" } },
"features": [
{ "type": "Feature", "properties": { "バス停": "曽々木口", "事業会社": "北鉄奥能登バス（株）", "系統": "町野線" }, "geometry": { "type": "Point", "coordinates": [ 137.073603419787759, 37.452747518384626 ] } },
{ "type": "Feature", "properties": { "バス停": "下時国", "事業会社": "北鉄奥能登バス（株）", "系統": "町野線" }, "geometry": { "type": "Point", "coordinates": [ 137.076995982305249, 37.44976264705285 ] } },
{ "type": "Feature", "properties": { "バス停": "大川", "事業会社": "北鉄奥能登バス（株）", "系統": "町野線" }, "geometry": { "type": "Point", "coordinates": [ 137.059559004367657, 37.449255821735356 ] } },
{ "type": "Feature", "properties": { "バス停": "河原", "事業会社": "北鉄奥能登バス（株）", "系統": "町野線" }, "geometry": { "type": "Point", "coordinates": [ 137.069133252872859, 37.448661324527428 ] } },
{ "type": "Feature", "properties": { "バス停": "上時国", "事業会社": "北鉄奥能登バス（株）", "系統": "町野線" }, "geometry": { "type": "Point", "coordinates": [ 137.07838370089155, 37.447735426231354 ] } },
{ "type": "Feature", "properties": { "バス停": "飯田高校下", "事業会社": "北鉄奥能登バス（株）", "系統": "宇出津珠洲-A,宇出津珠洲-B,宇出津珠洲-C,穴水珠洲-C" }, "geometry": { "type": "Point", "coordinates": [ 137.269354294217123, 37.445480660376276 ] } },
{ "type": "Feature", "properties": { "バス停": "正院西口", "事業会社": "北鉄奥能登バス（株）", "系統": "宇出津珠洲-A,宇出津珠洲-B" }, "geometry": { "type": "Point", "coordinates": [ 137.288685179147649, 37.44472565555224 ] } },
{ "type": "Feature", "properties": { "バス停": "正院", "事業会社": "北鉄奥能登バス（株）", "系統": "宇出津珠洲-A,宇出津珠洲-B" }, "geometry": { "type": "Point", "coordinates": [ 137.293226171152668, 37.444694946245477 ] } },
{ "type": "Feature", "properties": { "バス停": "前浜（珠洲市）", "事業会社": "北鉄奥能登バス（株）", "系統": "宇出津珠洲-A,宇出津珠洲-B" }, "geometry": { "type": "Point", "coordinates": [ 137.297225836226886, 37.444047077156355 ] } },
{ "type": "Feature", "properties": { "バス停": "飯田栄町北", "事業会社": "北鉄奥能登バス（株）", "系統": "宇出津珠洲-A,宇出津珠洲-B" }, "geometry": { "type": "Point", "coordinates": [ 137.265263246084913, 37.443924087121786 ] } },
{ "type": "Feature", "properties": { "バス停": "熊谷", "事業会社": "北鉄奥能登バス（株）", "系統": "宇出津珠洲-A,宇出津珠洲-B" }, "geometry": { "type": "Point", "coordinates": [ 137.285181628823807, 37.443352396797764 ] } },
{ "type": "Feature", "properties": { "バス停": "珠洲市総合病院前", "事業会社": "北鉄奥能登バス（株）", "系統": "宇出津珠洲-A,宇出津珠洲-B" }, "geometry": { "type": "Point", "coordinates": [ 137.270399553172268, 37.44291682907501 ] } },
{ "type": "Feature", "properties": { "バス停": "珠洲川尻", "事業会社": "北鉄奥能登バス（株）", "系統": "宇出津珠洲-A,宇出津珠洲-B" }, "geometry": { "type": "Point", "coordinates": [ 137.300803324414403, 37.442897045200539 ] } },
{ "type": "Feature", "properties": { "バス停": "敷戸", "事業会社": "北鉄奥能登バス（株）", "系統": "町野線" }, "geometry": { "type": "Point", "coordinates": [ 137.081706902080157, 37.442599473031244 ] } },
{ "type": "Feature", "properties": { "バス停": "大倉市営住宅", "事業会社": "輪島市", "系統": "東大野・寺山コース" }, "geometry": { "type": "Point", "coordinates": [ 137.071009441765824, 37.442365220095589 ] } },
{ "type": "Feature", "properties": { "バス停": "弁天公園前", "事業会社": "北鉄奥能登バス（株）", "系統": "宇出津珠洲-A,宇出津珠洲-B" }, "geometry": { "type": "Point", "coordinates": [ 137.308471269895819, 37.442335949161915 ] } },
{ "type": "Feature", "properties": { "バス停": "野々江", "事業会社": "北鉄奥能登バス（株）", "系統": "宇出津珠洲-A,宇出津珠洲-B" }, "geometry": { "type": "Point", "coordinates": [ 137.281126166879346, 37.442314648789285 ] } },
{ "type": "Feature", "properties": { "バス停": "りふれっしゅ村", "事業会社": "北鉄奥能登バス（株）", "系統": "宇出津珠洲-A,宇出津珠洲-B" }, "geometry": { "type": "Point", "coordinates": [ 137.3266932483711, 37.442242874501716 ] } },
{ "type": "Feature", "properties": { "バス停": "本蛸島（珠洲市）", "事業会社": "北鉄奥能登バス（株）", "系統": "宇出津珠洲-A,宇出津珠洲-B" }, "geometry": { "type": "Point", "coordinates": [ 137.313324732581407, 37.442015294722111 ] } },
{ "type": "Feature", "properties": { "バス停": "勝楽寺前", "事業会社": "北鉄奥能登バス（株）", "系統": "宇出津珠洲-A,宇出津珠洲-B" }, "geometry": { "type": "Point", "coordinates": [ 137.278574731116095, 37.44170410751596 ] } },
{ "type": "Feature", "properties": { "バス停": "島田", "事業会社": "北鉄奥能登バス（株）", "系統": "宇出津珠洲-A,宇出津珠洲-B" }, "geometry": { "type": "Point", "coordinates": [ 137.273427954431696, 37.441354029413709 ] } },
{ "type": "Feature", "properties": { "バス停": "すずなり館前", "事業会社": "北鉄奥能登バス（株）", "系統": "宇出津珠洲-A,宇出津珠洲-B,宇出津珠洲-C" }, "geometry": { "type": "Point", "coordinates": [ 137.26993324049667, 37.440982324333746 ] } },
{ "type": "Feature", "properties": { "バス停": "珠洲鉢ヶ崎", "事業会社": "北鉄奥能登バス（株）", "系統": "宇出津珠洲-A,宇出津珠洲-B" }, "geometry": { "type": "Point", "coordinates": [ 137.329753289506613, 37.440909240788002 ] } },
{ "type": "Feature", "properties": { "バス停": "旭町（珠洲市）", "事業会社": "北鉄奥能登バス（株）", "系統": "宇出津珠洲-A,宇出津珠洲-B" }, "geometry": { "type": "Point", "coordinates": [ 137.324390994672939, 37.440842147350828 ] } },
{ "type": "Feature", "properties": { "バス停": "蛸島本町", "事業会社": "北鉄奥能登バス（株）", "系統": "宇出津珠洲-A,宇出津珠洲-B" }, "geometry": { "type": "Point", "coordinates": [ 137.31950171784672, 37.440578982615904 ] } },
{ "type": "Feature", "properties": { "バス停": "飯田栄町", "事業会社": "北鉄奥能登バス（株）", "系統": "宇出津珠洲-A,宇出津珠洲-B,宇出津珠洲-C,穴水珠洲-C" }, "geometry": { "type": "Point", "coordinates": [ 137.265000847112304, 37.440529205567515 ] } },
{ "type": "Feature", "properties": { "バス停": "昭和橋", "事業会社": "北鉄奥能登バス（株）", "系統": "宇出津珠洲-A,宇出津珠洲-C" }, "geometry": { "type": "Point", "coordinates": [ 137.266039948283577, 37.439956520238859 ] } },
{ "type": "Feature", "properties": { "バス停": "吾妻橋", "事業会社": "北鉄奥能登バス（株）", "系統": "宇出津珠洲-A,宇出津珠洲-B" }, "geometry": { "type": "Point", "coordinates": [ 137.265504767434692, 37.437594843062215 ] } },
{ "type": "Feature", "properties": { "バス停": "矢代", "事業会社": "輪島市", "系統": "東大野・寺山コース" }, "geometry": { "type": "Point", "coordinates": [ 137.070470838053126, 37.43715755840234 ] } },
{ "type": "Feature", "properties": { "バス停": "東大野", "事業会社": "輪島市", "系統": "東大野・寺山コース" }, "geometry": { "type": "Point", "coordinates": [ 137.0769312983183, 37.436428559727418 ] } },
{ "type": "Feature", "properties": { "バス停": "珠洲市役所前", "事業会社": "北鉄奥能登バス（株）", "系統": "穴水珠洲-C" }, "geometry": { "type": "Point", "coordinates": [ 137.259786357488053, 37.436268755532204 ] } },
{ "type": "Feature", "properties": { "バス停": "寺地", "事業会社": "北鉄奥能登バス（株）", "系統": "町野線" }, "geometry": { "type": "Point", "coordinates": [ 137.08726802686607, 37.436098975406289 ] } },
{ "type": "Feature", "properties": { "バス停": "能登飯田", "事業会社": "北鉄奥能登バス（株）", "系統": "宇出津珠洲-A,宇出津珠洲-B" }, "geometry": { "type": "Point", "coordinates": [ 137.26304750895423, 37.435584465129274 ] } },
{ "type": "Feature", "properties": { "バス停": "渋田口", "事業会社": "北鉄奥能登バス（株）", "系統": "町野線" }, "geometry": { "type": "Point", "coordinates": [ 137.035338501245519, 37.43557665647667 ] } },
{ "type": "Feature", "properties": { "バス停": "南町（珠洲市）", "事業会社": "北鉄奥能登バス（株）", "系統": "宇出津珠洲-A,宇出津珠洲-B" }, "geometry": { "type": "Point", "coordinates": [ 137.261041582632117, 37.434562312312877 ] } },
{ "type": "Feature", "properties": { "バス停": "名舟", "事業会社": "北鉄奥能登バス（株）", "系統": "町野線" }, "geometry": { "type": "Point", "coordinates": [ 137.019556233006966, 37.432751731852619 ] } },
{ "type": "Feature", "properties": { "バス停": "下広江", "事業会社": "北鉄奥能登バス（株）", "系統": "町野線" }, "geometry": { "type": "Point", "coordinates": [ 137.088438105921881, 37.432413611854784 ] } },
{ "type": "Feature", "properties": { "バス停": "南志見小学校下", "事業会社": "輪島市", "系統": "西山コース,東山・忍コース" }, "geometry": { "type": "Point", "coordinates": [ 137.032311446823059, 37.431978732374773 ] } },
{ "type": "Feature", "properties": { "バス停": "南志見", "事業会社": "北鉄奥能登バス（株）", "系統": "町野線" }, "geometry": { "type": "Point", "coordinates": [ 137.03063023054932, 37.431726511781292 ] } },
{ "type": "Feature", "properties": { "バス停": "南志見", "事業会社": "輪島市", "系統": "西山コース,東山・忍コース" }, "geometry": { "type": "Point", "coordinates": [ 137.03063023054932, 37.431726511781292 ] } },
{ "type": "Feature", "properties": { "バス停": "北方", "事業会社": "北鉄奥能登バス（株）", "系統": "宇出津珠洲-A,宇出津珠洲-B" }, "geometry": { "type": "Point", "coordinates": [ 137.256185949577798, 37.43125008653562 ] } },
{ "type": "Feature", "properties": { "バス停": "川西広", "事業会社": "輪島市", "系統": "東大野・寺山コース" }, "geometry": { "type": "Point", "coordinates": [ 137.081792738083777, 37.430894307794887 ] } },
{ "type": "Feature", "properties": { "バス停": "五田橋", "事業会社": "輪島市", "系統": "東大野・寺山コース" }, "geometry": { "type": "Point", "coordinates": [ 137.107981469007115, 37.430487717822913 ] } },
{ "type": "Feature", "properties": { "バス停": "改善センター前", "事業会社": "輪島市", "系統": "金蔵コース,西山コース,東山・忍コース" }, "geometry": { "type": "Point", "coordinates": [ 137.034979030160343, 37.430477027768106 ] } },
{ "type": "Feature", "properties": { "バス停": "番平", "事業会社": "輪島市", "系統": "東大野・寺山コース" }, "geometry": { "type": "Point", "coordinates": [ 137.12516306608768, 37.430061813850635 ] } },
{ "type": "Feature", "properties": { "バス停": "上鈴屋", "事業会社": "輪島市", "系統": "東大野・寺山コース" }, "geometry": { "type": "Point", "coordinates": [ 137.104346897738708, 37.429849116302378 ] } },
{ "type": "Feature", "properties": { "バス停": "町野郵便局前", "事業会社": "輪島市", "系統": "東大野・寺山コース,金蔵コース" }, "geometry": { "type": "Point", "coordinates": [ 137.088450481013041, 37.429516196781094 ] } },
{ "type": "Feature", "properties": { "バス停": "善慶寺前", "事業会社": "北鉄奥能登バス（株）", "系統": "宇出津珠洲-A,宇出津珠洲-B" }, "geometry": { "type": "Point", "coordinates": [ 137.253745941948097, 37.428951699273028 ] } },
{ "type": "Feature", "properties": { "バス停": "広江", "事業会社": "北鉄奥能登バス（株）", "系統": "町野線" }, "geometry": { "type": "Point", "coordinates": [ 137.088971086366001, 37.427649765274722 ] } },
{ "type": "Feature", "properties": { "バス停": "明治橋", "事業会社": "輪島市", "系統": "東大野・寺山コース" }, "geometry": { "type": "Point", "coordinates": [ 137.081542944789845, 37.427321421534302 ] } },
{ "type": "Feature", "properties": { "バス停": "申ヶ場", "事業会社": "輪島市", "系統": "東大野・寺山コース" }, "geometry": { "type": "Point", "coordinates": [ 137.132235230151906, 37.426726974296869 ] } },
{ "type": "Feature", "properties": { "バス停": "上戸", "事業会社": "北鉄奥能登バス（株）", "系統": "宇出津珠洲-C,穴水珠洲-C" }, "geometry": { "type": "Point", "coordinates": [ 137.247305721456712, 37.426534333462811 ] } },
{ "type": "Feature", "properties": { "バス停": "中鳥毛", "事業会社": "輪島市", "系統": "東大野・寺山コース" }, "geometry": { "type": "Point", "coordinates": [ 137.126560917208792, 37.425775716938794 ] } },
{ "type": "Feature", "properties": { "バス停": "鈴屋", "事業会社": "輪島市", "系統": "東大野・寺山コース" }, "geometry": { "type": "Point", "coordinates": [ 137.095655294604967, 37.425302589505506 ] } },
{ "type": "Feature", "properties": { "バス停": "町野", "事業会社": "北鉄奥能登バス（株）", "系統": "町野線" }, "geometry": { "type": "Point", "coordinates": [ 137.090236100532081, 37.425228398936575 ] } },
{ "type": "Feature", "properties": { "バス停": "町野", "事業会社": "輪島市", "系統": "東大野・寺山コース,金蔵コース" }, "geometry": { "type": "Point", "coordinates": [ 137.090236100532081, 37.425228398936575 ] } },
{ "type": "Feature", "properties": { "バス停": "上戸農協前", "事業会社": "北鉄奥能登バス（株）", "系統": "宇出津珠洲-A,宇出津珠洲-B" }, "geometry": { "type": "Point", "coordinates": [ 137.250190259327667, 37.424684003278173 ] } },
{ "type": "Feature", "properties": { "バス停": "小田屋中", "事業会社": "輪島市", "系統": "東山・忍コース" }, "geometry": { "type": "Point", "coordinates": [ 137.033351934199828, 37.424589959454011 ] } },
{ "type": "Feature", "properties": { "バス停": "白米千枚田", "事業会社": "北鉄奥能登バス（株）", "系統": "町野線" }, "geometry": { "type": "Point", "coordinates": [ 136.997584935441012, 37.423399123252707 ] } },
{ "type": "Feature", "properties": { "バス停": "大寺山", "事業会社": "輪島市", "系統": "東大野・寺山コース" }, "geometry": { "type": "Point", "coordinates": [ 137.124947350001577, 37.423201780622222 ] } },
{ "type": "Feature", "properties": { "バス停": "東陽中学校", "事業会社": "輪島市", "系統": "東大野・寺山コース,金蔵コース" }, "geometry": { "type": "Point", "coordinates": [ 137.088503614034892, 37.423030598268184 ] } },
{ "type": "Feature", "properties": { "バス停": "町野小・東陽中", "事業会社": "輪島市", "系統": "金蔵コース" }, "geometry": { "type": "Point", "coordinates": [ 137.088511113311228, 37.423030598316849 ] } },
{ "type": "Feature", "properties": { "バス停": "上里", "事業会社": "輪島市", "系統": "金蔵コース,西山コース,東山・忍コース" }, "geometry": { "type": "Point", "coordinates": [ 137.039626102669274, 37.422294263437912 ] } },
{ "type": "Feature", "properties": { "バス停": "粟蔵", "事業会社": "北鉄奥能登バス（株）", "系統": "町野線" }, "geometry": { "type": "Point", "coordinates": [ 137.092723322504469, 37.420989207123768 ] } },
{ "type": "Feature", "properties": { "バス停": "小田屋上", "事業会社": "輪島市", "系統": "東山・忍コース" }, "geometry": { "type": "Point", "coordinates": [ 137.032729105141556, 37.420506840033937 ] } },
{ "type": "Feature", "properties": { "バス停": "納見", "事業会社": "北鉄奥能登バス（株）", "系統": "町野線" }, "geometry": { "type": "Point", "coordinates": [ 136.986489272777447, 37.419502894567302 ] } },
{ "type": "Feature", "properties": { "バス停": "川西田長", "事業会社": "輪島市", "系統": "金蔵コース" }, "geometry": { "type": "Point", "coordinates": [ 137.075058640495087, 37.419354348149561 ] } },
{ "type": "Feature", "properties": { "バス停": "西院内口", "事業会社": "輪島市", "系統": "金蔵コース,西山コース" }, "geometry": { "type": "Point", "coordinates": [ 137.044455996825036, 37.419044228699882 ] } },
{ "type": "Feature", "properties": { "バス停": "竹中橋", "事業会社": "北鉄奥能登バス（株）", "系統": "宇出津珠洲-A,宇出津珠洲-B" }, "geometry": { "type": "Point", "coordinates": [ 137.246605776486717, 37.417983129774569 ] } },
{ "type": "Feature", "properties": { "バス停": "桶戸", "事業会社": "北鉄奥能登バス（株）", "系統": "町野線" }, "geometry": { "type": "Point", "coordinates": [ 137.095450774280948, 37.417193019859461 ] } },
{ "type": "Feature", "properties": { "バス停": "鷲岳", "事業会社": "北鉄奥能登バス（株）", "系統": "町野線" }, "geometry": { "type": "Point", "coordinates": [ 136.97860849626619, 37.414441234648478 ] } },
{ "type": "Feature", "properties": { "バス停": "若桑", "事業会社": "北鉄奥能登バス（株）", "系統": "町野線" }, "geometry": { "type": "Point", "coordinates": [ 137.095768150488254, 37.413887868422727 ] } },
{ "type": "Feature", "properties": { "バス停": "東印内", "事業会社": "輪島市", "系統": "金蔵コース,西山コース" }, "geometry": { "type": "Point", "coordinates": [ 137.050285061677755, 37.412522938939283 ] } },
{ "type": "Feature", "properties": { "バス停": "谷崎", "事業会社": "北鉄奥能登バス（株）", "系統": "宇出津珠洲-A,宇出津珠洲-B" }, "geometry": { "type": "Point", "coordinates": [ 137.245564670781249, 37.412025018276019 ] } },
{ "type": "Feature", "properties": { "バス停": "金蔵寺入口", "事業会社": "輪島市", "系統": "金蔵コース" }, "geometry": { "type": "Point", "coordinates": [ 137.072646689076436, 37.411850736879245 ] } },
{ "type": "Feature", "properties": { "バス停": "中刀地", "事業会社": "輪島市", "系統": "東山・忍コース" }, "geometry": { "type": "Point", "coordinates": [ 137.032463645113722, 37.411475404476001 ] } },
{ "type": "Feature", "properties": { "バス停": "大谷内", "事業会社": "北鉄奥能登バス（株）", "系統": "町野線" }, "geometry": { "type": "Point", "coordinates": [ 136.969666343835314, 37.410997126068992 ] } },
{ "type": "Feature", "properties": { "バス停": "盤若橋", "事業会社": "北鉄奥能登バス（株）", "系統": "宇出津珠洲-A,宇出津珠洲-B" }, "geometry": { "type": "Point", "coordinates": [ 137.242584203292438, 37.409373230757168 ] } },
{ "type": "Feature", "properties": { "バス停": "打越", "事業会社": "北鉄奥能登バス（株）", "系統": "町野線" }, "geometry": { "type": "Point", "coordinates": [ 136.960850056917991, 37.408394198364611 ] } },
{ "type": "Feature", "properties": { "バス停": "小西山", "事業会社": "輪島市", "系統": "金蔵コース,西山コース" }, "geometry": { "type": "Point", "coordinates": [ 137.061477922719888, 37.408171611875737 ] } },
{ "type": "Feature", "properties": { "バス停": "春日野", "事業会社": "北鉄奥能登バス（株）", "系統": "宇出津珠洲-A,宇出津珠洲-B" }, "geometry": { "type": "Point", "coordinates": [ 137.241981536659949, 37.407743919695072 ] } },
{ "type": "Feature", "properties": { "バス停": "鴻地", "事業会社": "輪島市", "系統": "東山・忍コース" }, "geometry": { "type": "Point", "coordinates": [ 137.034417223124393, 37.407208985374723 ] } },
{ "type": "Feature", "properties": { "バス停": "正願寺前", "事業会社": "輪島市", "系統": "金蔵コース" }, "geometry": { "type": "Point", "coordinates": [ 137.072850754940589, 37.40650937222258 ] } },
{ "type": "Feature", "properties": { "バス停": "光浦", "事業会社": "輪島市", "系統": "西保コース" }, "geometry": { "type": "Point", "coordinates": [ 136.877632790365027, 37.406096785586861 ] } },
{ "type": "Feature", "properties": { "バス停": "美谷口", "事業会社": "輪島市", "系統": "西保コース" }, "geometry": { "type": "Point", "coordinates": [ 136.871446943223077, 37.405975749363094 ] } },
{ "type": "Feature", "properties": { "バス停": "鴨ヶ浦", "事業会社": "北鉄奥能登バス（株）", "系統": "海コース" }, "geometry": { "type": "Point", "coordinates": [ 136.897598931811672, 37.405956394497679 ] } },
{ "type": "Feature", "properties": { "バス停": "惣領", "事業会社": "北鉄奥能登バス（株）", "系統": "町野線" }, "geometry": { "type": "Point", "coordinates": [ 136.957569140873545, 37.40546128841266 ] } },
{ "type": "Feature", "properties": { "バス停": "輪島崎北", "事業会社": "北鉄奥能登バス（株）", "系統": "海コース" }, "geometry": { "type": "Point", "coordinates": [ 136.900831258495771, 37.405281557113575 ] } },
{ "type": "Feature", "properties": { "バス停": "忍", "事業会社": "輪島市", "系統": "東山・忍コース" }, "geometry": { "type": "Point", "coordinates": [ 137.025114345107227, 37.405271134152059 ] } },
{ "type": "Feature", "properties": { "バス停": "眞久", "事業会社": "北鉄奥能登バス（株）", "系統": "町野線" }, "geometry": { "type": "Point", "coordinates": [ 137.09300915899604, 37.404879757404345 ] } },
{ "type": "Feature", "properties": { "バス停": "養覚寺前", "事業会社": "輪島市", "系統": "東山・忍コース" }, "geometry": { "type": "Point", "coordinates": [ 137.032082280405035, 37.404601422189153 ] } },
{ "type": "Feature", "properties": { "バス停": "県道金蔵三又", "事業会社": "輪島市", "系統": "金蔵コース" }, "geometry": { "type": "Point", "coordinates": [ 137.067326367223217, 37.404230699286643 ] } },
{ "type": "Feature", "properties": { "バス停": "鵜飼本町", "事業会社": "北鉄奥能登バス（株）", "系統": "宇出津珠洲-A,宇出津珠洲-B" }, "geometry": { "type": "Point", "coordinates": [ 137.241811676652901, 37.404022035329184 ] } },
{ "type": "Feature", "properties": { "バス停": "東山", "事業会社": "輪島市", "系統": "東山・忍コース" }, "geometry": { "type": "Point", "coordinates": [ 137.033049716087959, 37.403738769104358 ] } },
{ "type": "Feature", "properties": { "バス停": "珠洲鵜飼", "事業会社": "北鉄奥能登バス（株）", "系統": "宇出津珠洲-C,穴水珠洲-C" }, "geometry": { "type": "Point", "coordinates": [ 137.233909685615941, 37.403676883304946 ] } },
{ "type": "Feature", "properties": { "バス停": "高州山口", "事業会社": "北鉄奥能登バス（株）", "系統": "町野線" }, "geometry": { "type": "Point", "coordinates": [ 136.952855008502837, 37.403384350525037 ] } },
{ "type": "Feature", "properties": { "バス停": "輪島崎町", "事業会社": "北鉄奥能登バス（株）", "系統": "海コース" }, "geometry": { "type": "Point", "coordinates": [ 136.899313929650049, 37.403326179993144 ] } },
{ "type": "Feature", "properties": { "バス停": "光浦東口", "事業会社": "輪島市", "系統": "西保コース" }, "geometry": { "type": "Point", "coordinates": [ 136.884943675393004, 37.40304321286721 ] } },
{ "type": "Feature", "properties": { "バス停": "袖ヶ浜海水浴場", "事業会社": "北鉄奥能登バス（株）", "系統": "海コース" }, "geometry": { "type": "Point", "coordinates": [ 136.896615250271992, 37.402522858570606 ] } },
{ "type": "Feature", "properties": { "バス停": "岡塚", "事業会社": "北鉄奥能登バス（株）", "系統": "町野線" }, "geometry": { "type": "Point", "coordinates": [ 136.951043614204679, 37.402071622364524 ] } },
{ "type": "Feature", "properties": { "バス停": "鵜飼駅前", "事業会社": "北鉄奥能登バス（株）", "系統": "宇出津珠洲-A,宇出津珠洲-B" }, "geometry": { "type": "Point", "coordinates": [ 137.237922124707552, 37.402067135985703 ] } },
{ "type": "Feature", "properties": { "バス停": "南鵜飼", "事業会社": "北鉄奥能登バス（株）", "系統": "宇出津珠洲-A,宇出津珠洲-B" }, "geometry": { "type": "Point", "coordinates": [ 137.240994333749427, 37.401716403580309 ] } },
{ "type": "Feature", "properties": { "バス停": "大西山", "事業会社": "輪島市", "系統": "西山コース" }, "geometry": { "type": "Point", "coordinates": [ 137.055432711162183, 37.401157905732624 ] } },
{ "type": "Feature", "properties": { "バス停": "袖ヶ浜", "事業会社": "輪島市", "系統": "西保コース" }, "geometry": { "type": "Point", "coordinates": [ 136.893503375017474, 37.400930407426642 ] } },
{ "type": "Feature", "properties": { "バス停": "輪島荘下", "事業会社": "北鉄奥能登バス（株）", "系統": "海コース" }, "geometry": { "type": "Point", "coordinates": [ 136.893980836944507, 37.400921258970186 ] } },
{ "type": "Feature", "properties": { "バス停": "鵜入", "事業会社": "輪島市", "系統": "西保コース" }, "geometry": { "type": "Point", "coordinates": [ 136.853074258706926, 37.400664898029071 ] } },
{ "type": "Feature", "properties": { "バス停": "JF輪島支所前", "事業会社": "北鉄奥能登バス（株）", "系統": "海コース,漆コース" }, "geometry": { "type": "Point", "coordinates": [ 136.899279093889845, 37.400459252133693 ] } },
{ "type": "Feature", "properties": { "バス停": "法安", "事業会社": "北鉄奥能登バス（株）", "系統": "町野線" }, "geometry": { "type": "Point", "coordinates": [ 137.101867156789041, 37.400221054123477 ] } },
{ "type": "Feature", "properties": { "バス停": "寝豚", "事業会社": "北鉄奥能登バス（株）", "系統": "町野線" }, "geometry": { "type": "Point", "coordinates": [ 136.941328543518551, 37.399894500445306 ] } },
{ "type": "Feature", "properties": { "バス停": "日吉山", "事業会社": "北鉄奥能登バス（株）", "系統": "海コース" }, "geometry": { "type": "Point", "coordinates": [ 136.895745487313519, 37.399730054867348 ] } },
{ "type": "Feature", "properties": { "バス停": "へぐら航路前", "事業会社": "北鉄奥能登バス（株）", "系統": "海コース,漆コース" }, "geometry": { "type": "Point", "coordinates": [ 136.900967404282483, 37.399097768248367 ] } },
{ "type": "Feature", "properties": { "バス停": "石浦町", "事業会社": "北鉄奥能登バス（株）", "系統": "海コース" }, "geometry": { "type": "Point", "coordinates": [ 136.897320442411882, 37.398477457507369 ] } },
{ "type": "Feature", "properties": { "バス停": "石浦町", "事業会社": "輪島市", "系統": "西保コース" }, "geometry": { "type": "Point", "coordinates": [ 136.897320442411882, 37.398477457507369 ] } },
{ "type": "Feature", "properties": { "バス停": "見附島口", "事業会社": "北鉄奥能登バス（株）", "系統": "宇出津珠洲-A,宇出津珠洲-B" }, "geometry": { "type": "Point", "coordinates": [ 137.239948163484172, 37.398337275260992 ] } },
{ "type": "Feature", "properties": { "バス停": "鳳至下町", "事業会社": "北鉄奥能登バス（株）", "系統": "漆コース" }, "geometry": { "type": "Point", "coordinates": [ 136.898590375919355, 37.398282510791873 ] } },
{ "type": "Feature", "properties": { "バス停": "鳳来保育所", "事業会社": "北鉄奥能登バス（株）", "系統": "漆コース" }, "geometry": { "type": "Point", "coordinates": [ 136.896726901830135, 37.39798665587314 ] } },
{ "type": "Feature", "properties": { "バス停": "いろは橋", "事業会社": "北鉄奥能登バス（株）", "系統": "海コース,漆コース,档コース" }, "geometry": { "type": "Point", "coordinates": [ 136.899217912174663, 37.397014878429523 ] } },
{ "type": "Feature", "properties": { "バス停": "夕陽ヶ丘住宅", "事業会社": "北鉄奥能登バス（株）", "系統": "漆コース" }, "geometry": { "type": "Point", "coordinates": [ 136.891468227412503, 37.396699099044881 ] } },
{ "type": "Feature", "properties": { "バス停": "朝市通り［午後］", "事業会社": "北鉄奥能登バス（株）", "系統": "海コース,档コース" }, "geometry": { "type": "Point", "coordinates": [ 136.901988049583252, 37.396468341094732 ] } },
{ "type": "Feature", "properties": { "バス停": "輪島キリコ会館", "事業会社": "北鉄奥能登バス（株）", "系統": "海コース" }, "geometry": { "type": "Point", "coordinates": [ 136.907472154757187, 37.396422658513501 ] } },
{ "type": "Feature", "properties": { "バス停": "菰沢", "事業会社": "北鉄奥能登バス（株）", "系統": "町野線" }, "geometry": { "type": "Point", "coordinates": [ 136.934141851177117, 37.396381523083569 ] } },
{ "type": "Feature", "properties": { "バス停": "鳳至上町通り", "事業会社": "北鉄奥能登バス（株）", "系統": "档コース" }, "geometry": { "type": "Point", "coordinates": [ 136.897376686994789, 37.39618991318067 ] } },
{ "type": "Feature", "properties": { "バス停": "小池口", "事業会社": "輪島市", "系統": "西保コース" }, "geometry": { "type": "Point", "coordinates": [ 136.84148565698024, 37.395947246440421 ] } },
{ "type": "Feature", "properties": { "バス停": "鳳至小学校前", "事業会社": "北鉄奥能登バス（株）", "系統": "海コース" }, "geometry": { "type": "Point", "coordinates": [ 136.896067081844564, 37.395847127132981 ] } },
{ "type": "Feature", "properties": { "バス停": "鳳至小学校前", "事業会社": "輪島市", "系統": "西保コース" }, "geometry": { "type": "Point", "coordinates": [ 136.896067081844564, 37.395847127132981 ] } },
{ "type": "Feature", "properties": { "バス停": "大町朝市口［午前］", "事業会社": "北鉄奥能登バス（株）", "系統": "海コース,档コース" }, "geometry": { "type": "Point", "coordinates": [ 136.901107875780269, 37.395625347997111 ] } },
{ "type": "Feature", "properties": { "バス停": "末広町", "事業会社": "北鉄奥能登バス（株）", "系統": "漆コース" }, "geometry": { "type": "Point", "coordinates": [ 136.89871803047069, 37.395543070217464 ] } },
{ "type": "Feature", "properties": { "バス停": "城兼団地", "事業会社": "北鉄奥能登バス（株）", "系統": "城兼コース" }, "geometry": { "type": "Point", "coordinates": [ 136.932409816074227, 37.395227692830296 ] } },
{ "type": "Feature", "properties": { "バス停": "わいち懐隅", "事業会社": "北鉄奥能登バス（株）", "系統": "海コース,档コース" }, "geometry": { "type": "Point", "coordinates": [ 136.90475518035197, 37.395039672171478 ] } },
{ "type": "Feature", "properties": { "バス停": "工房長屋", "事業会社": "北鉄奥能登バス（株）", "系統": "海コース" }, "geometry": { "type": "Point", "coordinates": [ 136.905846509597808, 37.394878884594668 ] } },
{ "type": "Feature", "properties": { "バス停": "堀町", "事業会社": "北鉄奥能登バス（株）", "系統": "漆コース" }, "geometry": { "type": "Point", "coordinates": [ 136.893089605976968, 37.394679362558989 ] } },
{ "type": "Feature", "properties": { "バス停": "稲舟", "事業会社": "北鉄奥能登バス（株）", "系統": "町野線" }, "geometry": { "type": "Point", "coordinates": [ 136.919341800737868, 37.394552627156685 ] } },
{ "type": "Feature", "properties": { "バス停": "塚田東", "事業会社": "北鉄奥能登バス（株）", "系統": "城兼コース" }, "geometry": { "type": "Point", "coordinates": [ 136.917995497354099, 37.394513426369556 ] } },
{ "type": "Feature", "properties": { "バス停": "新橋まちなみ通り", "事業会社": "北鉄奥能登バス（株）", "系統": "档コース" }, "geometry": { "type": "Point", "coordinates": [ 136.897945381220097, 37.394208740934815 ] } },
{ "type": "Feature", "properties": { "バス停": "塚田", "事業会社": "北鉄奥能登バス（株）", "系統": "町野線,城兼コース,档コース" }, "geometry": { "type": "Point", "coordinates": [ 136.913661063661181, 37.39416306125657 ] } },
{ "type": "Feature", "properties": { "バス停": "中央通りまんなか商店街", "事業会社": "北鉄奥能登バス（株）", "系統": "鯨コース,漆コース" }, "geometry": { "type": "Point", "coordinates": [ 136.901387964902739, 37.393820539482533 ] } },
{ "type": "Feature", "properties": { "バス停": "輪島塗会館", "事業会社": "北鉄奥能登バス（株）", "系統": "輪島線" }, "geometry": { "type": "Point", "coordinates": [ 136.901559342952822, 37.393820544066408 ] } },
{ "type": "Feature", "properties": { "バス停": "弥生町", "事業会社": "北鉄奥能登バス（株）", "系統": "町野線,海コース,城兼コース,档コース" }, "geometry": { "type": "Point", "coordinates": [ 136.910029924955126, 37.393723003392083 ] } },
{ "type": "Feature", "properties": { "バス停": "稲荷町西", "事業会社": "北鉄奥能登バス（株）", "系統": "海コース" }, "geometry": { "type": "Point", "coordinates": [ 136.894498165037731, 37.393718678691293 ] } },
{ "type": "Feature", "properties": { "バス停": "馬場町", "事業会社": "北鉄奥能登バス（株）", "系統": "輪島線,鯨コース,漆コース" }, "geometry": { "type": "Point", "coordinates": [ 136.904066690961429, 37.393710622299025 ] } },
{ "type": "Feature", "properties": { "バス停": "新橋", "事業会社": "北鉄奥能登バス（株）", "系統": "輪島線" }, "geometry": { "type": "Point", "coordinates": [ 136.89633191593316, 37.393644028186216 ] } },
{ "type": "Feature", "properties": { "バス停": "新橋", "事業会社": "輪島市", "系統": "西保コース" }, "geometry": { "type": "Point", "coordinates": [ 136.89633191593316, 37.393644028186216 ] } },
{ "type": "Feature", "properties": { "バス停": "新橋通り［国道］", "事業会社": "北鉄奥能登バス（株）", "系統": "鯨コース" }, "geometry": { "type": "Point", "coordinates": [ 136.896729387856027, 37.39359793567683 ] } },
{ "type": "Feature", "properties": { "バス停": "重蔵神社前", "事業会社": "北鉄奥能登バス（株）", "系統": "町野線" }, "geometry": { "type": "Point", "coordinates": [ 136.905922414442898, 37.393584018058732 ] } },
{ "type": "Feature", "properties": { "バス停": "馬場町郵便局前", "事業会社": "北鉄奥能登バス（株）", "系統": "海コース,城兼コース,档コース" }, "geometry": { "type": "Point", "coordinates": [ 136.906569877599424, 37.393514597931109 ] } },
{ "type": "Feature", "properties": { "バス停": "鵜島", "事業会社": "北鉄奥能登バス（株）", "系統": "宇出津珠洲-C" }, "geometry": { "type": "Point", "coordinates": [ 137.232450511895792, 37.393250779136203 ] } },
{ "type": "Feature", "properties": { "バス停": "測候所前", "事業会社": "北鉄奥能登バス（株）", "系統": "輪島線,漆コース" }, "geometry": { "type": "Point", "coordinates": [ 136.895365967879655, 37.392190533725234 ] } },
{ "type": "Feature", "properties": { "バス停": "新橋通り［メゾン新橋］", "事業会社": "北鉄奥能登バス（株）", "系統": "档コース" }, "geometry": { "type": "Point", "coordinates": [ 136.897753573451979, 37.392163112205836 ] } },
{ "type": "Feature", "properties": { "バス停": "黒丸", "事業会社": "北鉄奥能登バス（株）", "系統": "宇出津珠洲-A,宇出津珠洲-B" }, "geometry": { "type": "Point", "coordinates": [ 137.237142274134385, 37.392152115928738 ] } },
{ "type": "Feature", "properties": { "バス停": "青葉ヶ丘団地", "事業会社": "北鉄奥能登バス（株）", "系統": "档コース" }, "geometry": { "type": "Point", "coordinates": [ 136.914114768516015, 37.392112444851151 ] } },
{ "type": "Feature", "properties": { "バス停": "円山", "事業会社": "北鉄奥能登バス（株）", "系統": "町野線" }, "geometry": { "type": "Point", "coordinates": [ 137.102848908504626, 37.392037390168646 ] } },
{ "type": "Feature", "properties": { "バス停": "馬場崎通り", "事業会社": "北鉄奥能登バス（株）", "系統": "海コース,鯨コース,漆コース,城兼コース" }, "geometry": { "type": "Point", "coordinates": [ 136.905150616413465, 37.39194971866263 ] } },
{ "type": "Feature", "properties": { "バス停": "保健所前", "事業会社": "北鉄奥能登バス（株）", "系統": "鯨コース" }, "geometry": { "type": "Point", "coordinates": [ 136.896254809489591, 37.391838378157196 ] } },
{ "type": "Feature", "properties": { "バス停": "釜屋谷", "事業会社": "北鉄奥能登バス（株）", "系統": "海コース" }, "geometry": { "type": "Point", "coordinates": [ 136.892628986500057, 37.391699658267861 ] } },
{ "type": "Feature", "properties": { "バス停": "輪島高校前", "事業会社": "北鉄奥能登バス（株）", "系統": "穴水輪島線,档コース" }, "geometry": { "type": "Point", "coordinates": [ 136.904034071676136, 37.391098386683169 ] } },
{ "type": "Feature", "properties": { "バス停": "輪島高校前", "事業会社": "輪島市", "系統": "西保コース" }, "geometry": { "type": "Point", "coordinates": [ 136.904034071676136, 37.391098386683169 ] } },
{ "type": "Feature", "properties": { "バス停": "県土木事務所", "事業会社": "北鉄奥能登バス（株）", "系統": "海コース" }, "geometry": { "type": "Point", "coordinates": [ 136.901500622199734, 37.391093320517754 ] } },
{ "type": "Feature", "properties": { "バス停": "市役所［輪島市］", "事業会社": "北鉄奥能登バス（株）", "系統": "海コース,鯨コース,漆コース,档コース" }, "geometry": { "type": "Point", "coordinates": [ 136.899718235941293, 37.391089385119095 ] } },
{ "type": "Feature", "properties": { "バス停": "輪島市役所", "事業会社": "輪島市", "系統": "空熊コース" }, "geometry": { "type": "Point", "coordinates": [ 136.899718235941293, 37.391089385119095 ] } },
{ "type": "Feature", "properties": { "バス停": "一本松公園", "事業会社": "北鉄奥能登バス（株）", "系統": "档コース" }, "geometry": { "type": "Point", "coordinates": [ 136.911891077291216, 37.391086652770248 ] } },
{ "type": "Feature", "properties": { "バス停": "南町", "事業会社": "北鉄奥能登バス（株）", "系統": "海コース,鯨コース" }, "geometry": { "type": "Point", "coordinates": [ 136.897218117936688, 37.391080153598651 ] } },
{ "type": "Feature", "properties": { "バス停": "輪島中学校", "事業会社": "輪島市", "系統": "西保コース" }, "geometry": { "type": "Point", "coordinates": [ 136.912002737583947, 37.391078323327527 ] } },
{ "type": "Feature", "properties": { "バス停": "輪島中", "事業会社": "輪島市", "系統": "空熊コース" }, "geometry": { "type": "Point", "coordinates": [ 136.912228835760374, 37.391061942266752 ] } },
{ "type": "Feature", "properties": { "バス停": "長尾", "事業会社": "北鉄奥能登バス（株）", "系統": "町野線" }, "geometry": { "type": "Point", "coordinates": [ 137.110348188484636, 37.390002299340573 ] } },
{ "type": "Feature", "properties": { "バス停": "もっそう橋北詰", "事業会社": "北鉄奥能登バス（株）", "系統": "城兼コース" }, "geometry": { "type": "Point", "coordinates": [ 136.918649625177324, 37.389836960861679 ] } },
{ "type": "Feature", "properties": { "バス停": "漆芸美術館", "事業会社": "北鉄奥能登バス（株）", "系統": "海コース" }, "geometry": { "type": "Point", "coordinates": [ 136.892686597775366, 37.38976319636501 ] } },
{ "type": "Feature", "properties": { "バス停": "県立漆芸研修所前", "事業会社": "北鉄奥能登バス（株）", "系統": "輪島線,海コース,漆コース" }, "geometry": { "type": "Point", "coordinates": [ 136.893457672001205, 37.389393815918709 ] } },
{ "type": "Feature", "properties": { "バス停": "輪島駅", "事業会社": "輪島市", "系統": "空熊コース" }, "geometry": { "type": "Point", "coordinates": [ 136.906247933833384, 37.389179194720725 ] } },
{ "type": "Feature", "properties": { "バス停": "輪島駅前", "事業会社": "北鉄奥能登バス（株）", "系統": "輪島線,穴水輪島線,町野線,海コース,鯨コース,漆コース,城兼コース,档コース" }, "geometry": { "type": "Point", "coordinates": [ 136.906275434636228, 37.389136144236971 ] } },
{ "type": "Feature", "properties": { "バス停": "輪島駅前", "事業会社": "輪島市", "系統": "西保コース" }, "geometry": { "type": "Point", "coordinates": [ 136.906275434636228, 37.389136144236971 ] } },
{ "type": "Feature", "properties": { "バス停": "小池", "事業会社": "輪島市", "系統": "西保コース" }, "geometry": { "type": "Point", "coordinates": [ 136.838871571808824, 37.388995133327064 ] } },
{ "type": "Feature", "properties": { "バス停": "久手川団地", "事業会社": "北鉄奥能登バス（株）", "系統": "城兼コース" }, "geometry": { "type": "Point", "coordinates": [ 136.924080732227168, 37.388895823381354 ] } },
{ "type": "Feature", "properties": { "バス停": "きらめき橋", "事業会社": "北鉄奥能登バス（株）", "系統": "穴水輪島線,海コース,档コース" }, "geometry": { "type": "Point", "coordinates": [ 136.902434590519817, 37.388783580222004 ] } },
{ "type": "Feature", "properties": { "バス停": "文化会館", "事業会社": "北鉄奥能登バス（株）", "系統": "档コース" }, "geometry": { "type": "Point", "coordinates": [ 136.905172776091661, 37.388320920412362 ] } },
{ "type": "Feature", "properties": { "バス停": "ファミィ前", "事業会社": "北鉄奥能登バス（株）", "系統": "鯨コース,漆コース,档コース" }, "geometry": { "type": "Point", "coordinates": [ 136.900832290982805, 37.387163703939862 ] } },
{ "type": "Feature", "properties": { "バス停": "下出", "事業会社": "北鉄奥能登バス（株）", "系統": "町野線" }, "geometry": { "type": "Point", "coordinates": [ 137.114120396854503, 37.38712304341108 ] } },
{ "type": "Feature", "properties": { "バス停": "総合運動公園", "事業会社": "北鉄奥能登バス（株）", "系統": "档コース" }, "geometry": { "type": "Point", "coordinates": [ 136.914693647260464, 37.387008523855776 ] } },
{ "type": "Feature", "properties": { "バス停": "上野台", "事業会社": "北鉄奥能登バス（株）", "系統": "鯨コース" }, "geometry": { "type": "Point", "coordinates": [ 136.898423297273155, 37.386867005752315 ] } },
{ "type": "Feature", "properties": { "バス停": "輪島警察署前", "事業会社": "北鉄奥能登バス（株）", "系統": "海コース,鯨コース,漆コース,城兼コース" }, "geometry": { "type": "Point", "coordinates": [ 136.908381551025514, 37.386769771020717 ] } },
{ "type": "Feature", "properties": { "バス停": "船橋", "事業会社": "北鉄奥能登バス（株）", "系統": "宇出津珠洲-A,宇出津珠洲-B" }, "geometry": { "type": "Point", "coordinates": [ 137.23606034875715, 37.386758093394036 ] } },
{ "type": "Feature", "properties": { "バス停": "二勢団地", "事業会社": "北鉄奥能登バス（株）", "系統": "漆コース" }, "geometry": { "type": "Point", "coordinates": [ 136.895912666298671, 37.386395316982806 ] } },
{ "type": "Feature", "properties": { "バス停": "小伊勢", "事業会社": "北鉄奥能登バス（株）", "系統": "輪島線,漆コース" }, "geometry": { "type": "Point", "coordinates": [ 136.890569198871816, 37.386102402932622 ] } },
{ "type": "Feature", "properties": { "バス停": "宅田", "事業会社": "北鉄奥能登バス（株）", "系統": "鯨コース" }, "geometry": { "type": "Point", "coordinates": [ 136.900493233470229, 37.385720510453154 ] } },
{ "type": "Feature", "properties": { "バス停": "下山口", "事業会社": "輪島市", "系統": "西保コース" }, "geometry": { "type": "Point", "coordinates": [ 136.828020250207288, 37.385555425886999 ] } },
{ "type": "Feature", "properties": { "バス停": "中段", "事業会社": "輪島市", "系統": "空熊コース" }, "geometry": { "type": "Point", "coordinates": [ 136.887520863236631, 37.385341280265514 ] } },
{ "type": "Feature", "properties": { "バス停": "ワイプラザ", "事業会社": "北鉄奥能登バス（株）", "系統": "海コース,鯨コース,漆コース,档コース" }, "geometry": { "type": "Point", "coordinates": [ 136.904048040020939, 37.385098999652264 ] } },
{ "type": "Feature", "properties": { "バス停": "宮川団地", "事業会社": "北鉄奥能登バス（株）", "系統": "海コース,漆コース,城兼コース,档コース" }, "geometry": { "type": "Point", "coordinates": [ 136.907304219687546, 37.385055476537367 ] } },
{ "type": "Feature", "properties": { "バス停": "市立輪島病院", "事業会社": "北鉄奥能登バス（株）", "系統": "輪島線,穴水輪島線,町野線" }, "geometry": { "type": "Point", "coordinates": [ 136.90427864649476, 37.383978566994323 ] } },
{ "type": "Feature", "properties": { "バス停": "市立輪島病院", "事業会社": "輪島市", "系統": "西保コース" }, "geometry": { "type": "Point", "coordinates": [ 136.90427864649476, 37.383978566994323 ] } },
{ "type": "Feature", "properties": { "バス停": "輪島病院", "事業会社": "北鉄奥能登バス（株）", "系統": "海コース,鯨コース,漆コース,城兼コース,档コース" }, "geometry": { "type": "Point", "coordinates": [ 136.904288650217495, 37.383904130579019 ] } },
{ "type": "Feature", "properties": { "バス停": "輪島病院", "事業会社": "輪島市", "系統": "空熊コース" }, "geometry": { "type": "Point", "coordinates": [ 136.904288650217495, 37.383904130579019 ] } },
{ "type": "Feature", "properties": { "バス停": "大屋小学校前", "事業会社": "北鉄奥能登バス（株）", "系統": "輪島線" }, "geometry": { "type": "Point", "coordinates": [ 136.88854061727281, 37.383527065282564 ] } },
{ "type": "Feature", "properties": { "バス停": "大屋小", "事業会社": "輪島市", "系統": "空熊コース" }, "geometry": { "type": "Point", "coordinates": [ 136.88854061727281, 37.383527065282564 ] } },
{ "type": "Feature", "properties": { "バス停": "杉平", "事業会社": "北鉄奥能登バス（株）", "系統": "穴水輪島線" }, "geometry": { "type": "Point", "coordinates": [ 136.909505561890597, 37.383344878662761 ] } },
{ "type": "Feature", "properties": { "バス停": "杉平町", "事業会社": "北鉄奥能登バス（株）", "系統": "鯨コース" }, "geometry": { "type": "Point", "coordinates": [ 136.909506673169489, 37.383340712458676 ] } },
{ "type": "Feature", "properties": { "バス停": "下山", "事業会社": "輪島市", "系統": "西保コース" }, "geometry": { "type": "Point", "coordinates": [ 136.835940822655118, 37.382597086581868 ] } },
{ "type": "Feature", "properties": { "バス停": "西保小学校前", "事業会社": "輪島市", "系統": "西保コース" }, "geometry": { "type": "Point", "coordinates": [ 136.814063886501714, 37.382518099954986 ] } },
{ "type": "Feature", "properties": { "バス停": "赤崎", "事業会社": "輪島市", "系統": "西保コース" }, "geometry": { "type": "Point", "coordinates": [ 136.816868379441445, 37.382380688331772 ] } },
{ "type": "Feature", "properties": { "バス停": "気勝平集会所前", "事業会社": "北鉄奥能登バス（株）", "系統": "鯨コース" }, "geometry": { "type": "Point", "coordinates": [ 136.895136870613896, 37.382236563118049 ] } },
{ "type": "Feature", "properties": { "バス停": "本鵜島", "事業会社": "北鉄奥能登バス（株）", "系統": "宇出津珠洲-A,宇出津珠洲-B" }, "geometry": { "type": "Point", "coordinates": [ 137.236251650450299, 37.381398029597271 ] } },
{ "type": "Feature", "properties": { "バス停": "山本", "事業会社": "輪島市", "系統": "空熊コース" }, "geometry": { "type": "Point", "coordinates": [ 136.881807674533235, 37.381273215594298 ] } },
{ "type": "Feature", "properties": { "バス停": "小間生", "事業会社": "北鉄奥能登バス（株）", "系統": "町野線" }, "geometry": { "type": "Point", "coordinates": [ 137.114117061644549, 37.381244950640223 ] } },
{ "type": "Feature", "properties": { "バス停": "山岸町", "事業会社": "北鉄奥能登バス（株）", "系統": "鯨コース" }, "geometry": { "type": "Point", "coordinates": [ 136.904718249350708, 37.380784467422863 ] } },
{ "type": "Feature", "properties": { "バス停": "方南町", "事業会社": "北鉄奥能登バス（株）", "系統": "鯨コース" }, "geometry": { "type": "Point", "coordinates": [ 136.908611880626864, 37.380721241383938 ] } },
{ "type": "Feature", "properties": { "バス停": "稲屋", "事業会社": "北鉄奥能登バス（株）", "系統": "輪島線" }, "geometry": { "type": "Point", "coordinates": [ 136.885057505539748, 37.379464081080236 ] } },
{ "type": "Feature", "properties": { "バス停": "鴨川", "事業会社": "北鉄奥能登バス（株）", "系統": "町野線" }, "geometry": { "type": "Point", "coordinates": [ 137.102843474989214, 37.377932355452366 ] } },
{ "type": "Feature", "properties": { "バス停": "山本町集会所", "事業会社": "輪島市", "系統": "空熊コース" }, "geometry": { "type": "Point", "coordinates": [ 136.878505406135247, 37.377614067174591 ] } },
{ "type": "Feature", "properties": { "バス停": "宗玄", "事業会社": "北鉄奥能登バス（株）", "系統": "宇出津珠洲-A,宇出津珠洲-B" }, "geometry": { "type": "Point", "coordinates": [ 137.23726786172702, 37.37628464039247 ] } },
{ "type": "Feature", "properties": { "バス停": "横地", "事業会社": "北鉄奥能登バス（株）", "系統": "穴水輪島線" }, "geometry": { "type": "Point", "coordinates": [ 136.905726506015554, 37.376088049260375 ] } },
{ "type": "Feature", "properties": { "バス停": "大沢大橋", "事業会社": "輪島市", "系統": "西保コース" }, "geometry": { "type": "Point", "coordinates": [ 136.801984171036196, 37.376014569471927 ] } },
{ "type": "Feature", "properties": { "バス停": "大沢", "事業会社": "輪島市", "系統": "西保コース" }, "geometry": { "type": "Point", "coordinates": [ 136.801000380201401, 37.375716518988057 ] } },
{ "type": "Feature", "properties": { "バス停": "国光", "事業会社": "北鉄奥能登バス（株）", "系統": "町野線" }, "geometry": { "type": "Point", "coordinates": [ 137.100168722430226, 37.37240221082817 ] } },
{ "type": "Feature", "properties": { "バス停": "長井", "事業会社": "北鉄奥能登バス（株）", "系統": "輪島線" }, "geometry": { "type": "Point", "coordinates": [ 136.87700227681853, 37.371960759553673 ] } },
{ "type": "Feature", "properties": { "バス停": "小川", "事業会社": "北鉄奥能登バス（株）", "系統": "穴水輪島線" }, "geometry": { "type": "Point", "coordinates": [ 136.906693613273688, 37.371889371010163 ] } },
{ "type": "Feature", "properties": { "バス停": "房田口", "事業会社": "輪島市", "系統": "空熊コース" }, "geometry": { "type": "Point", "coordinates": [ 136.873074015578851, 37.371637067422711 ] } },
{ "type": "Feature", "properties": { "バス停": "恋路浜", "事業会社": "北鉄奥能登バス（株）", "系統": "宇出津珠洲-A,宇出津珠洲-B" }, "geometry": { "type": "Point", "coordinates": [ 137.240648026485445, 37.369856281667559 ] } },
{ "type": "Feature", "properties": { "バス停": "石井", "事業会社": "北鉄奥能登バス（株）", "系統": "町野線" }, "geometry": { "type": "Point", "coordinates": [ 137.099866667516665, 37.369204030919057 ] } },
{ "type": "Feature", "properties": { "バス停": "柳田", "事業会社": "北鉄奥能登バス（株）", "系統": "町野線,宇出津珠洲-C" }, "geometry": { "type": "Point", "coordinates": [ 137.097404518299527, 37.36663624370405 ] } },
{ "type": "Feature", "properties": { "バス停": "上大沢", "事業会社": "輪島市", "系統": "西保コース" }, "geometry": { "type": "Point", "coordinates": [ 136.783979457846243, 37.366625661358647 ] } },
{ "type": "Feature", "properties": { "バス停": "南恋路", "事業会社": "北鉄奥能登バス（株）", "系統": "宇出津珠洲-A,宇出津珠洲-B" }, "geometry": { "type": "Point", "coordinates": [ 137.242165238616025, 37.36592805761363 ] } },
{ "type": "Feature", "properties": { "バス停": "是久", "事業会社": "北鉄奥能登バス（株）", "系統": "宇出津珠洲-C" }, "geometry": { "type": "Point", "coordinates": [ 137.189215433239923, 37.365480021447006 ] } },
{ "type": "Feature", "properties": { "バス停": "笹川橋", "事業会社": "北鉄奥能登バス（株）", "系統": "町野線" }, "geometry": { "type": "Point", "coordinates": [ 137.096802139472658, 37.36504393426474 ] } },
{ "type": "Feature", "properties": { "バス停": "川尻", "事業会社": "北鉄奥能登バス（株）", "系統": "穴水輪島線" }, "geometry": { "type": "Point", "coordinates": [ 136.906959227754413, 37.364747171356768 ] } },
{ "type": "Feature", "properties": { "バス停": "四十九坊", "事業会社": "北鉄奥能登バス（株）", "系統": "輪島線" }, "geometry": { "type": "Point", "coordinates": [ 136.869086283553372, 37.363628092428449 ] } },
{ "type": "Feature", "properties": { "バス停": "馬渡（珠洲市）", "事業会社": "北鉄奥能登バス（株）", "系統": "宇出津珠洲-C" }, "geometry": { "type": "Point", "coordinates": [ 137.169482617611038, 37.362976377694459 ] } },
{ "type": "Feature", "properties": { "バス停": "笹川", "事業会社": "北鉄奥能登バス（株）", "系統": "町野線" }, "geometry": { "type": "Point", "coordinates": [ 137.094924915650125, 37.362180921023786 ] } },
{ "type": "Feature", "properties": { "バス停": "安町", "事業会社": "北鉄奥能登バス（株）", "系統": "穴水輪島線" }, "geometry": { "type": "Point", "coordinates": [ 136.909969148382373, 37.361630146785025 ] } },
{ "type": "Feature", "properties": { "バス停": "黒川", "事業会社": "北鉄奥能登バス（株）", "系統": "輪島線" }, "geometry": { "type": "Point", "coordinates": [ 136.865666540794649, 37.360118640505235 ] } },
{ "type": "Feature", "properties": { "バス停": "技術専門校前", "事業会社": "北鉄奥能登バス（株）", "系統": "宇出津珠洲-A,宇出津珠洲-B" }, "geometry": { "type": "Point", "coordinates": [ 137.240701288377807, 37.359334024493535 ] } },
{ "type": "Feature", "properties": { "バス停": "西二又", "事業会社": "輪島市", "系統": "西保コース" }, "geometry": { "type": "Point", "coordinates": [ 136.791024609261001, 37.358766704241319 ] } },
{ "type": "Feature", "properties": { "バス停": "桐田", "事業会社": "北鉄奥能登バス（株）", "系統": "穴水輪島線" }, "geometry": { "type": "Point", "coordinates": [ 136.911901707417655, 37.357314640420832 ] } },
{ "type": "Feature", "properties": { "バス停": "松波城址公園口", "事業会社": "北鉄奥能登バス（株）", "系統": "宇出津珠洲-A,宇出津珠洲-B,穴水珠洲-B,穴水珠洲-C" }, "geometry": { "type": "Point", "coordinates": [ 137.240621141864153, 37.35709325539657 ] } },
{ "type": "Feature", "properties": { "バス停": "二俣学校前", "事業会社": "北鉄奥能登バス（株）", "系統": "輪島線" }, "geometry": { "type": "Point", "coordinates": [ 136.866988029022082, 37.356763780937918 ] } },
{ "type": "Feature", "properties": { "バス停": "松波本町", "事業会社": "北鉄奥能登バス（株）", "系統": "宇出津珠洲-A,宇出津珠洲-B,穴水珠洲-B,穴水珠洲-C" }, "geometry": { "type": "Point", "coordinates": [ 137.242156015033714, 37.355815456067788 ] } },
{ "type": "Feature", "properties": { "バス停": "内浦駒渡", "事業会社": "北鉄奥能登バス（株）", "系統": "宇出津珠洲-C" }, "geometry": { "type": "Point", "coordinates": [ 137.158618846052377, 37.3551838022994 ] } },
{ "type": "Feature", "properties": { "バス停": "市ノ瀬", "事業会社": "北鉄奥能登バス（株）", "系統": "穴水輪島線" }, "geometry": { "type": "Point", "coordinates": [ 136.908895982544436, 37.353802234053639 ] } },
{ "type": "Feature", "properties": { "バス停": "西松波", "事業会社": "北鉄奥能登バス（株）", "系統": "宇出津珠洲-B,穴水珠洲-B" }, "geometry": { "type": "Point", "coordinates": [ 137.241077381881354, 37.353626584897604 ] } },
{ "type": "Feature", "properties": { "バス停": "二俣", "事業会社": "北鉄奥能登バス（株）", "系統": "輪島線" }, "geometry": { "type": "Point", "coordinates": [ 136.865210897037855, 37.353541019574848 ] } },
{ "type": "Feature", "properties": { "バス停": "天坂橋", "事業会社": "北鉄奥能登バス（株）", "系統": "町野線" }, "geometry": { "type": "Point", "coordinates": [ 137.100824704656446, 37.353068851298531 ] } },
{ "type": "Feature", "properties": { "バス停": "内浦総合支所前", "事業会社": "北鉄奥能登バス（株）", "系統": "宇出津珠洲-A,穴水珠洲-C" }, "geometry": { "type": "Point", "coordinates": [ 137.243996208535009, 37.35299151980567 ] } },
{ "type": "Feature", "properties": { "バス停": "男女滝", "事業会社": "輪島市", "系統": "西保コース" }, "geometry": { "type": "Point", "coordinates": [ 136.7925934646494, 37.352173295480767 ] } },
{ "type": "Feature", "properties": { "バス停": "百成大角間", "事業会社": "輪島市", "系統": "七浦コース" }, "geometry": { "type": "Point", "coordinates": [ 136.764959481887644, 37.351959637728193 ] } },
{ "type": "Feature", "properties": { "バス停": "上町公民館前", "事業会社": "北鉄奥能登バス（株）", "系統": "町野線" }, "geometry": { "type": "Point", "coordinates": [ 137.109884972483229, 37.351793979806232 ] } },
{ "type": "Feature", "properties": { "バス停": "皆月", "事業会社": "輪島市", "系統": "七浦コース" }, "geometry": { "type": "Point", "coordinates": [ 136.757948925994668, 37.351524798487418 ] } },
{ "type": "Feature", "properties": { "バス停": "大久保口", "事業会社": "輪島市", "系統": "空熊コース" }, "geometry": { "type": "Point", "coordinates": [ 136.867325587725389, 37.351083043469693 ] } },
{ "type": "Feature", "properties": { "バス停": "柳田天坂", "事業会社": "北鉄奥能登バス（株）", "系統": "町野線" }, "geometry": { "type": "Point", "coordinates": [ 137.101885803970077, 37.350729411731706 ] } },
{ "type": "Feature", "properties": { "バス停": "七浦農協前", "事業会社": "輪島市", "系統": "七浦コース" }, "geometry": { "type": "Point", "coordinates": [ 136.755833103370918, 37.349044475983312 ] } },
{ "type": "Feature", "properties": { "バス停": "荒田", "事業会社": "北鉄奥能登バス（株）", "系統": "穴水輪島線" }, "geometry": { "type": "Point", "coordinates": [ 136.90507628781836, 37.34890825425817 ] } },
{ "type": "Feature", "properties": { "バス停": "下縄又", "事業会社": "北鉄奥能登バス（株）", "系統": "輪島線" }, "geometry": { "type": "Point", "coordinates": [ 136.860861621970514, 37.348444207555595 ] } },
{ "type": "Feature", "properties": { "バス停": "松波中学校前", "事業会社": "北鉄奥能登バス（株）", "系統": "宇出津珠洲-A,穴水珠洲-C" }, "geometry": { "type": "Point", "coordinates": [ 137.245636368248171, 37.347894028386285 ] } },
{ "type": "Feature", "properties": { "バス停": "能登上", "事業会社": "北鉄奥能登バス（株）", "系統": "宇出津珠洲-B,穴水珠洲-B" }, "geometry": { "type": "Point", "coordinates": [ 137.230190231121725, 37.347630898409456 ] } },
{ "type": "Feature", "properties": { "バス停": "井守上坂", "事業会社": "輪島市", "系統": "七浦コース" }, "geometry": { "type": "Point", "coordinates": [ 136.768640557789098, 37.347561342456899 ] } },
{ "type": "Feature", "properties": { "バス停": "上町", "事業会社": "北鉄奥能登バス（株）", "系統": "町野線,宇出津珠洲-C" }, "geometry": { "type": "Point", "coordinates": [ 137.114804366828224, 37.346823207053561 ] } },
{ "type": "Feature", "properties": { "バス停": "上山", "事業会社": "輪島市", "系統": "西保コース" }, "geometry": { "type": "Point", "coordinates": [ 136.798492497354744, 37.346562417756061 ] } },
{ "type": "Feature", "properties": { "バス停": "下別所谷", "事業会社": "輪島市", "系統": "空熊コース" }, "geometry": { "type": "Point", "coordinates": [ 136.872177940822269, 37.3464540452498 ] } },
{ "type": "Feature", "properties": { "バス停": "黒杉", "事業会社": "輪島市", "系統": "安代原・西円山コース" }, "geometry": { "type": "Point", "coordinates": [ 136.815035893900898, 37.345674911309949 ] } },
{ "type": "Feature", "properties": { "バス停": "小町", "事業会社": "輪島市", "系統": "安代原・西円山コース" }, "geometry": { "type": "Point", "coordinates": [ 136.794330105982539, 37.345252451518036 ] } },
{ "type": "Feature", "properties": { "バス停": "縄又", "事業会社": "北鉄奥能登バス（株）", "系統": "輪島線" }, "geometry": { "type": "Point", "coordinates": [ 136.849418920549965, 37.345128900108882 ] } },
{ "type": "Feature", "properties": { "バス停": "池田", "事業会社": "輪島市", "系統": "西保コース,安代原・西円山コース" }, "geometry": { "type": "Point", "coordinates": [ 136.803775507896916, 37.344757764059032 ] } },
{ "type": "Feature", "properties": { "バス停": "鵜山", "事業会社": "輪島市", "系統": "七浦コース" }, "geometry": { "type": "Point", "coordinates": [ 136.750756211377364, 37.344117436341662 ] } },
{ "type": "Feature", "properties": { "バス停": "内浦サンケン前", "事業会社": "北鉄奥能登バス（株）", "系統": "宇出津珠洲-B,穴水珠洲-B" }, "geometry": { "type": "Point", "coordinates": [ 137.228163179318415, 37.344121022740993 ] } },
{ "type": "Feature", "properties": { "バス停": "五十洲", "事業会社": "輪島市", "系統": "七浦コース" }, "geometry": { "type": "Point", "coordinates": [ 136.743722592679177, 37.343340111410633 ] } },
{ "type": "Feature", "properties": { "バス停": "九ノ里薬師寺前", "事業会社": "北鉄奥能登バス（株）", "系統": "宇出津珠洲-A,穴水珠洲-C" }, "geometry": { "type": "Point", "coordinates": [ 137.248384987213996, 37.343304266859825 ] } },
{ "type": "Feature", "properties": { "バス停": "雑座", "事業会社": "輪島市", "系統": "西保コース,安代原・西円山コース" }, "geometry": { "type": "Point", "coordinates": [ 136.805093012920253, 37.342979386518415 ] } },
{ "type": "Feature", "properties": { "バス停": "別所谷", "事業会社": "輪島市", "系統": "空熊コース" }, "geometry": { "type": "Point", "coordinates": [ 136.873189477065125, 37.342537886681733 ] } },
{ "type": "Feature", "properties": { "バス停": "下熊野", "事業会社": "北鉄奥能登バス（株）", "系統": "穴水輪島線" }, "geometry": { "type": "Point", "coordinates": [ 136.897472541953988, 37.342284357886903 ] } },
{ "type": "Feature", "properties": { "バス停": "松尾", "事業会社": "輪島市", "系統": "与呂見コース" }, "geometry": { "type": "Point", "coordinates": [ 136.947029285967915, 37.341352961416092 ] } },
{ "type": "Feature", "properties": { "バス停": "西円山", "事業会社": "北鉄奥能登バス（株）", "系統": "輪島線" }, "geometry": { "type": "Point", "coordinates": [ 136.828977123787411, 37.340471499376115 ] } },
{ "type": "Feature", "properties": { "バス停": "北鉄西円山", "事業会社": "輪島市", "系統": "安代原・西円山コース" }, "geometry": { "type": "Point", "coordinates": [ 136.828977123787411, 37.340471499376115 ] } },
{ "type": "Feature", "properties": { "バス停": "宮犬", "事業会社": "北鉄奥能登バス（株）", "系統": "宇出津珠洲-B,穴水珠洲-B" }, "geometry": { "type": "Point", "coordinates": [ 137.225316220991743, 37.340396657782144 ] } },
{ "type": "Feature", "properties": { "バス停": "中又", "事業会社": "北鉄奥能登バス（株）", "系統": "町野線" }, "geometry": { "type": "Point", "coordinates": [ 137.120047142632245, 37.340379040399498 ] } },
{ "type": "Feature", "properties": { "バス停": "九里川尻", "事業会社": "北鉄奥能登バス（株）", "系統": "宇出津珠洲-A,穴水珠洲-C" }, "geometry": { "type": "Point", "coordinates": [ 137.246692690783362, 37.340164148504186 ] } },
{ "type": "Feature", "properties": { "バス停": "西円山", "事業会社": "輪島市", "系統": "安代原・西円山コース" }, "geometry": { "type": "Point", "coordinates": [ 136.820091856690823, 37.340147918523385 ] } },
{ "type": "Feature", "properties": { "バス停": "熊野", "事業会社": "北鉄奥能登バス（株）", "系統": "穴水輪島線" }, "geometry": { "type": "Point", "coordinates": [ 136.897118820587309, 37.339803525116501 ] } },
{ "type": "Feature", "properties": { "バス停": "薄野", "事業会社": "輪島市", "系統": "七浦コース" }, "geometry": { "type": "Point", "coordinates": [ 136.786595078670757, 37.337646455602503 ] } },
{ "type": "Feature", "properties": { "バス停": "能登不動寺", "事業会社": "北鉄奥能登バス（株）", "系統": "宇出津珠洲-B,穴水珠洲-B" }, "geometry": { "type": "Point", "coordinates": [ 137.210690817489422, 37.336892347485708 ] } },
{ "type": "Feature", "properties": { "バス停": "帯壁", "事業会社": "輪島市", "系統": "空熊コース" }, "geometry": { "type": "Point", "coordinates": [ 136.871734968338444, 37.336520245034478 ] } },
{ "type": "Feature", "properties": { "バス停": "仁行", "事業会社": "輪島市", "系統": "与呂見コース" }, "geometry": { "type": "Point", "coordinates": [ 136.933321177911665, 37.33511504326065 ] } },
{ "type": "Feature", "properties": { "バス停": "柳田植物公園口", "事業会社": "北鉄奥能登バス（株）", "系統": "宇出津珠洲-C" }, "geometry": { "type": "Point", "coordinates": [ 137.135360350782094, 37.334140087886205 ] } },
{ "type": "Feature", "properties": { "バス停": "立壁口", "事業会社": "北鉄奥能登バス（株）", "系統": "宇出津珠洲-A,穴水珠洲-C" }, "geometry": { "type": "Point", "coordinates": [ 137.252836272912191, 37.33377344740434 ] } },
{ "type": "Feature", "properties": { "バス停": "外平", "事業会社": "輪島市", "系統": "与呂見コース" }, "geometry": { "type": "Point", "coordinates": [ 136.937603076748729, 37.333507243264691 ] } },
{ "type": "Feature", "properties": { "バス停": "清土", "事業会社": "輪島市", "系統": "七浦コース" }, "geometry": { "type": "Point", "coordinates": [ 136.791152553102165, 37.333043757787983 ] } },
{ "type": "Feature", "properties": { "バス停": "古屋", "事業会社": "輪島市", "系統": "与呂見コース" }, "geometry": { "type": "Point", "coordinates": [ 136.941103884674362, 37.3328287691333 ] } },
{ "type": "Feature", "properties": { "バス停": "袋", "事業会社": "輪島市", "系統": "与呂見コース" }, "geometry": { "type": "Point", "coordinates": [ 136.929606375904427, 37.332726618053776 ] } },
{ "type": "Feature", "properties": { "バス停": "秋吉", "事業会社": "北鉄奥能登バス（株）", "系統": "穴水珠洲-C" }, "geometry": { "type": "Point", "coordinates": [ 137.234907267041166, 37.332554232022744 ] } },
{ "type": "Feature", "properties": { "バス停": "立ケ谷内", "事業会社": "北鉄奥能登バス（株）", "系統": "町野線" }, "geometry": { "type": "Point", "coordinates": [ 137.12422569220999, 37.33221283785366 ] } },
{ "type": "Feature", "properties": { "バス停": "濁池", "事業会社": "輪島市", "系統": "七浦コース" }, "geometry": { "type": "Point", "coordinates": [ 136.794080995906398, 37.332125882888306 ] } },
{ "type": "Feature", "properties": { "バス停": "能登宮崎", "事業会社": "北鉄奥能登バス（株）", "系統": "宇出津珠洲-A,穴水珠洲-C" }, "geometry": { "type": "Point", "coordinates": [ 137.25998543774125, 37.329013866807543 ] } },
{ "type": "Feature", "properties": { "バス停": "下与呂見", "事業会社": "輪島市", "系統": "与呂見コース" }, "geometry": { "type": "Point", "coordinates": [ 136.961899919093725, 37.328928701788101 ] } },
{ "type": "Feature", "properties": { "バス停": "日砂子", "事業会社": "輪島市", "系統": "七浦コース" }, "geometry": { "type": "Point", "coordinates": [ 136.79661741380815, 37.328605803357412 ] } },
{ "type": "Feature", "properties": { "バス停": "中与呂見", "事業会社": "輪島市", "系統": "与呂見コース" }, "geometry": { "type": "Point", "coordinates": [ 136.965088284728751, 37.328221347011791 ] } },
{ "type": "Feature", "properties": { "バス停": "上与呂見", "事業会社": "輪島市", "系統": "与呂見コース" }, "geometry": { "type": "Point", "coordinates": [ 136.970392836546836, 37.32797231495406 ] } },
{ "type": "Feature", "properties": { "バス停": "下仁行", "事業会社": "輪島市", "系統": "与呂見コース" }, "geometry": { "type": "Point", "coordinates": [ 136.919378727117191, 37.3276244142045 ] } },
{ "type": "Feature", "properties": { "バス停": "時長", "事業会社": "北鉄奥能登バス（株）", "系統": "宇出津珠洲-B,穴水珠洲-B" }, "geometry": { "type": "Point", "coordinates": [ 137.200574584740565, 37.327081578439682 ] } },
{ "type": "Feature", "properties": { "バス停": "滝又", "事業会社": "輪島市", "系統": "空熊コース" }, "geometry": { "type": "Point", "coordinates": [ 136.867019875754977, 37.327070102894666 ] } },
{ "type": "Feature", "properties": { "バス停": "長坂", "事業会社": "北鉄奥能登バス（株）", "系統": "町野線,上曽又線" }, "geometry": { "type": "Point", "coordinates": [ 137.120146054782396, 37.326640606979979 ] } },
{ "type": "Feature", "properties": { "バス停": "下藤の瀬", "事業会社": "北鉄奥能登バス（株）", "系統": "上曽又線" }, "geometry": { "type": "Point", "coordinates": [ 137.102164499334265, 37.326235742942572 ] } },
{ "type": "Feature", "properties": { "バス停": "小淵橋", "事業会社": "北鉄奥能登バス（株）", "系統": "穴水輪島線" }, "geometry": { "type": "Point", "coordinates": [ 136.902335537071593, 37.325828064069235 ] } },
{ "type": "Feature", "properties": { "バス停": "小渕橋", "事業会社": "輪島市", "系統": "与呂見コース" }, "geometry": { "type": "Point", "coordinates": [ 136.902335537071593, 37.325828064069235 ] } },
{ "type": "Feature", "properties": { "バス停": "尺ヶ池", "事業会社": "輪島市", "系統": "安代原・西円山コース" }, "geometry": { "type": "Point", "coordinates": [ 136.786291771586463, 37.325747784239375 ] } },
{ "type": "Feature", "properties": { "バス停": "新村", "事業会社": "北鉄奥能登バス（株）", "系統": "宇出津珠洲-A,穴水珠洲-C" }, "geometry": { "type": "Point", "coordinates": [ 137.262915613721418, 37.325645153596476 ] } },
{ "type": "Feature", "properties": { "バス停": "上中屋", "事業会社": "北鉄奥能登バス（株）", "系統": "輪島線" }, "geometry": { "type": "Point", "coordinates": [ 136.818991680367191, 37.325379059981877 ] } },
{ "type": "Feature", "properties": { "バス停": "滝又小学校前", "事業会社": "輪島市", "系統": "空熊コース" }, "geometry": { "type": "Point", "coordinates": [ 136.8665664162572, 37.325030628777881 ] } },
{ "type": "Feature", "properties": { "バス停": "本江", "事業会社": "輪島市", "系統": "与呂見コース" }, "geometry": { "type": "Point", "coordinates": [ 136.90539531965598, 37.324872729249591 ] } },
{ "type": "Feature", "properties": { "バス停": "上曽又", "事業会社": "北鉄奥能登バス（株）", "系統": "上曽又線" }, "geometry": { "type": "Point", "coordinates": [ 137.072047955286308, 37.324194270286988 ] } },
{ "type": "Feature", "properties": { "バス停": "渡合", "事業会社": "北鉄奥能登バス（株）", "系統": "穴水輪島線" }, "geometry": { "type": "Point", "coordinates": [ 136.900650515144093, 37.323503549839927 ] } },
{ "type": "Feature", "properties": { "バス停": "渡合", "事業会社": "輪島市", "系統": "与呂見コース" }, "geometry": { "type": "Point", "coordinates": [ 136.900650515144093, 37.323503549839927 ] } },
{ "type": "Feature", "properties": { "バス停": "能登山中", "事業会社": "北鉄奥能登バス（株）", "系統": "宇出津珠洲-B,穴水珠洲-B" }, "geometry": { "type": "Point", "coordinates": [ 137.191049843829489, 37.323402311302331 ] } },
{ "type": "Feature", "properties": { "バス停": "出川口", "事業会社": "輪島市", "系統": "与呂見コース" }, "geometry": { "type": "Point", "coordinates": [ 136.915514242054456, 37.323336897017228 ] } },
{ "type": "Feature", "properties": { "バス停": "吉尾口", "事業会社": "北鉄奥能登バス（株）", "系統": "上曽又線" }, "geometry": { "type": "Point", "coordinates": [ 137.094717824254673, 37.323269724384573 ] } },
{ "type": "Feature", "properties": { "バス停": "曽又", "事業会社": "北鉄奥能登バス（株）", "系統": "上曽又線" }, "geometry": { "type": "Point", "coordinates": [ 137.07624021305304, 37.32267601246771 ] } },
{ "type": "Feature", "properties": { "バス停": "中村", "事業会社": "輪島市", "系統": "与呂見コース" }, "geometry": { "type": "Point", "coordinates": [ 136.912153735285244, 37.322384367678637 ] } },
{ "type": "Feature", "properties": { "バス停": "十八束", "事業会社": "北鉄奥能登バス（株）", "系統": "宇出津珠洲-B,穴水珠洲-B" }, "geometry": { "type": "Point", "coordinates": [ 137.178989583895259, 37.322079909378587 ] } },
{ "type": "Feature", "properties": { "バス停": "藤の瀬", "事業会社": "北鉄奥能登バス（株）", "系統": "上曽又線" }, "geometry": { "type": "Point", "coordinates": [ 137.105795155411101, 37.32187135464369 ] } },
{ "type": "Feature", "properties": { "バス停": "中屋", "事業会社": "北鉄奥能登バス（株）", "系統": "輪島線" }, "geometry": { "type": "Point", "coordinates": [ 136.811625343782907, 37.321577907546107 ] } },
{ "type": "Feature", "properties": { "バス停": "長尾（能登町内浦長尾）", "事業会社": "北鉄奥能登バス（株）", "系統": "宇出津珠洲-A,穴水珠洲-C" }, "geometry": { "type": "Point", "coordinates": [ 137.257189027611105, 37.32087639883818 ] } },
{ "type": "Feature", "properties": { "バス停": "上中野屋", "事業会社": "輪島市", "系統": "七浦コース" }, "geometry": { "type": "Point", "coordinates": [ 136.792528049988505, 37.320037757236591 ] } },
{ "type": "Feature", "properties": { "バス停": "興徳寺", "事業会社": "北鉄奥能登バス（株）", "系統": "穴水輪島線" }, "geometry": { "type": "Point", "coordinates": [ 136.900264651931394, 37.319115428934161 ] } },
{ "type": "Feature", "properties": { "バス停": "興徳寺", "事業会社": "輪島市", "系統": "与呂見コース" }, "geometry": { "type": "Point", "coordinates": [ 136.900264651931394, 37.319115428934161 ] } },
{ "type": "Feature", "properties": { "バス停": "鶴町", "事業会社": "北鉄奥能登バス（株）", "系統": "上曽又線" }, "geometry": { "type": "Point", "coordinates": [ 137.091160565556379, 37.318574565456011 ] } },
{ "type": "Feature", "properties": { "バス停": "上藤の瀬", "事業会社": "北鉄奥能登バス（株）", "系統": "上曽又線" }, "geometry": { "type": "Point", "coordinates": [ 137.10544811585936, 37.31799957288424 ] } },
{ "type": "Feature", "properties": { "バス停": "後谷", "事業会社": "北鉄奥能登バス（株）", "系統": "上曽又線" }, "geometry": { "type": "Point", "coordinates": [ 137.081808936372312, 37.317398513157521 ] } },
{ "type": "Feature", "properties": { "バス停": "平体口", "事業会社": "北鉄奥能登バス（株）", "系統": "町野線,上曽又線" }, "geometry": { "type": "Point", "coordinates": [ 137.136565228552911, 37.316308208203615 ] } },
{ "type": "Feature", "properties": { "バス停": "中野屋", "事業会社": "輪島市", "系統": "七浦コース" }, "geometry": { "type": "Point", "coordinates": [ 136.793245992892196, 37.315436081392001 ] } },
{ "type": "Feature", "properties": { "バス停": "安代原", "事業会社": "輪島市", "系統": "安代原・西円山コース" }, "geometry": { "type": "Point", "coordinates": [ 136.782529049860926, 37.315352724505949 ] } },
{ "type": "Feature", "properties": { "バス停": "三井駅前", "事業会社": "北鉄奥能登バス（株）", "系統": "穴水輪島線" }, "geometry": { "type": "Point", "coordinates": [ 136.901869974755755, 37.315310598873808 ] } },
{ "type": "Feature", "properties": { "バス停": "三井駅", "事業会社": "輪島市", "系統": "与呂見コース,内屋・坂田コース" }, "geometry": { "type": "Point", "coordinates": [ 136.901869974755755, 37.315310598873808 ] } },
{ "type": "Feature", "properties": { "バス停": "出張所前", "事業会社": "輪島市", "系統": "与呂見コース" }, "geometry": { "type": "Point", "coordinates": [ 136.902881840066101, 37.315042046176004 ] } },
{ "type": "Feature", "properties": { "バス停": "宇加塚", "事業会社": "北鉄奥能登バス（株）", "系統": "上曽又線" }, "geometry": { "type": "Point", "coordinates": [ 137.100262625820875, 37.314936981733069 ] } },
{ "type": "Feature", "properties": { "バス停": "五色ヶ浜", "事業会社": "北鉄奥能登バス（株）", "系統": "宇出津珠洲-A,穴水珠洲-C" }, "geometry": { "type": "Point", "coordinates": [ 137.24930383192094, 37.314885721725503 ] } },
{ "type": "Feature", "properties": { "バス停": "田谷出", "事業会社": "北鉄奥能登バス（株）", "系統": "上曽又線" }, "geometry": { "type": "Point", "coordinates": [ 137.084650235079323, 37.314807533069768 ] } },
{ "type": "Feature", "properties": { "バス停": "宮下医院前", "事業会社": "輪島市", "系統": "与呂見コース" }, "geometry": { "type": "Point", "coordinates": [ 136.901323701396564, 37.313995718999578 ] } },
{ "type": "Feature", "properties": { "バス停": "ホテルのときんぷら前", "事業会社": "北鉄奥能登バス（株）", "系統": "宇出津珠洲-A,穴水珠洲-C" }, "geometry": { "type": "Point", "coordinates": [ 137.234611847942801, 37.3138763684453 ] } },
{ "type": "Feature", "properties": { "バス停": "落合", "事業会社": "輪島市", "系統": "空熊コース" }, "geometry": { "type": "Point", "coordinates": [ 136.858998510993814, 37.313698066965415 ] } },
{ "type": "Feature", "properties": { "バス停": "知気女", "事業会社": "北鉄奥能登バス（株）", "系統": "輪島線" }, "geometry": { "type": "Point", "coordinates": [ 136.799916898124053, 37.313142396994827 ] } },
{ "type": "Feature", "properties": { "バス停": "宇加塚口", "事業会社": "北鉄奥能登バス（株）", "系統": "上曽又線" }, "geometry": { "type": "Point", "coordinates": [ 137.103795690929758, 37.312798188843317 ] } },
{ "type": "Feature", "properties": { "バス停": "梅の木", "事業会社": "北鉄奥能登バス（株）", "系統": "町野線,上曽又線" }, "geometry": { "type": "Point", "coordinates": [ 137.143213661298915, 37.312731095597016 ] } },
{ "type": "Feature", "properties": { "バス停": "長沢", "事業会社": "北鉄奥能登バス（株）", "系統": "穴水輪島線" }, "geometry": { "type": "Point", "coordinates": [ 136.901119901125071, 37.312598080809039 ] } },
{ "type": "Feature", "properties": { "バス停": "六郎木", "事業会社": "輪島市", "系統": "深見・六郎木コース" }, "geometry": { "type": "Point", "coordinates": [ 136.743576967879164, 37.311834188409378 ] } },
{ "type": "Feature", "properties": { "バス停": "能登新保", "事業会社": "北鉄奥能登バス（株）", "系統": "宇出津珠洲-A,穴水珠洲-C" }, "geometry": { "type": "Point", "coordinates": [ 137.247933041728999, 37.311429119867235 ] } },
{ "type": "Feature", "properties": { "バス停": "山分", "事業会社": "北鉄奥能登バス（株）", "系統": "宇出津珠洲-B,穴水珠洲-B" }, "geometry": { "type": "Point", "coordinates": [ 137.153621372154106, 37.310772447963842 ] } },
{ "type": "Feature", "properties": { "バス停": "九十九湾", "事業会社": "北鉄奥能登バス（株）", "系統": "宇出津珠洲-A,穴水珠洲-C" }, "geometry": { "type": "Point", "coordinates": [ 137.22841987863265, 37.310618717294723 ] } },
{ "type": "Feature", "properties": { "バス停": "越坂口", "事業会社": "北鉄奥能登バス（株）", "系統": "宇出津珠洲-A,穴水珠洲-C" }, "geometry": { "type": "Point", "coordinates": [ 137.23876016949896, 37.310349446159748 ] } },
{ "type": "Feature", "properties": { "バス停": "能登町役場前", "事業会社": "北鉄奥能登バス（株）", "系統": "町野線,上曽又線,宇出津珠洲-A,宇出津珠洲-B,宇出津珠洲-C,穴水珠洲-B,穴水珠洲-C,穴水宇出津-A,穴水宇出津-B,穴水宇出津-C" }, "geometry": { "type": "Point", "coordinates": [ 137.147633389323545, 37.30993020228604 ] } },
{ "type": "Feature", "properties": { "バス停": "宇出津病院前", "事業会社": "北鉄奥能登バス（株）", "系統": "町野線,上曽又線,宇出津珠洲-A,宇出津珠洲-B,宇出津珠洲-C,穴水珠洲-B,穴水珠洲-C,穴水宇出津-A,穴水宇出津-B,穴水宇出津-C" }, "geometry": { "type": "Point", "coordinates": [ 137.148086750433976, 37.308522891985106 ] } },
{ "type": "Feature", "properties": { "バス停": "空熊", "事業会社": "輪島市", "系統": "空熊コース" }, "geometry": { "type": "Point", "coordinates": [ 136.857205347435951, 37.30846553128292 ] } },
{ "type": "Feature", "properties": { "バス停": "浅生田", "事業会社": "輪島市", "系統": "安代原・西円山コース" }, "geometry": { "type": "Point", "coordinates": [ 136.787515465183674, 37.307909499821072 ] } },
{ "type": "Feature", "properties": { "バス停": "越坂", "事業会社": "北鉄奥能登バス（株）", "系統": "宇出津珠洲-A,穴水珠洲-C" }, "geometry": { "type": "Point", "coordinates": [ 137.241657755304232, 37.307553212889168 ] } },
{ "type": "Feature", "properties": { "バス停": "小泉", "事業会社": "北鉄奥能登バス（株）", "系統": "穴水輪島線" }, "geometry": { "type": "Point", "coordinates": [ 136.901748701704634, 37.307364465397889 ] } },
{ "type": "Feature", "properties": { "バス停": "新村浜", "事業会社": "北鉄奥能登バス（株）", "系統": "宇出津珠洲-A,穴水珠洲-C" }, "geometry": { "type": "Point", "coordinates": [ 137.151813942062205, 37.307291184168783 ] } },
{ "type": "Feature", "properties": { "バス停": "深見", "事業会社": "輪島市", "系統": "深見・六郎木コース" }, "geometry": { "type": "Point", "coordinates": [ 136.727134563755271, 37.307194950640351 ] } },
{ "type": "Feature", "properties": { "バス停": "浦上", "事業会社": "北鉄奥能登バス（株）", "系統": "輪島線" }, "geometry": { "type": "Point", "coordinates": [ 136.798433416531992, 37.307113607486784 ] } },
{ "type": "Feature", "properties": { "バス停": "浦上", "事業会社": "輪島市", "系統": "七浦コース,安代原・西円山コース" }, "geometry": { "type": "Point", "coordinates": [ 136.798433416531992, 37.307113607486784 ] } },
{ "type": "Feature", "properties": { "バス停": "金大実験所口", "事業会社": "北鉄奥能登バス（株）", "系統": "宇出津珠洲-A,穴水珠洲-C" }, "geometry": { "type": "Point", "coordinates": [ 137.228101444112099, 37.306942209634265 ] } },
{ "type": "Feature", "properties": { "バス停": "いやさか広場前", "事業会社": "北鉄奥能登バス（株）", "系統": "宇出津珠洲-A,穴水珠洲-C" }, "geometry": { "type": "Point", "coordinates": [ 137.150860721687451, 37.306930931979508 ] } },
{ "type": "Feature", "properties": { "バス停": "能登田町", "事業会社": "北鉄奥能登バス（株）", "系統": "町野線,上曽又線,宇出津珠洲-A,宇出津珠洲-B,宇出津珠洲-C,穴水珠洲-B,穴水珠洲-C,穴水宇出津-A,穴水宇出津-B,穴水宇出津-C" }, "geometry": { "type": "Point", "coordinates": [ 137.147917138386049, 37.306708120307341 ] } },
{ "type": "Feature", "properties": { "バス停": "坂田", "事業会社": "輪島市", "系統": "内屋・坂田コース" }, "geometry": { "type": "Point", "coordinates": [ 136.942878467623188, 37.306424093464685 ] } },
{ "type": "Feature", "properties": { "バス停": "遠島山公園下", "事業会社": "北鉄奥能登バス（株）", "系統": "宇出津珠洲-A,穴水珠洲-C" }, "geometry": { "type": "Point", "coordinates": [ 137.156927397125173, 37.305644278396457 ] } },
{ "type": "Feature", "properties": { "バス停": "公民館", "事業会社": "輪島市", "系統": "安代原・西円山コース" }, "geometry": { "type": "Point", "coordinates": [ 136.797716054589415, 37.30556959448402 ] } },
{ "type": "Feature", "properties": { "バス停": "田の浦", "事業会社": "北鉄奥能登バス（株）", "系統": "宇出津珠洲-A,穴水珠洲-C" }, "geometry": { "type": "Point", "coordinates": [ 137.160244606053396, 37.304728075032976 ] } },
{ "type": "Feature", "properties": { "バス停": "新保", "事業会社": "北鉄奥能登バス（株）", "系統": "穴水輪島線" }, "geometry": { "type": "Point", "coordinates": [ 136.898916642287503, 37.303941131053755 ] } },
{ "type": "Feature", "properties": { "バス停": "九十九岸", "事業会社": "北鉄奥能登バス（株）", "系統": "宇出津珠洲-A,穴水珠洲-C" }, "geometry": { "type": "Point", "coordinates": [ 137.229067584035306, 37.303516276678074 ] } },
{ "type": "Feature", "properties": { "バス停": "高瀬口", "事業会社": "北鉄奥能登バス（株）", "系統": "宇出津珠洲-A,穴水珠洲-C" }, "geometry": { "type": "Point", "coordinates": [ 137.218951741995227, 37.302553814700318 ] } },
{ "type": "Feature", "properties": { "バス停": "崎山", "事業会社": "北鉄奥能登バス（株）", "系統": "宇出津珠洲-A,穴水珠洲-B,穴水宇出津-B" }, "geometry": { "type": "Point", "coordinates": [ 137.148047336068345, 37.302332284238339 ] } },
{ "type": "Feature", "properties": { "バス停": "縄文真脇温泉口", "事業会社": "北鉄奥能登バス（株）", "系統": "宇出津珠洲-A,穴水珠洲-C" }, "geometry": { "type": "Point", "coordinates": [ 137.20776122408904, 37.302055206470946 ] } },
{ "type": "Feature", "properties": { "バス停": "正仏", "事業会社": "北鉄奥能登バス（株）", "系統": "輪島線" }, "geometry": { "type": "Point", "coordinates": [ 136.798346175774554, 37.301733947686429 ] } },
{ "type": "Feature", "properties": { "バス停": "正仏", "事業会社": "輪島市", "系統": "七浦コース" }, "geometry": { "type": "Point", "coordinates": [ 136.798346175774554, 37.301733947686429 ] } },
{ "type": "Feature", "properties": { "バス停": "真脇", "事業会社": "北鉄奥能登バス（株）", "系統": "宇出津珠洲-A,穴水珠洲-C" }, "geometry": { "type": "Point", "coordinates": [ 137.204590729131638, 37.301496014321799 ] } },
{ "type": "Feature", "properties": { "バス停": "本小浦", "事業会社": "北鉄奥能登バス（株）", "系統": "宇出津珠洲-A,穴水珠洲-C" }, "geometry": { "type": "Point", "coordinates": [ 137.191074289992486, 37.301085678703856 ] } },
{ "type": "Feature", "properties": { "バス停": "小木港", "事業会社": "北鉄奥能登バス（株）", "系統": "宇出津珠洲-A,穴水珠洲-C" }, "geometry": { "type": "Point", "coordinates": [ 137.228205830706912, 37.300989325993115 ] } },
{ "type": "Feature", "properties": { "バス停": "羽根漁港", "事業会社": "北鉄奥能登バス（株）", "系統": "宇出津珠洲-A,穴水珠洲-C" }, "geometry": { "type": "Point", "coordinates": [ 137.173198518557371, 37.30022864768079 ] } },
{ "type": "Feature", "properties": { "バス停": "辺田の浜", "事業会社": "北鉄奥能登バス（株）", "系統": "町野線,上曽又線,宇出津珠洲-A,宇出津珠洲-B,宇出津珠洲-C,穴水珠洲-B,穴水珠洲-C,穴水宇出津-A,穴水宇出津-B,穴水宇出津-C" }, "geometry": { "type": "Point", "coordinates": [ 137.144770202158838, 37.299884407386799 ] } },
{ "type": "Feature", "properties": { "バス停": "加村口", "事業会社": "北鉄奥能登バス（株）", "系統": "穴水輪島線" }, "geometry": { "type": "Point", "coordinates": [ 136.897875576066951, 37.299684038901823 ] } },
{ "type": "Feature", "properties": { "バス停": "小木町", "事業会社": "北鉄奥能登バス（株）", "系統": "宇出津珠洲-A,穴水珠洲-C" }, "geometry": { "type": "Point", "coordinates": [ 137.226804645990001, 37.299573611828841 ] } },
{ "type": "Feature", "properties": { "バス停": "臨空産業団地前", "事業会社": "北鉄奥能登バス（株）", "系統": "穴水輪島線" }, "geometry": { "type": "Point", "coordinates": [ 136.961244732357045, 37.299280681092974 ] } },
{ "type": "Feature", "properties": { "バス停": "姫幸港口", "事業会社": "北鉄奥能登バス（株）", "系統": "宇出津珠洲-A,穴水珠洲-C" }, "geometry": { "type": "Point", "coordinates": [ 137.216128262818273, 37.299212471491899 ] } },
{ "type": "Feature", "properties": { "バス停": "能登高校南", "事業会社": "北鉄奥能登バス（株）", "系統": "町野線,上曽又線,宇出津珠洲-A,宇出津珠洲-B,穴水珠洲-B,穴水珠洲-C,穴水宇出津-B,穴水宇出津-C" }, "geometry": { "type": "Point", "coordinates": [ 137.148917076108916, 37.298801593930357 ] } },
{ "type": "Feature", "properties": { "バス停": "姫上野台", "事業会社": "北鉄奥能登バス（株）", "系統": "宇出津珠洲-A,穴水珠洲-C" }, "geometry": { "type": "Point", "coordinates": [ 137.212149545176572, 37.297942783417561 ] } },
{ "type": "Feature", "properties": { "バス停": "あての木園前", "事業会社": "北鉄奥能登バス（株）", "系統": "穴水輪島線" }, "geometry": { "type": "Point", "coordinates": [ 136.897059975211903, 37.296857641771275 ] } },
{ "type": "Feature", "properties": { "バス停": "姫中組", "事業会社": "北鉄奥能登バス（株）", "系統": "宇出津珠洲-A,穴水珠洲-C" }, "geometry": { "type": "Point", "coordinates": [ 137.20991148006172, 37.296803131832569 ] } },
{ "type": "Feature", "properties": { "バス停": "高根尾", "事業会社": "輪島市", "系統": "安代原・西円山コース" }, "geometry": { "type": "Point", "coordinates": [ 136.784086191643979, 37.295910908813042 ] } },
{ "type": "Feature", "properties": { "バス停": "のと里山空港", "事業会社": "北鉄奥能登バス（株）", "系統": "穴水輪島線" }, "geometry": { "type": "Point", "coordinates": [ 136.957060535634241, 37.295403765450054 ] } },
{ "type": "Feature", "properties": { "バス停": "田村", "事業会社": "北鉄奥能登バス（株）", "系統": "輪島線" }, "geometry": { "type": "Point", "coordinates": [ 136.792231847358806, 37.295127194313864 ] } },
{ "type": "Feature", "properties": { "バス停": "田村", "事業会社": "輪島市", "系統": "七浦コース,安代原・西円山コース" }, "geometry": { "type": "Point", "coordinates": [ 136.792231847358806, 37.295127194313864 ] } },
{ "type": "Feature", "properties": { "バス停": "藤波駅口", "事業会社": "北鉄奥能登バス（株）", "系統": "宇出津珠洲-C,穴水珠洲-B,穴水珠洲-C,穴水宇出津-A,穴水宇出津-B,穴水宇出津-C" }, "geometry": { "type": "Point", "coordinates": [ 137.136497174610412, 37.295024406601165 ] } },
{ "type": "Feature", "properties": { "バス停": "内屋", "事業会社": "輪島市", "系統": "内屋・坂田コース" }, "geometry": { "type": "Point", "coordinates": [ 136.881020441049174, 37.293423728939516 ] } },
{ "type": "Feature", "properties": { "バス停": "市の坂", "事業会社": "北鉄奥能登バス（株）", "系統": "穴水輪島線" }, "geometry": { "type": "Point", "coordinates": [ 136.893712742230974, 37.293389587853348 ] } },
{ "type": "Feature", "properties": { "バス停": "健民テニスコート前", "事業会社": "北鉄奥能登バス（株）", "系統": "宇出津珠洲-C,穴水珠洲-B,穴水珠洲-C,穴水宇出津-A,穴水宇出津-B,穴水宇出津-C" }, "geometry": { "type": "Point", "coordinates": [ 137.133779690477269, 37.293177579431315 ] } },
{ "type": "Feature", "properties": { "バス停": "本市口", "事業会社": "北鉄奥能登バス（株）", "系統": "輪島線,穴水線" }, "geometry": { "type": "Point", "coordinates": [ 136.787241344477081, 37.292944425588708 ] } },
{ "type": "Feature", "properties": { "バス停": "本市口", "事業会社": "輪島市", "系統": "七浦コース" }, "geometry": { "type": "Point", "coordinates": [ 136.787241344477081, 37.292944425588708 ] } },
{ "type": "Feature", "properties": { "バス停": "本市", "事業会社": "輪島市", "系統": "安代原・西円山コース" }, "geometry": { "type": "Point", "coordinates": [ 136.785527653800983, 37.292346633479305 ] } },
{ "type": "Feature", "properties": { "バス停": "門前中学校", "事業会社": "輪島市", "系統": "久川コース,七浦コース" }, "geometry": { "type": "Point", "coordinates": [ 136.765752622639553, 37.292109751269663 ] } },
{ "type": "Feature", "properties": { "バス停": "能登間島", "事業会社": "北鉄奥能登バス（株）", "系統": "宇出津珠洲-C,穴水珠洲-B,穴水珠洲-C,穴水宇出津-A,穴水宇出津-B,穴水宇出津-C" }, "geometry": { "type": "Point", "coordinates": [ 137.128316870220601, 37.291700050204405 ] } },
{ "type": "Feature", "properties": { "バス停": "走出", "事業会社": "北鉄奥能登バス（株）", "系統": "輪島線,穴水線" }, "geometry": { "type": "Point", "coordinates": [ 136.77000247153677, 37.290359245743744 ] } },
{ "type": "Feature", "properties": { "バス停": "走出", "事業会社": "輪島市", "系統": "久川コース,七浦コース" }, "geometry": { "type": "Point", "coordinates": [ 136.77000247153677, 37.290359245743744 ] } },
{ "type": "Feature", "properties": { "バス停": "門前", "事業会社": "輪島市", "系統": "安代原・西円山コース,猿橋・小石コース,深見・六郎木コース,二又・入山コース" }, "geometry": { "type": "Point", "coordinates": [ 136.770050246494861, 37.29035869208586 ] } },
{ "type": "Feature", "properties": { "バス停": "東道下", "事業会社": "輪島市", "系統": "久川コース" }, "geometry": { "type": "Point", "coordinates": [ 136.746465257658571, 37.290139061641227 ] } },
{ "type": "Feature", "properties": { "バス停": "本市", "事業会社": "北鉄奥能登バス（株）", "系統": "輪島線,穴水線" }, "geometry": { "type": "Point", "coordinates": [ 136.783519053460509, 37.290140393303872 ] } },
{ "type": "Feature", "properties": { "バス停": "本市", "事業会社": "輪島市", "系統": "七浦コース" }, "geometry": { "type": "Point", "coordinates": [ 136.783519053460509, 37.290140393303872 ] } },
{ "type": "Feature", "properties": { "バス停": "鹿磯", "事業会社": "輪島市", "系統": "深見・六郎木コース" }, "geometry": { "type": "Point", "coordinates": [ 136.735476295552189, 37.289984006300351 ] } },
{ "type": "Feature", "properties": { "バス停": "道下", "事業会社": "輪島市", "系統": "久川コース" }, "geometry": { "type": "Point", "coordinates": [ 136.744535689040134, 37.289742649477816 ] } },
{ "type": "Feature", "properties": { "バス停": "勝田口", "事業会社": "輪島市", "系統": "久川コース" }, "geometry": { "type": "Point", "coordinates": [ 136.752350215375515, 37.289687875384104 ] } },
{ "type": "Feature", "properties": { "バス停": "州衛", "事業会社": "北鉄奥能登バス（株）", "系統": "穴水輪島線" }, "geometry": { "type": "Point", "coordinates": [ 136.92823170841541, 37.289438650948981 ] } },
{ "type": "Feature", "properties": { "バス停": "保健センター前", "事業会社": "北鉄奥能登バス（株）", "系統": "輪島線,穴水線" }, "geometry": { "type": "Point", "coordinates": [ 136.779056086376016, 37.289247238371985 ] } },
{ "type": "Feature", "properties": { "バス停": "保健センター前", "事業会社": "輪島市", "系統": "七浦コース" }, "geometry": { "type": "Point", "coordinates": [ 136.779056086376016, 37.289247238371985 ] } },
{ "type": "Feature", "properties": { "バス停": "広瀬", "事業会社": "北鉄奥能登バス（株）", "系統": "輪島線,穴水線" }, "geometry": { "type": "Point", "coordinates": [ 136.777217620678385, 37.2889944058496 ] } },
{ "type": "Feature", "properties": { "バス停": "広瀬", "事業会社": "輪島市", "系統": "七浦コース" }, "geometry": { "type": "Point", "coordinates": [ 136.777217620678385, 37.2889944058496 ] } },
{ "type": "Feature", "properties": { "バス停": "禅の里交流館前", "事業会社": "北鉄奥能登バス（株）", "系統": "輪島線,穴水線" }, "geometry": { "type": "Point", "coordinates": [ 136.768690411947972, 37.28895682810353 ] } },
{ "type": "Feature", "properties": { "バス停": "禅の里交流館前", "事業会社": "輪島市", "系統": "久川コース" }, "geometry": { "type": "Point", "coordinates": [ 136.768690411947972, 37.28895682810353 ] } },
{ "type": "Feature", "properties": { "バス停": "日野尾", "事業会社": "北鉄奥能登バス（株）", "系統": "輪島線,穴水線" }, "geometry": { "type": "Point", "coordinates": [ 136.773803703098167, 37.288892876932522 ] } },
{ "type": "Feature", "properties": { "バス停": "日野尾", "事業会社": "輪島市", "系統": "七浦コース" }, "geometry": { "type": "Point", "coordinates": [ 136.773803703098167, 37.288892876932522 ] } },
{ "type": "Feature", "properties": { "バス停": "西道下", "事業会社": "輪島市", "系統": "久川コース" }, "geometry": { "type": "Point", "coordinates": [ 136.741354570328696, 37.288705433718725 ] } },
{ "type": "Feature", "properties": { "バス停": "林業センター前", "事業会社": "輪島市", "系統": "久川コース" }, "geometry": { "type": "Point", "coordinates": [ 136.759133514977577, 37.288253188011474 ] } },
{ "type": "Feature", "properties": { "バス停": "門前グラウンドゴルフ場", "事業会社": "輪島市", "系統": "深見・六郎木コース" }, "geometry": { "type": "Point", "coordinates": [ 136.738593676992252, 37.288055699526467 ] } },
{ "type": "Feature", "properties": { "バス停": "内保", "事業会社": "北鉄奥能登バス（株）", "系統": "穴水線" }, "geometry": { "type": "Point", "coordinates": [ 136.806028694142668, 37.287822791542148 ] } },
{ "type": "Feature", "properties": { "バス停": "谷口", "事業会社": "北鉄奥能登バス（株）", "系統": "穴水線" }, "geometry": { "type": "Point", "coordinates": [ 136.811254593952299, 37.287755792455258 ] } },
{ "type": "Feature", "properties": { "バス停": "波並駅前", "事業会社": "北鉄奥能登バス（株）", "系統": "宇出津珠洲-C,穴水珠洲-B,穴水珠洲-C,穴水宇出津-A,穴水宇出津-B,穴水宇出津-C" }, "geometry": { "type": "Point", "coordinates": [ 137.115449475492198, 37.287598352996675 ] } },
{ "type": "Feature", "properties": { "バス停": "貝喰", "事業会社": "北鉄奥能登バス（株）", "系統": "穴水線" }, "geometry": { "type": "Point", "coordinates": [ 136.800937569055634, 37.287412608442565 ] } },
{ "type": "Feature", "properties": { "バス停": "栃木口", "事業会社": "北鉄奥能登バス（株）", "系統": "穴水線" }, "geometry": { "type": "Point", "coordinates": [ 136.791767354613853, 37.287236369628502 ] } },
{ "type": "Feature", "properties": { "バス停": "山辺", "事業会社": "北鉄奥能登バス（株）", "系統": "穴水線" }, "geometry": { "type": "Point", "coordinates": [ 136.795263142652431, 37.287192094979936 ] } },
{ "type": "Feature", "properties": { "バス停": "門前総持寺前", "事業会社": "北鉄奥能登バス（株）", "系統": "輪島線,穴水線" }, "geometry": { "type": "Point", "coordinates": [ 136.767315330323413, 37.287022511948663 ] } },
{ "type": "Feature", "properties": { "バス停": "総持寺前", "事業会社": "輪島市", "系統": "久川コース,七浦コース" }, "geometry": { "type": "Point", "coordinates": [ 136.768179174023487, 37.286938665662852 ] } },
{ "type": "Feature", "properties": { "バス停": "舘", "事業会社": "輪島市", "系統": "猿橋・小石コース" }, "geometry": { "type": "Point", "coordinates": [ 136.764554415202724, 37.286411069099614 ] } },
{ "type": "Feature", "properties": { "バス停": "道下栄町", "事業会社": "輪島市", "系統": "久川コース" }, "geometry": { "type": "Point", "coordinates": [ 136.739373471699622, 37.285577096921919 ] } },
{ "type": "Feature", "properties": { "バス停": "納能屋口", "事業会社": "北鉄奥能登バス（株）", "系統": "穴水線" }, "geometry": { "type": "Point", "coordinates": [ 136.815276658204965, 37.285256208851806 ] } },
{ "type": "Feature", "properties": { "バス停": "三波", "事業会社": "北鉄奥能登バス（株）", "系統": "宇出津珠洲-C,穴水珠洲-B,穴水珠洲-C,穴水宇出津-A,穴水宇出津-B,穴水宇出津-C" }, "geometry": { "type": "Point", "coordinates": [ 137.11205678911054, 37.284978495907581 ] } },
{ "type": "Feature", "properties": { "バス停": "二又川", "事業会社": "北鉄奥能登バス（株）", "系統": "穴水線" }, "geometry": { "type": "Point", "coordinates": [ 136.826094729199411, 37.284376388030076 ] } },
{ "type": "Feature", "properties": { "バス停": "旧本郷小学校前", "事業会社": "北鉄奥能登バス（株）", "系統": "穴水線" }, "geometry": { "type": "Point", "coordinates": [ 136.828890675691554, 37.283488246395805 ] } },
{ "type": "Feature", "properties": { "バス停": "黒島", "事業会社": "輪島市", "系統": "久川コース" }, "geometry": { "type": "Point", "coordinates": [ 136.734816365935586, 37.283376128268607 ] } },
{ "type": "Feature", "properties": { "バス停": "広岡住宅", "事業会社": "輪島市", "系統": "猿橋・小石コース" }, "geometry": { "type": "Point", "coordinates": [ 136.76303250207593, 37.283105187132307 ] } },
{ "type": "Feature", "properties": { "バス停": "木住", "事業会社": "北鉄奥能登バス（株）", "系統": "穴水珠洲-B,穴水宇出津-C" }, "geometry": { "type": "Point", "coordinates": [ 137.03516661995522, 37.282892894136673 ] } },
{ "type": "Feature", "properties": { "バス停": "能登瑞穂", "事業会社": "北鉄奥能登バス（株）", "系統": "穴水珠洲-B,穴水珠洲-C,穴水宇出津-C" }, "geometry": { "type": "Point", "coordinates": [ 137.041026209963945, 37.281657631696952 ] } },
{ "type": "Feature", "properties": { "バス停": "平", "事業会社": "北鉄奥能登バス（株）", "系統": "穴水線" }, "geometry": { "type": "Point", "coordinates": [ 136.833810433158675, 37.281154509832653 ] } },
{ "type": "Feature", "properties": { "バス停": "町", "事業会社": "北鉄奥能登バス（株）", "系統": "穴水珠洲-B,穴水珠洲-C,穴水宇出津-C" }, "geometry": { "type": "Point", "coordinates": [ 137.045654787973518, 37.280235712790045 ] } },
{ "type": "Feature", "properties": { "バス停": "広岡", "事業会社": "輪島市", "系統": "猿橋・小石コース" }, "geometry": { "type": "Point", "coordinates": [ 136.762258940036304, 37.278902460905627 ] } },
{ "type": "Feature", "properties": { "バス停": "南黒島", "事業会社": "輪島市", "系統": "久川コース" }, "geometry": { "type": "Point", "coordinates": [ 136.733490870066731, 37.278321402657298 ] } },
{ "type": "Feature", "properties": { "バス停": "八乃田", "事業会社": "北鉄奥能登バス（株）", "系統": "穴水珠洲-B,穴水珠洲-C,穴水宇出津-C" }, "geometry": { "type": "Point", "coordinates": [ 137.05158553772344, 37.278190058891603 ] } },
{ "type": "Feature", "properties": { "バス停": "能登本木", "事業会社": "北鉄奥能登バス（株）", "系統": "穴水珠洲-B,穴水宇出津-C" }, "geometry": { "type": "Point", "coordinates": [ 137.028065295134354, 37.277124153433157 ] } },
{ "type": "Feature", "properties": { "バス停": "矢波弁天", "事業会社": "北鉄奥能登バス（株）", "系統": "宇出津珠洲-C,穴水珠洲-B,穴水珠洲-C,穴水宇出津-A,穴水宇出津-B,穴水宇出津-C" }, "geometry": { "type": "Point", "coordinates": [ 137.096728770232033, 37.275785585651136 ] } },
{ "type": "Feature", "properties": { "バス停": "別所", "事業会社": "北鉄奥能登バス（株）", "系統": "穴水線" }, "geometry": { "type": "Point", "coordinates": [ 136.839354206745952, 37.274987053041485 ] } },
{ "type": "Feature", "properties": { "バス停": "東大町", "事業会社": "北鉄奥能登バス（株）", "系統": "穴水線" }, "geometry": { "type": "Point", "coordinates": [ 136.842513711161928, 37.274008375092926 ] } },
{ "type": "Feature", "properties": { "バス停": "精育園前", "事業会社": "北鉄奥能登バス（株）", "系統": "穴水輪島線" }, "geometry": { "type": "Point", "coordinates": [ 136.9198372269652, 37.27305038893536 ] } },
{ "type": "Feature", "properties": { "バス停": "高内畠", "事業会社": "北鉄奥能登バス（株）", "系統": "穴水珠洲-B,穴水宇出津-C" }, "geometry": { "type": "Point", "coordinates": [ 137.014986881919441, 37.272596763667906 ] } },
{ "type": "Feature", "properties": { "バス停": "大口", "事業会社": "輪島市", "系統": "久川コース" }, "geometry": { "type": "Point", "coordinates": [ 136.731749622832069, 37.27256815062254 ] } },
{ "type": "Feature", "properties": { "バス停": "柿生", "事業会社": "北鉄奥能登バス（株）", "系統": "穴水珠洲-B,穴水珠洲-C,穴水宇出津-C" }, "geometry": { "type": "Point", "coordinates": [ 137.055782154954272, 37.272480313546616 ] } },
{ "type": "Feature", "properties": { "バス停": "荒屋", "事業会社": "北鉄奥能登バス（株）", "系統": "穴水線" }, "geometry": { "type": "Point", "coordinates": [ 136.846412706707611, 37.270999401516413 ] } },
{ "type": "Feature", "properties": { "バス停": "荒屋", "事業会社": "穴水町", "系統": "四村線" }, "geometry": { "type": "Point", "coordinates": [ 136.846412706707611, 37.270999401516413 ] } },
{ "type": "Feature", "properties": { "バス停": "貝吹口", "事業会社": "北鉄奥能登バス（株）", "系統": "穴水線" }, "geometry": { "type": "Point", "coordinates": [ 136.864217330168316, 37.2709532713831 ] } },
{ "type": "Feature", "properties": { "バス停": "貝吹口", "事業会社": "穴水町", "系統": "四村線" }, "geometry": { "type": "Point", "coordinates": [ 136.864217330168316, 37.2709532713831 ] } },
{ "type": "Feature", "properties": { "バス停": "原", "事業会社": "北鉄奥能登バス（株）", "系統": "穴水線" }, "geometry": { "type": "Point", "coordinates": [ 136.856396675420484, 37.269892330251068 ] } },
{ "type": "Feature", "properties": { "バス停": "原", "事業会社": "穴水町", "系統": "四村線" }, "geometry": { "type": "Point", "coordinates": [ 136.856396675420484, 37.269892330251068 ] } },
{ "type": "Feature", "properties": { "バス停": "能登神道", "事業会社": "北鉄奥能登バス（株）", "系統": "穴水珠洲-B,穴水珠洲-C,穴水宇出津-C" }, "geometry": { "type": "Point", "coordinates": [ 137.057724639314756, 37.269363526512642 ] } },
{ "type": "Feature", "properties": { "バス停": "なごみ", "事業会社": "北鉄奥能登バス（株）", "系統": "宇出津珠洲-C,穴水珠洲-B,穴水宇出津-A,穴水宇出津-B,穴水宇出津-C" }, "geometry": { "type": "Point", "coordinates": [ 137.094320452948978, 37.267886407209659 ] } },
{ "type": "Feature", "properties": { "バス停": "小又", "事業会社": "北鉄奥能登バス（株）", "系統": "穴水線,穴水輪島線" }, "geometry": { "type": "Point", "coordinates": [ 136.882454535206165, 37.265677169803688 ] } },
{ "type": "Feature", "properties": { "バス停": "小又", "事業会社": "穴水町", "系統": "四村線" }, "geometry": { "type": "Point", "coordinates": [ 136.882454535206165, 37.265677169803688 ] } },
{ "type": "Feature", "properties": { "バス停": "定広", "事業会社": "穴水町", "系統": "四村線" }, "geometry": { "type": "Point", "coordinates": [ 136.842218083378498, 37.265321277916129 ] } },
{ "type": "Feature", "properties": { "バス停": "北川", "事業会社": "輪島市", "系統": "久川コース,二又・入山コース" }, "geometry": { "type": "Point", "coordinates": [ 136.727774664062252, 37.265309682281583 ] } },
{ "type": "Feature", "properties": { "バス停": "谷屋", "事業会社": "北鉄奥能登バス（株）", "系統": "穴水珠洲-B,穴水珠洲-C,穴水宇出津-C" }, "geometry": { "type": "Point", "coordinates": [ 137.062563256996327, 37.265135561398914 ] } },
{ "type": "Feature", "properties": { "バス停": "能登七見", "事業会社": "北鉄奥能登バス（株）", "系統": "宇出津珠洲-C,穴水珠洲-B,穴水珠洲-C,穴水宇出津-A,穴水宇出津-B,穴水宇出津-C" }, "geometry": { "type": "Point", "coordinates": [ 137.090526231617702, 37.26441388189027 ] } },
{ "type": "Feature", "properties": { "バス停": "猿橋", "事業会社": "輪島市", "系統": "猿橋・小石コース" }, "geometry": { "type": "Point", "coordinates": [ 136.762476078590652, 37.263940707774474 ] } },
{ "type": "Feature", "properties": { "バス停": "千代", "事業会社": "輪島市", "系統": "二又・入山コース" }, "geometry": { "type": "Point", "coordinates": [ 136.737783732910458, 37.263523500610056 ] } },
{ "type": "Feature", "properties": { "バス停": "小垣", "事業会社": "北鉄奥能登バス（株）", "系統": "穴水珠洲-B,穴水珠洲-C,穴水宇出津-C" }, "geometry": { "type": "Point", "coordinates": [ 137.071673283450423, 37.261237406739831 ] } },
{ "type": "Feature", "properties": { "バス停": "是清", "事業会社": "輪島市", "系統": "二又・入山コース" }, "geometry": { "type": "Point", "coordinates": [ 136.731399547820104, 37.259181880685937 ] } },
{ "type": "Feature", "properties": { "バス停": "風原", "事業会社": "輪島市", "系統": "猿橋・小石コース" }, "geometry": { "type": "Point", "coordinates": [ 136.770794967109026, 37.259136891605067 ] } },
{ "type": "Feature", "properties": { "バス停": "小石", "事業会社": "輪島市", "系統": "猿橋・小石コース" }, "geometry": { "type": "Point", "coordinates": [ 136.799936027746469, 37.258954828172122 ] } },
{ "type": "Feature", "properties": { "バス停": "池田", "事業会社": "輪島市", "系統": "久川コース" }, "geometry": { "type": "Point", "coordinates": [ 136.722910396711399, 37.258041992411663 ] } },
{ "type": "Feature", "properties": { "バス停": "能登桜木", "事業会社": "北鉄奥能登バス（株）", "系統": "宇出津珠洲-C,穴水珠洲-B,穴水珠洲-C,穴水宇出津-A,穴水宇出津-B,穴水宇出津-C" }, "geometry": { "type": "Point", "coordinates": [ 137.089390180750542, 37.257625735049842 ] } },
{ "type": "Feature", "properties": { "バス停": "上河内", "事業会社": "輪島市", "系統": "猿橋・小石コース" }, "geometry": { "type": "Point", "coordinates": [ 136.77896449460826, 37.256637530771165 ] } },
{ "type": "Feature", "properties": { "バス停": "唐川口", "事業会社": "北鉄奥能登バス（株）", "系統": "穴水線,穴水輪島線" }, "geometry": { "type": "Point", "coordinates": [ 136.882865215954183, 37.256547646886965 ] } },
{ "type": "Feature", "properties": { "バス停": "唐川口", "事業会社": "穴水町", "系統": "四村線" }, "geometry": { "type": "Point", "coordinates": [ 136.882865215954183, 37.256547646886965 ] } },
{ "type": "Feature", "properties": { "バス停": "鵜川口", "事業会社": "北鉄奥能登バス（株）", "系統": "宇出津珠洲-C,穴水珠洲-B,穴水珠洲-C,穴水宇出津-A,穴水宇出津-B,穴水宇出津-C" }, "geometry": { "type": "Point", "coordinates": [ 137.083231153939721, 37.256063229479864 ] } },
{ "type": "Feature", "properties": { "バス停": "鵜川駅前", "事業会社": "北鉄奥能登バス（株）", "系統": "宇出津珠洲-C,穴水珠洲-B,穴水珠洲-C,穴水宇出津-A,穴水宇出津-B,穴水宇出津-C" }, "geometry": { "type": "Point", "coordinates": [ 137.081231396856538, 37.256008191266154 ] } },
{ "type": "Feature", "properties": { "バス停": "藤の浜", "事業会社": "輪島市", "系統": "久川コース" }, "geometry": { "type": "Point", "coordinates": [ 136.719849545743728, 37.254897504570145 ] } },
{ "type": "Feature", "properties": { "バス停": "南", "事業会社": "輪島市", "系統": "二又・入山コース" }, "geometry": { "type": "Point", "coordinates": [ 136.731262701498565, 37.254682114011473 ] } },
{ "type": "Feature", "properties": { "バス停": "上曽山", "事業会社": "北鉄奥能登バス（株）", "系統": "穴水珠洲-B,穴水宇出津-C" }, "geometry": { "type": "Point", "coordinates": [ 137.003738762027439, 37.253670552075022 ] } },
{ "type": "Feature", "properties": { "バス停": "中田", "事業会社": "輪島市", "系統": "二又・入山コース" }, "geometry": { "type": "Point", "coordinates": [ 136.742921694993584, 37.253321779061814 ] } },
{ "type": "Feature", "properties": { "バス停": "鍛冶屋口", "事業会社": "輪島市", "系統": "二又・入山コース" }, "geometry": { "type": "Point", "coordinates": [ 136.739016985023483, 37.25288672738241 ] } },
{ "type": "Feature", "properties": { "バス停": "大角間", "事業会社": "穴水町", "系統": "四村線" }, "geometry": { "type": "Point", "coordinates": [ 136.820562837169206, 37.252723037693393 ] } },
{ "type": "Feature", "properties": { "バス停": "下曽山", "事業会社": "北鉄奥能登バス（株）", "系統": "穴水珠洲-B,穴水宇出津-C" }, "geometry": { "type": "Point", "coordinates": [ 136.996293010074339, 37.249337554996281 ] } },
{ "type": "Feature", "properties": { "バス停": "平野", "事業会社": "北鉄奥能登バス（株）", "系統": "穴水線,穴水輪島線" }, "geometry": { "type": "Point", "coordinates": [ 136.891237929005598, 37.249105167138559 ] } },
{ "type": "Feature", "properties": { "バス停": "平野", "事業会社": "穴水町", "系統": "四村線" }, "geometry": { "type": "Point", "coordinates": [ 136.891237929005598, 37.249105167138559 ] } },
{ "type": "Feature", "properties": { "バス停": "椎木口", "事業会社": "輪島市", "系統": "二又・入山コース" }, "geometry": { "type": "Point", "coordinates": [ 136.752363887509489, 37.248534849742107 ] } },
{ "type": "Feature", "properties": { "バス停": "赤神", "事業会社": "輪島市", "系統": "久川コース" }, "geometry": { "type": "Point", "coordinates": [ 136.711504806265822, 37.247784320697725 ] } },
{ "type": "Feature", "properties": { "バス停": "小山", "事業会社": "輪島市", "系統": "二又・入山コース" }, "geometry": { "type": "Point", "coordinates": [ 136.757318351744317, 37.246748847154578 ] } },
{ "type": "Feature", "properties": { "バス停": "竹太", "事業会社": "北鉄奥能登バス（株）", "系統": "穴水珠洲-B,穴水宇出津-A,穴水宇出津-B,穴水東部線" }, "geometry": { "type": "Point", "coordinates": [ 137.079266669509309, 37.246546493528484 ] } },
{ "type": "Feature", "properties": { "バス停": "太田川", "事業会社": "北鉄奥能登バス（株）", "系統": "穴水珠洲-B,穴水宇出津-A,穴水宇出津-B,穴水東部線" }, "geometry": { "type": "Point", "coordinates": [ 137.075187422669131, 37.245036830513804 ] } },
{ "type": "Feature", "properties": { "バス停": "穴水此の木", "事業会社": "北鉄奥能登バス（株）", "系統": "穴水線,穴水輪島線" }, "geometry": { "type": "Point", "coordinates": [ 136.899158592545461, 37.243855781952838 ] } },
{ "type": "Feature", "properties": { "バス停": "穴水此の木", "事業会社": "穴水町", "系統": "四村線" }, "geometry": { "type": "Point", "coordinates": [ 136.899158592545461, 37.243855781952838 ] } },
{ "type": "Feature", "properties": { "バス停": "此の木", "事業会社": "北鉄奥能登バス（株）", "系統": "穴水線,穴水輪島線" }, "geometry": { "type": "Point", "coordinates": [ 136.900533459721885, 37.243152300023489 ] } },
{ "type": "Feature", "properties": { "バス停": "此の木", "事業会社": "穴水町", "系統": "四村線" }, "geometry": { "type": "Point", "coordinates": [ 136.900533459721885, 37.243152300023489 ] } },
{ "type": "Feature", "properties": { "バス停": "大切口", "事業会社": "輪島市", "系統": "二又・入山コース" }, "geometry": { "type": "Point", "coordinates": [ 136.760583557581555, 37.242863895399907 ] } },
{ "type": "Feature", "properties": { "バス停": "二又", "事業会社": "輪島市", "系統": "二又・入山コース" }, "geometry": { "type": "Point", "coordinates": [ 136.763756973968128, 37.2421296309575 ] } },
{ "type": "Feature", "properties": { "バス停": "桂谷", "事業会社": "穴水町", "系統": "四村線" }, "geometry": { "type": "Point", "coordinates": [ 136.822494194612545, 37.241973758873492 ] } },
{ "type": "Feature", "properties": { "バス停": "腰細", "事業会社": "輪島市", "系統": "久川コース" }, "geometry": { "type": "Point", "coordinates": [ 136.701518680209347, 37.241322327855329 ] } },
{ "type": "Feature", "properties": { "バス停": "山是清", "事業会社": "輪島市", "系統": "二又・入山コース" }, "geometry": { "type": "Point", "coordinates": [ 136.771817819491133, 37.241268570057372 ] } },
{ "type": "Feature", "properties": { "バス停": "上中", "事業会社": "穴水町", "系統": "四村線" }, "geometry": { "type": "Point", "coordinates": [ 136.818552328152322, 37.240705111828476 ] } },
{ "type": "Feature", "properties": { "バス停": "庚申町", "事業会社": "北鉄奥能登バス（株）", "系統": "穴水線,穴水輪島線" }, "geometry": { "type": "Point", "coordinates": [ 136.900385882327271, 37.239402705506315 ] } },
{ "type": "Feature", "properties": { "バス停": "庚申町", "事業会社": "穴水町", "系統": "四村線" }, "geometry": { "type": "Point", "coordinates": [ 136.900385882327271, 37.239402705506315 ] } },
{ "type": "Feature", "properties": { "バス停": "江崎", "事業会社": "輪島市", "系統": "二又・入山コース" }, "geometry": { "type": "Point", "coordinates": [ 136.76269328210131, 37.23933328436879 ] } },
{ "type": "Feature", "properties": { "バス停": "大泊", "事業会社": "輪島市", "系統": "久川コース" }, "geometry": { "type": "Point", "coordinates": [ 136.700860291624736, 37.238804026221338 ] } },
{ "type": "Feature", "properties": { "バス停": "古君中町", "事業会社": "北鉄奥能登バス（株）", "系統": "穴水珠洲-B,穴水宇出津-A,穴水宇出津-B,穴水東部線" }, "geometry": { "type": "Point", "coordinates": [ 137.072457355056258, 37.23866471704951 ] } },
{ "type": "Feature", "properties": { "バス停": "下出（穴水町）", "事業会社": "北鉄奥能登バス（株）", "系統": "穴水珠洲-B,穴水珠洲-C,穴水宇出津-A,穴水宇出津-B,穴水宇出津-C,穴水東部線" }, "geometry": { "type": "Point", "coordinates": [ 136.941188428582024, 37.237931820812342 ] } },
{ "type": "Feature", "properties": { "バス停": "北浦", "事業会社": "輪島市", "系統": "二又・入山コース" }, "geometry": { "type": "Point", "coordinates": [ 136.745081141153946, 37.237888774103233 ] } },
{ "type": "Feature", "properties": { "バス停": "西比良", "事業会社": "北鉄奥能登バス（株）", "系統": "穴水珠洲-B,穴水宇出津-A,穴水宇出津-B,穴水宇出津-C,穴水東部線" }, "geometry": { "type": "Point", "coordinates": [ 136.960647725402367, 37.236636280978701 ] } },
{ "type": "Feature", "properties": { "バス停": "古君集会所前", "事業会社": "北鉄奥能登バス（株）", "系統": "穴水珠洲-B,穴水宇出津-A,穴水宇出津-B,穴水東部線" }, "geometry": { "type": "Point", "coordinates": [ 137.071474196140059, 37.236181644723558 ] } },
{ "type": "Feature", "properties": { "バス停": "北七海", "事業会社": "北鉄奥能登バス（株）", "系統": "穴水珠洲-B,穴水宇出津-A,穴水宇出津-B,穴水宇出津-C,穴水東部線" }, "geometry": { "type": "Point", "coordinates": [ 136.917634627044123, 37.236042072344105 ] } },
{ "type": "Feature", "properties": { "バス停": "麦ヶ浦", "事業会社": "北鉄奥能登バス（株）", "系統": "穴水珠洲-B,穴水宇出津-A,穴水宇出津-B,穴水宇出津-C,穴水東部線" }, "geometry": { "type": "Point", "coordinates": [ 136.925678520192577, 37.236042359570291 ] } },
{ "type": "Feature", "properties": { "バス停": "市の坂（穴水町）", "事業会社": "北鉄奥能登バス（株）", "系統": "穴水宇出津-A,穴水東部線" }, "geometry": { "type": "Point", "coordinates": [ 137.001621742433002, 37.235953465931857 ] } },
{ "type": "Feature", "properties": { "バス停": "東山（穴水町）", "事業会社": "北鉄奥能登バス（株）", "系統": "穴水宇出津-A,穴水東部線" }, "geometry": { "type": "Point", "coordinates": [ 137.027589803071805, 37.235823892749863 ] } },
{ "type": "Feature", "properties": { "バス停": "比良農協前", "事業会社": "北鉄奥能登バス（株）", "系統": "穴水珠洲-B,穴水宇出津-A,穴水宇出津-B,穴水宇出津-C,穴水東部線" }, "geometry": { "type": "Point", "coordinates": [ 136.96458523565363, 37.235702348342443 ] } },
{ "type": "Feature", "properties": { "バス停": "中居北口", "事業会社": "北鉄奥能登バス（株）", "系統": "穴水珠洲-B,穴水宇出津-A,穴水宇出津-B,穴水宇出津-C,穴水東部線" }, "geometry": { "type": "Point", "coordinates": [ 136.943346725270317, 37.235469120668419 ] } },
{ "type": "Feature", "properties": { "バス停": "白禿", "事業会社": "輪島市", "系統": "二又・入山コース" }, "geometry": { "type": "Point", "coordinates": [ 136.760977765361616, 37.235176254764177 ] } },
{ "type": "Feature", "properties": { "バス停": "比良駅前", "事業会社": "北鉄奥能登バス（株）", "系統": "穴水珠洲-B,穴水珠洲-C,穴水宇出津-A,穴水宇出津-C,穴水東部線" }, "geometry": { "type": "Point", "coordinates": [ 136.968538858467952, 37.234730365475244 ] } },
{ "type": "Feature", "properties": { "バス停": "向洋中学校", "事業会社": "北鉄奥能登バス（株）", "系統": "穴水珠洲-B,穴水宇出津-B,穴水東部線" }, "geometry": { "type": "Point", "coordinates": [ 136.96749506854249, 37.234460086627507 ] } },
{ "type": "Feature", "properties": { "バス停": "飯川谷", "事業会社": "輪島市", "系統": "二又・入山コース" }, "geometry": { "type": "Point", "coordinates": [ 136.738593011292267, 37.23440681095574 ] } },
{ "type": "Feature", "properties": { "バス停": "旭ヶ丘2区", "事業会社": "北鉄奥能登バス（株）", "系統": "穴水宇出津-A,穴水東部線" }, "geometry": { "type": "Point", "coordinates": [ 136.987184800503968, 37.234276438462892 ] } },
{ "type": "Feature", "properties": { "バス停": "穴水総合病院", "事業会社": "北鉄奥能登バス（株）", "系統": "穴水線,穴水輪島線,鹿島線,穴水珠洲-B,穴水宇出津-A,穴水宇出津-B,穴水宇出津-C,穴水東部線" }, "geometry": { "type": "Point", "coordinates": [ 136.908555200434193, 37.233875577299713 ] } },
{ "type": "Feature", "properties": { "バス停": "穴水総合病院", "事業会社": "穴水町", "系統": "四村線" }, "geometry": { "type": "Point", "coordinates": [ 136.908555200434193, 37.233875577299713 ] } },
{ "type": "Feature", "properties": { "バス停": "向洋小学校", "事業会社": "北鉄奥能登バス（株）", "系統": "穴水珠洲-B,穴水宇出津-A,穴水宇出津-B,穴水宇出津-C,穴水東部線" }, "geometry": { "type": "Point", "coordinates": [ 136.951240051037615, 37.233699612352886 ] } },
{ "type": "Feature", "properties": { "バス停": "栄町", "事業会社": "北鉄奥能登バス（株）", "系統": "穴水線,穴水輪島線,穴水珠洲-B,穴水宇出津-A,穴水宇出津-B,穴水宇出津-C,穴水東部線" }, "geometry": { "type": "Point", "coordinates": [ 136.905783591159263, 37.233634383813644 ] } },
{ "type": "Feature", "properties": { "バス停": "中居南口", "事業会社": "北鉄奥能登バス（株）", "系統": "穴水珠洲-B,穴水宇出津-A,穴水宇出津-B,穴水宇出津-C,穴水東部線" }, "geometry": { "type": "Point", "coordinates": [ 136.947415651778783, 37.233580038541191 ] } },
{ "type": "Feature", "properties": { "バス停": "女良川", "事業会社": "北鉄奥能登バス（株）", "系統": "穴水宇出津-A,穴水東部線" }, "geometry": { "type": "Point", "coordinates": [ 137.02017533286093, 37.233263709238578 ] } },
{ "type": "Feature", "properties": { "バス停": "能登川尻", "事業会社": "北鉄奥能登バス（株）", "系統": "穴水珠洲-B,穴水宇出津-B,穴水東部線" }, "geometry": { "type": "Point", "coordinates": [ 136.967570136073732, 37.233108859803927 ] } },
{ "type": "Feature", "properties": { "バス停": "入山", "事業会社": "輪島市", "系統": "二又・入山コース" }, "geometry": { "type": "Point", "coordinates": [ 136.725162059550428, 37.232554689217459 ] } },
{ "type": "Feature", "properties": { "バス停": "剱地", "事業会社": "輪島市", "系統": "久川コース" }, "geometry": { "type": "Point", "coordinates": [ 136.7049928283474, 37.232063938918699 ] } },
{ "type": "Feature", "properties": { "バス停": "渡瀬", "事業会社": "輪島市", "系統": "二又・入山コース" }, "geometry": { "type": "Point", "coordinates": [ 136.73063664178008, 37.231702209993649 ] } },
{ "type": "Feature", "properties": { "バス停": "小又（穴水町山中）", "事業会社": "北鉄奥能登バス（株）", "系統": "穴水宇出津-A,穴水東部線" }, "geometry": { "type": "Point", "coordinates": [ 137.009943900058062, 37.23162862461011 ] } },
{ "type": "Feature", "properties": { "バス停": "花園口（穴水町）", "事業会社": "北鉄奥能登バス（株）", "系統": "穴水珠洲-B,穴水宇出津-A,穴水宇出津-B,穴水東部線" }, "geometry": { "type": "Point", "coordinates": [ 137.067223669957286, 37.231186547772332 ] } },
{ "type": "Feature", "properties": { "バス停": "大島町", "事業会社": "北鉄奥能登バス（株）", "系統": "穴水線,穴水輪島線,穴水珠洲-B,穴水宇出津-A,穴水宇出津-B,穴水宇出津-C,穴水東部線" }, "geometry": { "type": "Point", "coordinates": [ 136.90572205688099, 37.231150769378921 ] } },
{ "type": "Feature", "properties": { "バス停": "上馬場", "事業会社": "輪島市", "系統": "久川コース" }, "geometry": { "type": "Point", "coordinates": [ 136.721128621554044, 37.231018097874269 ] } },
{ "type": "Feature", "properties": { "バス停": "渡瀬口", "事業会社": "輪島市", "系統": "久川コース" }, "geometry": { "type": "Point", "coordinates": [ 136.726498443974833, 37.23081803232408 ] } },
{ "type": "Feature", "properties": { "バス停": "越渡", "事業会社": "穴水町", "系統": "四村線" }, "geometry": { "type": "Point", "coordinates": [ 136.81466707629275, 37.230761935051994 ] } },
{ "type": "Feature", "properties": { "バス停": "下馬場", "事業会社": "輪島市", "系統": "久川コース" }, "geometry": { "type": "Point", "coordinates": [ 136.713672136242479, 37.230151222465601 ] } },
{ "type": "Feature", "properties": { "バス停": "出村", "事業会社": "穴水町", "系統": "四村線" }, "geometry": { "type": "Point", "coordinates": [ 136.880889079842234, 37.230032554448655 ] } },
{ "type": "Feature", "properties": { "バス停": "剱地東出", "事業会社": "輪島市", "系統": "久川コース" }, "geometry": { "type": "Point", "coordinates": [ 136.708470966110042, 37.229860204123085 ] } },
{ "type": "Feature", "properties": { "バス停": "婦人ホーム口", "事業会社": "北鉄奥能登バス（株）", "系統": "穴水東部線" }, "geometry": { "type": "Point", "coordinates": [ 136.983356750882763, 37.22961943205074 ] } },
{ "type": "Feature", "properties": { "バス停": "明千寺", "事業会社": "北鉄奥能登バス（株）", "系統": "穴水宇出津-A,穴水東部線" }, "geometry": { "type": "Point", "coordinates": [ 137.059291695028293, 37.229510664047616 ] } },
{ "type": "Feature", "properties": { "バス停": "しな谷", "事業会社": "穴水町", "系統": "四村線" }, "geometry": { "type": "Point", "coordinates": [ 136.818597930141578, 37.229479751905693 ] } },
{ "type": "Feature", "properties": { "バス停": "穴水高校口", "事業会社": "北鉄奥能登バス（株）", "系統": "高校線,穴水珠洲-B,穴水宇出津-A,穴水宇出津-B,穴水宇出津-C,穴水東部線" }, "geometry": { "type": "Point", "coordinates": [ 136.920020587662009, 37.229459826774615 ] } },
{ "type": "Feature", "properties": { "バス停": "東町（穴水役場口）", "事業会社": "北鉄奥能登バス（株）", "系統": "穴水線,穴水輪島線,鹿島線,高校線,穴水珠洲-B,穴水宇出津-A,穴水宇出津-B,穴水宇出津-C,穴水東部線" }, "geometry": { "type": "Point", "coordinates": [ 136.909796682294683, 37.229306974745349 ] } },
{ "type": "Feature", "properties": { "バス停": "東町", "事業会社": "穴水町", "系統": "四村線" }, "geometry": { "type": "Point", "coordinates": [ 136.909796682294683, 37.229306974745349 ] } },
{ "type": "Feature", "properties": { "バス停": "穴水中学校前", "事業会社": "穴水町", "系統": "四村線" }, "geometry": { "type": "Point", "coordinates": [ 136.901124070728827, 37.229283287867268 ] } },
{ "type": "Feature", "properties": { "バス停": "来迎寺谷", "事業会社": "穴水町", "系統": "四村線" }, "geometry": { "type": "Point", "coordinates": [ 136.896037161239491, 37.229127550839195 ] } },
{ "type": "Feature", "properties": { "バス停": "大町", "事業会社": "穴水町", "系統": "四村線" }, "geometry": { "type": "Point", "coordinates": [ 136.906645952976589, 37.228894114780338 ] } },
{ "type": "Feature", "properties": { "バス停": "大町（穴水町）", "事業会社": "北鉄奥能登バス（株）", "系統": "穴水線,穴水輪島線,穴水珠洲-B,穴水宇出津-A,穴水宇出津-B,穴水宇出津-C,穴水東部線" }, "geometry": { "type": "Point", "coordinates": [ 136.906665675849524, 37.228836344281689 ] } },
{ "type": "Feature", "properties": { "バス停": "宇留地", "事業会社": "穴水町", "系統": "四村線" }, "geometry": { "type": "Point", "coordinates": [ 136.886791823023515, 37.228536239102112 ] } },
{ "type": "Feature", "properties": { "バス停": "城山住宅前", "事業会社": "北鉄奥能登バス（株）", "系統": "高校線,穴水珠洲-B,穴水宇出津-A,穴水宇出津-B,穴水宇出津-C,穴水東部線" }, "geometry": { "type": "Point", "coordinates": [ 136.914838981080578, 37.228293657953927 ] } },
{ "type": "Feature", "properties": { "バス停": "清沢口", "事業会社": "輪島市", "系統": "久川コース" }, "geometry": { "type": "Point", "coordinates": [ 136.731174328192338, 37.228037178976706 ] } },
{ "type": "Feature", "properties": { "バス停": "穴水駅前", "事業会社": "穴水町", "系統": "四村線" }, "geometry": { "type": "Point", "coordinates": [ 136.905578618986993, 37.228042776551057 ] } },
{ "type": "Feature", "properties": { "バス停": "穴水高校前", "事業会社": "北鉄奥能登バス（株）", "系統": "高校線" }, "geometry": { "type": "Point", "coordinates": [ 136.921786602641504, 37.227960886562784 ] } },
{ "type": "Feature", "properties": { "バス停": "穴水駅前", "事業会社": "北鉄奥能登バス（株）", "系統": "穴水線,穴水輪島線,鹿島線,高校線,穴水珠洲-B,穴水珠洲-C,穴水宇出津-A,穴水宇出津-B,穴水宇出津-C,穴水東部線" }, "geometry": { "type": "Point", "coordinates": [ 136.905186170185232, 37.227917496737113 ] } },
{ "type": "Feature", "properties": { "バス停": "穴水小学校前", "事業会社": "北鉄奥能登バス（株）", "系統": "鹿島線,穴水珠洲-B,穴水宇出津-A,穴水宇出津-B" }, "geometry": { "type": "Point", "coordinates": [ 136.906942124445806, 37.226950461198768 ] } },
{ "type": "Feature", "properties": { "バス停": "穴水小学校前", "事業会社": "穴水町", "系統": "四村線" }, "geometry": { "type": "Point", "coordinates": [ 136.906942124445806, 37.226950461198768 ] } },
{ "type": "Feature", "properties": { "バス停": "宇留地住宅", "事業会社": "穴水町", "系統": "四村線" }, "geometry": { "type": "Point", "coordinates": [ 136.893397560921386, 37.226644983590027 ] } },
{ "type": "Feature", "properties": { "バス停": "三岩橋", "事業会社": "穴水町", "系統": "四村線" }, "geometry": { "type": "Point", "coordinates": [ 136.889205530878428, 37.226495990914948 ] } },
{ "type": "Feature", "properties": { "バス停": "宇加川", "事業会社": "北鉄奥能登バス（株）", "系統": "穴水珠洲-B,穴水宇出津-A,穴水宇出津-B,穴水東部線" }, "geometry": { "type": "Point", "coordinates": [ 137.066585861652811, 37.226344603759088 ] } },
{ "type": "Feature", "properties": { "バス停": "大町東", "事業会社": "北鉄奥能登バス（株）", "系統": "穴水珠洲-B,穴水宇出津-A,穴水宇出津-B" }, "geometry": { "type": "Point", "coordinates": [ 136.909238009558067, 37.226196476881917 ] } },
{ "type": "Feature", "properties": { "バス停": "大町東", "事業会社": "穴水町", "系統": "四村線" }, "geometry": { "type": "Point", "coordinates": [ 136.909238009558067, 37.226196476881917 ] } },
{ "type": "Feature", "properties": { "バス停": "桜橋", "事業会社": "穴水町", "系統": "四村線" }, "geometry": { "type": "Point", "coordinates": [ 136.87040014261666, 37.225502230008026 ] } },
{ "type": "Feature", "properties": { "バス停": "河内", "事業会社": "穴水町", "系統": "四村線" }, "geometry": { "type": "Point", "coordinates": [ 136.86545785723564, 37.225264634073355 ] } },
{ "type": "Feature", "properties": { "バス停": "職業短大前", "事業会社": "北鉄奥能登バス（株）", "系統": "高校線" }, "geometry": { "type": "Point", "coordinates": [ 136.923496855889681, 37.225229598591362 ] } },
{ "type": "Feature", "properties": { "バス停": "真名井口", "事業会社": "北鉄奥能登バス（株）", "系統": "高校線" }, "geometry": { "type": "Point", "coordinates": [ 136.920047488288304, 37.225115323928073 ] } },
{ "type": "Feature", "properties": { "バス停": "旭ヶ丘1区", "事業会社": "北鉄奥能登バス（株）", "系統": "穴水東部線" }, "geometry": { "type": "Point", "coordinates": [ 136.97838965142941, 37.224499388845899 ] } },
{ "type": "Feature", "properties": { "バス停": "滝町", "事業会社": "輪島市", "系統": "久川コース" }, "geometry": { "type": "Point", "coordinates": [ 136.730117500452025, 37.223450542704299 ] } },
{ "type": "Feature", "properties": { "バス停": "中旭ヶ丘", "事業会社": "北鉄奥能登バス（株）", "系統": "穴水東部線" }, "geometry": { "type": "Point", "coordinates": [ 136.98007218799475, 37.220249419531669 ] } },
{ "type": "Feature", "properties": { "バス停": "前波集会所前", "事業会社": "北鉄奥能登バス（株）", "系統": "穴水珠洲-B,穴水宇出津-B,穴水東部線" }, "geometry": { "type": "Point", "coordinates": [ 137.067802691253007, 37.219780433228379 ] } },
{ "type": "Feature", "properties": { "バス停": "前波南", "事業会社": "北鉄奥能登バス（株）", "系統": "穴水東部線" }, "geometry": { "type": "Point", "coordinates": [ 137.063574207970106, 37.219303693954274 ] } },
{ "type": "Feature", "properties": { "バス停": "切留", "事業会社": "志賀町", "系統": "稗造線" }, "geometry": { "type": "Point", "coordinates": [ 136.815007753598337, 37.218939160458063 ] } },
{ "type": "Feature", "properties": { "バス停": "馬渡農協前", "事業会社": "輪島市", "系統": "久川コース" }, "geometry": { "type": "Point", "coordinates": [ 136.736788347227247, 37.218880747456296 ] } },
{ "type": "Feature", "properties": { "バス停": "乙ヶ崎", "事業会社": "北鉄奥能登バス（株）", "系統": "鹿島線" }, "geometry": { "type": "Point", "coordinates": [ 136.90603400842258, 37.218442257732498 ] } },
{ "type": "Feature", "properties": { "バス停": "旭ヶ丘3区", "事業会社": "北鉄奥能登バス（株）", "系統": "穴水東部線" }, "geometry": { "type": "Point", "coordinates": [ 136.982708442451667, 37.217315971716474 ] } },
{ "type": "Feature", "properties": { "バス停": "野並", "事業会社": "北鉄奥能登バス（株）", "系統": "穴水東部線" }, "geometry": { "type": "Point", "coordinates": [ 137.006178492506848, 37.217281535689921 ] } },
{ "type": "Feature", "properties": { "バス停": "岩車", "事業会社": "北鉄奥能登バス（株）", "系統": "穴水珠洲-B,穴水宇出津-B,穴水東部線" }, "geometry": { "type": "Point", "coordinates": [ 136.956669293974841, 37.217153451717628 ] } },
{ "type": "Feature", "properties": { "バス停": "馬渡", "事業会社": "輪島市", "系統": "久川コース" }, "geometry": { "type": "Point", "coordinates": [ 136.738991649651297, 37.216696334864302 ] } },
{ "type": "Feature", "properties": { "バス停": "前波口", "事業会社": "北鉄奥能登バス（株）", "系統": "穴水珠洲-B,穴水宇出津-B,穴水東部線" }, "geometry": { "type": "Point", "coordinates": [ 137.064791437007301, 37.216576841486514 ] } },
{ "type": "Feature", "properties": { "バス停": "東岩車", "事業会社": "北鉄奥能登バス（株）", "系統": "穴水珠洲-B,穴水宇出津-B,穴水東部線" }, "geometry": { "type": "Point", "coordinates": [ 136.958949473886776, 37.214824380262115 ] } },
{ "type": "Feature", "properties": { "バス停": "鹿路", "事業会社": "穴水町", "系統": "四村線" }, "geometry": { "type": "Point", "coordinates": [ 136.875685051174514, 37.214756698320194 ] } },
{ "type": "Feature", "properties": { "バス停": "沖波口", "事業会社": "北鉄奥能登バス（株）", "系統": "穴水珠洲-B,穴水宇出津-B,穴水東部線" }, "geometry": { "type": "Point", "coordinates": [ 137.060110032302475, 37.213817593011676 ] } },
{ "type": "Feature", "properties": { "バス停": "久川", "事業会社": "輪島市", "系統": "久川コース" }, "geometry": { "type": "Point", "coordinates": [ 136.747730253369411, 37.213511680490029 ] } },
{ "type": "Feature", "properties": { "バス停": "うつろ口", "事業会社": "輪島市", "系統": "久川コース" }, "geometry": { "type": "Point", "coordinates": [ 136.743844249479167, 37.213048296535867 ] } },
{ "type": "Feature", "properties": { "バス停": "越の原", "事業会社": "穴水町", "系統": "四村線" }, "geometry": { "type": "Point", "coordinates": [ 136.879854630256034, 37.21298786168699 ] } },
{ "type": "Feature", "properties": { "バス停": "沖波宮の下", "事業会社": "北鉄奥能登バス（株）", "系統": "穴水珠洲-B,穴水宇出津-B,穴水東部線" }, "geometry": { "type": "Point", "coordinates": [ 137.050907086093844, 37.211466199010154 ] } },
{ "type": "Feature", "properties": { "バス停": "新崎口", "事業会社": "北鉄奥能登バス（株）", "系統": "鹿島線" }, "geometry": { "type": "Point", "coordinates": [ 136.907931361243698, 37.211230671295965 ] } },
{ "type": "Feature", "properties": { "バス停": "沖波", "事業会社": "北鉄奥能登バス（株）", "系統": "穴水珠洲-B,穴水宇出津-B,穴水東部線" }, "geometry": { "type": "Point", "coordinates": [ 137.05769036902467, 37.211077575744049 ] } },
{ "type": "Feature", "properties": { "バス停": "穴水聖頌園前", "事業会社": "北鉄奥能登バス（株）", "系統": "穴水珠洲-B,穴水宇出津-B,穴水東部線" }, "geometry": { "type": "Point", "coordinates": [ 136.960288966002906, 37.210682714544319 ] } },
{ "type": "Feature", "properties": { "バス停": "沖波立戸浜", "事業会社": "北鉄奥能登バス（株）", "系統": "穴水珠洲-B,穴水宇出津-B,穴水東部線" }, "geometry": { "type": "Point", "coordinates": [ 137.055951696967782, 37.209790182690107 ] } },
{ "type": "Feature", "properties": { "バス停": "緑ヶ丘", "事業会社": "北鉄奥能登バス（株）", "系統": "鹿島線" }, "geometry": { "type": "Point", "coordinates": [ 136.914976287138785, 37.209397822699152 ] } },
{ "type": "Feature", "properties": { "バス停": "椿崎マリーナ", "事業会社": "北鉄奥能登バス（株）", "系統": "穴水珠洲-B,穴水宇出津-B,穴水東部線" }, "geometry": { "type": "Point", "coordinates": [ 136.96711870503222, 37.209168153917695 ] } },
{ "type": "Feature", "properties": { "バス停": "南旭ヶ丘", "事業会社": "北鉄奥能登バス（株）", "系統": "穴水東部線" }, "geometry": { "type": "Point", "coordinates": [ 136.976356515045637, 37.209123471541858 ] } },
{ "type": "Feature", "properties": { "バス停": "黒崎（穴水町）", "事業会社": "北鉄奥能登バス（株）", "系統": "穴水珠洲-B,穴水宇出津-B,穴水東部線" }, "geometry": { "type": "Point", "coordinates": [ 137.03137276630423, 37.206355220623458 ] } },
{ "type": "Feature", "properties": { "バス停": "志ヶ浦", "事業会社": "北鉄奥能登バス（株）", "系統": "鹿島線" }, "geometry": { "type": "Point", "coordinates": [ 136.907518034110865, 37.205234162099714 ] } },
{ "type": "Feature", "properties": { "バス停": "兜診療所前", "事業会社": "北鉄奥能登バス（株）", "系統": "穴水珠洲-B,穴水宇出津-B,穴水東部線" }, "geometry": { "type": "Point", "coordinates": [ 137.024501043298045, 37.205235256215218 ] } },
{ "type": "Feature", "properties": { "バス停": "鵜野屋", "事業会社": "志賀町", "系統": "稗造線" }, "geometry": { "type": "Point", "coordinates": [ 136.806188060550767, 37.204144880118882 ] } },
{ "type": "Feature", "properties": { "バス停": "新崎", "事業会社": "北鉄奥能登バス（株）", "系統": "鹿島線" }, "geometry": { "type": "Point", "coordinates": [ 136.924738072000707, 37.204026046283403 ] } },
{ "type": "Feature", "properties": { "バス停": "農協甲支店前", "事業会社": "北鉄奥能登バス（株）", "系統": "穴水珠洲-B,穴水宇出津-B,穴水東部線" }, "geometry": { "type": "Point", "coordinates": [ 137.026545609390297, 37.203882990025029 ] } },
{ "type": "Feature", "properties": { "バス停": "大郷", "事業会社": "北鉄奥能登バス（株）", "系統": "穴水東部線" }, "geometry": { "type": "Point", "coordinates": [ 137.008355316529133, 37.203660383383429 ] } },
{ "type": "Feature", "properties": { "バス停": "旭ヶ丘口", "事業会社": "北鉄奥能登バス（株）", "系統": "穴水珠洲-B,穴水宇出津-B,穴水東部線" }, "geometry": { "type": "Point", "coordinates": [ 136.976276703494449, 37.203042837223627 ] } },
{ "type": "Feature", "properties": { "バス停": "第二望洋台", "事業会社": "北鉄奥能登バス（株）", "系統": "鹿島線" }, "geometry": { "type": "Point", "coordinates": [ 136.906068557385225, 37.202796348558572 ] } },
{ "type": "Feature", "properties": { "バス停": "椿崎口", "事業会社": "北鉄奥能登バス（株）", "系統": "穴水珠洲-B,穴水宇出津-B,穴水東部線" }, "geometry": { "type": "Point", "coordinates": [ 136.971970973410293, 37.20245638641002 ] } },
{ "type": "Feature", "properties": { "バス停": "鹿波", "事業会社": "北鉄奥能登バス（株）", "系統": "穴水珠洲-B,穴水宇出津-B,穴水東部線" }, "geometry": { "type": "Point", "coordinates": [ 136.984878522257191, 37.202206246961453 ] } },
{ "type": "Feature", "properties": { "バス停": "前浜", "事業会社": "志賀町", "系統": "西海・西浦/西海・西浦病院利用便" }, "geometry": { "type": "Point", "coordinates": [ 136.683855299723575, 37.20219425489001 ] } },
{ "type": "Feature", "properties": { "バス停": "新崎崎出", "事業会社": "北鉄奥能登バス（株）", "系統": "鹿島線" }, "geometry": { "type": "Point", "coordinates": [ 136.925366710633369, 37.202114076025431 ] } },
{ "type": "Feature", "properties": { "バス停": "大笹波", "事業会社": "志賀町", "系統": "西海・西浦/西海・西浦病院利用便" }, "geometry": { "type": "Point", "coordinates": [ 136.689918614489329, 37.201613141038656 ] } },
{ "type": "Feature", "properties": { "バス停": "鹿波東", "事業会社": "北鉄奥能登バス（株）", "系統": "穴水珠洲-B,穴水宇出津-B,穴水東部線" }, "geometry": { "type": "Point", "coordinates": [ 136.989242124932048, 37.200289938904831 ] } },
{ "type": "Feature", "properties": { "バス停": "玄徳岬", "事業会社": "志賀町", "系統": "西海・西浦/西海・西浦病院利用便" }, "geometry": { "type": "Point", "coordinates": [ 136.686542682196688, 37.199530214289304 ] } },
{ "type": "Feature", "properties": { "バス停": "上鵜野屋", "事業会社": "志賀町", "系統": "稗造線" }, "geometry": { "type": "Point", "coordinates": [ 136.801294966680871, 37.198774829443828 ] } },
{ "type": "Feature", "properties": { "バス停": "兜小学校前", "事業会社": "北鉄奥能登バス（株）", "系統": "穴水珠洲-B,穴水宇出津-B,穴水東部線" }, "geometry": { "type": "Point", "coordinates": [ 137.022910569754089, 37.195337389657546 ] } },
{ "type": "Feature", "properties": { "バス停": "笹波", "事業会社": "志賀町", "系統": "西海・西浦/西海・西浦病院利用便" }, "geometry": { "type": "Point", "coordinates": [ 136.687471734375123, 37.194920231862774 ] } },
{ "type": "Feature", "properties": { "バス停": "第三望洋台", "事業会社": "北鉄奥能登バス（株）", "系統": "鹿島線" }, "geometry": { "type": "Point", "coordinates": [ 136.910772077800715, 37.194158668180123 ] } },
{ "type": "Feature", "properties": { "バス停": "下鵜野屋", "事業会社": "志賀町", "系統": "稗造線" }, "geometry": { "type": "Point", "coordinates": [ 136.798734109860987, 37.193930075860969 ] } },
{ "type": "Feature", "properties": { "バス停": "根木", "事業会社": "北鉄奥能登バス（株）", "系統": "鹿島線" }, "geometry": { "type": "Point", "coordinates": [ 136.906801448776832, 37.19202905633805 ] } },
{ "type": "Feature", "properties": { "バス停": "曽良東", "事業会社": "北鉄奥能登バス（株）", "系統": "穴水珠洲-B,穴水宇出津-B,穴水東部線" }, "geometry": { "type": "Point", "coordinates": [ 137.018251239133576, 37.191757703166999 ] } },
{ "type": "Feature", "properties": { "バス停": "入釜", "事業会社": "志賀町", "系統": "稗造線" }, "geometry": { "type": "Point", "coordinates": [ 136.79620483322887, 37.190516228719062 ] } },
{ "type": "Feature", "properties": { "バス停": "曽良", "事業会社": "北鉄奥能登バス（株）", "系統": "穴水珠洲-B,穴水宇出津-B,穴水東部線" }, "geometry": { "type": "Point", "coordinates": [ 137.016573993415307, 37.189875376031864 ] } },
{ "type": "Feature", "properties": { "バス停": "鹿島", "事業会社": "北鉄奥能登バス（株）", "系統": "鹿島線" }, "geometry": { "type": "Point", "coordinates": [ 136.902327196770671, 37.184931693409204 ] } },
{ "type": "Feature", "properties": { "バス停": "灯", "事業会社": "志賀町", "系統": "稗造線" }, "geometry": { "type": "Point", "coordinates": [ 136.790193395161737, 37.182663058108432 ] } },
{ "type": "Feature", "properties": { "バス停": "鹿頭", "事業会社": "志賀町", "系統": "西海・西浦/西海・西浦病院利用便" }, "geometry": { "type": "Point", "coordinates": [ 136.683351799979562, 37.18248571290475 ] } },
{ "type": "Feature", "properties": { "バス停": "西浦コミュニティセンター前", "事業会社": "志賀町", "系統": "西海・西浦/西海・西浦病院利用便" }, "geometry": { "type": "Point", "coordinates": [ 136.68043189477433, 37.180985791491253 ] } },
{ "type": "Feature", "properties": { "バス停": "能登鹿島", "事業会社": "北鉄奥能登バス（株）", "系統": "鹿島線" }, "geometry": { "type": "Point", "coordinates": [ 136.898811665397631, 37.18009744512387 ] } },
{ "type": "Feature", "properties": { "バス停": "鹿頭浜出", "事業会社": "志賀町", "系統": "西海・西浦/西海・西浦病院利用便" }, "geometry": { "type": "Point", "coordinates": [ 136.678033433332558, 37.177796083740617 ] } },
{ "type": "Feature", "properties": { "バス停": "楚和", "事業会社": "志賀町", "系統": "稗造線" }, "geometry": { "type": "Point", "coordinates": [ 136.787194847222906, 37.17715693010156 ] } },
{ "type": "Feature", "properties": { "バス停": "曽福", "事業会社": "北鉄奥能登バス（株）", "系統": "鹿島線" }, "geometry": { "type": "Point", "coordinates": [ 136.895945748447332, 37.176419469777365 ] } },
{ "type": "Feature", "properties": { "バス停": "尊保中央", "事業会社": "志賀町", "系統": "稗造線" }, "geometry": { "type": "Point", "coordinates": [ 136.776048689900449, 37.175693452646115 ] } },
{ "type": "Feature", "properties": { "バス停": "小窪", "事業会社": "志賀町", "系統": "西海・西浦/西海・西浦病院利用便" }, "geometry": { "type": "Point", "coordinates": [ 136.675887888726152, 37.17212499232734 ] } },
{ "type": "Feature", "properties": { "バス停": "尊保", "事業会社": "志賀町", "系統": "稗造線" }, "geometry": { "type": "Point", "coordinates": [ 136.781559887865768, 37.170833027359713 ] } },
{ "type": "Feature", "properties": { "バス停": "赤崎下出", "事業会社": "志賀町", "系統": "西海・西浦/西海・西浦病院利用便" }, "geometry": { "type": "Point", "coordinates": [ 136.674898206799838, 37.168542313208796 ] } },
{ "type": "Feature", "properties": { "バス停": "横見集会所", "事業会社": "七尾市", "系統": "中島げんきバス" }, "geometry": { "type": "Point", "coordinates": [ 136.888957763512821, 37.1670778767635 ] } },
{ "type": "Feature", "properties": { "バス停": "今田", "事業会社": "志賀町", "系統": "稗造線" }, "geometry": { "type": "Point", "coordinates": [ 136.783052526638897, 37.166530743249339 ] } },
{ "type": "Feature", "properties": { "バス停": "祖母ケ浦", "事業会社": "能登島交通（株）", "系統": "祖母ケ浦線" }, "geometry": { "type": "Point", "coordinates": [ 137.034467032061912, 37.166461305485477 ] } },
{ "type": "Feature", "properties": { "バス停": "赤崎上出", "事業会社": "志賀町", "系統": "西海・西浦/西海・西浦病院利用便" }, "geometry": { "type": "Point", "coordinates": [ 136.677316786342374, 37.165593285582844 ] } },
{ "type": "Feature", "properties": { "バス停": "別所集会所", "事業会社": "七尾市", "系統": "中島げんきバス" }, "geometry": { "type": "Point", "coordinates": [ 136.838416180804614, 37.164624767032834 ] } },
{ "type": "Feature", "properties": { "バス停": "上和田", "事業会社": "志賀町", "系統": "稗造線" }, "geometry": { "type": "Point", "coordinates": [ 136.780502591576976, 37.164231190236357 ] } },
{ "type": "Feature", "properties": { "バス停": "和田", "事業会社": "志賀町", "系統": "稗造線" }, "geometry": { "type": "Point", "coordinates": [ 136.770719917577338, 37.160685744946626 ] } },
{ "type": "Feature", "properties": { "バス停": "八ケ崎", "事業会社": "能登島交通（株）", "系統": "祖母ケ浦線" }, "geometry": { "type": "Point", "coordinates": [ 137.044347826252732, 37.160310028284165 ] } },
{ "type": "Feature", "properties": { "バス停": "下和田", "事業会社": "志賀町", "系統": "稗造線" }, "geometry": { "type": "Point", "coordinates": [ 136.764481593665408, 37.159415955395993 ] } },
{ "type": "Feature", "properties": { "バス停": "田岸向宅前", "事業会社": "七尾市", "系統": "中島げんきバス" }, "geometry": { "type": "Point", "coordinates": [ 136.881664304976368, 37.157358847006172 ] } },
{ "type": "Feature", "properties": { "バス停": "酒見東", "事業会社": "志賀町", "系統": "福浦線,熊野線/福浦熊野病院利用便,稗造線,西海・西浦/西海・西浦病院利用便" }, "geometry": { "type": "Point", "coordinates": [ 136.707225534703724, 37.157146176359511 ] } },
{ "type": "Feature", "properties": { "バス停": "田中", "事業会社": "志賀町", "系統": "稗造線" }, "geometry": { "type": "Point", "coordinates": [ 136.757845859749324, 37.156944885065343 ] } },
{ "type": "Feature", "properties": { "バス停": "河内切始橋", "事業会社": "七尾市", "系統": "中島げんきバス" }, "geometry": { "type": "Point", "coordinates": [ 136.819307237564487, 37.156557369367178 ] } },
{ "type": "Feature", "properties": { "バス停": "酒見", "事業会社": "志賀町", "系統": "福浦線,熊野線/福浦熊野病院利用便,稗造線,西海・西浦/西海・西浦病院利用便" }, "geometry": { "type": "Point", "coordinates": [ 136.704668629530232, 37.156442823078898 ] } },
{ "type": "Feature", "properties": { "バス停": "相神", "事業会社": "志賀町", "系統": "福浦線,熊野線/福浦熊野病院利用便,稗造線,西海・西浦/西海・西浦病院利用便" }, "geometry": { "type": "Point", "coordinates": [ 136.713168856725048, 37.156285662708193 ] } },
{ "type": "Feature", "properties": { "バス停": "龍護寺前", "事業会社": "志賀町", "系統": "福浦線,熊野線/福浦熊野病院利用便,稗造線,西海・西浦/西海・西浦病院利用便" }, "geometry": { "type": "Point", "coordinates": [ 136.70223780889566, 37.155933618642393 ] } },
{ "type": "Feature", "properties": { "バス停": "鰀目", "事業会社": "能登島交通（株）", "系統": "祖母ケ浦線" }, "geometry": { "type": "Point", "coordinates": [ 137.047999946204044, 37.155797047027981 ] } },
{ "type": "Feature", "properties": { "バス停": "中浜", "事業会社": "志賀町", "系統": "福浦線,熊野線/福浦熊野病院利用便,稗造線,西海・西浦/西海・西浦病院利用便" }, "geometry": { "type": "Point", "coordinates": [ 136.719641059264802, 37.154903282130789 ] } },
{ "type": "Feature", "properties": { "バス停": "大西", "事業会社": "志賀町", "系統": "稗造線" }, "geometry": { "type": "Point", "coordinates": [ 136.757676556132054, 37.154296542834871 ] } },
{ "type": "Feature", "properties": { "バス停": "貝田", "事業会社": "志賀町", "系統": "稗造線" }, "geometry": { "type": "Point", "coordinates": [ 136.748619586257405, 37.153176098112091 ] } },
{ "type": "Feature", "properties": { "バス停": "とぎ地域福祉センター", "事業会社": "志賀町", "系統": "福浦線,熊野線/福浦熊野病院利用便,稗造線,西海・西浦/西海・西浦病院利用便" }, "geometry": { "type": "Point", "coordinates": [ 136.700718148611998, 37.152861958945188 ] } },
{ "type": "Feature", "properties": { "バス停": "里本江", "事業会社": "志賀町", "系統": "西海・西浦/西海・西浦病院利用便" }, "geometry": { "type": "Point", "coordinates": [ 136.722281793268479, 37.152184805701353 ] } },
{ "type": "Feature", "properties": { "バス停": "勝尾崎口", "事業会社": "能登島交通（株）", "系統": "祖母ケ浦線" }, "geometry": { "type": "Point", "coordinates": [ 137.048773984097977, 37.151685880666911 ] } },
{ "type": "Feature", "properties": { "バス停": "明治の館", "事業会社": "七尾市", "系統": "中島げんきバス" }, "geometry": { "type": "Point", "coordinates": [ 136.878687489712036, 37.150958782102336 ] } },
{ "type": "Feature", "properties": { "バス停": "モチの木団地", "事業会社": "志賀町", "系統": "西海・西浦/西海・西浦病院利用便" }, "geometry": { "type": "Point", "coordinates": [ 136.724235929368177, 37.149499612461291 ] } },
{ "type": "Feature", "properties": { "バス停": "古江入り口", "事業会社": "七尾市", "系統": "中島げんきバス" }, "geometry": { "type": "Point", "coordinates": [ 136.809569215748496, 37.149428659602179 ] } },
{ "type": "Feature", "properties": { "バス停": "西谷内バス停", "事業会社": "七尾市", "系統": "中島げんきバス" }, "geometry": { "type": "Point", "coordinates": [ 136.811671819279297, 37.149318201819462 ] } },
{ "type": "Feature", "properties": { "バス停": "富来漁港", "事業会社": "志賀町", "系統": "西海・西浦/西海・西浦病院利用便" }, "geometry": { "type": "Point", "coordinates": [ 136.698965762497778, 37.148980946443046 ] } },
{ "type": "Feature", "properties": { "バス停": "ロッキー富来店", "事業会社": "志賀町", "系統": "福浦線,熊野線/福浦熊野病院利用便,稗造線" }, "geometry": { "type": "Point", "coordinates": [ 136.720269702013184, 37.148740951155723 ] } },
{ "type": "Feature", "properties": { "バス停": "のとじま臨海公園", "事業会社": "能登島交通（株）", "系統": "曲線" }, "geometry": { "type": "Point", "coordinates": [ 136.982337594565564, 37.148227932307513 ] } },
{ "type": "Feature", "properties": { "バス停": "田尻・久木", "事業会社": "能登島交通（株）", "系統": "南線" }, "geometry": { "type": "Point", "coordinates": [ 136.908309444875016, 37.147581413297594 ] } },
{ "type": "Feature", "properties": { "バス停": "西岸駅", "事業会社": "七尾市", "系統": "中島げんきバス" }, "geometry": { "type": "Point", "coordinates": [ 136.874904468042416, 37.147560796849817 ] } },
{ "type": "Feature", "properties": { "バス停": "広地", "事業会社": "志賀町", "系統": "稗造線" }, "geometry": { "type": "Point", "coordinates": [ 136.768141016104835, 37.147538418252182 ] } },
{ "type": "Feature", "properties": { "バス停": "久喜", "事業会社": "志賀町", "系統": "西海・西浦/西海・西浦病院利用便" }, "geometry": { "type": "Point", "coordinates": [ 136.674013476027397, 37.146940852717684 ] } },
{ "type": "Feature", "properties": { "バス停": "東小室", "事業会社": "志賀町", "系統": "稗造線" }, "geometry": { "type": "Point", "coordinates": [ 136.748633574378289, 37.146132989372134 ] } },
{ "type": "Feature", "properties": { "バス停": "小釜", "事業会社": "志賀町", "系統": "福浦線,熊野線/福浦熊野病院利用便,稗造線" }, "geometry": { "type": "Point", "coordinates": [ 136.722667123950202, 37.146009674965718 ] } },
{ "type": "Feature", "properties": { "バス停": "長崎", "事業会社": "能登島交通（株）", "系統": "祖母ケ浦線" }, "geometry": { "type": "Point", "coordinates": [ 137.04076258267628, 37.145667995087663 ] } },
{ "type": "Feature", "properties": { "バス停": "とぎ保育園前", "事業会社": "志賀町", "系統": "西海・西浦/西海・西浦病院利用便" }, "geometry": { "type": "Point", "coordinates": [ 136.727304475741278, 37.145537379459583 ] } },
{ "type": "Feature", "properties": { "バス停": "富来支所", "事業会社": "志賀町", "系統": "福浦線,熊野線/福浦熊野病院利用便,稗造線,西海・西浦/西海・西浦病院利用便" }, "geometry": { "type": "Point", "coordinates": [ 136.72436096167695, 37.144073836401276 ] } },
{ "type": "Feature", "properties": { "バス停": "いやしの湯", "事業会社": "七尾市", "系統": "中島げんきバス" }, "geometry": { "type": "Point", "coordinates": [ 136.873347335348228, 37.144034019104204 ] } },
{ "type": "Feature", "properties": { "バス停": "釶打高齢者センター", "事業会社": "七尾市", "系統": "中島げんきバス" }, "geometry": { "type": "Point", "coordinates": [ 136.817771546222218, 37.143421908296858 ] } },
{ "type": "Feature", "properties": { "バス停": "領家北", "事業会社": "志賀町", "系統": "福浦線,熊野線/福浦熊野病院利用便,稗造線,西海・西浦/西海・西浦病院利用便" }, "geometry": { "type": "Point", "coordinates": [ 136.729240815771789, 37.14315604282725 ] } },
{ "type": "Feature", "properties": { "バス停": "アスク", "事業会社": "志賀町", "系統": "福浦線,熊野線/福浦熊野病院利用便,稗造線,西海・西浦/西海・西浦病院利用便" }, "geometry": { "type": "Point", "coordinates": [ 136.724442428368548, 37.142610114715183 ] } },
{ "type": "Feature", "properties": { "バス停": "南", "事業会社": "能登島交通（株）", "系統": "南線" }, "geometry": { "type": "Point", "coordinates": [ 136.961793707532138, 37.142490586175391 ] } },
{ "type": "Feature", "properties": { "バス停": "西岸保育園", "事業会社": "七尾市", "系統": "中島げんきバス" }, "geometry": { "type": "Point", "coordinates": [ 136.87288111189136, 37.142218968908352 ] } },
{ "type": "Feature", "properties": { "バス停": "曲漁港前", "事業会社": "能登島交通（株）", "系統": "曲線" }, "geometry": { "type": "Point", "coordinates": [ 136.989177152367859, 37.142037459348842 ] } },
{ "type": "Feature", "properties": { "バス停": "風無滝出", "事業会社": "志賀町", "系統": "西海・西浦/西海・西浦病院利用便" }, "geometry": { "type": "Point", "coordinates": [ 136.685644964343112, 37.141742639554138 ] } },
{ "type": "Feature", "properties": { "バス停": "高田", "事業会社": "志賀町", "系統": "稗造線" }, "geometry": { "type": "Point", "coordinates": [ 136.735929156864557, 37.141529213885924 ] } },
{ "type": "Feature", "properties": { "バス停": "文学碑前", "事業会社": "志賀町", "系統": "西海・西浦/西海・西浦病院利用便" }, "geometry": { "type": "Point", "coordinates": [ 136.6946168761975, 37.141449143987366 ] } },
{ "type": "Feature", "properties": { "バス停": "領家南", "事業会社": "志賀町", "系統": "福浦線,熊野線/福浦熊野病院利用便,稗造線,西海・西浦/西海・西浦病院利用便" }, "geometry": { "type": "Point", "coordinates": [ 136.730511940702712, 37.140823842963897 ] } },
{ "type": "Feature", "properties": { "バス停": "道の駅・渤海", "事業会社": "志賀町", "系統": "福浦線,熊野線/福浦熊野病院利用便,稗造線,西海・西浦/西海・西浦病院利用便" }, "geometry": { "type": "Point", "coordinates": [ 136.725702415462166, 37.140732310510998 ] } },
{ "type": "Feature", "properties": { "バス停": "曲", "事業会社": "能登島交通（株）", "系統": "曲線" }, "geometry": { "type": "Point", "coordinates": [ 136.985586450744961, 37.140740816573441 ] } },
{ "type": "Feature", "properties": { "バス停": "百万石", "事業会社": "能登島交通（株）", "系統": "南線" }, "geometry": { "type": "Point", "coordinates": [ 136.913048578853449, 37.140386808235625 ] } },
{ "type": "Feature", "properties": { "バス停": "無関", "事業会社": "能登島交通（株）", "系統": "南線" }, "geometry": { "type": "Point", "coordinates": [ 136.944273019220446, 37.140378992670499 ] } },
{ "type": "Feature", "properties": { "バス停": "通", "事業会社": "能登島交通（株）", "系統": "南線" }, "geometry": { "type": "Point", "coordinates": [ 136.90467440581395, 37.140322100416746 ] } },
{ "type": "Feature", "properties": { "バス停": "千ノ浦西", "事業会社": "志賀町", "系統": "西海・西浦/西海・西浦病院利用便" }, "geometry": { "type": "Point", "coordinates": [ 136.676320870532038, 37.140081725096664 ] } },
{ "type": "Feature", "properties": { "バス停": "風無", "事業会社": "志賀町", "系統": "西海・西浦/西海・西浦病院利用便" }, "geometry": { "type": "Point", "coordinates": [ 136.686254990321174, 37.139982323621126 ] } },
{ "type": "Feature", "properties": { "バス停": "風戸", "事業会社": "志賀町", "系統": "西海・西浦/西海・西浦病院利用便" }, "geometry": { "type": "Point", "coordinates": [ 136.69096730897229, 37.139981673825758 ] } },
{ "type": "Feature", "properties": { "バス停": "千ノ浦", "事業会社": "志賀町", "系統": "西海・西浦/西海・西浦病院利用便" }, "geometry": { "type": "Point", "coordinates": [ 136.680040559356343, 37.139810756200937 ] } },
{ "type": "Feature", "properties": { "バス停": "町屋地蔵", "事業会社": "七尾市", "系統": "中島げんきバス" }, "geometry": { "type": "Point", "coordinates": [ 136.815319155062326, 37.139291133235311 ] } },
{ "type": "Feature", "properties": { "バス停": "曲入口", "事業会社": "能登島交通（株）", "系統": "曲線" }, "geometry": { "type": "Point", "coordinates": [ 136.992734805122296, 37.139148470512559 ] } },
{ "type": "Feature", "properties": { "バス停": "地頭町", "事業会社": "志賀町", "系統": "福浦線,熊野線/福浦熊野病院利用便,稗造線,西海・西浦/西海・西浦病院利用便" }, "geometry": { "type": "Point", "coordinates": [ 136.731059773345436, 37.138997396235787 ] } },
{ "type": "Feature", "properties": { "バス停": "町屋橋前", "事業会社": "七尾市", "系統": "中島げんきバス" }, "geometry": { "type": "Point", "coordinates": [ 136.818988850900269, 37.138976324838765 ] } },
{ "type": "Feature", "properties": { "バス停": "領家口", "事業会社": "北鉄能登バス（株）", "系統": "富来線" }, "geometry": { "type": "Point", "coordinates": [ 136.725658916036565, 37.138903069765398 ] } },
{ "type": "Feature", "properties": { "バス停": "ガラス美術館前", "事業会社": "能登島交通（株）", "系統": "曲線" }, "geometry": { "type": "Point", "coordinates": [ 136.997619750986757, 37.137528550259873 ] } },
{ "type": "Feature", "properties": { "バス停": "富来病院", "事業会社": "志賀町", "系統": "福浦線,熊野線/福浦熊野病院利用便,稗造線,西海・西浦/西海・西浦病院利用便" }, "geometry": { "type": "Point", "coordinates": [ 136.729782508201424, 37.137130896701692 ] } },
{ "type": "Feature", "properties": { "バス停": "富来バスターミナル", "事業会社": "志賀町", "系統": "福浦線,熊野線/福浦熊野病院利用便,稗造線,西海・西浦/西海・西浦病院利用便" }, "geometry": { "type": "Point", "coordinates": [ 136.73026196192319, 37.136185183662391 ] } },
{ "type": "Feature", "properties": { "バス停": "富来", "事業会社": "北鉄能登バス（株）", "系統": "富来線" }, "geometry": { "type": "Point", "coordinates": [ 136.730008388832317, 37.135955202041281 ] } },
{ "type": "Feature", "properties": { "バス停": "向田公園前", "事業会社": "能登島交通（株）", "系統": "曲線" }, "geometry": { "type": "Point", "coordinates": [ 137.000176604361059, 37.13545527549153 ] } },
{ "type": "Feature", "properties": { "バス停": "うるおい公園", "事業会社": "七尾市", "系統": "中島げんきバス" }, "geometry": { "type": "Point", "coordinates": [ 136.898140079980777, 37.135220190135144 ] } },
{ "type": "Feature", "properties": { "バス停": "上畠三叉路", "事業会社": "七尾市", "系統": "中島げんきバス" }, "geometry": { "type": "Point", "coordinates": [ 136.816614204772833, 37.135180802423577 ] } },
{ "type": "Feature", "properties": { "バス停": "閨", "事業会社": "能登島交通（株）", "系統": "南線" }, "geometry": { "type": "Point", "coordinates": [ 136.934863971615357, 37.135166557683341 ] } },
{ "type": "Feature", "properties": { "バス停": "深浦神社前", "事業会社": "七尾市", "系統": "中島げんきバス" }, "geometry": { "type": "Point", "coordinates": [ 136.880501898995163, 37.134763335731542 ] } },
{ "type": "Feature", "properties": { "バス停": "向田宮ノ前", "事業会社": "能登島交通（株）", "系統": "曲線,祖母ケ浦線" }, "geometry": { "type": "Point", "coordinates": [ 136.998924655046181, 37.132503366858856 ] } },
{ "type": "Feature", "properties": { "バス停": "横田バス停", "事業会社": "七尾市", "系統": "中島げんきバス" }, "geometry": { "type": "Point", "coordinates": [ 136.828318284585663, 37.131060926946446 ] } },
{ "type": "Feature", "properties": { "バス停": "長浦集会所", "事業会社": "七尾市", "系統": "中島げんきバス" }, "geometry": { "type": "Point", "coordinates": [ 136.891357681753448, 37.130896520437815 ] } },
{ "type": "Feature", "properties": { "バス停": "能登島郵便局前", "事業会社": "能登島交通（株）", "系統": "曲線,祖母ケ浦線" }, "geometry": { "type": "Point", "coordinates": [ 136.99799482639105, 37.130826314722697 ] } },
{ "type": "Feature", "properties": { "バス停": "寿老園前", "事業会社": "七尾市", "系統": "中島げんきバス" }, "geometry": { "type": "Point", "coordinates": [ 136.887650306683184, 37.130377281284488 ] } },
{ "type": "Feature", "properties": { "バス停": "北免田木下宅前", "事業会社": "七尾市", "系統": "中島げんきバス" }, "geometry": { "type": "Point", "coordinates": [ 136.818870826164755, 37.130196458976386 ] } },
{ "type": "Feature", "properties": { "バス停": "宮前バス停", "事業会社": "七尾市", "系統": "中島げんきバス" }, "geometry": { "type": "Point", "coordinates": [ 136.834067800820435, 37.129968510382973 ] } },
{ "type": "Feature", "properties": { "バス停": "谷内バス停", "事業会社": "七尾市", "系統": "中島げんきバス" }, "geometry": { "type": "Point", "coordinates": [ 136.840010304699831, 37.129626535812285 ] } },
{ "type": "Feature", "properties": { "バス停": "野崎", "事業会社": "能登島交通（株）", "系統": "祖母ケ浦線" }, "geometry": { "type": "Point", "coordinates": [ 137.046297938674059, 37.127587712808392 ] } },
{ "type": "Feature", "properties": { "バス停": "七海", "事業会社": "志賀町", "系統": "福浦線,熊野線/福浦熊野病院利用便" }, "geometry": { "type": "Point", "coordinates": [ 136.728759012760236, 37.127372806339039 ] } },
{ "type": "Feature", "properties": { "バス停": "七海", "事業会社": "北鉄能登バス（株）", "系統": "富来線" }, "geometry": { "type": "Point", "coordinates": [ 136.728759012760236, 37.127372806339039 ] } },
{ "type": "Feature", "properties": { "バス停": "健康センター", "事業会社": "能登島交通（株）", "系統": "曲線,南線,祖母ケ浦線" }, "geometry": { "type": "Point", "coordinates": [ 136.995995250627345, 37.126223456627507 ] } },
{ "type": "Feature", "properties": { "バス停": "山戸田津梅隆司宅前", "事業会社": "七尾市", "系統": "中島げんきバス" }, "geometry": { "type": "Point", "coordinates": [ 136.826841359294633, 37.126200823870271 ] } },
{ "type": "Feature", "properties": { "バス停": "野崎口", "事業会社": "能登島交通（株）", "系統": "祖母ケ浦線" }, "geometry": { "type": "Point", "coordinates": [ 137.043866096443082, 37.125874528289387 ] } },
{ "type": "Feature", "properties": { "バス停": "能登島市民センター", "事業会社": "能登島交通（株）", "系統": "曲線,南線,祖母ケ浦線" }, "geometry": { "type": "Point", "coordinates": [ 136.995575381535275, 37.124465312892987 ] } },
{ "type": "Feature", "properties": { "バス停": "ビハーラの里前", "事業会社": "能登島交通（株）", "系統": "南線" }, "geometry": { "type": "Point", "coordinates": [ 136.929422690739614, 37.124064833588825 ] } },
{ "type": "Feature", "properties": { "バス停": "上町橋バス停", "事業会社": "七尾市", "系統": "中島げんきバス" }, "geometry": { "type": "Point", "coordinates": [ 136.84647602770599, 37.123904589072836 ] } },
{ "type": "Feature", "properties": { "バス停": "北國銀行前", "事業会社": "七尾市", "系統": "中島げんきバス" }, "geometry": { "type": "Point", "coordinates": [ 136.848600914535695, 37.121775988510159 ] } },
{ "type": "Feature", "properties": { "バス停": "中島地区コミュニティC前", "事業会社": "七尾市", "系統": "中島げんきバス" }, "geometry": { "type": "Point", "coordinates": [ 136.854531519107042, 37.120618782194427 ] } },
{ "type": "Feature", "properties": { "バス停": "別所", "事業会社": "能登島交通（株）", "系統": "南線" }, "geometry": { "type": "Point", "coordinates": [ 136.966225743222367, 37.120316205378678 ] } },
{ "type": "Feature", "properties": { "バス停": "興能信用金庫前", "事業会社": "七尾市", "系統": "中島げんきバス" }, "geometry": { "type": "Point", "coordinates": [ 136.84973698306743, 37.120220071132991 ] } },
{ "type": "Feature", "properties": { "バス停": "半浦", "事業会社": "能登島交通（株）", "系統": "南線" }, "geometry": { "type": "Point", "coordinates": [ 136.935308463627734, 37.120056552887249 ] } },
{ "type": "Feature", "properties": { "バス停": "マリンパーク島の湯", "事業会社": "能登島交通（株）", "系統": "曲線,南線,祖母ケ浦線" }, "geometry": { "type": "Point", "coordinates": [ 136.997546854331745, 37.11962373761915 ] } },
{ "type": "Feature", "properties": { "バス停": "蓮浄寺前", "事業会社": "七尾市", "系統": "中島げんきバス" }, "geometry": { "type": "Point", "coordinates": [ 136.850533336684606, 37.119294634249108 ] } },
{ "type": "Feature", "properties": { "バス停": "生神海岸", "事業会社": "志賀町", "系統": "福浦線,熊野線/福浦熊野病院利用便" }, "geometry": { "type": "Point", "coordinates": [ 136.726964702664958, 37.118929536273477 ] } },
{ "type": "Feature", "properties": { "バス停": "久美", "事業会社": "能登島交通（株）", "系統": "曲線" }, "geometry": { "type": "Point", "coordinates": [ 136.993865571112906, 37.118300971804743 ] } },
{ "type": "Feature", "properties": { "バス停": "高沢医院前", "事業会社": "七尾市", "系統": "中島げんきバス" }, "geometry": { "type": "Point", "coordinates": [ 136.849554307246279, 37.118236383175336 ] } },
{ "type": "Feature", "properties": { "バス停": "妙万寺前", "事業会社": "能登島交通（株）", "系統": "南線" }, "geometry": { "type": "Point", "coordinates": [ 136.937661501595983, 37.116640043646221 ] } },
{ "type": "Feature", "properties": { "バス停": "日出ケ島", "事業会社": "能登島交通（株）", "系統": "祖母ケ浦線" }, "geometry": { "type": "Point", "coordinates": [ 137.028925189447449, 37.116300876632465 ] } },
{ "type": "Feature", "properties": { "バス停": "JA能登わかば前", "事業会社": "七尾市", "系統": "中島げんきバス" }, "geometry": { "type": "Point", "coordinates": [ 136.852147220369062, 37.115979749921649 ] } },
{ "type": "Feature", "properties": { "バス停": "ながたに前", "事業会社": "七尾市", "系統": "中島げんきバス" }, "geometry": { "type": "Point", "coordinates": [ 136.857258972935711, 37.115869632383749 ] } },
{ "type": "Feature", "properties": { "バス停": "生神", "事業会社": "志賀町", "系統": "熊野線/福浦熊野病院利用便" }, "geometry": { "type": "Point", "coordinates": [ 136.728715013370987, 37.115669689132204 ] } },
{ "type": "Feature", "properties": { "バス停": "生神", "事業会社": "北鉄能登バス（株）", "系統": "富来線" }, "geometry": { "type": "Point", "coordinates": [ 136.728715013370987, 37.115669689132204 ] } },
{ "type": "Feature", "properties": { "バス停": "二穴", "事業会社": "能登島交通（株）", "系統": "祖母ケ浦線" }, "geometry": { "type": "Point", "coordinates": [ 137.017994080630132, 37.114226598745169 ] } },
{ "type": "Feature", "properties": { "バス停": "辻口医院前", "事業会社": "七尾市", "系統": "中島げんきバス" }, "geometry": { "type": "Point", "coordinates": [ 136.853089465484231, 37.113461985300489 ] } },
{ "type": "Feature", "properties": { "バス停": "熊野下中本和男宅前", "事業会社": "七尾市", "系統": "中島げんきバス" }, "geometry": { "type": "Point", "coordinates": [ 136.860839033126638, 37.113277225288314 ] } },
{ "type": "Feature", "properties": { "バス停": "小谷内", "事業会社": "志賀町", "系統": "熊野線/福浦熊野病院利用便" }, "geometry": { "type": "Point", "coordinates": [ 136.767938821879682, 37.112523845063343 ] } },
{ "type": "Feature", "properties": { "バス停": "瀬嵐集会所", "事業会社": "七尾市", "系統": "中島げんきバス" }, "geometry": { "type": "Point", "coordinates": [ 136.881506929690659, 37.11140751641048 ] } },
{ "type": "Feature", "properties": { "バス停": "本佐波", "事業会社": "能登島交通（株）", "系統": "曲線" }, "geometry": { "type": "Point", "coordinates": [ 136.985310543087678, 37.11121484332299 ] } },
{ "type": "Feature", "properties": { "バス停": "土川バス停", "事業会社": "七尾市", "系統": "中島げんきバス" }, "geometry": { "type": "Point", "coordinates": [ 136.810934793515145, 37.110460942634468 ] } },
{ "type": "Feature", "properties": { "バス停": "外原バス停", "事業会社": "七尾市", "系統": "中島げんきバス" }, "geometry": { "type": "Point", "coordinates": [ 136.791925233553656, 37.109728376795907 ] } },
{ "type": "Feature", "properties": { "バス停": "能登中島駅", "事業会社": "七尾市", "系統": "中島げんきバス" }, "geometry": { "type": "Point", "coordinates": [ 136.8529324495899, 37.109081061667979 ] } },
{ "type": "Feature", "properties": { "バス停": "草木", "事業会社": "志賀町", "系統": "熊野線/福浦熊野病院利用便" }, "geometry": { "type": "Point", "coordinates": [ 136.762300811167734, 37.10686156262517 ] } },
{ "type": "Feature", "properties": { "バス停": "すこやか", "事業会社": "七尾市", "系統": "中島げんきバス" }, "geometry": { "type": "Point", "coordinates": [ 136.848375472671307, 37.106582872207063 ] } },
{ "type": "Feature", "properties": { "バス停": "波止場", "事業会社": "能登島交通（株）", "系統": "曲線" }, "geometry": { "type": "Point", "coordinates": [ 136.978691730114463, 37.105883582419217 ] } },
{ "type": "Feature", "properties": { "バス停": "荒屋", "事業会社": "志賀町", "系統": "熊野線/福浦熊野病院利用便" }, "geometry": { "type": "Point", "coordinates": [ 136.7562240410507, 37.105172946060051 ] } },
{ "type": "Feature", "properties": { "バス停": "荒屋", "事業会社": "北鉄能登バス（株）", "系統": "富来線" }, "geometry": { "type": "Point", "coordinates": [ 136.7562240410507, 37.105172946060051 ] } },
{ "type": "Feature", "properties": { "バス停": "牛下", "事業会社": "志賀町", "系統": "福浦線,熊野線/福浦熊野病院利用便" }, "geometry": { "type": "Point", "coordinates": [ 136.729726393796597, 37.104911835587728 ] } },
{ "type": "Feature", "properties": { "バス停": "牛下", "事業会社": "北鉄能登バス（株）", "系統": "富来線" }, "geometry": { "type": "Point", "coordinates": [ 136.729726393796597, 37.104911835587728 ] } },
{ "type": "Feature", "properties": { "バス停": "須曽", "事業会社": "能登島交通（株）", "系統": "曲線" }, "geometry": { "type": "Point", "coordinates": [ 136.965650275106753, 37.104781635775062 ] } },
{ "type": "Feature", "properties": { "バス停": "能登島大橋入口", "事業会社": "能登島交通（株）", "系統": "曲線" }, "geometry": { "type": "Point", "coordinates": [ 136.962398370959249, 37.104707384426462 ] } },
{ "type": "Feature", "properties": { "バス停": "萩谷バス停", "事業会社": "七尾市", "系統": "中島げんきバス" }, "geometry": { "type": "Point", "coordinates": [ 136.788538304297902, 37.104627470629083 ] } },
{ "type": "Feature", "properties": { "バス停": "サンキュー前", "事業会社": "七尾市", "系統": "中島げんきバス" }, "geometry": { "type": "Point", "coordinates": [ 136.849457961247026, 37.104540350603095 ] } },
{ "type": "Feature", "properties": { "バス停": "鹿渡島漁港", "事業会社": "北鉄能登バス（株）", "系統": "崎山循環線" }, "geometry": { "type": "Point", "coordinates": [ 137.052866280312003, 37.104145281554416 ] } },
{ "type": "Feature", "properties": { "バス停": "河崎集会所", "事業会社": "七尾市", "系統": "中島げんきバス" }, "geometry": { "type": "Point", "coordinates": [ 136.842658346100819, 37.103268617852656 ] } },
{ "type": "Feature", "properties": { "バス停": "町居集会場", "事業会社": "志賀町", "系統": "熊野線/福浦熊野病院利用便" }, "geometry": { "type": "Point", "coordinates": [ 136.773971180649596, 37.103221018649101 ] } },
{ "type": "Feature", "properties": { "バス停": "町居", "事業会社": "志賀町", "系統": "熊野線/福浦熊野病院利用便" }, "geometry": { "type": "Point", "coordinates": [ 136.781051601066054, 37.103061842053648 ] } },
{ "type": "Feature", "properties": { "バス停": "鹿渡島", "事業会社": "北鉄能登バス（株）", "系統": "崎山循環線" }, "geometry": { "type": "Point", "coordinates": [ 137.049731936687465, 37.102237912538527 ] } },
{ "type": "Feature", "properties": { "バス停": "豊田町バス停", "事業会社": "七尾市", "系統": "中島げんきバス" }, "geometry": { "type": "Point", "coordinates": [ 136.833194270957705, 37.101499901766537 ] } },
{ "type": "Feature", "properties": { "バス停": "谷神", "事業会社": "志賀町", "系統": "熊野線/福浦熊野病院利用便" }, "geometry": { "type": "Point", "coordinates": [ 136.758325445010684, 37.101210728323203 ] } },
{ "type": "Feature", "properties": { "バス停": "谷神", "事業会社": "北鉄能登バス（株）", "系統": "富来線" }, "geometry": { "type": "Point", "coordinates": [ 136.758325445010684, 37.101210728323203 ] } },
{ "type": "Feature", "properties": { "バス停": "筆染神社前", "事業会社": "七尾市", "系統": "中島げんきバス" }, "geometry": { "type": "Point", "coordinates": [ 136.862425314746162, 37.1005544936273 ] } },
{ "type": "Feature", "properties": { "バス停": "福浦", "事業会社": "北鉄能登バス（株）", "系統": "崎山循環線" }, "geometry": { "type": "Point", "coordinates": [ 137.023560248883513, 37.100554803750889 ] } },
{ "type": "Feature", "properties": { "バス停": "奥吉田バス停", "事業会社": "七尾市", "系統": "中島げんきバス" }, "geometry": { "type": "Point", "coordinates": [ 136.851784099851699, 37.099241005415919 ] } },
{ "type": "Feature", "properties": { "バス停": "熊野交流センター", "事業会社": "志賀町", "系統": "熊野線/福浦熊野病院利用便" }, "geometry": { "type": "Point", "coordinates": [ 136.769136888881548, 37.099174681511428 ] } },
{ "type": "Feature", "properties": { "バス停": "豊田バス停", "事業会社": "七尾市", "系統": "中島げんきバス" }, "geometry": { "type": "Point", "coordinates": [ 136.82910364330408, 37.098926166693623 ] } },
{ "type": "Feature", "properties": { "バス停": "福留", "事業会社": "北鉄能登バス（株）", "系統": "崎山循環線" }, "geometry": { "type": "Point", "coordinates": [ 137.020770866270709, 37.098284419270207 ] } },
{ "type": "Feature", "properties": { "バス停": "奥吉田集会所", "事業会社": "七尾市", "系統": "中島げんきバス" }, "geometry": { "type": "Point", "coordinates": [ 136.842201121043217, 37.097960583311917 ] } },
{ "type": "Feature", "properties": { "バス停": "六実", "事業会社": "志賀町", "系統": "熊野線/福浦熊野病院利用便" }, "geometry": { "type": "Point", "coordinates": [ 136.767962092396516, 37.097766481512153 ] } },
{ "type": "Feature", "properties": { "バス停": "下笠師神社前", "事業会社": "七尾市", "系統": "中島げんきバス" }, "geometry": { "type": "Point", "coordinates": [ 136.861600817258136, 37.097325664369983 ] } },
{ "type": "Feature", "properties": { "バス停": "川尻", "事業会社": "北鉄能登バス（株）", "系統": "崎山循環線" }, "geometry": { "type": "Point", "coordinates": [ 137.048975849457378, 37.096781867422294 ] } },
{ "type": "Feature", "properties": { "バス停": "大覚寺前バス停", "事業会社": "七尾市", "系統": "中島げんきバス" }, "geometry": { "type": "Point", "coordinates": [ 136.854872827920389, 37.096742482066524 ] } },
{ "type": "Feature", "properties": { "バス停": "日下田", "事業会社": "志賀町", "系統": "熊野線/福浦熊野病院利用便" }, "geometry": { "type": "Point", "coordinates": [ 136.783516773708726, 37.095517539387998 ] } },
{ "type": "Feature", "properties": { "バス停": "大橋駐車場", "事業会社": "能登島交通（株）", "系統": "曲線,南線" }, "geometry": { "type": "Point", "coordinates": [ 136.949071374317128, 37.095345805671656 ] } },
{ "type": "Feature", "properties": { "バス停": "巌門", "事業会社": "志賀町", "系統": "福浦線" }, "geometry": { "type": "Point", "coordinates": [ 136.728158508033545, 37.095330158977575 ] } },
{ "type": "Feature", "properties": { "バス停": "三室", "事業会社": "北鉄能登バス（株）", "系統": "崎山循環線" }, "geometry": { "type": "Point", "coordinates": [ 137.018122343427166, 37.094925549859497 ] } },
{ "type": "Feature", "properties": { "バス停": "笠師保保育園", "事業会社": "七尾市", "系統": "中島げんきバス" }, "geometry": { "type": "Point", "coordinates": [ 136.851023282917538, 37.094232375685024 ] } },
{ "type": "Feature", "properties": { "バス停": "鵜の浦", "事業会社": "北鉄能登バス（株）", "系統": "崎山循環線" }, "geometry": { "type": "Point", "coordinates": [ 137.042755431641552, 37.094090884471129 ] } },
{ "type": "Feature", "properties": { "バス停": "南側松本商店前", "事業会社": "七尾市", "系統": "中島げんきバス" }, "geometry": { "type": "Point", "coordinates": [ 136.855464860880886, 37.093658674754749 ] } },
{ "type": "Feature", "properties": { "バス停": "崎山郵便局前", "事業会社": "北鉄能登バス（株）", "系統": "崎山循環線" }, "geometry": { "type": "Point", "coordinates": [ 137.042867770199479, 37.091082617765508 ] } },
{ "type": "Feature", "properties": { "バス停": "中畠", "事業会社": "志賀町", "系統": "熊野線/福浦熊野病院利用便" }, "geometry": { "type": "Point", "coordinates": [ 136.761815753230536, 37.090313021829239 ] } },
{ "type": "Feature", "properties": { "バス停": "三明", "事業会社": "志賀町", "系統": "熊野線/福浦熊野病院利用便" }, "geometry": { "type": "Point", "coordinates": [ 136.764791549152221, 37.090045095936745 ] } },
{ "type": "Feature", "properties": { "バス停": "三明", "事業会社": "北鉄能登バス（株）", "系統": "富来線" }, "geometry": { "type": "Point", "coordinates": [ 136.764791549152221, 37.090045095936745 ] } },
{ "type": "Feature", "properties": { "バス停": "和倉温泉", "事業会社": "能登島交通（株）", "系統": "曲線" }, "geometry": { "type": "Point", "coordinates": [ 136.917217502270461, 37.089052686634425 ] } },
{ "type": "Feature", "properties": { "バス停": "和倉温泉", "事業会社": "北鉄能登バス（株）", "系統": "和倉線" }, "geometry": { "type": "Point", "coordinates": [ 136.917217502270461, 37.089052686634425 ] } },
{ "type": "Feature", "properties": { "バス停": "和倉温泉", "事業会社": "加越能バス（株）", "系統": "和倉温泉直行バス「わくライナー」" }, "geometry": { "type": "Point", "coordinates": [ 136.917217502270461, 37.089052686634425 ] } },
{ "type": "Feature", "properties": { "バス停": "上笠師集会所", "事業会社": "七尾市", "系統": "中島げんきバス" }, "geometry": { "type": "Point", "coordinates": [ 136.835149661584182, 37.088760814295362 ] } },
{ "type": "Feature", "properties": { "バス停": "唐島荘入口", "事業会社": "七尾市", "系統": "中島げんきバス" }, "geometry": { "type": "Point", "coordinates": [ 136.86873676162827, 37.087890827267202 ] } },
{ "type": "Feature", "properties": { "バス停": "中笠師保農協倉庫前", "事業会社": "七尾市", "系統": "中島げんきバス" }, "geometry": { "type": "Point", "coordinates": [ 136.843796430299278, 37.087881459262938 ] } },
{ "type": "Feature", "properties": { "バス停": "上三室", "事業会社": "北鉄能登バス（株）", "系統": "崎山循環線" }, "geometry": { "type": "Point", "coordinates": [ 137.014268287141107, 37.087428799820813 ] } },
{ "type": "Feature", "properties": { "バス停": "豊後名", "事業会社": "志賀町", "系統": "熊野線/福浦熊野病院利用便" }, "geometry": { "type": "Point", "coordinates": [ 136.769633697485119, 37.087360854941359 ] } },
{ "type": "Feature", "properties": { "バス停": "豊後名", "事業会社": "北鉄能登バス（株）", "系統": "富来線" }, "geometry": { "type": "Point", "coordinates": [ 136.769633697485119, 37.087360854941359 ] } },
{ "type": "Feature", "properties": { "バス停": "和倉温泉お祭り会館前", "事業会社": "加越能バス（株）", "系統": "和倉温泉直行バス「わくライナー」" }, "geometry": { "type": "Point", "coordinates": [ 136.919142722469815, 37.0869021670566 ] } },
{ "type": "Feature", "properties": { "バス停": "和倉観光会館前", "事業会社": "能登島交通（株）", "系統": "曲線" }, "geometry": { "type": "Point", "coordinates": [ 136.919142722469815, 37.0869021670566 ] } },
{ "type": "Feature", "properties": { "バス停": "お祭り会館前", "事業会社": "北鉄能登バス（株）", "系統": "和倉線" }, "geometry": { "type": "Point", "coordinates": [ 136.919142722469815, 37.0869021670566 ] } },
{ "type": "Feature", "properties": { "バス停": "和倉インフォメーション", "事業会社": "能登島交通（株）", "系統": "曲線" }, "geometry": { "type": "Point", "coordinates": [ 136.923790868434679, 37.086850668841912 ] } },
{ "type": "Feature", "properties": { "バス停": "中山", "事業会社": "志賀町", "系統": "熊野線/福浦熊野病院利用便" }, "geometry": { "type": "Point", "coordinates": [ 136.776738028984482, 37.086416731427406 ] } },
{ "type": "Feature", "properties": { "バス停": "山崎", "事業会社": "北鉄能登バス（株）", "系統": "崎山循環線" }, "geometry": { "type": "Point", "coordinates": [ 137.042023054751866, 37.086138154508447 ] } },
{ "type": "Feature", "properties": { "バス停": "水の澗", "事業会社": "志賀町", "系統": "福浦線,熊野線/福浦熊野病院利用便" }, "geometry": { "type": "Point", "coordinates": [ 136.727670520035019, 37.085396068800911 ] } },
{ "type": "Feature", "properties": { "バス停": "和倉小学校前", "事業会社": "能登島交通（株）", "系統": "曲線" }, "geometry": { "type": "Point", "coordinates": [ 136.921370091164789, 37.085272992236128 ] } },
{ "type": "Feature", "properties": { "バス停": "和倉小学校前", "事業会社": "北鉄能登バス（株）", "系統": "和倉線" }, "geometry": { "type": "Point", "coordinates": [ 136.921370091164789, 37.085272992236128 ] } },
{ "type": "Feature", "properties": { "バス停": "湯川口", "事業会社": "北鉄能登バス（株）", "系統": "崎山循環線" }, "geometry": { "type": "Point", "coordinates": [ 137.040778514097269, 37.084185014428705 ] } },
{ "type": "Feature", "properties": { "バス停": "大鳥浜団地前", "事業会社": "能登島交通（株）", "系統": "曲線" }, "geometry": { "type": "Point", "coordinates": [ 136.930789222814269, 37.084043721730147 ] } },
{ "type": "Feature", "properties": { "バス停": "和倉温泉東口", "事業会社": "能登島交通（株）", "系統": "曲線" }, "geometry": { "type": "Point", "coordinates": [ 136.927435411717454, 37.083662545982023 ] } },
{ "type": "Feature", "properties": { "バス停": "和光台", "事業会社": "志賀町", "系統": "熊野線/福浦熊野病院利用便" }, "geometry": { "type": "Point", "coordinates": [ 136.75226116273555, 37.083378830704142 ] } },
{ "type": "Feature", "properties": { "バス停": "旧塩津保育園", "事業会社": "七尾市", "系統": "中島げんきバス" }, "geometry": { "type": "Point", "coordinates": [ 136.858398156878934, 37.082623043022551 ] } },
{ "type": "Feature", "properties": { "バス停": "香島", "事業会社": "北鉄能登バス（株）", "系統": "和倉線" }, "geometry": { "type": "Point", "coordinates": [ 136.922745127599683, 37.082180066644447 ] } },
{ "type": "Feature", "properties": { "バス停": "福浦港", "事業会社": "志賀町", "系統": "志加浦線,福浦線,熊野線/福浦熊野病院利用便" }, "geometry": { "type": "Point", "coordinates": [ 136.727013539306085, 37.082053667388912 ] } },
{ "type": "Feature", "properties": { "バス停": "塩津神社前", "事業会社": "七尾市", "系統": "中島げんきバス" }, "geometry": { "type": "Point", "coordinates": [ 136.850901066934398, 37.081930112274449 ] } },
{ "type": "Feature", "properties": { "バス停": "湯川温泉", "事業会社": "北鉄能登バス（株）", "系統": "崎山循環線" }, "geometry": { "type": "Point", "coordinates": [ 137.038629633831533, 37.081647473400935 ] } },
{ "type": "Feature", "properties": { "バス停": "丹和", "事業会社": "志賀町", "系統": "志加浦線,福浦線,熊野線/福浦熊野病院利用便" }, "geometry": { "type": "Point", "coordinates": [ 136.72413828037574, 37.081090351392128 ] } },
{ "type": "Feature", "properties": { "バス停": "釈迦堂", "事業会社": "志賀町", "系統": "堀松・上熊野線" }, "geometry": { "type": "Point", "coordinates": [ 136.785979752790041, 37.079991903204878 ] } },
{ "type": "Feature", "properties": { "バス停": "下湯川", "事業会社": "北鉄能登バス（株）", "系統": "崎山循環線" }, "geometry": { "type": "Point", "coordinates": [ 137.035936334785703, 37.079873717099147 ] } },
{ "type": "Feature", "properties": { "バス停": "福浦郵便局前", "事業会社": "志賀町", "系統": "志加浦線,福浦線,熊野線/福浦熊野病院利用便" }, "geometry": { "type": "Point", "coordinates": [ 136.722483793795533, 37.079351333613573 ] } },
{ "type": "Feature", "properties": { "バス停": "笠師保駅", "事業会社": "七尾市", "系統": "中島げんきバス,田鶴浜地域バス" }, "geometry": { "type": "Point", "coordinates": [ 136.858091941129089, 37.079301463718458 ] } },
{ "type": "Feature", "properties": { "バス停": "浜岡クリニック", "事業会社": "能登島交通（株）", "系統": "曲線" }, "geometry": { "type": "Point", "coordinates": [ 136.925981956274853, 37.078626140419743 ] } },
{ "type": "Feature", "properties": { "バス停": "香島中学校前", "事業会社": "北鉄能登バス（株）", "系統": "和倉線" }, "geometry": { "type": "Point", "coordinates": [ 136.925981956274853, 37.078626140419743 ] } },
{ "type": "Feature", "properties": { "バス停": "上湯川", "事業会社": "北鉄能登バス（株）", "系統": "崎山循環線" }, "geometry": { "type": "Point", "coordinates": [ 137.031405448464085, 37.077812996994474 ] } },
{ "type": "Feature", "properties": { "バス停": "長田", "事業会社": "志賀町", "系統": "堀松・上熊野線" }, "geometry": { "type": "Point", "coordinates": [ 136.764762106878067, 37.07763661355883 ] } },
{ "type": "Feature", "properties": { "バス停": "大野木", "事業会社": "北鉄能登バス（株）", "系統": "崎山循環線" }, "geometry": { "type": "Point", "coordinates": [ 137.052174627611407, 37.077407512136368 ] } },
{ "type": "Feature", "properties": { "バス停": "石崎東四区", "事業会社": "北鉄能登バス（株）", "系統": "和倉線" }, "geometry": { "type": "Point", "coordinates": [ 136.93399407974016, 37.076487200103045 ] } },
{ "type": "Feature", "properties": { "バス停": "石崎駐在所前", "事業会社": "北鉄能登バス（株）", "系統": "和倉線" }, "geometry": { "type": "Point", "coordinates": [ 136.932039569689948, 37.076068576417029 ] } },
{ "type": "Feature", "properties": { "バス停": "石崎小学校前", "事業会社": "北鉄能登バス（株）", "系統": "和倉線" }, "geometry": { "type": "Point", "coordinates": [ 136.93013311199806, 37.075602738231829 ] } },
{ "type": "Feature", "properties": { "バス停": "長田口", "事業会社": "志賀町", "系統": "堀松・上熊野線" }, "geometry": { "type": "Point", "coordinates": [ 136.775087553491261, 37.075556312099124 ] } },
{ "type": "Feature", "properties": { "バス停": "長田口", "事業会社": "北鉄能登バス（株）", "系統": "富来線" }, "geometry": { "type": "Point", "coordinates": [ 136.775087553491261, 37.075556312099124 ] } },
{ "type": "Feature", "properties": { "バス停": "此の木", "事業会社": "北鉄能登バス（株）", "系統": "崎山循環線" }, "geometry": { "type": "Point", "coordinates": [ 137.012348688336317, 37.075545986991273 ] } },
{ "type": "Feature", "properties": { "バス停": "石崎漁港前", "事業会社": "北鉄能登バス（株）", "系統": "和倉線" }, "geometry": { "type": "Point", "coordinates": [ 136.935583973916096, 37.075514590266501 ] } },
{ "type": "Feature", "properties": { "バス停": "和倉温泉駅前", "事業会社": "能登島交通（株）", "系統": "曲線" }, "geometry": { "type": "Point", "coordinates": [ 136.926380157574727, 37.075218500931143 ] } },
{ "type": "Feature", "properties": { "バス停": "和倉温泉駅前", "事業会社": "北鉄能登バス（株）", "系統": "和倉線,高浜線" }, "geometry": { "type": "Point", "coordinates": [ 136.926380157574727, 37.075218500931143 ] } },
{ "type": "Feature", "properties": { "バス停": "大津北ゴミステーション前", "事業会社": "七尾市", "系統": "田鶴浜地域バス" }, "geometry": { "type": "Point", "coordinates": [ 136.850818615121369, 37.074577883295525 ] } },
{ "type": "Feature", "properties": { "バス停": "直海高位", "事業会社": "志賀町", "系統": "堀松・上熊野線" }, "geometry": { "type": "Point", "coordinates": [ 136.787132813572555, 37.074139828295294 ] } },
{ "type": "Feature", "properties": { "バス停": "石崎口", "事業会社": "能登島交通（株）", "系統": "曲線" }, "geometry": { "type": "Point", "coordinates": [ 136.928073670287745, 37.074070355374126 ] } },
{ "type": "Feature", "properties": { "バス停": "石崎口", "事業会社": "北鉄能登バス（株）", "系統": "和倉線,高浜線" }, "geometry": { "type": "Point", "coordinates": [ 136.928073670287745, 37.074070355374126 ] } },
{ "type": "Feature", "properties": { "バス停": "奥原", "事業会社": "北鉄能登バス（株）", "系統": "高浜線" }, "geometry": { "type": "Point", "coordinates": [ 136.914710836498813, 37.072107665382326 ] } },
{ "type": "Feature", "properties": { "バス停": "直海大釜", "事業会社": "志賀町", "系統": "堀松・上熊野線" }, "geometry": { "type": "Point", "coordinates": [ 136.777815368458789, 37.07103858025846 ] } },
{ "type": "Feature", "properties": { "バス停": "直海中村", "事業会社": "志賀町", "系統": "堀松・上熊野線" }, "geometry": { "type": "Point", "coordinates": [ 136.78129006299929, 37.07066258435583 ] } },
{ "type": "Feature", "properties": { "バス停": "大津口", "事業会社": "北鉄能登バス（株）", "系統": "高浜線" }, "geometry": { "type": "Point", "coordinates": [ 136.859227234839864, 37.070059475580912 ] } },
{ "type": "Feature", "properties": { "バス停": "直海", "事業会社": "北鉄能登バス（株）", "系統": "富来線" }, "geometry": { "type": "Point", "coordinates": [ 136.780291312554823, 37.070048191389397 ] } },
{ "type": "Feature", "properties": { "バス停": "赤崎温泉", "事業会社": "北鉄能登バス（株）", "系統": "崎山循環線" }, "geometry": { "type": "Point", "coordinates": [ 137.01051632471146, 37.069548577114261 ] } },
{ "type": "Feature", "properties": { "バス停": "大津集会所前", "事業会社": "七尾市", "系統": "田鶴浜地域バス" }, "geometry": { "type": "Point", "coordinates": [ 136.84581844234097, 37.06953998101168 ] } },
{ "type": "Feature", "properties": { "バス停": "白浜", "事業会社": "七尾市", "系統": "田鶴浜地域バス" }, "geometry": { "type": "Point", "coordinates": [ 136.868681549299396, 37.069208497255239 ] } },
{ "type": "Feature", "properties": { "バス停": "白浜", "事業会社": "北鉄能登バス（株）", "系統": "高浜線" }, "geometry": { "type": "Point", "coordinates": [ 136.868681549299396, 37.069208497255239 ] } },
{ "type": "Feature", "properties": { "バス停": "白浜東", "事業会社": "北鉄能登バス（株）", "系統": "高浜線" }, "geometry": { "type": "Point", "coordinates": [ 136.872870954329073, 37.0690800450311 ] } },
{ "type": "Feature", "properties": { "バス停": "直海別所", "事業会社": "志賀町", "系統": "堀松・上熊野線" }, "geometry": { "type": "Point", "coordinates": [ 136.784450991297348, 37.068825646848211 ] } },
{ "type": "Feature", "properties": { "バス停": "祖浜", "事業会社": "能登島交通（株）", "系統": "曲線" }, "geometry": { "type": "Point", "coordinates": [ 136.93398229696291, 37.06883059450292 ] } },
{ "type": "Feature", "properties": { "バス停": "祖浜", "事業会社": "北鉄能登バス（株）", "系統": "和倉線,高浜線" }, "geometry": { "type": "Point", "coordinates": [ 136.93398229696291, 37.06883059450292 ] } },
{ "type": "Feature", "properties": { "バス停": "矢田集会所", "事業会社": "志賀町", "系統": "土田西回り線" }, "geometry": { "type": "Point", "coordinates": [ 136.822286805303804, 37.068790445163295 ] } },
{ "type": "Feature", "properties": { "バス停": "深見口", "事業会社": "七尾市", "系統": "田鶴浜地域バス" }, "geometry": { "type": "Point", "coordinates": [ 136.864284414860435, 37.068495650709231 ] } },
{ "type": "Feature", "properties": { "バス停": "深見口", "事業会社": "北鉄能登バス（株）", "系統": "高浜線" }, "geometry": { "type": "Point", "coordinates": [ 136.864284414860435, 37.068495650709231 ] } },
{ "type": "Feature", "properties": { "バス停": "栗山", "事業会社": "志賀町", "系統": "土田西回り線" }, "geometry": { "type": "Point", "coordinates": [ 136.801414045795951, 37.068187585633176 ] } },
{ "type": "Feature", "properties": { "バス停": "大津", "事業会社": "七尾市", "系統": "田鶴浜地域バス" }, "geometry": { "type": "Point", "coordinates": [ 136.849250420461289, 37.068142464029151 ] } },
{ "type": "Feature", "properties": { "バス停": "大津", "事業会社": "北鉄能登バス（株）", "系統": "高浜線" }, "geometry": { "type": "Point", "coordinates": [ 136.849250420461289, 37.068142464029151 ] } },
{ "type": "Feature", "properties": { "バス停": "江泊", "事業会社": "北鉄能登バス（株）", "系統": "崎山循環線" }, "geometry": { "type": "Point", "coordinates": [ 137.05234052038233, 37.068066326762732 ] } },
{ "type": "Feature", "properties": { "バス停": "田鶴浜住宅前", "事業会社": "北鉄能登バス（株）", "系統": "高浜線" }, "geometry": { "type": "Point", "coordinates": [ 136.908348262810819, 37.067876858115262 ] } },
{ "type": "Feature", "properties": { "バス停": "赤崎", "事業会社": "北鉄能登バス（株）", "系統": "崎山循環線" }, "geometry": { "type": "Point", "coordinates": [ 137.009519303436576, 37.066843588673841 ] } },
{ "type": "Feature", "properties": { "バス停": "舟尾", "事業会社": "北鉄能登バス（株）", "系統": "高浜線" }, "geometry": { "type": "Point", "coordinates": [ 136.901982478822532, 37.066698144468688 ] } },
{ "type": "Feature", "properties": { "バス停": "大津西口", "事業会社": "七尾市", "系統": "田鶴浜地域バス" }, "geometry": { "type": "Point", "coordinates": [ 136.844853681600085, 37.066512527410922 ] } },
{ "type": "Feature", "properties": { "バス停": "大津西口", "事業会社": "北鉄能登バス（株）", "系統": "高浜線" }, "geometry": { "type": "Point", "coordinates": [ 136.844853681600085, 37.066512527410922 ] } },
{ "type": "Feature", "properties": { "バス停": "松の木", "事業会社": "北鉄能登バス（株）", "系統": "富来線" }, "geometry": { "type": "Point", "coordinates": [ 136.781837755104959, 37.066455896255938 ] } },
{ "type": "Feature", "properties": { "バス停": "松木", "事業会社": "志賀町", "系統": "堀松・上熊野線" }, "geometry": { "type": "Point", "coordinates": [ 136.781634179372048, 37.066159540863161 ] } },
{ "type": "Feature", "properties": { "バス停": "矢田中央", "事業会社": "志賀町", "系統": "土田西回り線" }, "geometry": { "type": "Point", "coordinates": [ 136.821810898336395, 37.066105199058207 ] } },
{ "type": "Feature", "properties": { "バス停": "川尻", "事業会社": "北鉄能登バス（株）", "系統": "高浜線" }, "geometry": { "type": "Point", "coordinates": [ 136.896326608404308, 37.066061054674051 ] } },
{ "type": "Feature", "properties": { "バス停": "田鶴浜駅", "事業会社": "七尾市", "系統": "田鶴浜地域バス" }, "geometry": { "type": "Point", "coordinates": [ 136.891168459421976, 37.065598672095099 ] } },
{ "type": "Feature", "properties": { "バス停": "松百", "事業会社": "能登島交通（株）", "系統": "曲線" }, "geometry": { "type": "Point", "coordinates": [ 136.938481420903742, 37.065164280682396 ] } },
{ "type": "Feature", "properties": { "バス停": "松百", "事業会社": "北鉄能登バス（株）", "系統": "和倉線,高浜線" }, "geometry": { "type": "Point", "coordinates": [ 136.938481420903742, 37.065164280682396 ] } },
{ "type": "Feature", "properties": { "バス停": "JA田鶴浜前", "事業会社": "七尾市", "系統": "田鶴浜地域バス" }, "geometry": { "type": "Point", "coordinates": [ 136.889800819811285, 37.065136447291671 ] } },
{ "type": "Feature", "properties": { "バス停": "JA田鶴浜支店前", "事業会社": "北鉄能登バス（株）", "系統": "高浜線" }, "geometry": { "type": "Point", "coordinates": [ 136.889429740935867, 37.065126155085814 ] } },
{ "type": "Feature", "properties": { "バス停": "三引口", "事業会社": "北鉄能登バス（株）", "系統": "高浜線" }, "geometry": { "type": "Point", "coordinates": [ 136.885471473375304, 37.065024055638034 ] } },
{ "type": "Feature", "properties": { "バス停": "田鶴浜診療所前", "事業会社": "七尾市", "系統": "田鶴浜地域バス" }, "geometry": { "type": "Point", "coordinates": [ 136.887363828773374, 37.064646124393555 ] } },
{ "type": "Feature", "properties": { "バス停": "不動の滝", "事業会社": "志賀町", "系統": "堀松・上熊野線" }, "geometry": { "type": "Point", "coordinates": [ 136.788042293668525, 37.062864003813225 ] } },
{ "type": "Feature", "properties": { "バス停": "谷屋", "事業会社": "志賀町", "系統": "土田西回り線" }, "geometry": { "type": "Point", "coordinates": [ 136.803766915878896, 37.062576971420924 ] } },
{ "type": "Feature", "properties": { "バス停": "国立七尾病院前", "事業会社": "能登島交通（株）", "系統": "曲線" }, "geometry": { "type": "Point", "coordinates": [ 136.941913961136578, 37.062405584228635 ] } },
{ "type": "Feature", "properties": { "バス停": "国立七尾病院前", "事業会社": "北鉄能登バス（株）", "系統": "和倉線,高浜線" }, "geometry": { "type": "Point", "coordinates": [ 136.941913961136578, 37.062405584228635 ] } },
{ "type": "Feature", "properties": { "バス停": "印内", "事業会社": "志賀町", "系統": "土田西回り線" }, "geometry": { "type": "Point", "coordinates": [ 136.816311413963064, 37.062245195409965 ] } },
{ "type": "Feature", "properties": { "バス停": "小室野", "事業会社": "志賀町", "系統": "堀松・上熊野線" }, "geometry": { "type": "Point", "coordinates": [ 136.792189492442873, 37.060076970434395 ] } },
{ "type": "Feature", "properties": { "バス停": "滝の尻", "事業会社": "北鉄能登バス（株）", "系統": "崎山循環線" }, "geometry": { "type": "Point", "coordinates": [ 137.007384523697311, 37.059899890124534 ] } },
{ "type": "Feature", "properties": { "バス停": "田原", "事業会社": "志賀町", "系統": "堀松・上熊野線" }, "geometry": { "type": "Point", "coordinates": [ 136.767384215003972, 37.059864189263699 ] } },
{ "type": "Feature", "properties": { "バス停": "サンビーム日和ヶ丘前", "事業会社": "七尾市", "系統": "田鶴浜地域バス" }, "geometry": { "type": "Point", "coordinates": [ 136.895633614901811, 37.059831226102681 ] } },
{ "type": "Feature", "properties": { "バス停": "サンビーム日和ヶ丘", "事業会社": "北鉄能登バス（株）", "系統": "三階線" }, "geometry": { "type": "Point", "coordinates": [ 136.895660837483661, 37.059770956895434 ] } },
{ "type": "Feature", "properties": { "バス停": "徳田", "事業会社": "志賀町", "系統": "土田東回り線" }, "geometry": { "type": "Point", "coordinates": [ 136.830299332156812, 37.059679588014397 ] } },
{ "type": "Feature", "properties": { "バス停": "徳田", "事業会社": "北鉄能登バス（株）", "系統": "高浜線" }, "geometry": { "type": "Point", "coordinates": [ 136.830299332156812, 37.059679588014397 ] } },
{ "type": "Feature", "properties": { "バス停": "松百新町", "事業会社": "能登島交通（株）", "系統": "曲線" }, "geometry": { "type": "Point", "coordinates": [ 136.945658987333928, 37.059393034343991 ] } },
{ "type": "Feature", "properties": { "バス停": "松百新町", "事業会社": "北鉄能登バス（株）", "系統": "和倉線,高浜線" }, "geometry": { "type": "Point", "coordinates": [ 136.945658987333928, 37.059393034343991 ] } },
{ "type": "Feature", "properties": { "バス停": "上野ヶ丘コミュニティセンター", "事業会社": "七尾市", "系統": "田鶴浜地域バス" }, "geometry": { "type": "Point", "coordinates": [ 136.884908166250256, 37.059302478964199 ] } },
{ "type": "Feature", "properties": { "バス停": "赤浦町", "事業会社": "七尾市", "系統": "ぐるっとセブン" }, "geometry": { "type": "Point", "coordinates": [ 136.938309479980774, 37.05897227572337 ] } },
{ "type": "Feature", "properties": { "バス停": "白鳥", "事業会社": "北鉄能登バス（株）", "系統": "崎山循環線" }, "geometry": { "type": "Point", "coordinates": [ 137.048823388845392, 37.058863932365426 ] } },
{ "type": "Feature", "properties": { "バス停": "松百新町", "事業会社": "七尾市", "系統": "ぐるっとセブン" }, "geometry": { "type": "Point", "coordinates": [ 136.942641543669282, 37.0588138347143 ] } },
{ "type": "Feature", "properties": { "バス停": "米町集会所", "事業会社": "志賀町", "系統": "堀松・上熊野線" }, "geometry": { "type": "Point", "coordinates": [ 136.783951316221533, 37.058530839573528 ] } },
{ "type": "Feature", "properties": { "バス停": "三引", "事業会社": "七尾市", "系統": "田鶴浜地域バス" }, "geometry": { "type": "Point", "coordinates": [ 136.878658750301327, 37.058386483569315 ] } },
{ "type": "Feature", "properties": { "バス停": "代田山手", "事業会社": "志賀町", "系統": "土田西回り線" }, "geometry": { "type": "Point", "coordinates": [ 136.816617736641035, 37.05838375897855 ] } },
{ "type": "Feature", "properties": { "バス停": "米町", "事業会社": "志賀町", "系統": "堀松・上熊野線" }, "geometry": { "type": "Point", "coordinates": [ 136.778247433721077, 37.058373784563891 ] } },
{ "type": "Feature", "properties": { "バス停": "米町", "事業会社": "北鉄能登バス（株）", "系統": "富来線" }, "geometry": { "type": "Point", "coordinates": [ 136.778247433721077, 37.058373784563891 ] } },
{ "type": "Feature", "properties": { "バス停": "仏木西", "事業会社": "志賀町", "系統": "土田西回り線,堀松・上熊野線" }, "geometry": { "type": "Point", "coordinates": [ 136.797976459101136, 37.058334854581659 ] } },
{ "type": "Feature", "properties": { "バス停": "徳田北", "事業会社": "志賀町", "系統": "土田東回り線" }, "geometry": { "type": "Point", "coordinates": [ 136.834412338553051, 37.0582729465157 ] } },
{ "type": "Feature", "properties": { "バス停": "旧土田小学校", "事業会社": "志賀町", "系統": "土田西回り線" }, "geometry": { "type": "Point", "coordinates": [ 136.823884498843796, 37.058197076908918 ] } },
{ "type": "Feature", "properties": { "バス停": "矢田", "事業会社": "志賀町", "系統": "土田西回り線" }, "geometry": { "type": "Point", "coordinates": [ 136.828139368845314, 37.057948905594131 ] } },
{ "type": "Feature", "properties": { "バス停": "矢田", "事業会社": "北鉄能登バス（株）", "系統": "高浜線" }, "geometry": { "type": "Point", "coordinates": [ 136.828139368845314, 37.057948905594131 ] } },
{ "type": "Feature", "properties": { "バス停": "海門寺", "事業会社": "北鉄能登バス（株）", "系統": "崎山循環線" }, "geometry": { "type": "Point", "coordinates": [ 137.006354992078911, 37.057843987525189 ] } },
{ "type": "Feature", "properties": { "バス停": "土田学校前", "事業会社": "北鉄能登バス（株）", "系統": "高浜線" }, "geometry": { "type": "Point", "coordinates": [ 136.823984542993884, 37.057299138601124 ] } },
{ "type": "Feature", "properties": { "バス停": "津向町", "事業会社": "北鉄能登バス（株）", "系統": "和倉線,高浜線" }, "geometry": { "type": "Point", "coordinates": [ 136.952674201338226, 37.056749449709265 ] } },
{ "type": "Feature", "properties": { "バス停": "馬場橋口", "事業会社": "七尾市", "系統": "ぐるっとセブン" }, "geometry": { "type": "Point", "coordinates": [ 136.931041412071124, 37.056439299319479 ] } },
{ "type": "Feature", "properties": { "バス停": "アスロン前", "事業会社": "七尾市", "系統": "田鶴浜地域バス" }, "geometry": { "type": "Point", "coordinates": [ 136.895849878755001, 37.055998648597878 ] } },
{ "type": "Feature", "properties": { "バス停": "西湊合同庁舎前", "事業会社": "北鉄能登バス（株）", "系統": "和倉線" }, "geometry": { "type": "Point", "coordinates": [ 136.954779305133314, 37.055681325310367 ] } },
{ "type": "Feature", "properties": { "バス停": "五里峠北", "事業会社": "志賀町", "系統": "堀松・上熊野線" }, "geometry": { "type": "Point", "coordinates": [ 136.76230633553277, 37.055364304111166 ] } },
{ "type": "Feature", "properties": { "バス停": "フローリィ", "事業会社": "志賀町", "系統": "志加浦線" }, "geometry": { "type": "Point", "coordinates": [ 136.729205449487807, 37.055328823863846 ] } },
{ "type": "Feature", "properties": { "バス停": "大灘口", "事業会社": "志賀町", "系統": "土田東回り線" }, "geometry": { "type": "Point", "coordinates": [ 136.838718496088774, 37.055005678359223 ] } },
{ "type": "Feature", "properties": { "バス停": "仏木中央", "事業会社": "志賀町", "系統": "土田西回り線,堀松・上熊野線" }, "geometry": { "type": "Point", "coordinates": [ 136.802997236345135, 37.054627990675471 ] } },
{ "type": "Feature", "properties": { "バス停": "代田", "事業会社": "志賀町", "系統": "土田東回り線" }, "geometry": { "type": "Point", "coordinates": [ 136.819856809274512, 37.054421599640165 ] } },
{ "type": "Feature", "properties": { "バス停": "代田", "事業会社": "北鉄能登バス（株）", "系統": "高浜線" }, "geometry": { "type": "Point", "coordinates": [ 136.819856809274512, 37.054421599640165 ] } },
{ "type": "Feature", "properties": { "バス停": "太田八幡", "事業会社": "北鉄能登バス（株）", "系統": "崎山循環線,脇線" }, "geometry": { "type": "Point", "coordinates": [ 137.001544530961723, 37.053950688123599 ] } },
{ "type": "Feature", "properties": { "バス停": "高田", "事業会社": "七尾市", "系統": "田鶴浜地域バス" }, "geometry": { "type": "Point", "coordinates": [ 136.89320241817731, 37.053877672909117 ] } },
{ "type": "Feature", "properties": { "バス停": "高田", "事業会社": "北鉄能登バス（株）", "系統": "三階線" }, "geometry": { "type": "Point", "coordinates": [ 136.89320241817731, 37.053877672909117 ] } },
{ "type": "Feature", "properties": { "バス停": "土田郵便局", "事業会社": "志賀町", "系統": "土田東回り線" }, "geometry": { "type": "Point", "coordinates": [ 136.820697867978737, 37.053828646859145 ] } },
{ "type": "Feature", "properties": { "バス停": "小島町三丁目", "事業会社": "北鉄能登バス（株）", "系統": "和倉線,高浜線" }, "geometry": { "type": "Point", "coordinates": [ 136.955175460765361, 37.053786017307424 ] } },
{ "type": "Feature", "properties": { "バス停": "石田前", "事業会社": "志賀町", "系統": "土田東回り線" }, "geometry": { "type": "Point", "coordinates": [ 136.836099929630507, 37.053748271061458 ] } },
{ "type": "Feature", "properties": { "バス停": "営団", "事業会社": "志賀町", "系統": "土田西回り線,堀松・上熊野線" }, "geometry": { "type": "Point", "coordinates": [ 136.807062970532371, 37.0533382850127 ] } },
{ "type": "Feature", "properties": { "バス停": "ベイモール前", "事業会社": "能登島交通（株）", "系統": "曲線" }, "geometry": { "type": "Point", "coordinates": [ 136.958080181885009, 37.053190085998175 ] } },
{ "type": "Feature", "properties": { "バス停": "つつじケ浜", "事業会社": "北鉄能登バス（株）", "系統": "和倉線" }, "geometry": { "type": "Point", "coordinates": [ 136.958102680266563, 37.053173699946157 ] } },
{ "type": "Feature", "properties": { "バス停": "シルバーハウス", "事業会社": "志賀町", "系統": "土田東回り線,土田西回り線,堀松・上熊野線" }, "geometry": { "type": "Point", "coordinates": [ 136.813971405920682, 37.053060202581705 ] } },
{ "type": "Feature", "properties": { "バス停": "赤住", "事業会社": "志賀町", "系統": "志加浦線" }, "geometry": { "type": "Point", "coordinates": [ 136.731479522984046, 37.052659478352702 ] } },
{ "type": "Feature", "properties": { "バス停": "卸売市場前", "事業会社": "北鉄能登バス（株）", "系統": "崎山循環線,脇線" }, "geometry": { "type": "Point", "coordinates": [ 136.997632202789106, 37.052652948180743 ] } },
{ "type": "Feature", "properties": { "バス停": "土田支所前", "事業会社": "志賀町", "系統": "土田西回り線" }, "geometry": { "type": "Point", "coordinates": [ 136.816879475921922, 37.052346775933174 ] } },
{ "type": "Feature", "properties": { "バス停": "土田支所前", "事業会社": "北鉄能登バス（株）", "系統": "高浜線" }, "geometry": { "type": "Point", "coordinates": [ 136.816879475921922, 37.052346775933174 ] } },
{ "type": "Feature", "properties": { "バス停": "山の寺寺院群", "事業会社": "七尾市", "系統": "まりん号" }, "geometry": { "type": "Point", "coordinates": [ 136.955160527130886, 37.052313142342193 ] } },
{ "type": "Feature", "properties": { "バス停": "徳田集会所", "事業会社": "志賀町", "系統": "土田東回り線" }, "geometry": { "type": "Point", "coordinates": [ 136.832742886557043, 37.051636780899095 ] } },
{ "type": "Feature", "properties": { "バス停": "東湊小学校前", "事業会社": "北鉄能登バス（株）", "系統": "崎山循環線,脇線" }, "geometry": { "type": "Point", "coordinates": [ 136.99398903338377, 37.051242437837026 ] } },
{ "type": "Feature", "properties": { "バス停": "殿", "事業会社": "北鉄能登バス（株）", "系統": "崎山循環線,脇線" }, "geometry": { "type": "Point", "coordinates": [ 137.023462469959895, 37.050836662487015 ] } },
{ "type": "Feature", "properties": { "バス停": "恵寿病院前", "事業会社": "能登島交通（株）", "系統": "曲線" }, "geometry": { "type": "Point", "coordinates": [ 136.961301062691035, 37.050754665243055 ] } },
{ "type": "Feature", "properties": { "バス停": "恵寿病院前", "事業会社": "北鉄能登バス（株）", "系統": "和倉線" }, "geometry": { "type": "Point", "coordinates": [ 136.961301062691035, 37.050754665243055 ] } },
{ "type": "Feature", "properties": { "バス停": "沢野", "事業会社": "北鉄能登バス（株）", "系統": "崎山循環線,脇線" }, "geometry": { "type": "Point", "coordinates": [ 137.025473398125285, 37.05058700960727 ] } },
{ "type": "Feature", "properties": { "バス停": "恵寿総合病院前", "事業会社": "七尾市", "系統": "ぐるっとセブン" }, "geometry": { "type": "Point", "coordinates": [ 136.96200267511648, 37.050334185505761 ] } },
{ "type": "Feature", "properties": { "バス停": "五里峠南", "事業会社": "志賀町", "系統": "堀松・上熊野線" }, "geometry": { "type": "Point", "coordinates": [ 136.766442359526394, 37.050309728416963 ] } },
{ "type": "Feature", "properties": { "バス停": "直津町", "事業会社": "七尾市", "系統": "ぐるっとセブン" }, "geometry": { "type": "Point", "coordinates": [ 136.923711264390391, 37.050250112632384 ] } },
{ "type": "Feature", "properties": { "バス停": "赤住公民館", "事業会社": "志賀町", "系統": "志加浦線" }, "geometry": { "type": "Point", "coordinates": [ 136.730752233093625, 37.050178663770453 ] } },
{ "type": "Feature", "properties": { "バス停": "牛ヶ首", "事業会社": "志賀町", "系統": "堀松・上熊野線" }, "geometry": { "type": "Point", "coordinates": [ 136.774783262692608, 37.049800035917407 ] } },
{ "type": "Feature", "properties": { "バス停": "牛ヶ首", "事業会社": "北鉄能登バス（株）", "系統": "富来線" }, "geometry": { "type": "Point", "coordinates": [ 136.774783262692608, 37.049800035917407 ] } },
{ "type": "Feature", "properties": { "バス停": "フローリア前", "事業会社": "七尾市", "系統": "ぐるっとセブン" }, "geometry": { "type": "Point", "coordinates": [ 136.947672533735954, 37.049673476304847 ] } },
{ "type": "Feature", "properties": { "バス停": "寿町", "事業会社": "七尾市", "系統": "ぐるっとセブン" }, "geometry": { "type": "Point", "coordinates": [ 136.964548294194685, 37.049223576316699 ] } },
{ "type": "Feature", "properties": { "バス停": "寿町", "事業会社": "北鉄能登バス（株）", "系統": "和倉線" }, "geometry": { "type": "Point", "coordinates": [ 136.964548294194685, 37.049223576316699 ] } },
{ "type": "Feature", "properties": { "バス停": "舘開中央", "事業会社": "志賀町", "系統": "土田東回り線" }, "geometry": { "type": "Point", "coordinates": [ 136.819391072666434, 37.049181714762881 ] } },
{ "type": "Feature", "properties": { "バス停": "松戸", "事業会社": "志賀町", "系統": "志加浦線" }, "geometry": { "type": "Point", "coordinates": [ 136.736266514772552, 37.049164254557873 ] } },
{ "type": "Feature", "properties": { "バス停": "渕ヶ谷内", "事業会社": "志賀町", "系統": "土田東回り線" }, "geometry": { "type": "Point", "coordinates": [ 136.836105486043238, 37.049052193081337 ] } },
{ "type": "Feature", "properties": { "バス停": "牛ヶ首集会所", "事業会社": "志賀町", "系統": "堀松・上熊野線" }, "geometry": { "type": "Point", "coordinates": [ 136.777997715868054, 37.049041606538005 ] } },
{ "type": "Feature", "properties": { "バス停": "小島橋", "事業会社": "七尾市", "系統": "ぐるっとセブン,まりん号" }, "geometry": { "type": "Point", "coordinates": [ 136.95834422630989, 37.048917562721826 ] } },
{ "type": "Feature", "properties": { "バス停": "小島橋", "事業会社": "北鉄能登バス（株）", "系統": "和倉線,高浜線" }, "geometry": { "type": "Point", "coordinates": [ 136.95834422630989, 37.048917562721826 ] } },
{ "type": "Feature", "properties": { "バス停": "臼池", "事業会社": "北鉄能登バス（株）", "系統": "崎山循環線,脇線" }, "geometry": { "type": "Point", "coordinates": [ 136.990358140436371, 37.048730945345788 ] } },
{ "type": "Feature", "properties": { "バス停": "杉森", "事業会社": "七尾市", "系統": "田鶴浜地域バス" }, "geometry": { "type": "Point", "coordinates": [ 136.892509118885272, 37.048628553914412 ] } },
{ "type": "Feature", "properties": { "バス停": "杉森", "事業会社": "北鉄能登バス（株）", "系統": "三階線" }, "geometry": { "type": "Point", "coordinates": [ 136.892509118885272, 37.048628553914412 ] } },
{ "type": "Feature", "properties": { "バス停": "能登食祭市場", "事業会社": "七尾市", "系統": "まりん号" }, "geometry": { "type": "Point", "coordinates": [ 136.967923271111658, 37.048158545431846 ] } },
{ "type": "Feature", "properties": { "バス停": "能登食祭市場", "事業会社": "北鉄能登バス（株）", "系統": "和倉線" }, "geometry": { "type": "Point", "coordinates": [ 136.967923271111658, 37.048158545431846 ] } },
{ "type": "Feature", "properties": { "バス停": "食祭市場前", "事業会社": "七尾市", "系統": "ぐるっとセブン" }, "geometry": { "type": "Point", "coordinates": [ 136.967423342941998, 37.047696084062608 ] } },
{ "type": "Feature", "properties": { "バス停": "食祭市場", "事業会社": "能登島交通（株）", "系統": "曲線" }, "geometry": { "type": "Point", "coordinates": [ 136.967423342941998, 37.047696084062608 ] } },
{ "type": "Feature", "properties": { "バス停": "百海", "事業会社": "北鉄能登バス（株）", "系統": "崎山循環線,脇線" }, "geometry": { "type": "Point", "coordinates": [ 137.047346434996626, 37.047660727664443 ] } },
{ "type": "Feature", "properties": { "バス停": "花嫁のれん館前", "事業会社": "七尾市", "系統": "まりん号" }, "geometry": { "type": "Point", "coordinates": [ 136.962229999523714, 37.047436212903904 ] } },
{ "type": "Feature", "properties": { "バス停": "府中町", "事業会社": "七尾市", "系統": "まりん号" }, "geometry": { "type": "Point", "coordinates": [ 136.969224573088383, 37.047097052494784 ] } },
{ "type": "Feature", "properties": { "バス停": "矢田新中央", "事業会社": "北鉄能登バス（株）", "系統": "崎山循環線,脇線" }, "geometry": { "type": "Point", "coordinates": [ 136.976547441231048, 37.046922055168736 ] } },
{ "type": "Feature", "properties": { "バス停": "小丸山城址公園前", "事業会社": "七尾市", "系統": "まりん号" }, "geometry": { "type": "Point", "coordinates": [ 136.95821016576744, 37.04676309926306 ] } },
{ "type": "Feature", "properties": { "バス停": "万行浜通り", "事業会社": "北鉄能登バス（株）", "系統": "崎山循環線,脇線" }, "geometry": { "type": "Point", "coordinates": [ 136.986490034754581, 37.046705772030499 ] } },
{ "type": "Feature", "properties": { "バス停": "小丸山台2丁目", "事業会社": "七尾市", "系統": "ぐるっとセブン" }, "geometry": { "type": "Point", "coordinates": [ 136.950499862684779, 37.046647564580212 ] } },
{ "type": "Feature", "properties": { "バス停": "小丸山台2丁目", "事業会社": "北鉄能登バス（株）", "系統": "崎山循環線,羽七東線" }, "geometry": { "type": "Point", "coordinates": [ 136.950499862684779, 37.046647564580212 ] } },
{ "type": "Feature", "properties": { "バス停": "七尾軍艦所跡", "事業会社": "七尾市", "系統": "まりん号" }, "geometry": { "type": "Point", "coordinates": [ 136.981761648271771, 37.046519790506082 ] } },
{ "type": "Feature", "properties": { "バス停": "矢田新東", "事業会社": "北鉄能登バス（株）", "系統": "崎山循環線,脇線" }, "geometry": { "type": "Point", "coordinates": [ 136.981761648271771, 37.046519790506082 ] } },
{ "type": "Feature", "properties": { "バス停": "桧物町", "事業会社": "七尾市", "系統": "ぐるっとセブン" }, "geometry": { "type": "Point", "coordinates": [ 136.966014943729732, 37.046168164909844 ] } },
{ "type": "Feature", "properties": { "バス停": "桧物町", "事業会社": "北鉄能登バス（株）", "系統": "和倉線" }, "geometry": { "type": "Point", "coordinates": [ 136.966014943729732, 37.046168164909844 ] } },
{ "type": "Feature", "properties": { "バス停": "仙対橋", "事業会社": "七尾市", "系統": "まりん号" }, "geometry": { "type": "Point", "coordinates": [ 136.964969503901784, 37.045975929852929 ] } },
{ "type": "Feature", "properties": { "バス停": "道興寺前", "事業会社": "志賀町", "系統": "土田東回り線" }, "geometry": { "type": "Point", "coordinates": [ 136.820550869179101, 37.045968839508213 ] } },
{ "type": "Feature", "properties": { "バス停": "赤坂", "事業会社": "志賀町", "系統": "土田東回り線" }, "geometry": { "type": "Point", "coordinates": [ 136.824978189305426, 37.045942297946809 ] } },
{ "type": "Feature", "properties": { "バス停": "湊町口", "事業会社": "北鉄能登バス（株）", "系統": "崎山循環線,脇線" }, "geometry": { "type": "Point", "coordinates": [ 136.97483406311801, 37.04564575879251 ] } },
{ "type": "Feature", "properties": { "バス停": "江野", "事業会社": "志賀町", "系統": "志加浦線" }, "geometry": { "type": "Point", "coordinates": [ 136.738411537093072, 37.045599516519786 ] } },
{ "type": "Feature", "properties": { "バス停": "ひらそ地蔵", "事業会社": "志賀町", "系統": "堀松・上熊野線" }, "geometry": { "type": "Point", "coordinates": [ 136.779033096924707, 37.045569011080559 ] } },
{ "type": "Feature", "properties": { "バス停": "小丸山台一丁目", "事業会社": "能登島交通（株）", "系統": "曲線" }, "geometry": { "type": "Point", "coordinates": [ 136.95438701746761, 37.045228431675596 ] } },
{ "type": "Feature", "properties": { "バス停": "小丸山台1丁目", "事業会社": "七尾市", "系統": "ぐるっとセブン" }, "geometry": { "type": "Point", "coordinates": [ 136.954455901617479, 37.045170941157934 ] } },
{ "type": "Feature", "properties": { "バス停": "小丸山台1丁目", "事業会社": "北鉄能登バス（株）", "系統": "崎山循環線,羽七東線" }, "geometry": { "type": "Point", "coordinates": [ 136.954455901617479, 37.045170941157934 ] } },
{ "type": "Feature", "properties": { "バス停": "小丸山台3丁目", "事業会社": "七尾市", "系統": "ぐるっとセブン" }, "geometry": { "type": "Point", "coordinates": [ 136.948309052035711, 37.044881041176588 ] } },
{ "type": "Feature", "properties": { "バス停": "小丸山台3丁目", "事業会社": "北鉄能登バス（株）", "系統": "崎山循環線,羽七東線" }, "geometry": { "type": "Point", "coordinates": [ 136.948309052035711, 37.044881041176588 ] } },
{ "type": "Feature", "properties": { "バス停": "青山彩光苑前", "事業会社": "七尾市", "系統": "ぐるっとセブン" }, "geometry": { "type": "Point", "coordinates": [ 136.917424595676692, 37.044664758378708 ] } },
{ "type": "Feature", "properties": { "バス停": "七尾美術館前", "事業会社": "七尾市", "系統": "まりん号" }, "geometry": { "type": "Point", "coordinates": [ 136.952901088158825, 37.04456623936855 ] } },
{ "type": "Feature", "properties": { "バス停": "七尾美術館前", "事業会社": "北鉄能登バス（株）", "系統": "和倉線,三階線,満仁線" }, "geometry": { "type": "Point", "coordinates": [ 136.952901088158825, 37.04456623936855 ] } },
{ "type": "Feature", "properties": { "バス停": "小丸山公園下", "事業会社": "能登島交通（株）", "系統": "曲線" }, "geometry": { "type": "Point", "coordinates": [ 136.960934980827517, 37.044510690699234 ] } },
{ "type": "Feature", "properties": { "バス停": "小丸山城址公園", "事業会社": "北鉄能登バス（株）", "系統": "崎山循環線,和倉線,高浜線,羽七東線,三階線,満仁線" }, "geometry": { "type": "Point", "coordinates": [ 136.960934980827517, 37.044510690699234 ] } },
{ "type": "Feature", "properties": { "バス停": "ワークパル前", "事業会社": "七尾市", "系統": "まりん号" }, "geometry": { "type": "Point", "coordinates": [ 136.951146557714253, 37.044318986585637 ] } },
{ "type": "Feature", "properties": { "バス停": "牧山", "事業会社": "志賀町", "系統": "土田東回り線,土田西回り線" }, "geometry": { "type": "Point", "coordinates": [ 136.81089841164632, 37.044260438496188 ] } },
{ "type": "Feature", "properties": { "バス停": "牧山", "事業会社": "北鉄能登バス（株）", "系統": "高浜線" }, "geometry": { "type": "Point", "coordinates": [ 136.81089841164632, 37.044260438496188 ] } },
{ "type": "Feature", "properties": { "バス停": "能登総合病院", "事業会社": "七尾市", "系統": "ぐるっとセブン,まりん号,田鶴浜地域バス" }, "geometry": { "type": "Point", "coordinates": [ 136.947311410882406, 37.044038610914761 ] } },
{ "type": "Feature", "properties": { "バス停": "公立能登総合病院", "事業会社": "能登島交通（株）", "系統": "曲線" }, "geometry": { "type": "Point", "coordinates": [ 136.947311410882406, 37.044038610914761 ] } },
{ "type": "Feature", "properties": { "バス停": "能登総合病院", "事業会社": "北鉄能登バス（株）", "系統": "崎山循環線,和倉線,羽七東線,三階線,満仁線" }, "geometry": { "type": "Point", "coordinates": [ 136.947311410882406, 37.044038610914761 ] } },
{ "type": "Feature", "properties": { "バス停": "七尾駅前", "事業会社": "能登島交通（株）", "系統": "曲線" }, "geometry": { "type": "Point", "coordinates": [ 136.964104960416222, 37.043863099306215 ] } },
{ "type": "Feature", "properties": { "バス停": "七尾駅前", "事業会社": "北鉄能登バス（株）", "系統": "崎山循環線,脇線,和倉線,高浜線,羽七東線,三階線,満仁線" }, "geometry": { "type": "Point", "coordinates": [ 136.964104960416222, 37.043863099306215 ] } },
{ "type": "Feature", "properties": { "バス停": "岩屋化石層前", "事業会社": "七尾市", "系統": "まりん号" }, "geometry": { "type": "Point", "coordinates": [ 136.956072187486086, 37.043575357551092 ] } },
{ "type": "Feature", "properties": { "バス停": "ミナ．クル", "事業会社": "七尾市", "系統": "まりん号" }, "geometry": { "type": "Point", "coordinates": [ 136.965002659629221, 37.043539002172146 ] } },
{ "type": "Feature", "properties": { "バス停": "西藤橋", "事業会社": "北鉄能登バス（株）", "系統": "和倉線,高浜線,羽七東線,三階線,満仁線" }, "geometry": { "type": "Point", "coordinates": [ 136.9559758249315, 37.043165403672361 ] } },
{ "type": "Feature", "properties": { "バス停": "郡町", "事業会社": "北鉄能登バス（株）", "系統": "崎山循環線,脇線" }, "geometry": { "type": "Point", "coordinates": [ 136.973478756820384, 37.043075740052664 ] } },
{ "type": "Feature", "properties": { "バス停": "矢田高木森古墳前", "事業会社": "七尾市", "系統": "まりん号" }, "geometry": { "type": "Point", "coordinates": [ 136.981769303504024, 37.042992158541246 ] } },
{ "type": "Feature", "properties": { "バス停": "七尾市役所", "事業会社": "七尾市", "系統": "まりん号" }, "geometry": { "type": "Point", "coordinates": [ 136.966617518112059, 37.04296523722148 ] } },
{ "type": "Feature", "properties": { "バス停": "七尾駅前", "事業会社": "加越能バス（株）", "系統": "和倉温泉直行バス「わくライナー」" }, "geometry": { "type": "Point", "coordinates": [ 136.964025009167869, 37.042872381336529 ] } },
{ "type": "Feature", "properties": { "バス停": "市役所車庫", "事業会社": "七尾市", "系統": "やまびこ号" }, "geometry": { "type": "Point", "coordinates": [ 136.96757076899425, 37.042603090929411 ] } },
{ "type": "Feature", "properties": { "バス停": "JR七尾駅", "事業会社": "七尾市", "系統": "ぐるっとセブン,やまびこ号,まりん号" }, "geometry": { "type": "Point", "coordinates": [ 136.964769944239805, 37.042599106200534 ] } },
{ "type": "Feature", "properties": { "バス停": "ロイヤルシティ3", "事業会社": "志賀町", "系統": "まちなか循環線志賀の郷ルート" }, "geometry": { "type": "Point", "coordinates": [ 136.757647819703607, 37.042439797779863 ] } },
{ "type": "Feature", "properties": { "バス停": "青山町口", "事業会社": "七尾市", "系統": "ぐるっとセブン" }, "geometry": { "type": "Point", "coordinates": [ 136.912894023653962, 37.042099922534703 ] } },
{ "type": "Feature", "properties": { "バス停": "川原町", "事業会社": "七尾市", "系統": "ぐるっとセブン" }, "geometry": { "type": "Point", "coordinates": [ 136.969764738071603, 37.041965464514959 ] } },
{ "type": "Feature", "properties": { "バス停": "川原町", "事業会社": "北鉄能登バス（株）", "系統": "崎山循環線,脇線,羽七東線" }, "geometry": { "type": "Point", "coordinates": [ 136.969764738071603, 37.041965464514959 ] } },
{ "type": "Feature", "properties": { "バス停": "岩屋", "事業会社": "北鉄能登バス（株）", "系統": "和倉線,三階線,満仁線" }, "geometry": { "type": "Point", "coordinates": [ 136.955605915846348, 37.041844717102514 ] } },
{ "type": "Feature", "properties": { "バス停": "大笹", "事業会社": "北鉄能登バス（株）", "系統": "富来線" }, "geometry": { "type": "Point", "coordinates": [ 136.777355439491089, 37.041521137531703 ] } },
{ "type": "Feature", "properties": { "バス停": "万行町桜台団地", "事業会社": "七尾市", "系統": "まりん号" }, "geometry": { "type": "Point", "coordinates": [ 136.987160467792819, 37.041483924408382 ] } },
{ "type": "Feature", "properties": { "バス停": "猪の谷", "事業会社": "志賀町", "系統": "堀松・上熊野線" }, "geometry": { "type": "Point", "coordinates": [ 136.777600999663065, 37.041014820862308 ] } },
{ "type": "Feature", "properties": { "バス停": "青谷", "事業会社": "志賀町", "系統": "土田東回り線" }, "geometry": { "type": "Point", "coordinates": [ 136.840957992659099, 37.040729206871688 ] } },
{ "type": "Feature", "properties": { "バス停": "西下", "事業会社": "七尾市", "系統": "田鶴浜地域バス" }, "geometry": { "type": "Point", "coordinates": [ 136.893055883402724, 37.040462925556213 ] } },
{ "type": "Feature", "properties": { "バス停": "西下", "事業会社": "北鉄能登バス（株）", "系統": "満仁線" }, "geometry": { "type": "Point", "coordinates": [ 136.893055883402724, 37.040462925556213 ] } },
{ "type": "Feature", "properties": { "バス停": "満仁", "事業会社": "北鉄能登バス（株）", "系統": "満仁線" }, "geometry": { "type": "Point", "coordinates": [ 136.893919716728107, 37.040156616975395 ] } },
{ "type": "Feature", "properties": { "バス停": "岩屋町", "事業会社": "七尾市", "系統": "ぐるっとセブン" }, "geometry": { "type": "Point", "coordinates": [ 136.954475014550297, 37.0395038513225 ] } },
{ "type": "Feature", "properties": { "バス停": "岩屋町", "事業会社": "北鉄能登バス（株）", "系統": "高浜線,羽七東線,三階線,満仁線" }, "geometry": { "type": "Point", "coordinates": [ 136.954475014550297, 37.0395038513225 ] } },
{ "type": "Feature", "properties": { "バス停": "庵港", "事業会社": "北鉄能登バス（株）", "系統": "脇線" }, "geometry": { "type": "Point", "coordinates": [ 137.046074386106397, 37.039078358831276 ] } },
{ "type": "Feature", "properties": { "バス停": "百浦", "事業会社": "志賀町", "系統": "志加浦線" }, "geometry": { "type": "Point", "coordinates": [ 136.742837661331436, 37.038844413843258 ] } },
{ "type": "Feature", "properties": { "バス停": "池崎中", "事業会社": "七尾市", "系統": "ぐるっとセブン" }, "geometry": { "type": "Point", "coordinates": [ 136.909315631126844, 37.038760210161065 ] } },
{ "type": "Feature", "properties": { "バス停": "吉田中勢橋", "事業会社": "七尾市", "系統": "田鶴浜地域バス" }, "geometry": { "type": "Point", "coordinates": [ 136.883965625120538, 37.038666052153097 ] } },
{ "type": "Feature", "properties": { "バス停": "中勢橋", "事業会社": "北鉄能登バス（株）", "系統": "満仁線" }, "geometry": { "type": "Point", "coordinates": [ 136.883965625120538, 37.038666052153097 ] } },
{ "type": "Feature", "properties": { "バス停": "相馬住宅前", "事業会社": "北鉄能登バス（株）", "系統": "満仁線" }, "geometry": { "type": "Point", "coordinates": [ 136.892669930819181, 37.038114037444956 ] } },
{ "type": "Feature", "properties": { "バス停": "火打谷", "事業会社": "北鉄能登バス（株）", "系統": "高浜線" }, "geometry": { "type": "Point", "coordinates": [ 136.8071092110834, 37.037756757591026 ] } },
{ "type": "Feature", "properties": { "バス停": "吉田安井宅前", "事業会社": "七尾市", "系統": "田鶴浜地域バス" }, "geometry": { "type": "Point", "coordinates": [ 136.878624427001483, 37.037721205072664 ] } },
{ "type": "Feature", "properties": { "バス停": "ロイヤルシティ2", "事業会社": "志賀町", "系統": "まちなか循環線志賀の郷ルート" }, "geometry": { "type": "Point", "coordinates": [ 136.757910024885433, 37.037699262588184 ] } },
{ "type": "Feature", "properties": { "バス停": "七尾中学校", "事業会社": "七尾市", "系統": "やまびこ号" }, "geometry": { "type": "Point", "coordinates": [ 136.957208144036883, 37.037557786133441 ] } },
{ "type": "Feature", "properties": { "バス停": "七尾中学校", "事業会社": "北鉄能登バス（株）", "系統": "高浜線,羽七東線,三階線,満仁線" }, "geometry": { "type": "Point", "coordinates": [ 136.957208144036883, 37.037557786133441 ] } },
{ "type": "Feature", "properties": { "バス停": "町屋口", "事業会社": "北鉄能登バス（株）", "系統": "満仁線" }, "geometry": { "type": "Point", "coordinates": [ 136.902000255866341, 37.037455079211639 ] } },
{ "type": "Feature", "properties": { "バス停": "吉田", "事業会社": "北鉄能登バス（株）", "系統": "満仁線" }, "geometry": { "type": "Point", "coordinates": [ 136.877193165359017, 37.037453120360475 ] } },
{ "type": "Feature", "properties": { "バス停": "火打谷", "事業会社": "志賀町", "系統": "土田東回り線" }, "geometry": { "type": "Point", "coordinates": [ 136.808262451990629, 37.037161320890682 ] } },
{ "type": "Feature", "properties": { "バス停": "小山", "事業会社": "志賀町", "系統": "土田西回り線" }, "geometry": { "type": "Point", "coordinates": [ 136.792065625578033, 37.036478103333039 ] } },
{ "type": "Feature", "properties": { "バス停": "本府中町", "事業会社": "七尾市", "系統": "ぐるっとセブン" }, "geometry": { "type": "Point", "coordinates": [ 136.968855059295976, 37.036474698240667 ] } },
{ "type": "Feature", "properties": { "バス停": "本府中", "事業会社": "北鉄能登バス（株）", "系統": "羽七東線" }, "geometry": { "type": "Point", "coordinates": [ 136.968855059295976, 37.036474698240667 ] } },
{ "type": "Feature", "properties": { "バス停": "藤橋", "事業会社": "七尾市", "系統": "ぐるっとセブン" }, "geometry": { "type": "Point", "coordinates": [ 136.952891145034386, 37.036095045587963 ] } },
{ "type": "Feature", "properties": { "バス停": "藤橋", "事業会社": "北鉄能登バス（株）", "系統": "高浜線,羽七東線,三階線,満仁線" }, "geometry": { "type": "Point", "coordinates": [ 136.952891145034386, 37.036095045587963 ] } },
{ "type": "Feature", "properties": { "バス停": "吉田ひづめ橋", "事業会社": "七尾市", "系統": "田鶴浜地域バス" }, "geometry": { "type": "Point", "coordinates": [ 136.874625117059082, 37.036065696554083 ] } },
{ "type": "Feature", "properties": { "バス停": "西池崎", "事業会社": "七尾市", "系統": "ぐるっとセブン" }, "geometry": { "type": "Point", "coordinates": [ 136.908405863202063, 37.035769147313459 ] } },
{ "type": "Feature", "properties": { "バス停": "西池崎", "事業会社": "北鉄能登バス（株）", "系統": "満仁線" }, "geometry": { "type": "Point", "coordinates": [ 136.908405863202063, 37.035769147313459 ] } },
{ "type": "Feature", "properties": { "バス停": "吉田宮の下", "事業会社": "七尾市", "系統": "田鶴浜地域バス" }, "geometry": { "type": "Point", "coordinates": [ 136.872141723841594, 37.035733686508564 ] } },
{ "type": "Feature", "properties": { "バス停": "南百浦", "事業会社": "志賀町", "系統": "志加浦線" }, "geometry": { "type": "Point", "coordinates": [ 136.745736766904344, 37.035638524779557 ] } },
{ "type": "Feature", "properties": { "バス停": "庵", "事業会社": "北鉄能登バス（株）", "系統": "脇線" }, "geometry": { "type": "Point", "coordinates": [ 137.045986768352947, 37.035328235886716 ] } },
{ "type": "Feature", "properties": { "バス停": "池崎", "事業会社": "七尾市", "系統": "ぐるっとセブン" }, "geometry": { "type": "Point", "coordinates": [ 136.911535590223053, 37.035302643695289 ] } },
{ "type": "Feature", "properties": { "バス停": "池崎", "事業会社": "北鉄能登バス（株）", "系統": "満仁線" }, "geometry": { "type": "Point", "coordinates": [ 136.911535590223053, 37.035302643695289 ] } },
{ "type": "Feature", "properties": { "バス停": "万行町", "事業会社": "七尾市", "系統": "まりん号" }, "geometry": { "type": "Point", "coordinates": [ 136.992681275474666, 37.034709382775318 ] } },
{ "type": "Feature", "properties": { "バス停": "梨谷小山集会所", "事業会社": "志賀町", "系統": "土田西回り線" }, "geometry": { "type": "Point", "coordinates": [ 136.794265496860021, 37.034571770850413 ] } },
{ "type": "Feature", "properties": { "バス停": "石川県緑化センター前", "事業会社": "北鉄能登バス（株）", "系統": "高浜線" }, "geometry": { "type": "Point", "coordinates": [ 136.804098056868582, 37.034461000744166 ] } },
{ "type": "Feature", "properties": { "バス停": "ロイヤルシティ1", "事業会社": "志賀町", "系統": "まちなか循環線志賀の郷ルート" }, "geometry": { "type": "Point", "coordinates": [ 136.765147606818658, 37.03422772913391 ] } },
{ "type": "Feature", "properties": { "バス停": "サンライフプラザ前", "事業会社": "七尾市", "系統": "ぐるっとセブン" }, "geometry": { "type": "Point", "coordinates": [ 136.968116072769078, 37.033854141318756 ] } },
{ "type": "Feature", "properties": { "バス停": "サンライフプラザ", "事業会社": "七尾市", "系統": "まりん号" }, "geometry": { "type": "Point", "coordinates": [ 136.969079876329602, 37.033561985504576 ] } },
{ "type": "Feature", "properties": { "バス停": "伊久留温井口", "事業会社": "七尾市", "系統": "田鶴浜地域バス" }, "geometry": { "type": "Point", "coordinates": [ 136.891283663906677, 37.033287638386106 ] } },
{ "type": "Feature", "properties": { "バス停": "温井", "事業会社": "北鉄能登バス（株）", "系統": "満仁線" }, "geometry": { "type": "Point", "coordinates": [ 136.891283663906677, 37.033287638386106 ] } },
{ "type": "Feature", "properties": { "バス停": "盤若野", "事業会社": "七尾市", "系統": "ぐるっとセブン" }, "geometry": { "type": "Point", "coordinates": [ 136.91399801300156, 37.032001447278688 ] } },
{ "type": "Feature", "properties": { "バス停": "盤若野", "事業会社": "北鉄能登バス（株）", "系統": "満仁線" }, "geometry": { "type": "Point", "coordinates": [ 136.91399801300156, 37.032001447278688 ] } },
{ "type": "Feature", "properties": { "バス停": "梨谷小山橋", "事業会社": "志賀町", "系統": "土田西回り線" }, "geometry": { "type": "Point", "coordinates": [ 136.795837973070149, 37.031831648808655 ] } },
{ "type": "Feature", "properties": { "バス停": "藤野町", "事業会社": "北鉄能登バス（株）", "系統": "羽七東線" }, "geometry": { "type": "Point", "coordinates": [ 136.967412616391073, 37.031752969960422 ] } },
{ "type": "Feature", "properties": { "バス停": "高階保育園前", "事業会社": "七尾市", "系統": "ぐるっとセブン" }, "geometry": { "type": "Point", "coordinates": [ 136.908032497424529, 37.031695734188148 ] } },
{ "type": "Feature", "properties": { "バス停": "JA高階前", "事業会社": "七尾市", "系統": "ぐるっとセブン,田鶴浜地域バス" }, "geometry": { "type": "Point", "coordinates": [ 136.902919114596301, 37.031380861287445 ] } },
{ "type": "Feature", "properties": { "バス停": "JA高階店前", "事業会社": "北鉄能登バス（株）", "系統": "三階線" }, "geometry": { "type": "Point", "coordinates": [ 136.902919114596301, 37.031380861287445 ] } },
{ "type": "Feature", "properties": { "バス停": "中川原", "事業会社": "七尾市", "系統": "ぐるっとセブン" }, "geometry": { "type": "Point", "coordinates": [ 136.956072689623369, 37.030623554666072 ] } },
{ "type": "Feature", "properties": { "バス停": "国分", "事業会社": "北鉄能登バス（株）", "系統": "三階線,満仁線" }, "geometry": { "type": "Point", "coordinates": [ 136.94927838665339, 37.030438357821126 ] } },
{ "type": "Feature", "properties": { "バス停": "小浦", "事業会社": "志賀町", "系統": "志加浦線" }, "geometry": { "type": "Point", "coordinates": [ 136.748217707575435, 37.030162348858759 ] } },
{ "type": "Feature", "properties": { "バス停": "鵬学園高校前", "事業会社": "七尾市", "系統": "ぐるっとセブン" }, "geometry": { "type": "Point", "coordinates": [ 136.973124612716617, 37.030060861636194 ] } },
{ "type": "Feature", "properties": { "バス停": "希望の丘公園", "事業会社": "七尾市", "系統": "まりん号" }, "geometry": { "type": "Point", "coordinates": [ 136.990440062730016, 37.03001095564386 ] } },
{ "type": "Feature", "properties": { "バス停": "相馬分館前", "事業会社": "七尾市", "系統": "田鶴浜地域バス" }, "geometry": { "type": "Point", "coordinates": [ 136.889476535236696, 37.029787720886091 ] } },
{ "type": "Feature", "properties": { "バス停": "伊久留", "事業会社": "北鉄能登バス（株）", "系統": "満仁線" }, "geometry": { "type": "Point", "coordinates": [ 136.889476535236696, 37.029787720886091 ] } },
{ "type": "Feature", "properties": { "バス停": "国分公民館口", "事業会社": "七尾市", "系統": "ぐるっとセブン" }, "geometry": { "type": "Point", "coordinates": [ 136.954202941789987, 37.028943410185413 ] } },
{ "type": "Feature", "properties": { "バス停": "古府", "事業会社": "北鉄能登バス（株）", "系統": "羽七東線" }, "geometry": { "type": "Point", "coordinates": [ 136.965799000464642, 37.028939072124828 ] } },
{ "type": "Feature", "properties": { "バス停": "天神川原", "事業会社": "七尾市", "系統": "ぐるっとセブン" }, "geometry": { "type": "Point", "coordinates": [ 136.973610742198872, 37.028433566656453 ] } },
{ "type": "Feature", "properties": { "バス停": "細口", "事業会社": "北鉄能登バス（株）", "系統": "三階線,満仁線" }, "geometry": { "type": "Point", "coordinates": [ 136.945448870663256, 37.027854638241713 ] } },
{ "type": "Feature", "properties": { "バス停": "梨谷", "事業会社": "北鉄能登バス（株）", "系統": "高浜線" }, "geometry": { "type": "Point", "coordinates": [ 136.797360800850413, 37.027693111846297 ] } },
{ "type": "Feature", "properties": { "バス停": "旭町", "事業会社": "七尾市", "系統": "ぐるっとセブン" }, "geometry": { "type": "Point", "coordinates": [ 136.915960524279825, 37.027671741517615 ] } },
{ "type": "Feature", "properties": { "バス停": "旭町", "事業会社": "北鉄能登バス（株）", "系統": "三階線" }, "geometry": { "type": "Point", "coordinates": [ 136.915960524279825, 37.027671741517615 ] } },
{ "type": "Feature", "properties": { "バス停": "ロイヤルホテル能登", "事業会社": "志賀町", "系統": "まちなか循環線志賀の郷ルート" }, "geometry": { "type": "Point", "coordinates": [ 136.768397409198343, 37.027460642251675 ] } },
{ "type": "Feature", "properties": { "バス停": "緑ヶ丘団地", "事業会社": "七尾市", "系統": "まりん号" }, "geometry": { "type": "Point", "coordinates": [ 136.983797278142845, 37.027161588006216 ] } },
{ "type": "Feature", "properties": { "バス停": "七原大石宅横", "事業会社": "七尾市", "系統": "田鶴浜地域バス" }, "geometry": { "type": "Point", "coordinates": [ 136.86543400853526, 37.027074072577285 ] } },
{ "type": "Feature", "properties": { "バス停": "梨谷口", "事業会社": "志賀町", "系統": "土田東回り線" }, "geometry": { "type": "Point", "coordinates": [ 136.797038370777841, 37.027022916012882 ] } },
{ "type": "Feature", "properties": { "バス停": "出雲", "事業会社": "志賀町", "系統": "土田東回り線" }, "geometry": { "type": "Point", "coordinates": [ 136.805781079115633, 37.026499387256038 ] } },
{ "type": "Feature", "properties": { "バス停": "後畠", "事業会社": "七尾市", "系統": "ぐるっとセブン" }, "geometry": { "type": "Point", "coordinates": [ 136.969184873461842, 37.026336981327468 ] } },
{ "type": "Feature", "properties": { "バス停": "大呑保育園前", "事業会社": "北鉄能登バス（株）", "系統": "脇線" }, "geometry": { "type": "Point", "coordinates": [ 137.049093527020574, 37.026261568533073 ] } },
{ "type": "Feature", "properties": { "バス停": "グランド前", "事業会社": "七尾市", "系統": "ぐるっとセブン" }, "geometry": { "type": "Point", "coordinates": [ 136.972184592859435, 37.025902132088937 ] } },
{ "type": "Feature", "properties": { "バス停": "能登原子力センター", "事業会社": "志賀町", "系統": "まちなか循環線志賀の郷ルート" }, "geometry": { "type": "Point", "coordinates": [ 136.763475498909145, 37.025677890494585 ] } },
{ "type": "Feature", "properties": { "バス停": "出雲口", "事業会社": "志賀町", "系統": "加茂線" }, "geometry": { "type": "Point", "coordinates": [ 136.803643852202299, 37.025656100831071 ] } },
{ "type": "Feature", "properties": { "バス停": "西三階中", "事業会社": "七尾市", "系統": "ぐるっとセブン" }, "geometry": { "type": "Point", "coordinates": [ 136.902583360136958, 37.025557397282753 ] } },
{ "type": "Feature", "properties": { "バス停": "三階口", "事業会社": "北鉄能登バス（株）", "系統": "満仁線" }, "geometry": { "type": "Point", "coordinates": [ 136.923463473013015, 37.025332239101445 ] } },
{ "type": "Feature", "properties": { "バス停": "城史資料館前", "事業会社": "七尾市", "系統": "まりん号" }, "geometry": { "type": "Point", "coordinates": [ 136.975113230815339, 37.024950678966768 ] } },
{ "type": "Feature", "properties": { "バス停": "青葉台", "事業会社": "北鉄能登バス（株）", "系統": "三階線,満仁線" }, "geometry": { "type": "Point", "coordinates": [ 136.938813275907364, 37.024734485298715 ] } },
{ "type": "Feature", "properties": { "バス停": "いこいの村", "事業会社": "志賀町", "系統": "まちなか循環線志賀の郷ルート" }, "geometry": { "type": "Point", "coordinates": [ 136.760968308049854, 37.024705963031316 ] } },
{ "type": "Feature", "properties": { "バス停": "北吉田", "事業会社": "志賀町", "系統": "土田東回り線" }, "geometry": { "type": "Point", "coordinates": [ 136.794532643481546, 37.02468314562703 ] } },
{ "type": "Feature", "properties": { "バス停": "吉田", "事業会社": "北鉄能登バス（株）", "系統": "高浜線" }, "geometry": { "type": "Point", "coordinates": [ 136.794532643481546, 37.02468314562703 ] } },
{ "type": "Feature", "properties": { "バス停": "大津", "事業会社": "志賀町", "系統": "志加浦線" }, "geometry": { "type": "Point", "coordinates": [ 136.747809732173806, 37.024626928804516 ] } },
{ "type": "Feature", "properties": { "バス停": "総合体育館", "事業会社": "志賀町", "系統": "まちなか循環線志賀の郷ルート" }, "geometry": { "type": "Point", "coordinates": [ 136.763287004560851, 37.024025310983973 ] } },
{ "type": "Feature", "properties": { "バス停": "東三階", "事業会社": "七尾市", "系統": "ぐるっとセブン" }, "geometry": { "type": "Point", "coordinates": [ 136.907963752408648, 37.023595024028054 ] } },
{ "type": "Feature", "properties": { "バス停": "東三階", "事業会社": "北鉄能登バス（株）", "系統": "三階線" }, "geometry": { "type": "Point", "coordinates": [ 136.907963752408648, 37.023595024028054 ] } },
{ "type": "Feature", "properties": { "バス停": "子ども交流センター前", "事業会社": "七尾市", "系統": "ぐるっとセブン" }, "geometry": { "type": "Point", "coordinates": [ 136.972912112778488, 37.023494650796735 ] } },
{ "type": "Feature", "properties": { "バス停": "伊久留七原口", "事業会社": "七尾市", "系統": "田鶴浜地域バス" }, "geometry": { "type": "Point", "coordinates": [ 136.883501620761251, 37.023381313616667 ] } },
{ "type": "Feature", "properties": { "バス停": "七原口", "事業会社": "北鉄能登バス（株）", "系統": "満仁線" }, "geometry": { "type": "Point", "coordinates": [ 136.883501620761251, 37.023381313616667 ] } },
{ "type": "Feature", "properties": { "バス停": "西三階", "事業会社": "七尾市", "系統": "ぐるっとセブン" }, "geometry": { "type": "Point", "coordinates": [ 136.90304455971733, 37.023122709927101 ] } },
{ "type": "Feature", "properties": { "バス停": "西三階", "事業会社": "北鉄能登バス（株）", "系統": "三階線" }, "geometry": { "type": "Point", "coordinates": [ 136.90304455971733, 37.023122709927101 ] } },
{ "type": "Feature", "properties": { "バス停": "城山運動公園", "事業会社": "七尾市", "系統": "まりん号" }, "geometry": { "type": "Point", "coordinates": [ 136.972263857561558, 37.023084673463558 ] } },
{ "type": "Feature", "properties": { "バス停": "七原山岸宅横", "事業会社": "七尾市", "系統": "田鶴浜地域バス" }, "geometry": { "type": "Point", "coordinates": [ 136.868592325785897, 37.022964141075633 ] } },
{ "type": "Feature", "properties": { "バス停": "能登国分寺公園口", "事業会社": "七尾市", "系統": "まりん号" }, "geometry": { "type": "Point", "coordinates": [ 136.959294872215025, 37.02257345903034 ] } },
{ "type": "Feature", "properties": { "バス停": "大光寺前", "事業会社": "志賀町", "系統": "まちなか循環線志賀の郷ルート" }, "geometry": { "type": "Point", "coordinates": [ 136.767467515890303, 37.022254600758266 ] } },
{ "type": "Feature", "properties": { "バス停": "南ケ丘住宅前", "事業会社": "北鉄能登バス（株）", "系統": "羽七東線" }, "geometry": { "type": "Point", "coordinates": [ 136.958345263227812, 37.022068484842073 ] } },
{ "type": "Feature", "properties": { "バス停": "虫崎", "事業会社": "北鉄能登バス（株）", "系統": "脇線" }, "geometry": { "type": "Point", "coordinates": [ 137.050219988610735, 37.021982913496437 ] } },
{ "type": "Feature", "properties": { "バス停": "堀松南", "事業会社": "志賀町", "系統": "土田西回り線,堀松・上熊野線" }, "geometry": { "type": "Point", "coordinates": [ 136.785783418721223, 37.021720999805879 ] } },
{ "type": "Feature", "properties": { "バス停": "堀松南", "事業会社": "北鉄能登バス（株）", "系統": "富来線,高浜線" }, "geometry": { "type": "Point", "coordinates": [ 136.785783418721223, 37.021720999805879 ] } },
{ "type": "Feature", "properties": { "バス停": "北吉田中央", "事業会社": "志賀町", "系統": "土田東回り線" }, "geometry": { "type": "Point", "coordinates": [ 136.795689627423286, 37.02165388388331 ] } },
{ "type": "Feature", "properties": { "バス停": "白馬", "事業会社": "北鉄能登バス（株）", "系統": "三階線,満仁線" }, "geometry": { "type": "Point", "coordinates": [ 136.928295607786822, 37.021566161789927 ] } },
{ "type": "Feature", "properties": { "バス停": "小池川原町", "事業会社": "七尾市", "系統": "ぐるっとセブン" }, "geometry": { "type": "Point", "coordinates": [ 136.969734999626809, 37.021439216710768 ] } },
{ "type": "Feature", "properties": { "バス停": "白馬口", "事業会社": "北鉄能登バス（株）", "系統": "三階線,満仁線" }, "geometry": { "type": "Point", "coordinates": [ 136.931326400074681, 37.021401280938406 ] } },
{ "type": "Feature", "properties": { "バス停": "八幡公民館前", "事業会社": "七尾市", "系統": "ぐるっとセブン" }, "geometry": { "type": "Point", "coordinates": [ 136.949184847059428, 37.020623626044845 ] } },
{ "type": "Feature", "properties": { "バス停": "安津見谷内", "事業会社": "志賀町", "系統": "加茂線" }, "geometry": { "type": "Point", "coordinates": [ 136.826392037374376, 37.019657539517262 ] } },
{ "type": "Feature", "properties": { "バス停": "清水今江集会所", "事業会社": "志賀町", "系統": "土田東回り線" }, "geometry": { "type": "Point", "coordinates": [ 136.788600469988751, 37.019369482886653 ] } },
{ "type": "Feature", "properties": { "バス停": "上野", "事業会社": "志賀町", "系統": "志加浦線" }, "geometry": { "type": "Point", "coordinates": [ 136.74724121103921, 37.019007086026136 ] } },
{ "type": "Feature", "properties": { "バス停": "南ケ丘公園前", "事業会社": "七尾市", "系統": "まりん号" }, "geometry": { "type": "Point", "coordinates": [ 136.963378490632948, 37.018855677756733 ] } },
{ "type": "Feature", "properties": { "バス停": "南ケ丘", "事業会社": "七尾市", "系統": "ぐるっとセブン" }, "geometry": { "type": "Point", "coordinates": [ 136.966139355172459, 37.018236114876956 ] } },
{ "type": "Feature", "properties": { "バス停": "町民テニスコート", "事業会社": "志賀町", "系統": "まちなか循環線志賀の郷ルート" }, "geometry": { "type": "Point", "coordinates": [ 136.76800408605186, 37.017643291823966 ] } },
{ "type": "Feature", "properties": { "バス停": "親右衛門谷", "事業会社": "志賀町", "系統": "加茂線" }, "geometry": { "type": "Point", "coordinates": [ 136.812143115800666, 37.017583321554255 ] } },
{ "type": "Feature", "properties": { "バス停": "堀松", "事業会社": "志賀町", "系統": "堀松・上熊野線" }, "geometry": { "type": "Point", "coordinates": [ 136.781716266789459, 37.017579727174301 ] } },
{ "type": "Feature", "properties": { "バス停": "清水今江", "事業会社": "志賀町", "系統": "土田東回り線" }, "geometry": { "type": "Point", "coordinates": [ 136.7867710510302, 37.016995847315819 ] } },
{ "type": "Feature", "properties": { "バス停": "清水", "事業会社": "北鉄能登バス（株）", "系統": "富来線,高浜線" }, "geometry": { "type": "Point", "coordinates": [ 136.786112540653363, 37.016296194710705 ] } },
{ "type": "Feature", "properties": { "バス停": "安津見集会所", "事業会社": "志賀町", "系統": "加茂線" }, "geometry": { "type": "Point", "coordinates": [ 136.819995147135501, 37.015815138421068 ] } },
{ "type": "Feature", "properties": { "バス停": "アクティブタウン千野", "事業会社": "七尾市", "系統": "ぐるっとセブン" }, "geometry": { "type": "Point", "coordinates": [ 136.961942629633938, 37.015570153395117 ] } },
{ "type": "Feature", "properties": { "バス停": "八幡", "事業会社": "北鉄能登バス（株）", "系統": "羽七東線" }, "geometry": { "type": "Point", "coordinates": [ 136.95205083874157, 37.015411796975272 ] } },
{ "type": "Feature", "properties": { "バス停": "八幡町", "事業会社": "七尾市", "系統": "ぐるっとセブン" }, "geometry": { "type": "Point", "coordinates": [ 136.949709692449488, 37.015170637709993 ] } },
{ "type": "Feature", "properties": { "バス停": "安津見", "事業会社": "志賀町", "系統": "加茂線" }, "geometry": { "type": "Point", "coordinates": [ 136.816564531179807, 37.013491212934134 ] } },
{ "type": "Feature", "properties": { "バス停": "安部屋営団", "事業会社": "志賀町", "系統": "志加浦線" }, "geometry": { "type": "Point", "coordinates": [ 136.757399221444956, 37.013239024791751 ] } },
{ "type": "Feature", "properties": { "バス停": "高山右近記念公園", "事業会社": "志賀町", "系統": "堀松・上熊野線" }, "geometry": { "type": "Point", "coordinates": [ 136.779169527170666, 37.013064403174695 ] } },
{ "type": "Feature", "properties": { "バス停": "JA徳田支店前", "事業会社": "北鉄能登バス（株）", "系統": "羽七東線" }, "geometry": { "type": "Point", "coordinates": [ 136.949288691847784, 37.013026973261695 ] } },
{ "type": "Feature", "properties": { "バス停": "千野町", "事業会社": "七尾市", "系統": "ぐるっとセブン" }, "geometry": { "type": "Point", "coordinates": [ 136.959805145725596, 37.012859824150731 ] } },
{ "type": "Feature", "properties": { "バス停": "下佐々波", "事業会社": "北鉄能登バス（株）", "系統": "脇線" }, "geometry": { "type": "Point", "coordinates": [ 137.0460980151162, 37.011795067976507 ] } },
{ "type": "Feature", "properties": { "バス停": "古墳公園とりや", "事業会社": "中能登町", "系統": "とりやコース：消防署先回り,とりやコース：良川駅先回り" }, "geometry": { "type": "Point", "coordinates": [ 136.913600332241884, 37.011698180736623 ] } },
{ "type": "Feature", "properties": { "バス停": "神代", "事業会社": "志賀町", "系統": "まちなか循環線志賀の郷ルート" }, "geometry": { "type": "Point", "coordinates": [ 136.772455295623331, 37.011629599320074 ] } },
{ "type": "Feature", "properties": { "バス停": "西山パーキング", "事業会社": "志賀町", "系統": "まちなか循環線里山ルート" }, "geometry": { "type": "Point", "coordinates": [ 136.806416847241394, 37.01133402745495 ] } },
{ "type": "Feature", "properties": { "バス停": "川田", "事業会社": "中能登町", "系統": "とりやコース：消防署先回り,とりやコース：良川駅先回り" }, "geometry": { "type": "Point", "coordinates": [ 136.909647181928733, 37.011300322230241 ] } },
{ "type": "Feature", "properties": { "バス停": "末吉", "事業会社": "志賀町", "系統": "土田東回り線,土田西回り線" }, "geometry": { "type": "Point", "coordinates": [ 136.783218093858608, 37.011002354129751 ] } },
{ "type": "Feature", "properties": { "バス停": "末吉", "事業会社": "北鉄能登バス（株）", "系統": "富来線,高浜線" }, "geometry": { "type": "Point", "coordinates": [ 136.783218093858608, 37.011002354129751 ] } },
{ "type": "Feature", "properties": { "バス停": "末吉集会所前", "事業会社": "志賀町", "系統": "まちなか循環線里海ルート,堀松・上熊野線" }, "geometry": { "type": "Point", "coordinates": [ 136.781204415200762, 37.010990328037252 ] } },
{ "type": "Feature", "properties": { "バス停": "倉垣口", "事業会社": "志賀町", "系統": "加茂線" }, "geometry": { "type": "Point", "coordinates": [ 136.818075638999915, 37.010574973565426 ] } },
{ "type": "Feature", "properties": { "バス停": "倉垣中央", "事業会社": "志賀町", "系統": "加茂線" }, "geometry": { "type": "Point", "coordinates": [ 136.822832635376159, 37.010362316660647 ] } },
{ "type": "Feature", "properties": { "バス停": "大槻忠魂碑前", "事業会社": "中能登町", "系統": "とりやコース：消防署先回り,とりやコース：良川駅先回り" }, "geometry": { "type": "Point", "coordinates": [ 136.903931211477612, 37.01013330836053 ] } },
{ "type": "Feature", "properties": { "バス停": "川田向山", "事業会社": "中能登町", "系統": "とりやコース：消防署先回り,とりやコース：良川駅先回り" }, "geometry": { "type": "Point", "coordinates": [ 136.914521399628114, 37.009994777285506 ] } },
{ "type": "Feature", "properties": { "バス停": "文化ホール", "事業会社": "志賀町", "系統": "まちなか循環線志賀の郷ルート,まちなか循環線里海ルート,志加浦線,加茂線,土田東回り線,土田西回り線,堀松・上熊野線,下甘田線,中甘田・甘田線" }, "geometry": { "type": "Point", "coordinates": [ 136.775432572357147, 37.009842749397862 ] } },
{ "type": "Feature", "properties": { "バス停": "国下町", "事業会社": "七尾市", "系統": "ぐるっとセブン" }, "geometry": { "type": "Point", "coordinates": [ 136.957877119209996, 37.009349317260671 ] } },
{ "type": "Feature", "properties": { "バス停": "廿九日踊場", "事業会社": "中能登町", "系統": "とりやコース：消防署先回り,とりやコース：良川駅先回り" }, "geometry": { "type": "Point", "coordinates": [ 136.919963303643527, 37.009226419904813 ] } },
{ "type": "Feature", "properties": { "バス停": "町", "事業会社": "志賀町", "系統": "志加浦線" }, "geometry": { "type": "Point", "coordinates": [ 136.760630217990155, 37.009012796051323 ] } },
{ "type": "Feature", "properties": { "バス停": "更生園前", "事業会社": "七尾市", "系統": "ぐるっとセブン" }, "geometry": { "type": "Point", "coordinates": [ 136.951278637345183, 37.008524197500847 ] } },
{ "type": "Feature", "properties": { "バス停": "下町", "事業会社": "北鉄能登バス（株）", "系統": "羽七東線" }, "geometry": { "type": "Point", "coordinates": [ 136.943762178211387, 37.008421462221804 ] } },
{ "type": "Feature", "properties": { "バス停": "シ・オン", "事業会社": "志賀町", "系統": "まちなか循環線里山ルート,まちなか循環線志賀の郷ルート,まちなか循環線里海ルート,志加浦線,加茂線,土田東回り線,土田西回り線,堀松・上熊野線,下甘田線,中甘田・甘田線" }, "geometry": { "type": "Point", "coordinates": [ 136.780749876804322, 37.008334292283948 ] } },
{ "type": "Feature", "properties": { "バス停": "西山台1丁目", "事業会社": "志賀町", "系統": "まちなか循環線里山ルート" }, "geometry": { "type": "Point", "coordinates": [ 136.798008996421601, 37.008185550513176 ] } },
{ "type": "Feature", "properties": { "バス停": "ロッキー志賀の郷店", "事業会社": "志賀町", "系統": "まちなか循環線里山ルート,まちなか循環線志賀の郷ルート,まちなか循環線里海ルート,志加浦線,加茂線,土田東回り線,土田西回り線,堀松・上熊野線,下甘田線,中甘田・甘田線" }, "geometry": { "type": "Point", "coordinates": [ 136.781307056978363, 37.008037690341041 ] } },
{ "type": "Feature", "properties": { "バス停": "西山台2丁目", "事業会社": "志賀町", "系統": "まちなか循環線里山ルート" }, "geometry": { "type": "Point", "coordinates": [ 136.794846011282459, 37.007570513702689 ] } },
{ "type": "Feature", "properties": { "バス停": "安部屋港", "事業会社": "志賀町", "系統": "志加浦線" }, "geometry": { "type": "Point", "coordinates": [ 136.756002105664948, 37.007462290707572 ] } },
{ "type": "Feature", "properties": { "バス停": "三忍寺口", "事業会社": "中能登町", "系統": "とりやコース：消防署先回り,とりやコース：良川駅先回り" }, "geometry": { "type": "Point", "coordinates": [ 136.901533010968137, 37.007216852717811 ] } },
{ "type": "Feature", "properties": { "バス停": "川尻", "事業会社": "志賀町", "系統": "志加浦線" }, "geometry": { "type": "Point", "coordinates": [ 136.768228436161763, 37.007064502462875 ] } },
{ "type": "Feature", "properties": { "バス停": "八田町", "事業会社": "七尾市", "系統": "ぐるっとセブン" }, "geometry": { "type": "Point", "coordinates": [ 136.956243194827266, 37.006940087177554 ] } },
{ "type": "Feature", "properties": { "バス停": "中挾町", "事業会社": "七尾市", "系統": "ぐるっとセブン" }, "geometry": { "type": "Point", "coordinates": [ 136.952426358971906, 37.006727764561262 ] } },
{ "type": "Feature", "properties": { "バス停": "志賀町役場", "事業会社": "志賀町", "系統": "まちなか循環線里山ルート,まちなか循環線志賀の郷ルート,まちなか循環線里海ルート,志加浦線,加茂線,土田東回り線,土田西回り線,堀松・上熊野線,下甘田線,中甘田・甘田線" }, "geometry": { "type": "Point", "coordinates": [ 136.777562239566521, 37.006532744864415 ] } },
{ "type": "Feature", "properties": { "バス停": "倉垣", "事業会社": "志賀町", "系統": "加茂線" }, "geometry": { "type": "Point", "coordinates": [ 136.817053764111932, 37.006520200516512 ] } },
{ "type": "Feature", "properties": { "バス停": "高浜漁港", "事業会社": "志賀町", "系統": "まちなか循環線里海ルート,志加浦線" }, "geometry": { "type": "Point", "coordinates": [ 136.76903616810219, 37.006324084473661 ] } },
{ "type": "Feature", "properties": { "バス停": "飯川", "事業会社": "北鉄能登バス（株）", "系統": "羽七東線" }, "geometry": { "type": "Point", "coordinates": [ 136.941222232911713, 37.006070242262489 ] } },
{ "type": "Feature", "properties": { "バス停": "商工会前", "事業会社": "志賀町", "系統": "まちなか循環線里海ルート" }, "geometry": { "type": "Point", "coordinates": [ 136.770859620941167, 37.005837284266953 ] } },
{ "type": "Feature", "properties": { "バス停": "高浜バスターミナル", "事業会社": "志賀町", "系統": "まちなか循環線里山ルート,まちなか循環線志賀の郷ルート,まちなか循環線里海ルート,志加浦線,加茂線,土田東回り線,土田西回り線,堀松・上熊野線,下甘田線,中甘田・甘田線" }, "geometry": { "type": "Point", "coordinates": [ 136.776318822623551, 37.005177049011685 ] } },
{ "type": "Feature", "properties": { "バス停": "新庄バス停", "事業会社": "中能登町", "系統": "とりやコース：消防署先回り,とりやコース：良川駅先回り" }, "geometry": { "type": "Point", "coordinates": [ 136.912519317613516, 37.004699149246115 ] } },
{ "type": "Feature", "properties": { "バス停": "高浜", "事業会社": "北鉄能登バス（株）", "系統": "富来線,後山線,高浜線" }, "geometry": { "type": "Point", "coordinates": [ 136.77558032344777, 37.004426845084559 ] } },
{ "type": "Feature", "properties": { "バス停": "上佐々波", "事業会社": "北鉄能登バス（株）", "系統": "脇線" }, "geometry": { "type": "Point", "coordinates": [ 137.047127149864849, 37.003551817242069 ] } },
{ "type": "Feature", "properties": { "バス停": "新庄厚生館", "事業会社": "中能登町", "系統": "かしまコース：こしじ方面" }, "geometry": { "type": "Point", "coordinates": [ 136.915111576671194, 37.002755270543986 ] } },
{ "type": "Feature", "properties": { "バス停": "千鳥ヶ浜", "事業会社": "志賀町", "系統": "志加浦線" }, "geometry": { "type": "Point", "coordinates": [ 136.769129943466737, 37.002610162894186 ] } },
{ "type": "Feature", "properties": { "バス停": "在江集会所", "事業会社": "中能登町", "系統": "かしまコース：こしじ方面" }, "geometry": { "type": "Point", "coordinates": [ 136.920644537695949, 37.0022830072147 ] } },
{ "type": "Feature", "properties": { "バス停": "志賀高校前", "事業会社": "志賀町", "系統": "まちなか循環線里海ルート" }, "geometry": { "type": "Point", "coordinates": [ 136.772433259954283, 37.001935392405173 ] } },
{ "type": "Feature", "properties": { "バス停": "どんたく高浜店（志賀クリニック前）", "事業会社": "志賀町", "系統": "まちなか循環線里山ルート,まちなか循環線里海ルート,志加浦線,加茂線,土田東回り線,土田西回り線,堀松・上熊野線,下甘田線,中甘田・甘田線" }, "geometry": { "type": "Point", "coordinates": [ 136.777013079044849, 37.001918365480158 ] } },
{ "type": "Feature", "properties": { "バス停": "みらいとうぶ", "事業会社": "志賀町", "系統": "まちなか循環線里山ルート" }, "geometry": { "type": "Point", "coordinates": [ 136.782545924988341, 37.000557121313179 ] } },
{ "type": "Feature", "properties": { "バス停": "大槻バス停", "事業会社": "中能登町", "系統": "とりやコース：消防署先回り,とりやコース：良川駅先回り" }, "geometry": { "type": "Point", "coordinates": [ 136.908487179282872, 37.000431109899182 ] } },
{ "type": "Feature", "properties": { "バス停": "志賀中学校", "事業会社": "北鉄能登バス（株）", "系統": "後山線,高浜線" }, "geometry": { "type": "Point", "coordinates": [ 136.772850792798323, 37.000332575793507 ] } },
{ "type": "Feature", "properties": { "バス停": "大念寺", "事業会社": "志賀町", "系統": "まちなか循環線里海ルート,下甘田線,中甘田・甘田線" }, "geometry": { "type": "Point", "coordinates": [ 136.777944191919431, 36.999946178146303 ] } },
{ "type": "Feature", "properties": { "バス停": "大念寺", "事業会社": "北鉄能登バス（株）", "系統": "富来線,後山線" }, "geometry": { "type": "Point", "coordinates": [ 136.777944191919431, 36.999946178146303 ] } },
{ "type": "Feature", "properties": { "バス停": "北部ふれあい交流館", "事業会社": "中能登町", "系統": "かしまコース：こしじ方面" }, "geometry": { "type": "Point", "coordinates": [ 136.920668485424244, 36.999783268488983 ] } },
{ "type": "Feature", "properties": { "バス停": "春木旧クラブ", "事業会社": "中能登町", "系統": "とりやコース：消防署先回り,とりやコース：良川駅先回り" }, "geometry": { "type": "Point", "coordinates": [ 136.89912727002104, 36.999488923145826 ] } },
{ "type": "Feature", "properties": { "バス停": "矢駄上野出", "事業会社": "志賀町", "系統": "加茂線" }, "geometry": { "type": "Point", "coordinates": [ 136.815337955127518, 36.999456863135123 ] } },
{ "type": "Feature", "properties": { "バス停": "志賀中学校前", "事業会社": "志賀町", "系統": "まちなか循環線志賀の郷ルート,まちなか循環線里海ルート,志加浦線,加茂線" }, "geometry": { "type": "Point", "coordinates": [ 136.77279584068026, 36.999422976860032 ] } },
{ "type": "Feature", "properties": { "バス停": "米浜", "事業会社": "志賀町", "系統": "加茂線,下甘田線" }, "geometry": { "type": "Point", "coordinates": [ 136.793953556451243, 36.997678744593628 ] } },
{ "type": "Feature", "properties": { "バス停": "出村", "事業会社": "北鉄能登バス（株）", "系統": "脇線" }, "geometry": { "type": "Point", "coordinates": [ 137.050714547805029, 36.997524773581731 ] } },
{ "type": "Feature", "properties": { "バス停": "若林", "事業会社": "北鉄能登バス（株）", "系統": "羽七東線" }, "geometry": { "type": "Point", "coordinates": [ 136.933497451115386, 36.997237302331207 ] } },
{ "type": "Feature", "properties": { "バス停": "志賀小学校前", "事業会社": "志賀町", "系統": "加茂線,下甘田線,中甘田・甘田線" }, "geometry": { "type": "Point", "coordinates": [ 136.779160040954764, 36.997131897961744 ] } },
{ "type": "Feature", "properties": { "バス停": "志賀小学校前", "事業会社": "北鉄能登バス（株）", "系統": "後山線" }, "geometry": { "type": "Point", "coordinates": [ 136.779160040954764, 36.997131897961744 ] } },
{ "type": "Feature", "properties": { "バス停": "西", "事業会社": "中能登町", "系統": "かしまコース：こしじ方面" }, "geometry": { "type": "Point", "coordinates": [ 136.91908847100558, 36.997135431967905 ] } },
{ "type": "Feature", "properties": { "バス停": "矢駄小林", "事業会社": "志賀町", "系統": "加茂線" }, "geometry": { "type": "Point", "coordinates": [ 136.817094007394843, 36.997049093368858 ] } },
{ "type": "Feature", "properties": { "バス停": "はまなす団地", "事業会社": "志賀町", "系統": "まちなか循環線里海ルート,加茂線" }, "geometry": { "type": "Point", "coordinates": [ 136.773699751744431, 36.997031956717976 ] } },
{ "type": "Feature", "properties": { "バス停": "林照寺口", "事業会社": "中能登町", "系統": "とりやコース：消防署先回り,とりやコース：良川駅先回り" }, "geometry": { "type": "Point", "coordinates": [ 136.901635973799443, 36.996485977810444 ] } },
{ "type": "Feature", "properties": { "バス停": "坪川", "事業会社": "中能登町", "系統": "かしまコース：こしじ方面" }, "geometry": { "type": "Point", "coordinates": [ 136.923099400177847, 36.996274552733439 ] } },
{ "type": "Feature", "properties": { "バス停": "羽坂バス停", "事業会社": "中能登町", "系統": "とりやコース：消防署先回り,とりやコース：良川駅先回り" }, "geometry": { "type": "Point", "coordinates": [ 136.904499255991283, 36.995608946677393 ] } },
{ "type": "Feature", "properties": { "バス停": "久乃木田畑", "事業会社": "中能登町", "系統": "かしまコース：こしじ方面" }, "geometry": { "type": "Point", "coordinates": [ 136.928006414805253, 36.995216494906096 ] } },
{ "type": "Feature", "properties": { "バス停": "穴口", "事業会社": "志賀町", "系統": "加茂線,下甘田線" }, "geometry": { "type": "Point", "coordinates": [ 136.803283041400675, 36.995012674189724 ] } },
{ "type": "Feature", "properties": { "バス停": "矢駄宮の前", "事業会社": "志賀町", "系統": "加茂線" }, "geometry": { "type": "Point", "coordinates": [ 136.8169291653399, 36.994447711080873 ] } },
{ "type": "Feature", "properties": { "バス停": "滝尻車庫前", "事業会社": "七尾市", "系統": "やまびこ号" }, "geometry": { "type": "Point", "coordinates": [ 136.982446334220214, 36.994337431158208 ] } },
{ "type": "Feature", "properties": { "バス停": "長沢", "事業会社": "北鉄能登バス（株）", "系統": "富来線" }, "geometry": { "type": "Point", "coordinates": [ 136.776705431129898, 36.994029998420494 ] } },
{ "type": "Feature", "properties": { "バス停": "久の木", "事業会社": "北鉄能登バス（株）", "系統": "羽七東線" }, "geometry": { "type": "Point", "coordinates": [ 136.932029933095805, 36.993729003356705 ] } },
{ "type": "Feature", "properties": { "バス停": "久乃木高出", "事業会社": "中能登町", "系統": "かしまコース：こしじ方面" }, "geometry": { "type": "Point", "coordinates": [ 136.931803863607854, 36.99321043639889 ] } },
{ "type": "Feature", "properties": { "バス停": "大坂", "事業会社": "志賀町", "系統": "加茂線" }, "geometry": { "type": "Point", "coordinates": [ 136.808156310643, 36.992346129016369 ] } },
{ "type": "Feature", "properties": { "バス停": "長沢", "事業会社": "志賀町", "系統": "中甘田・甘田線" }, "geometry": { "type": "Point", "coordinates": [ 136.775888370726676, 36.992262145499417 ] } },
{ "type": "Feature", "properties": { "バス停": "黒崎", "事業会社": "北鉄能登バス（株）", "系統": "脇線" }, "geometry": { "type": "Point", "coordinates": [ 137.052677891513412, 36.992000426708252 ] } },
{ "type": "Feature", "properties": { "バス停": "末坂バス停", "事業会社": "中能登町", "系統": "とりやコース：消防署先回り,とりやコース：良川駅先回り" }, "geometry": { "type": "Point", "coordinates": [ 136.902137194281067, 36.991748697270381 ] } },
{ "type": "Feature", "properties": { "バス停": "福野", "事業会社": "志賀町", "系統": "下甘田線,中甘田・甘田線" }, "geometry": { "type": "Point", "coordinates": [ 136.78329489912872, 36.991734209661594 ] } },
{ "type": "Feature", "properties": { "バス停": "福野", "事業会社": "北鉄能登バス（株）", "系統": "後山線" }, "geometry": { "type": "Point", "coordinates": [ 136.78329489912872, 36.991734209661594 ] } },
{ "type": "Feature", "properties": { "バス停": "つくしの里", "事業会社": "中能登町", "系統": "とりやコース：消防署先回り,とりやコース：良川駅先回り" }, "geometry": { "type": "Point", "coordinates": [ 136.903119864035602, 36.991213786913406 ] } },
{ "type": "Feature", "properties": { "バス停": "舘", "事業会社": "志賀町", "系統": "加茂線,下甘田線" }, "geometry": { "type": "Point", "coordinates": [ 136.803453048010084, 36.989337743007411 ] } },
{ "type": "Feature", "properties": { "バス停": "梅の里公園前", "事業会社": "中能登町", "系統": "とりやコース：消防署先回り,とりやコース：良川駅先回り" }, "geometry": { "type": "Point", "coordinates": [ 136.903344643089042, 36.988646834456191 ] } },
{ "type": "Feature", "properties": { "バス停": "矢駄中野", "事業会社": "志賀町", "系統": "加茂線,下甘田線" }, "geometry": { "type": "Point", "coordinates": [ 136.816588423733407, 36.988476110667719 ] } },
{ "type": "Feature", "properties": { "バス停": "総務庁舎口", "事業会社": "中能登町", "系統": "とりやコース：消防署先回り,とりやコース：良川駅先回り" }, "geometry": { "type": "Point", "coordinates": [ 136.899430427914695, 36.988387835837763 ] } },
{ "type": "Feature", "properties": { "バス停": "大坂口", "事業会社": "志賀町", "系統": "加茂線,下甘田線" }, "geometry": { "type": "Point", "coordinates": [ 136.808111548268727, 36.988115176261594 ] } },
{ "type": "Feature", "properties": { "バス停": "福野口", "事業会社": "志賀町", "系統": "中甘田・甘田線" }, "geometry": { "type": "Point", "coordinates": [ 136.78527266650508, 36.988049785591542 ] } },
{ "type": "Feature", "properties": { "バス停": "大島入口", "事業会社": "北鉄能登バス（株）", "系統": "後山線" }, "geometry": { "type": "Point", "coordinates": [ 136.78527266650508, 36.988049785591542 ] } },
{ "type": "Feature", "properties": { "バス停": "大島", "事業会社": "北鉄能登バス（株）", "系統": "富来線" }, "geometry": { "type": "Point", "coordinates": [ 136.776000778271225, 36.988031053326658 ] } },
{ "type": "Feature", "properties": { "バス停": "武部新出", "事業会社": "中能登町", "系統": "かしまコース：こしじ方面" }, "geometry": { "type": "Point", "coordinates": [ 136.93054668271995, 36.987938694765617 ] } },
{ "type": "Feature", "properties": { "バス停": "福井", "事業会社": "志賀町", "系統": "加茂線,下甘田線" }, "geometry": { "type": "Point", "coordinates": [ 136.803555893716521, 36.987874292777107 ] } },
{ "type": "Feature", "properties": { "バス停": "福井口", "事業会社": "北鉄能登バス（株）", "系統": "後山線" }, "geometry": { "type": "Point", "coordinates": [ 136.803555893716521, 36.987874292777107 ] } },
{ "type": "Feature", "properties": { "バス停": "雨谷", "事業会社": "北鉄能登バス（株）", "系統": "後山線" }, "geometry": { "type": "Point", "coordinates": [ 136.806318144654028, 36.987511876479019 ] } },
{ "type": "Feature", "properties": { "バス停": "大島中央", "事業会社": "志賀町", "系統": "中甘田・甘田線" }, "geometry": { "type": "Point", "coordinates": [ 136.773143587076532, 36.987251027279079 ] } },
{ "type": "Feature", "properties": { "バス停": "矢駄中野口", "事業会社": "志賀町", "系統": "下甘田線" }, "geometry": { "type": "Point", "coordinates": [ 136.819984259278726, 36.987004377729363 ] } },
{ "type": "Feature", "properties": { "バス停": "やすらぎ荘", "事業会社": "志賀町", "系統": "加茂線,下甘田線,中甘田・甘田線" }, "geometry": { "type": "Point", "coordinates": [ 136.800953422380331, 36.986856030324155 ] } },
{ "type": "Feature", "properties": { "バス停": "志賀やすらぎ荘前", "事業会社": "北鉄能登バス（株）", "系統": "後山線" }, "geometry": { "type": "Point", "coordinates": [ 136.800953422380331, 36.986856030324155 ] } },
{ "type": "Feature", "properties": { "バス停": "一青の家", "事業会社": "中能登町", "系統": "とりやコース：消防署先回り,とりやコース：良川駅先回り" }, "geometry": { "type": "Point", "coordinates": [ 136.905198388144186, 36.985841631021067 ] } },
{ "type": "Feature", "properties": { "バス停": "一青深沢", "事業会社": "中能登町", "系統": "とりやコース：消防署先回り,とりやコース：良川駅先回り" }, "geometry": { "type": "Point", "coordinates": [ 136.896831678671134, 36.985457220448183 ] } },
{ "type": "Feature", "properties": { "バス停": "武部", "事業会社": "北鉄能登バス（株）", "系統": "羽七東線" }, "geometry": { "type": "Point", "coordinates": [ 136.929940453725408, 36.985220054620015 ] } },
{ "type": "Feature", "properties": { "バス停": "一青踊場", "事業会社": "中能登町", "系統": "とりやコース：消防署先回り,とりやコース：良川駅先回り" }, "geometry": { "type": "Point", "coordinates": [ 136.909340392186635, 36.984913259630247 ] } },
{ "type": "Feature", "properties": { "バス停": "多根神社前", "事業会社": "七尾市", "系統": "やまびこ号" }, "geometry": { "type": "Point", "coordinates": [ 136.97916302271517, 36.984823208131402 ] } },
{ "type": "Feature", "properties": { "バス停": "下甘田保育所前", "事業会社": "北鉄能登バス（株）", "系統": "後山線" }, "geometry": { "type": "Point", "coordinates": [ 136.808020633273401, 36.984735520662078 ] } },
{ "type": "Feature", "properties": { "バス停": "旧下甘田保育園", "事業会社": "志賀町", "系統": "下甘田線" }, "geometry": { "type": "Point", "coordinates": [ 136.808040354506886, 36.984719411452133 ] } },
{ "type": "Feature", "properties": { "バス停": "旧武部会館前", "事業会社": "中能登町", "系統": "かしまコース：こしじ方面" }, "geometry": { "type": "Point", "coordinates": [ 136.92977160211521, 36.984651494228231 ] } },
{ "type": "Feature", "properties": { "バス停": "能登二宮駅", "事業会社": "中能登町", "系統": "かしまコース：こしじ方面" }, "geometry": { "type": "Point", "coordinates": [ 136.917211933274842, 36.984636596178383 ] } },
{ "type": "Feature", "properties": { "バス停": "黒氏深沢", "事業会社": "中能登町", "系統": "とりやコース：消防署先回り,とりやコース：良川駅先回り" }, "geometry": { "type": "Point", "coordinates": [ 136.896443448700524, 36.983178010901852 ] } },
{ "type": "Feature", "properties": { "バス停": "良川新町", "事業会社": "中能登町", "系統": "とりやコース：消防署先回り,とりやコース：良川駅先回り" }, "geometry": { "type": "Point", "coordinates": [ 136.893819873010699, 36.983027374203445 ] } },
{ "type": "Feature", "properties": { "バス停": "二所宮", "事業会社": "志賀町", "系統": "下甘田線" }, "geometry": { "type": "Point", "coordinates": [ 136.812180607642404, 36.982634136614919 ] } },
{ "type": "Feature", "properties": { "バス停": "二所宮", "事業会社": "北鉄能登バス（株）", "系統": "後山線" }, "geometry": { "type": "Point", "coordinates": [ 136.812180607642404, 36.982634136614919 ] } },
{ "type": "Feature", "properties": { "バス停": "花園口", "事業会社": "北鉄能登バス（株）", "系統": "脇線" }, "geometry": { "type": "Point", "coordinates": [ 137.049803471556203, 36.982289201269623 ] } },
{ "type": "Feature", "properties": { "バス停": "大島海水浴場口", "事業会社": "志賀町", "系統": "中甘田・甘田線" }, "geometry": { "type": "Point", "coordinates": [ 136.775251118596174, 36.981809285313822 ] } },
{ "type": "Feature", "properties": { "バス停": "あおば保育園口", "事業会社": "中能登町", "系統": "かしまコース：こしじ方面" }, "geometry": { "type": "Point", "coordinates": [ 136.928403237110103, 36.98180033659218 ] } },
{ "type": "Feature", "properties": { "バス停": "宿女", "事業会社": "志賀町", "系統": "中甘田・甘田線" }, "geometry": { "type": "Point", "coordinates": [ 136.790852695832143, 36.981587558425012 ] } },
{ "type": "Feature", "properties": { "バス停": "宿女", "事業会社": "北鉄能登バス（株）", "系統": "後山線" }, "geometry": { "type": "Point", "coordinates": [ 136.790852695832143, 36.981587558425012 ] } },
{ "type": "Feature", "properties": { "バス停": "黒氏公民館", "事業会社": "中能登町", "系統": "とりやコース：消防署先回り,とりやコース：良川駅先回り" }, "geometry": { "type": "Point", "coordinates": [ 136.909800716538427, 36.98158196041841 ] } },
{ "type": "Feature", "properties": { "バス停": "黒氏新町", "事業会社": "中能登町", "系統": "とりやコース：消防署先回り,とりやコース：良川駅先回り" }, "geometry": { "type": "Point", "coordinates": [ 136.901580353421451, 36.981534195681071 ] } },
{ "type": "Feature", "properties": { "バス停": "どんたく・コメリ前", "事業会社": "中能登町", "系統": "とりやコース：消防署先回り,とりやコース：良川駅先回り" }, "geometry": { "type": "Point", "coordinates": [ 136.891069968549999, 36.98080279609087 ] } },
{ "type": "Feature", "properties": { "バス停": "上後山", "事業会社": "北鉄能登バス（株）", "系統": "後山線" }, "geometry": { "type": "Point", "coordinates": [ 136.845257005760971, 36.9804406697166 ] } },
{ "type": "Feature", "properties": { "バス停": "上棚", "事業会社": "志賀町", "系統": "下甘田線" }, "geometry": { "type": "Point", "coordinates": [ 136.816611428645245, 36.97960703744014 ] } },
{ "type": "Feature", "properties": { "バス停": "上棚", "事業会社": "北鉄能登バス（株）", "系統": "後山線" }, "geometry": { "type": "Point", "coordinates": [ 136.816611428645245, 36.97960703744014 ] } },
{ "type": "Feature", "properties": { "バス停": "旧越路小前", "事業会社": "中能登町", "系統": "かしまコース：こしじ方面" }, "geometry": { "type": "Point", "coordinates": [ 136.928405811055057, 36.979591390413113 ] } },
{ "type": "Feature", "properties": { "バス停": "越路", "事業会社": "北鉄能登バス（株）", "系統": "羽七東線" }, "geometry": { "type": "Point", "coordinates": [ 136.928376096082445, 36.979474734131188 ] } },
{ "type": "Feature", "properties": { "バス停": "良川郵便局前", "事業会社": "中能登町", "系統": "とりやコース：消防署先回り,とりやコース：良川駅先回り" }, "geometry": { "type": "Point", "coordinates": [ 136.896910743514184, 36.978126914169884 ] } },
{ "type": "Feature", "properties": { "バス停": "大島キャンプ場口", "事業会社": "志賀町", "系統": "中甘田・甘田線" }, "geometry": { "type": "Point", "coordinates": [ 136.776418943292555, 36.977985059731765 ] } },
{ "type": "Feature", "properties": { "バス停": "大島キャンプ場口", "事業会社": "北鉄能登バス（株）", "系統": "富来線" }, "geometry": { "type": "Point", "coordinates": [ 136.776418943292555, 36.977985059731765 ] } },
{ "type": "Feature", "properties": { "バス停": "下後山", "事業会社": "北鉄能登バス（株）", "系統": "後山線" }, "geometry": { "type": "Point", "coordinates": [ 136.849507017453192, 36.977885450335968 ] } },
{ "type": "Feature", "properties": { "バス停": "良川バス停", "事業会社": "中能登町", "系統": "とりやコース：消防署先回り,とりやコース：良川駅先回り" }, "geometry": { "type": "Point", "coordinates": [ 136.888229261673928, 36.977349192911745 ] } },
{ "type": "Feature", "properties": { "バス停": "上棚中村", "事業会社": "志賀町", "系統": "下甘田線" }, "geometry": { "type": "Point", "coordinates": [ 136.819792349171962, 36.977162368855382 ] } },
{ "type": "Feature", "properties": { "バス停": "中村", "事業会社": "北鉄能登バス（株）", "系統": "後山線" }, "geometry": { "type": "Point", "coordinates": [ 136.819792349171962, 36.977162368855382 ] } },
{ "type": "Feature", "properties": { "バス停": "良川駅", "事業会社": "中能登町", "系統": "とりやコース：消防署先回り,とりやコース：良川駅先回り" }, "geometry": { "type": "Point", "coordinates": [ 136.894478554587153, 36.97685891886232 ] } },
{ "type": "Feature", "properties": { "バス停": "東浜", "事業会社": "北鉄能登バス（株）", "系統": "脇線" }, "geometry": { "type": "Point", "coordinates": [ 137.049928906047938, 36.976798984922674 ] } },
{ "type": "Feature", "properties": { "バス停": "JA鹿島支店前", "事業会社": "北鉄能登バス（株）", "系統": "羽七東線" }, "geometry": { "type": "Point", "coordinates": [ 136.927229637418066, 36.976710264239173 ] } },
{ "type": "Feature", "properties": { "バス停": "JA鹿島支店", "事業会社": "中能登町", "系統": "かしまコース：こしじ方面" }, "geometry": { "type": "Point", "coordinates": [ 136.927206029726221, 36.976677211644869 ] } },
{ "type": "Feature", "properties": { "バス停": "なごみの里口", "事業会社": "中能登町", "系統": "とりやコース：消防署先回り,とりやコース：良川駅先回り" }, "geometry": { "type": "Point", "coordinates": [ 136.907374502860193, 36.976303851135533 ] } },
{ "type": "Feature", "properties": { "バス停": "ふれあいセンター山びこ荘", "事業会社": "七尾市", "系統": "やまびこ号" }, "geometry": { "type": "Point", "coordinates": [ 136.960676241623901, 36.975916426406414 ] } },
{ "type": "Feature", "properties": { "バス停": "東谷内", "事業会社": "志賀町", "系統": "下甘田線" }, "geometry": { "type": "Point", "coordinates": [ 136.827343010923812, 36.975785158600814 ] } },
{ "type": "Feature", "properties": { "バス停": "東谷内", "事業会社": "北鉄能登バス（株）", "系統": "後山線" }, "geometry": { "type": "Point", "coordinates": [ 136.827343010923812, 36.975785158600814 ] } },
{ "type": "Feature", "properties": { "バス停": "良川地頭集会所", "事業会社": "中能登町", "系統": "とりやコース：消防署先回り,とりやコース：良川駅先回り,ろくせいコース" }, "geometry": { "type": "Point", "coordinates": [ 136.887752134171279, 36.975667987238332 ] } },
{ "type": "Feature", "properties": { "バス停": "良川沖公園前", "事業会社": "中能登町", "系統": "とりやコース：消防署先回り,とりやコース：良川駅先回り" }, "geometry": { "type": "Point", "coordinates": [ 136.90197768294081, 36.975645699310959 ] } },
{ "type": "Feature", "properties": { "バス停": "良川地頭", "事業会社": "中能登町", "系統": "ろくせいコース" }, "geometry": { "type": "Point", "coordinates": [ 136.886410907513209, 36.975321870024516 ] } },
{ "type": "Feature", "properties": { "バス停": "良川沖集会所", "事業会社": "中能登町", "系統": "とりやコース：消防署先回り,とりやコース：良川駅先回り" }, "geometry": { "type": "Point", "coordinates": [ 136.895660961549908, 36.975108054889326 ] } },
{ "type": "Feature", "properties": { "バス停": "二宮仲町", "事業会社": "中能登町", "系統": "かしまコース：こしじ方面" }, "geometry": { "type": "Point", "coordinates": [ 136.925119934046165, 36.974204645056538 ] } },
{ "type": "Feature", "properties": { "バス停": "徳前町子", "事業会社": "中能登町", "系統": "かしまコース：こしじ方面" }, "geometry": { "type": "Point", "coordinates": [ 136.923577901055467, 36.973609099287799 ] } },
{ "type": "Feature", "properties": { "バス停": "上棚中央", "事業会社": "志賀町", "系統": "下甘田線" }, "geometry": { "type": "Point", "coordinates": [ 136.819020148926967, 36.973366664057018 ] } },
{ "type": "Feature", "properties": { "バス停": "良川地頭南", "事業会社": "中能登町", "系統": "ろくせいコース" }, "geometry": { "type": "Point", "coordinates": [ 136.883718753334392, 36.973278132580091 ] } },
{ "type": "Feature", "properties": { "バス停": "中能登中学校", "事業会社": "中能登町", "系統": "かしまコース：みおや方面,とりやコース：消防署先回り,とりやコース：良川駅先回り,ろくせいコース" }, "geometry": { "type": "Point", "coordinates": [ 136.891229019421388, 36.973071750549934 ] } },
{ "type": "Feature", "properties": { "バス停": "中能登中学校", "事業会社": "北鉄能登バス（株）", "系統": "羽七東線" }, "geometry": { "type": "Point", "coordinates": [ 136.891229019421388, 36.973071750549934 ] } },
{ "type": "Feature", "properties": { "バス停": "二宮", "事業会社": "北鉄能登バス（株）", "系統": "羽七東線" }, "geometry": { "type": "Point", "coordinates": [ 136.924350049127099, 36.973025868087873 ] } },
{ "type": "Feature", "properties": { "バス停": "徳前出村出", "事業会社": "中能登町", "系統": "かしまコース：こしじ方面" }, "geometry": { "type": "Point", "coordinates": [ 136.924100364671375, 36.972628684215692 ] } },
{ "type": "Feature", "properties": { "バス停": "中能登マイタウン口", "事業会社": "中能登町", "系統": "かしまコース：みおや方面" }, "geometry": { "type": "Point", "coordinates": [ 136.907001319552279, 36.972258202248497 ] } },
{ "type": "Feature", "properties": { "バス停": "上棚宮ノ下", "事業会社": "志賀町", "系統": "下甘田線" }, "geometry": { "type": "Point", "coordinates": [ 136.819350221917887, 36.971506326365287 ] } },
{ "type": "Feature", "properties": { "バス停": "つばさ", "事業会社": "中能登町", "系統": "かしまコース：みおや方面" }, "geometry": { "type": "Point", "coordinates": [ 136.89105936091633, 36.971230018034142 ] } },
{ "type": "Feature", "properties": { "バス停": "中能登消防署", "事業会社": "中能登町", "系統": "かしまコース：みおや方面,とりやコース：消防署先回り,とりやコース：良川駅先回り,ろくせいコース" }, "geometry": { "type": "Point", "coordinates": [ 136.895401087463796, 36.971187116010512 ] } },
{ "type": "Feature", "properties": { "バス停": "岩田", "事業会社": "志賀町", "系統": "中甘田・甘田線" }, "geometry": { "type": "Point", "coordinates": [ 136.785342230354559, 36.970939758044196 ] } },
{ "type": "Feature", "properties": { "バス停": "最勝講", "事業会社": "中能登町", "系統": "かしまコース：みおや方面,とりやコース：消防署先回り,とりやコース：良川駅先回り,ろくせいコース" }, "geometry": { "type": "Point", "coordinates": [ 136.899649755084454, 36.970859794705675 ] } },
{ "type": "Feature", "properties": { "バス停": "芹川", "事業会社": "北鉄能登バス（株）", "系統": "羽七東線" }, "geometry": { "type": "Point", "coordinates": [ 136.922627799627548, 36.970746356439193 ] } },
{ "type": "Feature", "properties": { "バス停": "芹川バス停", "事業会社": "中能登町", "系統": "かしまコース：こしじ方面" }, "geometry": { "type": "Point", "coordinates": [ 136.922603080896579, 36.970718581112713 ] } },
{ "type": "Feature", "properties": { "バス停": "西馬場交差点", "事業会社": "中能登町", "系統": "ろくせいコース" }, "geometry": { "type": "Point", "coordinates": [ 136.880321388167999, 36.970442536492904 ] } },
{ "type": "Feature", "properties": { "バス停": "鹿寿苑", "事業会社": "中能登町", "系統": "かしまコース：みおや方面" }, "geometry": { "type": "Point", "coordinates": [ 136.888089726988653, 36.970120326355691 ] } },
{ "type": "Feature", "properties": { "バス停": "織姫の里", "事業会社": "北鉄能登バス（株）", "系統": "羽七東線" }, "geometry": { "type": "Point", "coordinates": [ 136.905378524107107, 36.969860652845092 ] } },
{ "type": "Feature", "properties": { "バス停": "道の駅織姫の里なかのと", "事業会社": "中能登町", "系統": "かしまコース：こしじ方面,かしまコース：みおや方面,とりやコース：消防署先回り,とりやコース：良川駅先回り,ろくせいコース" }, "geometry": { "type": "Point", "coordinates": [ 136.903591526900868, 36.969603403389137 ] } },
{ "type": "Feature", "properties": { "バス停": "樋下橋", "事業会社": "志賀町", "系統": "下甘田線" }, "geometry": { "type": "Point", "coordinates": [ 136.817202780268389, 36.969552588967503 ] } },
{ "type": "Feature", "properties": { "バス停": "アル・プラザ鹿島", "事業会社": "中能登町", "系統": "かしまコース：こしじ方面,かしまコース：みおや方面" }, "geometry": { "type": "Point", "coordinates": [ 136.908059598200083, 36.969356912870879 ] } },
{ "type": "Feature", "properties": { "バス停": "アルプラザ鹿島", "事業会社": "北鉄能登バス（株）", "系統": "羽七東線" }, "geometry": { "type": "Point", "coordinates": [ 136.908059598200083, 36.969356912870879 ] } },
{ "type": "Feature", "properties": { "バス停": "旧芹川公民館", "事業会社": "中能登町", "系統": "かしまコース：こしじ方面" }, "geometry": { "type": "Point", "coordinates": [ 136.921323265963565, 36.969324542796564 ] } },
{ "type": "Feature", "properties": { "バス停": "坪野", "事業会社": "志賀町", "系統": "中甘田・甘田線" }, "geometry": { "type": "Point", "coordinates": [ 136.787864592423347, 36.969153321005834 ] } },
{ "type": "Feature", "properties": { "バス停": "西馬場", "事業会社": "中能登町", "系統": "ろくせいコース" }, "geometry": { "type": "Point", "coordinates": [ 136.878627990352015, 36.968988224898524 ] } },
{ "type": "Feature", "properties": { "バス停": "大泊", "事業会社": "北鉄能登バス（株）", "系統": "脇線" }, "geometry": { "type": "Point", "coordinates": [ 137.056252497921832, 36.9684056512721 ] } },
{ "type": "Feature", "properties": { "バス停": "沖馬場", "事業会社": "中能登町", "系統": "かしまコース：みおや方面" }, "geometry": { "type": "Point", "coordinates": [ 136.887684543882727, 36.968331644949039 ] } },
{ "type": "Feature", "properties": { "バス停": "甘田", "事業会社": "志賀町", "系統": "中甘田・甘田線" }, "geometry": { "type": "Point", "coordinates": [ 136.772434771842597, 36.968004961629688 ] } },
{ "type": "Feature", "properties": { "バス停": "甘田", "事業会社": "北鉄能登バス（株）", "系統": "富来線" }, "geometry": { "type": "Point", "coordinates": [ 136.772434771842597, 36.968004961629688 ] } },
{ "type": "Feature", "properties": { "バス停": "ラピア鹿島", "事業会社": "中能登町", "系統": "かしまコース：こしじ方面,かしまコース：みおや方面" }, "geometry": { "type": "Point", "coordinates": [ 136.911613093686356, 36.967831937891042 ] } },
{ "type": "Feature", "properties": { "バス停": "ラピア鹿島前", "事業会社": "北鉄能登バス（株）", "系統": "羽七東線" }, "geometry": { "type": "Point", "coordinates": [ 136.911613093686356, 36.967831937891042 ] } },
{ "type": "Feature", "properties": { "バス停": "森宮", "事業会社": "中能登町", "系統": "ろくせいコース" }, "geometry": { "type": "Point", "coordinates": [ 136.876803503856166, 36.96745809263485 ] } },
{ "type": "Feature", "properties": { "バス停": "天平の里", "事業会社": "中能登町", "系統": "かしまコース：こしじ方面,かしまコース：みおや方面" }, "geometry": { "type": "Point", "coordinates": [ 136.927611478818363, 36.967379729139957 ] } },
{ "type": "Feature", "properties": { "バス停": "芹川", "事業会社": "中能登町", "系統": "かしまコース：こしじ方面,かしまコース：みおや方面" }, "geometry": { "type": "Point", "coordinates": [ 136.922499021718835, 36.966888495680273 ] } },
{ "type": "Feature", "properties": { "バス停": "デイサービスセンターいこい", "事業会社": "中能登町", "系統": "かしまコース：みおや方面" }, "geometry": { "type": "Point", "coordinates": [ 136.894797395089228, 36.966230760695069 ] } },
{ "type": "Feature", "properties": { "バス停": "堂前", "事業会社": "中能登町", "系統": "ろくせいコース" }, "geometry": { "type": "Point", "coordinates": [ 136.875083447301762, 36.96610905451039 ] } },
{ "type": "Feature", "properties": { "バス停": "鹿島体育センター", "事業会社": "中能登町", "系統": "かしまコース：こしじ方面,かしまコース：みおや方面" }, "geometry": { "type": "Point", "coordinates": [ 136.91611260049595, 36.96575316690884 ] } },
{ "type": "Feature", "properties": { "バス停": "徳丸", "事業会社": "北鉄能登バス（株）", "系統": "後山線" }, "geometry": { "type": "Point", "coordinates": [ 136.868640510452821, 36.965108473790359 ] } },
{ "type": "Feature", "properties": { "バス停": "今町", "事業会社": "中能登町", "系統": "ろくせいコース" }, "geometry": { "type": "Point", "coordinates": [ 136.872427933852151, 36.964774159534812 ] } },
{ "type": "Feature", "properties": { "バス停": "鹿島体育館口", "事業会社": "北鉄能登バス（株）", "系統": "羽七東線" }, "geometry": { "type": "Point", "coordinates": [ 136.91777270581872, 36.964607526348466 ] } },
{ "type": "Feature", "properties": { "バス停": "鹿島小学校西口", "事業会社": "中能登町", "系統": "かしまコース：こしじ方面,かしまコース：みおや方面" }, "geometry": { "type": "Point", "coordinates": [ 136.91795379954641, 36.964426165517402 ] } },
{ "type": "Feature", "properties": { "バス停": "鹿島小学校西口", "事業会社": "北鉄能登バス（株）", "系統": "羽七東線" }, "geometry": { "type": "Point", "coordinates": [ 136.91795379954641, 36.964426165517402 ] } },
{ "type": "Feature", "properties": { "バス停": "くるみ谷", "事業会社": "志賀町", "系統": "中甘田・甘田線" }, "geometry": { "type": "Point", "coordinates": [ 136.778293261586214, 36.964030584822027 ] } },
{ "type": "Feature", "properties": { "バス停": "鹿西高校前", "事業会社": "中能登町", "系統": "ろくせいコース" }, "geometry": { "type": "Point", "coordinates": [ 136.870867556791154, 36.964025334951806 ] } },
{ "type": "Feature", "properties": { "バス停": "大泊寺の前", "事業会社": "北鉄能登バス（株）", "系統": "脇線" }, "geometry": { "type": "Point", "coordinates": [ 137.054435283340041, 36.963710356847159 ] } },
{ "type": "Feature", "properties": { "バス停": "鹿島小学校", "事業会社": "北鉄能登バス（株）", "系統": "羽七東線" }, "geometry": { "type": "Point", "coordinates": [ 136.9193336521258, 36.963630750138414 ] } },
{ "type": "Feature", "properties": { "バス停": "下井田公民館", "事業会社": "中能登町", "系統": "かしまコース：みおや方面" }, "geometry": { "type": "Point", "coordinates": [ 136.906580224183671, 36.962842131372945 ] } },
{ "type": "Feature", "properties": { "バス停": "旧励志館前", "事業会社": "中能登町", "系統": "ろくせいコース" }, "geometry": { "type": "Point", "coordinates": [ 136.868511995817784, 36.962686575337528 ] } },
{ "type": "Feature", "properties": { "バス停": "井田バス停", "事業会社": "中能登町", "系統": "かしまコース：みおや方面" }, "geometry": { "type": "Point", "coordinates": [ 136.914006834598723, 36.962253822145946 ] } },
{ "type": "Feature", "properties": { "バス停": "東大泊", "事業会社": "北鉄能登バス（株）", "系統": "脇線" }, "geometry": { "type": "Point", "coordinates": [ 137.051774169184284, 36.962170761132363 ] } },
{ "type": "Feature", "properties": { "バス停": "長島", "事業会社": "志賀町", "系統": "中甘田・甘田線" }, "geometry": { "type": "Point", "coordinates": [ 136.783251750719074, 36.962143154042273 ] } },
{ "type": "Feature", "properties": { "バス停": "行政サービス庁舎", "事業会社": "中能登町", "系統": "ろくせいコース" }, "geometry": { "type": "Point", "coordinates": [ 136.866851897506621, 36.96212133842095 ] } },
{ "type": "Feature", "properties": { "バス停": "井田", "事業会社": "北鉄能登バス（株）", "系統": "羽七東線" }, "geometry": { "type": "Point", "coordinates": [ 136.912851991678849, 36.961601092789046 ] } },
{ "type": "Feature", "properties": { "バス停": "能登部駅", "事業会社": "中能登町", "系統": "ろくせいコース" }, "geometry": { "type": "Point", "coordinates": [ 136.8696533140442, 36.961554529930218 ] } },
{ "type": "Feature", "properties": { "バス停": "能登部駅前", "事業会社": "北鉄能登バス（株）", "系統": "後山線" }, "geometry": { "type": "Point", "coordinates": [ 136.8696533140442, 36.961554529930218 ] } },
{ "type": "Feature", "properties": { "バス停": "能登部駅東口", "事業会社": "中能登町", "系統": "かしまコース：みおや方面" }, "geometry": { "type": "Point", "coordinates": [ 136.870345207655049, 36.961128769890593 ] } },
{ "type": "Feature", "properties": { "バス停": "尾崎", "事業会社": "中能登町", "系統": "かしまコース：みおや方面" }, "geometry": { "type": "Point", "coordinates": [ 136.894558947698101, 36.961082512096603 ] } },
{ "type": "Feature", "properties": { "バス停": "若草団地", "事業会社": "中能登町", "系統": "かしまコース：みおや方面" }, "geometry": { "type": "Point", "coordinates": [ 136.875003636113718, 36.960712267411125 ] } },
{ "type": "Feature", "properties": { "バス停": "不動滝上り口", "事業会社": "中能登町", "系統": "かしまコース：みおや方面" }, "geometry": { "type": "Point", "coordinates": [ 136.910908368368951, 36.960537285739413 ] } },
{ "type": "Feature", "properties": { "バス停": "旧JA滝尾店", "事業会社": "中能登町", "系統": "かしまコース：みおや方面" }, "geometry": { "type": "Point", "coordinates": [ 136.90469385002794, 36.960508758186627 ] } },
{ "type": "Feature", "properties": { "バス停": "妙成寺口", "事業会社": "北鉄能登バス（株）", "系統": "富来線" }, "geometry": { "type": "Point", "coordinates": [ 136.772419892938501, 36.95967674006215 ] } },
{ "type": "Feature", "properties": { "バス停": "さくら保育園口", "事業会社": "中能登町", "系統": "かしまコース：みおや方面" }, "geometry": { "type": "Point", "coordinates": [ 136.867481945698557, 36.959351185093162 ] } },
{ "type": "Feature", "properties": { "バス停": "ゆーあいパーク", "事業会社": "中能登町", "系統": "ろくせいコース" }, "geometry": { "type": "Point", "coordinates": [ 136.862596352994046, 36.958304848786959 ] } },
{ "type": "Feature", "properties": { "バス停": "小竹", "事業会社": "中能登町", "系統": "かしまコース：みおや方面" }, "geometry": { "type": "Point", "coordinates": [ 136.904091488531492, 36.958194324042346 ] } },
{ "type": "Feature", "properties": { "バス停": "小竹", "事業会社": "北鉄能登バス（株）", "系統": "羽七東線" }, "geometry": { "type": "Point", "coordinates": [ 136.904091488531492, 36.958194324042346 ] } },
{ "type": "Feature", "properties": { "バス停": "小竹下中", "事業会社": "中能登町", "系統": "かしまコース：みおや方面" }, "geometry": { "type": "Point", "coordinates": [ 136.901801774935649, 36.957946783489021 ] } },
{ "type": "Feature", "properties": { "バス停": "須田", "事業会社": "羽咋市", "系統": "西北台コース" }, "geometry": { "type": "Point", "coordinates": [ 136.770762945775346, 36.957511105218096 ] } },
{ "type": "Feature", "properties": { "バス停": "桜新町", "事業会社": "中能登町", "系統": "ろくせいコース" }, "geometry": { "type": "Point", "coordinates": [ 136.865301402169109, 36.957471688325086 ] } },
{ "type": "Feature", "properties": { "バス停": "小竹出村出", "事業会社": "中能登町", "系統": "かしまコース：みおや方面" }, "geometry": { "type": "Point", "coordinates": [ 136.898773566135901, 36.956768233433181 ] } },
{ "type": "Feature", "properties": { "バス停": "鹿西駐在所口", "事業会社": "中能登町", "系統": "ろくせいコース" }, "geometry": { "type": "Point", "coordinates": [ 136.859552024179266, 36.956063727029104 ] } },
{ "type": "Feature", "properties": { "バス停": "カルチャーセンター飛翔", "事業会社": "中能登町", "系統": "ろくせいコース" }, "geometry": { "type": "Point", "coordinates": [ 136.865428699403623, 36.955369492131979 ] } },
{ "type": "Feature", "properties": { "バス停": "水白バス停", "事業会社": "中能登町", "系統": "かしまコース：みおや方面" }, "geometry": { "type": "Point", "coordinates": [ 136.895387903724838, 36.955333032422281 ] } },
{ "type": "Feature", "properties": { "バス停": "水白", "事業会社": "北鉄能登バス（株）", "系統": "羽七東線" }, "geometry": { "type": "Point", "coordinates": [ 136.895387903724838, 36.955333032422281 ] } },
{ "type": "Feature", "properties": { "バス停": "健康ハウス憩", "事業会社": "中能登町", "系統": "ろくせいコース" }, "geometry": { "type": "Point", "coordinates": [ 136.855479737068066, 36.95393368514781 ] } },
{ "type": "Feature", "properties": { "バス停": "滝谷町（滝谷会館前）", "事業会社": "羽咋市", "系統": "西北台コース" }, "geometry": { "type": "Point", "coordinates": [ 136.778116005052766, 36.953850328873507 ] } },
{ "type": "Feature", "properties": { "バス停": "滝谷口", "事業会社": "羽咋市", "系統": "西北台コース" }, "geometry": { "type": "Point", "coordinates": [ 136.767765943319063, 36.953655358006777 ] } },
{ "type": "Feature", "properties": { "バス停": "滝谷口", "事業会社": "北鉄能登バス（株）", "系統": "富来線" }, "geometry": { "type": "Point", "coordinates": [ 136.767765943319063, 36.953655358006777 ] } },
{ "type": "Feature", "properties": { "バス停": "杉谷", "事業会社": "中能登町", "系統": "ろくせいコース" }, "geometry": { "type": "Point", "coordinates": [ 136.853994636348943, 36.953240152501273 ] } },
{ "type": "Feature", "properties": { "バス停": "久江東交差点", "事業会社": "中能登町", "系統": "かしまコース：みおや方面" }, "geometry": { "type": "Point", "coordinates": [ 136.890684689084708, 36.9518152844554 ] } },
{ "type": "Feature", "properties": { "バス停": "柴垣郵便局", "事業会社": "羽咋市", "系統": "西北台コース" }, "geometry": { "type": "Point", "coordinates": [ 136.763720416358183, 36.950257609082215 ] } },
{ "type": "Feature", "properties": { "バス停": "滝谷町上", "事業会社": "羽咋市", "系統": "西北台コース" }, "geometry": { "type": "Point", "coordinates": [ 136.777629012328759, 36.95022378468849 ] } },
{ "type": "Feature", "properties": { "バス停": "柴垣", "事業会社": "北鉄能登バス（株）", "系統": "富来線" }, "geometry": { "type": "Point", "coordinates": [ 136.765189991906936, 36.950209314404802 ] } },
{ "type": "Feature", "properties": { "バス停": "谷内", "事業会社": "中能登町", "系統": "ろくせいコース" }, "geometry": { "type": "Point", "coordinates": [ 136.847098515397647, 36.950148020161372 ] } },
{ "type": "Feature", "properties": { "バス停": "久江", "事業会社": "北鉄能登バス（株）", "系統": "羽七東線" }, "geometry": { "type": "Point", "coordinates": [ 136.888602810926898, 36.949169771142557 ] } },
{ "type": "Feature", "properties": { "バス停": "久江バス停", "事業会社": "中能登町", "系統": "かしまコース：みおや方面" }, "geometry": { "type": "Point", "coordinates": [ 136.888498938873596, 36.949050618764247 ] } },
{ "type": "Feature", "properties": { "バス停": "お蔵前", "事業会社": "羽咋市", "系統": "西北台コース" }, "geometry": { "type": "Point", "coordinates": [ 136.763175282389085, 36.948526138415914 ] } },
{ "type": "Feature", "properties": { "バス停": "沢", "事業会社": "中能登町", "系統": "ろくせいコース" }, "geometry": { "type": "Point", "coordinates": [ 136.842768807514261, 36.948102446978154 ] } },
{ "type": "Feature", "properties": { "バス停": "本成寺口", "事業会社": "北鉄能登バス（株）", "系統": "富来線" }, "geometry": { "type": "Point", "coordinates": [ 136.764321610909349, 36.947432682308431 ] } },
{ "type": "Feature", "properties": { "バス停": "宮地", "事業会社": "中能登町", "系統": "ろくせいコース" }, "geometry": { "type": "Point", "coordinates": [ 136.839280368627357, 36.946380162715059 ] } },
{ "type": "Feature", "properties": { "バス停": "小田中", "事業会社": "中能登町", "系統": "かしまコース：みおや方面" }, "geometry": { "type": "Point", "coordinates": [ 136.882515049072794, 36.945778722354255 ] } },
{ "type": "Feature", "properties": { "バス停": "小田中", "事業会社": "北鉄能登バス（株）", "系統": "羽七東線" }, "geometry": { "type": "Point", "coordinates": [ 136.882515049072794, 36.945778722354255 ] } },
{ "type": "Feature", "properties": { "バス停": "金丸郵便局前", "事業会社": "中能登町", "系統": "ろくせいコース" }, "geometry": { "type": "Point", "coordinates": [ 136.836076889227911, 36.944612050889724 ] } },
{ "type": "Feature", "properties": { "バス停": "金丸郵便局", "事業会社": "羽咋市", "系統": "余喜・鹿島路・越路野コース" }, "geometry": { "type": "Point", "coordinates": [ 136.835508355445342, 36.944177103490617 ] } },
{ "type": "Feature", "properties": { "バス停": "小田中バス停", "事業会社": "中能登町", "系統": "かしまコース：みおや方面" }, "geometry": { "type": "Point", "coordinates": [ 136.880390101349803, 36.943565961543939 ] } },
{ "type": "Feature", "properties": { "バス停": "金丸駅", "事業会社": "中能登町", "系統": "ろくせいコース" }, "geometry": { "type": "Point", "coordinates": [ 136.835770021337368, 36.943491372090676 ] } },
{ "type": "Feature", "properties": { "バス停": "三軒茶屋", "事業会社": "羽咋市", "系統": "西北台コース" }, "geometry": { "type": "Point", "coordinates": [ 136.762379563909036, 36.942628514635004 ] } },
{ "type": "Feature", "properties": { "バス停": "三軒茶屋", "事業会社": "北鉄能登バス（株）", "系統": "富来線" }, "geometry": { "type": "Point", "coordinates": [ 136.762379563909036, 36.942628514635004 ] } },
{ "type": "Feature", "properties": { "バス停": "小田中亀塚口", "事業会社": "中能登町", "系統": "かしまコース：みおや方面" }, "geometry": { "type": "Point", "coordinates": [ 136.878024342190201, 36.941715917151321 ] } },
{ "type": "Feature", "properties": { "バス停": "宿屋（ブルボンレース）", "事業会社": "羽咋市", "系統": "余喜・鹿島路・越路野コース" }, "geometry": { "type": "Point", "coordinates": [ 136.824225808204972, 36.940890051280398 ] } },
{ "type": "Feature", "properties": { "バス停": "藤井", "事業会社": "中能登町", "系統": "かしまコース：みおや方面" }, "geometry": { "type": "Point", "coordinates": [ 136.875959652980868, 36.94012250689601 ] } },
{ "type": "Feature", "properties": { "バス停": "下曽祢町", "事業会社": "羽咋市", "系統": "余喜・鹿島路・越路野コース" }, "geometry": { "type": "Point", "coordinates": [ 136.844690330090231, 36.940066221541279 ] } },
{ "type": "Feature", "properties": { "バス停": "福田", "事業会社": "中能登町", "系統": "かしまコース：みおや方面" }, "geometry": { "type": "Point", "coordinates": [ 136.873210848048842, 36.939249530007061 ] } },
{ "type": "Feature", "properties": { "バス停": "高畠", "事業会社": "北鉄能登バス（株）", "系統": "羽七東線" }, "geometry": { "type": "Point", "coordinates": [ 136.872118488381943, 36.938992325510043 ] } },
{ "type": "Feature", "properties": { "バス停": "西北台小学校前", "事業会社": "北鉄能登バス（株）", "系統": "富来線" }, "geometry": { "type": "Point", "coordinates": [ 136.76011861585414, 36.938953121854638 ] } },
{ "type": "Feature", "properties": { "バス停": "曽祢", "事業会社": "中能登町", "系統": "かしまコース：みおや方面" }, "geometry": { "type": "Point", "coordinates": [ 136.861405118486829, 36.938834963169832 ] } },
{ "type": "Feature", "properties": { "バス停": "高畠バス停", "事業会社": "中能登町", "系統": "かしまコース：みおや方面" }, "geometry": { "type": "Point", "coordinates": [ 136.871203872370302, 36.938713464487556 ] } },
{ "type": "Feature", "properties": { "バス停": "金丸出町", "事業会社": "羽咋市", "系統": "余喜・鹿島路・越路野コース" }, "geometry": { "type": "Point", "coordinates": [ 136.846545224261064, 36.937926318404813 ] } },
{ "type": "Feature", "properties": { "バス停": "森の宮", "事業会社": "羽咋市", "系統": "余喜・鹿島路・越路野コース" }, "geometry": { "type": "Point", "coordinates": [ 136.817159653025641, 36.937529161911492 ] } },
{ "type": "Feature", "properties": { "バス停": "小金森バス停", "事業会社": "中能登町", "系統": "かしまコース：みおや方面" }, "geometry": { "type": "Point", "coordinates": [ 136.868107861322528, 36.937206145717127 ] } },
{ "type": "Feature", "properties": { "バス停": "小金森", "事業会社": "北鉄能登バス（株）", "系統": "羽七東線" }, "geometry": { "type": "Point", "coordinates": [ 136.868107861322528, 36.937206145717127 ] } },
{ "type": "Feature", "properties": { "バス停": "大町（冨士電子工業）", "事業会社": "羽咋市", "系統": "余喜・鹿島路・越路野コース" }, "geometry": { "type": "Point", "coordinates": [ 136.84810016894258, 36.935427824555276 ] } },
{ "type": "Feature", "properties": { "バス停": "鹿島路ふれあいセンター", "事業会社": "羽咋市", "系統": "余喜・鹿島路・越路野コース" }, "geometry": { "type": "Point", "coordinates": [ 136.812727101139302, 36.935149318290847 ] } },
{ "type": "Feature", "properties": { "バス停": "大町農村公園", "事業会社": "羽咋市", "系統": "中邑知・富永コース" }, "geometry": { "type": "Point", "coordinates": [ 136.851665945742894, 36.935122904096268 ] } },
{ "type": "Feature", "properties": { "バス停": "鹿島路町（旧バス停）", "事業会社": "羽咋市", "系統": "余喜・鹿島路・越路野コース" }, "geometry": { "type": "Point", "coordinates": [ 136.809307780546021, 36.933223897520591 ] } },
{ "type": "Feature", "properties": { "バス停": "西北台小学校", "事業会社": "羽咋市", "系統": "西北台コース" }, "geometry": { "type": "Point", "coordinates": [ 136.763924653507928, 36.933129779295875 ] } },
{ "type": "Feature", "properties": { "バス停": "大町", "事業会社": "北鉄能登バス（株）", "系統": "羽七東線" }, "geometry": { "type": "Point", "coordinates": [ 136.860813757674691, 36.932956376885386 ] } },
{ "type": "Feature", "properties": { "バス停": "大町上野", "事業会社": "羽咋市", "系統": "中邑知・富永コース" }, "geometry": { "type": "Point", "coordinates": [ 136.860552679761781, 36.932743070180138 ] } },
{ "type": "Feature", "properties": { "バス停": "JAはくい邑知支店前", "事業会社": "羽咋市", "系統": "余喜・鹿島路・越路野コース" }, "geometry": { "type": "Point", "coordinates": [ 136.847065101124542, 36.932382671533425 ] } },
{ "type": "Feature", "properties": { "バス停": "千路町（白鬚神社）", "事業会社": "羽咋市", "系統": "余喜・鹿島路・越路野コース" }, "geometry": { "type": "Point", "coordinates": [ 136.79968279647133, 36.928253657767996 ] } },
{ "type": "Feature", "properties": { "バス停": "四柳", "事業会社": "北鉄能登バス（株）", "系統": "羽七東線" }, "geometry": { "type": "Point", "coordinates": [ 136.854404561848725, 36.927901727433088 ] } },
{ "type": "Feature", "properties": { "バス停": "西教寺前", "事業会社": "羽咋市", "系統": "西北台コース" }, "geometry": { "type": "Point", "coordinates": [ 136.756028564299697, 36.927287974028104 ] } },
{ "type": "Feature", "properties": { "バス停": "四柳町", "事業会社": "羽咋市", "系統": "中邑知・富永コース" }, "geometry": { "type": "Point", "coordinates": [ 136.852848359928316, 36.9265305017747 ] } },
{ "type": "Feature", "properties": { "バス停": "滝", "事業会社": "北鉄能登バス（株）", "系統": "富来線" }, "geometry": { "type": "Point", "coordinates": [ 136.759710456430298, 36.926500638907662 ] } },
{ "type": "Feature", "properties": { "バス停": "JA眉丈支店前", "事業会社": "羽咋市", "系統": "余喜・鹿島路・越路野コース" }, "geometry": { "type": "Point", "coordinates": [ 136.791763510743493, 36.924816381867345 ] } },
{ "type": "Feature", "properties": { "バス停": "滝町会館", "事業会社": "羽咋市", "系統": "西北台コース" }, "geometry": { "type": "Point", "coordinates": [ 136.758210983875784, 36.924705040519832 ] } },
{ "type": "Feature", "properties": { "バス停": "寺家町（大森スタンド）", "事業会社": "羽咋市", "系統": "西北台コース" }, "geometry": { "type": "Point", "coordinates": [ 136.76769867823765, 36.923427051466675 ] } },
{ "type": "Feature", "properties": { "バス停": "柳田町東出（旧バス停）", "事業会社": "羽咋市", "系統": "余喜・鹿島路・越路野コース" }, "geometry": { "type": "Point", "coordinates": [ 136.786065878105575, 36.923108670871933 ] } },
{ "type": "Feature", "properties": { "バス停": "一の宮", "事業会社": "北鉄能登バス（株）", "系統": "富来線" }, "geometry": { "type": "Point", "coordinates": [ 136.769658769511608, 36.923099077699284 ] } },
{ "type": "Feature", "properties": { "バス停": "酒井町", "事業会社": "羽咋市", "系統": "中邑知・富永コース" }, "geometry": { "type": "Point", "coordinates": [ 136.848849126799223, 36.922892597653707 ] } },
{ "type": "Feature", "properties": { "バス停": "酒井", "事業会社": "北鉄能登バス（株）", "系統": "羽七東線" }, "geometry": { "type": "Point", "coordinates": [ 136.848849126799223, 36.922892597653707 ] } },
{ "type": "Feature", "properties": { "バス停": "柳田町西（八幡駐車場）", "事業会社": "羽咋市", "系統": "余喜・鹿島路・越路野コース" }, "geometry": { "type": "Point", "coordinates": [ 136.78172001204041, 36.922150075596129 ] } },
{ "type": "Feature", "properties": { "バス停": "一ノ宮町（鳥居）", "事業会社": "羽咋市", "系統": "西北台コース" }, "geometry": { "type": "Point", "coordinates": [ 136.766163981688038, 36.920826012986069 ] } },
{ "type": "Feature", "properties": { "バス停": "菱分町", "事業会社": "羽咋市", "系統": "中邑知・富永コース" }, "geometry": { "type": "Point", "coordinates": [ 136.834056020703628, 36.920656155999538 ] } },
{ "type": "Feature", "properties": { "バス停": "猫の目（旧道入口）", "事業会社": "羽咋市", "系統": "余喜・鹿島路・越路野コース" }, "geometry": { "type": "Point", "coordinates": [ 136.777868161105488, 36.917993081244227 ] } },
{ "type": "Feature", "properties": { "バス停": "寺境", "事業会社": "羽咋市", "系統": "中邑知・富永コース" }, "geometry": { "type": "Point", "coordinates": [ 136.843655940786533, 36.916986055629835 ] } },
{ "type": "Feature", "properties": { "バス停": "寺境", "事業会社": "北鉄能登バス（株）", "系統": "羽七東線" }, "geometry": { "type": "Point", "coordinates": [ 136.843655940786533, 36.916986055629835 ] } },
{ "type": "Feature", "properties": { "バス停": "猫の目", "事業会社": "北鉄能登バス（株）", "系統": "富来線" }, "geometry": { "type": "Point", "coordinates": [ 136.777209125666843, 36.916975157234958 ] } },
{ "type": "Feature", "properties": { "バス停": "堀替新町（会館）", "事業会社": "羽咋市", "系統": "中邑知・富永コース" }, "geometry": { "type": "Point", "coordinates": [ 136.832567140320435, 36.916402527967342 ] } },
{ "type": "Feature", "properties": { "バス停": "若部", "事業会社": "羽咋市", "系統": "中邑知・富永コース" }, "geometry": { "type": "Point", "coordinates": [ 136.840929092666357, 36.913924736816796 ] } },
{ "type": "Feature", "properties": { "バス停": "若部", "事業会社": "北鉄能登バス（株）", "系統": "羽七東線" }, "geometry": { "type": "Point", "coordinates": [ 136.840929092666357, 36.913924736816796 ] } },
{ "type": "Feature", "properties": { "バス停": "尾長出町（佐智神社）", "事業会社": "羽咋市", "系統": "中邑知・富永コース" }, "geometry": { "type": "Point", "coordinates": [ 136.828261859068135, 36.913440588435051 ] } },
{ "type": "Feature", "properties": { "バス停": "白鳥苑前", "事業会社": "北鉄能登バス（株）", "系統": "羽七東線" }, "geometry": { "type": "Point", "coordinates": [ 136.838452737379157, 36.912194082047293 ] } },
{ "type": "Feature", "properties": { "バス停": "釜屋新保", "事業会社": "北鉄能登バス（株）", "系統": "富来線" }, "geometry": { "type": "Point", "coordinates": [ 136.777959358228287, 36.911336562155682 ] } },
{ "type": "Feature", "properties": { "バス停": "千田町", "事業会社": "羽咋市", "系統": "中邑知・富永コース" }, "geometry": { "type": "Point", "coordinates": [ 136.815603013004704, 36.910681145030658 ] } },
{ "type": "Feature", "properties": { "バス停": "釜屋町（柳田新保境）", "事業会社": "羽咋市", "系統": "余喜・鹿島路・越路野コース" }, "geometry": { "type": "Point", "coordinates": [ 136.780368321592192, 36.90979102933423 ] } },
{ "type": "Feature", "properties": { "バス停": "志々見町（大橋詰）", "事業会社": "羽咋市", "系統": "中邑知・富永コース" }, "geometry": { "type": "Point", "coordinates": [ 136.826165552931002, 36.908763676415589 ] } },
{ "type": "Feature", "properties": { "バス停": "本江町", "事業会社": "羽咋市", "系統": "中邑知・富永コース" }, "geometry": { "type": "Point", "coordinates": [ 136.834589643798694, 36.908650029775764 ] } },
{ "type": "Feature", "properties": { "バス停": "吉崎町（大橋詰）", "事業会社": "羽咋市", "系統": "中邑知・富永コース" }, "geometry": { "type": "Point", "coordinates": [ 136.802729751568791, 36.908458551040908 ] } },
{ "type": "Feature", "properties": { "バス停": "本江", "事業会社": "北鉄能登バス（株）", "系統": "羽七東線" }, "geometry": { "type": "Point", "coordinates": [ 136.834577429433892, 36.908436447030731 ] } },
{ "type": "Feature", "properties": { "バス停": "羽咋工業高校前", "事業会社": "羽咋市", "系統": "西北台コース" }, "geometry": { "type": "Point", "coordinates": [ 136.776801338973769, 36.907596267186861 ] } },
{ "type": "Feature", "properties": { "バス停": "工業高校前", "事業会社": "北鉄能登バス（株）", "系統": "富来線" }, "geometry": { "type": "Point", "coordinates": [ 136.776801338973769, 36.907596267186861 ] } },
{ "type": "Feature", "properties": { "バス停": "円井町（願正寺）", "事業会社": "羽咋市", "系統": "中邑知・富永コース" }, "geometry": { "type": "Point", "coordinates": [ 136.808784965290812, 36.90731946507961 ] } },
{ "type": "Feature", "properties": { "バス停": "尾長町（入口）", "事業会社": "羽咋市", "系統": "中邑知・富永コース" }, "geometry": { "type": "Point", "coordinates": [ 136.821330005765077, 36.907310970046346 ] } },
{ "type": "Feature", "properties": { "バス停": "上江町（日吉神社）", "事業会社": "羽咋市", "系統": "中邑知・富永コース" }, "geometry": { "type": "Point", "coordinates": [ 136.815888375734914, 36.907061113244545 ] } },
{ "type": "Feature", "properties": { "バス停": "邑知中学校前", "事業会社": "北鉄能登バス（株）", "系統": "羽七東線" }, "geometry": { "type": "Point", "coordinates": [ 136.831668944918704, 36.905459550936065 ] } },
{ "type": "Feature", "properties": { "バス停": "次場町（会館）", "事業会社": "羽咋市", "系統": "中邑知・富永コース" }, "geometry": { "type": "Point", "coordinates": [ 136.79279821708576, 36.905365645164196 ] } },
{ "type": "Feature", "properties": { "バス停": "垣内田町", "事業会社": "羽咋市", "系統": "中邑知・富永コース" }, "geometry": { "type": "Point", "coordinates": [ 136.81990884731789, 36.904654079153907 ] } },
{ "type": "Feature", "properties": { "バス停": "四町（白山神社）", "事業会社": "羽咋市", "系統": "中邑知・富永コース" }, "geometry": { "type": "Point", "coordinates": [ 136.815069376591765, 36.904598660372017 ] } },
{ "type": "Feature", "properties": { "バス停": "羽咋授産所", "事業会社": "羽咋市", "系統": "余喜・鹿島路・越路野コース" }, "geometry": { "type": "Point", "coordinates": [ 136.779040135915238, 36.904171011125769 ] } },
{ "type": "Feature", "properties": { "バス停": "羽咋大橋", "事業会社": "北鉄能登バス（株）", "系統": "富来線" }, "geometry": { "type": "Point", "coordinates": [ 136.776652707541189, 36.902622855944273 ] } },
{ "type": "Feature", "properties": { "バス停": "吉崎団地", "事業会社": "羽咋市", "系統": "神子原コース,中邑知・富永コース" }, "geometry": { "type": "Point", "coordinates": [ 136.791004700810248, 36.901728076272313 ] } },
{ "type": "Feature", "properties": { "バス停": "飯山新町", "事業会社": "北鉄能登バス（株）", "系統": "羽七東線" }, "geometry": { "type": "Point", "coordinates": [ 136.825682212867434, 36.901238322719593 ] } },
{ "type": "Feature", "properties": { "バス停": "深江町（会館）", "事業会社": "羽咋市", "系統": "中邑知・富永コース" }, "geometry": { "type": "Point", "coordinates": [ 136.802821174486525, 36.900320565709237 ] } },
{ "type": "Feature", "properties": { "バス停": "羽咋病院", "事業会社": "羽咋市", "系統": "余喜・鹿島路・越路野コース,粟ノ保コース,神子原コース,中邑知・富永コース,西北台コース" }, "geometry": { "type": "Point", "coordinates": [ 136.780845975139044, 36.899819769068657 ] } },
{ "type": "Feature", "properties": { "バス停": "老人福祉センター", "事業会社": "羽咋市", "系統": "市内循環コース" }, "geometry": { "type": "Point", "coordinates": [ 136.793842297746835, 36.898248942714211 ] } },
{ "type": "Feature", "properties": { "バス停": "すこやかセンター", "事業会社": "羽咋市", "系統": "市内循環コース" }, "geometry": { "type": "Point", "coordinates": [ 136.792048638017661, 36.897885616622872 ] } },
{ "type": "Feature", "properties": { "バス停": "コスモアイル羽咋", "事業会社": "羽咋市", "系統": "市内循環コース" }, "geometry": { "type": "Point", "coordinates": [ 136.789425083294162, 36.897403954090429 ] } },
{ "type": "Feature", "properties": { "バス停": "飯山町", "事業会社": "羽咋市", "系統": "神子原コース" }, "geometry": { "type": "Point", "coordinates": [ 136.821932742084016, 36.897321281059099 ] } },
{ "type": "Feature", "properties": { "バス停": "飯山", "事業会社": "北鉄能登バス（株）", "系統": "羽七東線" }, "geometry": { "type": "Point", "coordinates": [ 136.821932742084016, 36.897321281059099 ] } },
{ "type": "Feature", "properties": { "バス停": "千代町", "事業会社": "羽咋市", "系統": "神子原コース" }, "geometry": { "type": "Point", "coordinates": [ 136.819421634695942, 36.897312320393461 ] } },
{ "type": "Feature", "properties": { "バス停": "羽咋中央（中央公園）", "事業会社": "羽咋市", "系統": "市内循環コース,粟ノ保コース" }, "geometry": { "type": "Point", "coordinates": [ 136.775982783317602, 36.897107849119116 ] } },
{ "type": "Feature", "properties": { "バス停": "羽咋中央", "事業会社": "北鉄能登バス（株）", "系統": "富来線" }, "geometry": { "type": "Point", "coordinates": [ 136.775982783317602, 36.897107849119116 ] } },
{ "type": "Feature", "properties": { "バス停": "羽咋駅", "事業会社": "羽咋市", "系統": "市内循環コース,余喜・鹿島路・越路野コース,粟ノ保コース,神子原コース,中邑知・富永コース,西北台コース" }, "geometry": { "type": "Point", "coordinates": [ 136.783125035707428, 36.896596974956118 ] } },
{ "type": "Feature", "properties": { "バス停": "羽咋駅前", "事業会社": "北鉄能登バス（株）", "系統": "富来線,羽七東線" }, "geometry": { "type": "Point", "coordinates": [ 136.783125035707428, 36.896596974956118 ] } },
{ "type": "Feature", "properties": { "バス停": "パセオ通り中央", "事業会社": "羽咋市", "系統": "市内循環コース" }, "geometry": { "type": "Point", "coordinates": [ 136.779437688989049, 36.896532736004822 ] } },
{ "type": "Feature", "properties": { "バス停": "鶴多町", "事業会社": "羽咋市", "系統": "市内循環コース,神子原コース" }, "geometry": { "type": "Point", "coordinates": [ 136.793992407482534, 36.895302990450318 ] } },
{ "type": "Feature", "properties": { "バス停": "鶴多町", "事業会社": "北鉄能登バス（株）", "系統": "羽七東線" }, "geometry": { "type": "Point", "coordinates": [ 136.793992407482534, 36.895302990450318 ] } },
{ "type": "Feature", "properties": { "バス停": "羽咋農協センター前", "事業会社": "北鉄能登バス（株）", "系統": "羽七東線" }, "geometry": { "type": "Point", "coordinates": [ 136.812391384266988, 36.895217414125504 ] } },
{ "type": "Feature", "properties": { "バス停": "はくい農協センター", "事業会社": "羽咋市", "系統": "市内循環コース,神子原コース" }, "geometry": { "type": "Point", "coordinates": [ 136.811014318855342, 36.895172658936062 ] } },
{ "type": "Feature", "properties": { "バス停": "太田町", "事業会社": "羽咋市", "系統": "市内循環コース,神子原コース" }, "geometry": { "type": "Point", "coordinates": [ 136.806910627445973, 36.895062555790098 ] } },
{ "type": "Feature", "properties": { "バス停": "太田", "事業会社": "北鉄能登バス（株）", "系統": "羽七東線" }, "geometry": { "type": "Point", "coordinates": [ 136.806910627445973, 36.895062555790098 ] } },
{ "type": "Feature", "properties": { "バス停": "マックスバリュ", "事業会社": "羽咋市", "系統": "市内循環コース,神子原コース" }, "geometry": { "type": "Point", "coordinates": [ 136.801980106222487, 36.894618031473961 ] } },
{ "type": "Feature", "properties": { "バス停": "石野町", "事業会社": "羽咋市", "系統": "市内循環コース,神子原コース" }, "geometry": { "type": "Point", "coordinates": [ 136.799501785463264, 36.894562689450453 ] } },
{ "type": "Feature", "properties": { "バス停": "石野町", "事業会社": "北鉄能登バス（株）", "系統": "羽七東線" }, "geometry": { "type": "Point", "coordinates": [ 136.799501785463264, 36.894562689450453 ] } },
{ "type": "Feature", "properties": { "バス停": "白瀬町", "事業会社": "羽咋市", "系統": "神子原コース" }, "geometry": { "type": "Point", "coordinates": [ 136.828182140528554, 36.894386845210853 ] } },
{ "type": "Feature", "properties": { "バス停": "羽咋市役所", "事業会社": "羽咋市", "系統": "市内循環コース" }, "geometry": { "type": "Point", "coordinates": [ 136.778868979574554, 36.894265012584334 ] } },
{ "type": "Feature", "properties": { "バス停": "市役所前", "事業会社": "北鉄能登バス（株）", "系統": "富来線" }, "geometry": { "type": "Point", "coordinates": [ 136.778868979574554, 36.894265012584334 ] } },
{ "type": "Feature", "properties": { "バス停": "羽咋高校前", "事業会社": "羽咋市", "系統": "市内循環コース" }, "geometry": { "type": "Point", "coordinates": [ 136.786666957084748, 36.894120763945274 ] } },
{ "type": "Feature", "properties": { "バス停": "羽咋高校前", "事業会社": "北鉄能登バス（株）", "系統": "羽七東線" }, "geometry": { "type": "Point", "coordinates": [ 136.786666957084748, 36.894120763945274 ] } },
{ "type": "Feature", "properties": { "バス停": "羽咋小学校前", "事業会社": "北鉄能登バス（株）", "系統": "富来線" }, "geometry": { "type": "Point", "coordinates": [ 136.77736945110604, 36.893904201812482 ] } },
{ "type": "Feature", "properties": { "バス停": "羽咋中学校前", "事業会社": "北鉄能登バス（株）", "系統": "富来線" }, "geometry": { "type": "Point", "coordinates": [ 136.778074451337943, 36.892330012208141 ] } },
{ "type": "Feature", "properties": { "バス停": "千里浜児童センター前", "事業会社": "羽咋市", "系統": "市内循環コース" }, "geometry": { "type": "Point", "coordinates": [ 136.769800144734262, 36.891799916328594 ] } },
{ "type": "Feature", "properties": { "バス停": "中川町", "事業会社": "羽咋市", "系統": "神子原コース" }, "geometry": { "type": "Point", "coordinates": [ 136.817239912352051, 36.889804158218844 ] } },
{ "type": "Feature", "properties": { "バス停": "南中央町", "事業会社": "羽咋市", "系統": "粟ノ保コース" }, "geometry": { "type": "Point", "coordinates": [ 136.779994089478976, 36.889618241293661 ] } },
{ "type": "Feature", "properties": { "バス停": "ユーフォリア千里浜", "事業会社": "羽咋市", "系統": "市内循環コース" }, "geometry": { "type": "Point", "coordinates": [ 136.768784262959088, 36.889530797358368 ] } },
{ "type": "Feature", "properties": { "バス停": "アルビス", "事業会社": "宝達志水町", "系統": "北回りルート" }, "geometry": { "type": "Point", "coordinates": [ 136.8007957591295, 36.888859928309742 ] } },
{ "type": "Feature", "properties": { "バス停": "兵庫大橋", "事業会社": "羽咋市", "系統": "粟ノ保コース" }, "geometry": { "type": "Point", "coordinates": [ 136.781199413893518, 36.885979647745529 ] } },
{ "type": "Feature", "properties": { "バス停": "道の駅のと千里浜", "事業会社": "羽咋市", "系統": "市内循環コース" }, "geometry": { "type": "Point", "coordinates": [ 136.768417297610625, 36.885521958826217 ] } },
{ "type": "Feature", "properties": { "バス停": "神子原町", "事業会社": "羽咋市", "系統": "神子原コース" }, "geometry": { "type": "Point", "coordinates": [ 136.860473929307034, 36.884823830620249 ] } },
{ "type": "Feature", "properties": { "バス停": "杉野屋", "事業会社": "宝達志水町", "系統": "北回りルート" }, "geometry": { "type": "Point", "coordinates": [ 136.813081730173991, 36.884554757403272 ] } },
{ "type": "Feature", "properties": { "バス停": "兵庫町", "事業会社": "羽咋市", "系統": "粟ノ保コース" }, "geometry": { "type": "Point", "coordinates": [ 136.781994190423489, 36.883230346957859 ] } },
{ "type": "Feature", "properties": { "バス停": "神子原ダム前", "事業会社": "羽咋市", "系統": "神子原コース" }, "geometry": { "type": "Point", "coordinates": [ 136.852180187031479, 36.883185810303281 ] } },
{ "type": "Feature", "properties": { "バス停": "福水町", "事業会社": "羽咋市", "系統": "神子原コース" }, "geometry": { "type": "Point", "coordinates": [ 136.834976803682281, 36.88294465584579 ] } },
{ "type": "Feature", "properties": { "バス停": "千石町", "事業会社": "羽咋市", "系統": "神子原コース" }, "geometry": { "type": "Point", "coordinates": [ 136.844384404320721, 36.882555450809114 ] } },
{ "type": "Feature", "properties": { "バス停": "土橋町会館", "事業会社": "羽咋市", "系統": "粟ノ保コース" }, "geometry": { "type": "Point", "coordinates": [ 136.789584495628446, 36.880748901589989 ] } },
{ "type": "Feature", "properties": { "バス停": "二口", "事業会社": "宝達志水町", "系統": "北回りルート" }, "geometry": { "type": "Point", "coordinates": [ 136.794208969632507, 36.879795790001964 ] } },
{ "type": "Feature", "properties": { "バス停": "粟生町", "事業会社": "羽咋市", "系統": "粟ノ保コース" }, "geometry": { "type": "Point", "coordinates": [ 136.77824489933181, 36.8785820925564 ] } },
{ "type": "Feature", "properties": { "バス停": "菅池町（諏訪神社）", "事業会社": "羽咋市", "系統": "神子原コース" }, "geometry": { "type": "Point", "coordinates": [ 136.873653854923901, 36.878584120888917 ] } },
{ "type": "Feature", "properties": { "バス停": "粟原町（入口）", "事業会社": "羽咋市", "系統": "粟ノ保コース" }, "geometry": { "type": "Point", "coordinates": [ 136.785585550278967, 36.875591793442517 ] } },
{ "type": "Feature", "properties": { "バス停": "菅原", "事業会社": "宝達志水町", "系統": "北回りルート" }, "geometry": { "type": "Point", "coordinates": [ 136.79989388380821, 36.873865903787397 ] } },
{ "type": "Feature", "properties": { "バス停": "新保町", "事業会社": "羽咋市", "系統": "粟ノ保コース" }, "geometry": { "type": "Point", "coordinates": [ 136.778416850533574, 36.872435178377735 ] } },
{ "type": "Feature", "properties": { "バス停": "走入", "事業会社": "宝達志水町", "系統": "北回りルート" }, "geometry": { "type": "Point", "coordinates": [ 136.8498843552415, 36.86757623647042 ] } },
{ "type": "Feature", "properties": { "バス停": "宝達志水病院", "事業会社": "宝達志水町", "系統": "東回りルート,北回りルート" }, "geometry": { "type": "Point", "coordinates": [ 136.793584801743492, 36.866370727720266 ] } },
{ "type": "Feature", "properties": { "バス停": "向瀬", "事業会社": "宝達志水町", "系統": "北回りルート" }, "geometry": { "type": "Point", "coordinates": [ 136.829534612421071, 36.865120265405572 ] } },
{ "type": "Feature", "properties": { "バス停": "子浦", "事業会社": "宝達志水町", "系統": "東回りルート,北回りルート" }, "geometry": { "type": "Point", "coordinates": [ 136.792286697786381, 36.86504089153037 ] } },
{ "type": "Feature", "properties": { "バス停": "役場", "事業会社": "宝達志水町", "系統": "東回りルート,北回りルート" }, "geometry": { "type": "Point", "coordinates": [ 136.798232200717251, 36.863122373246483 ] } },
{ "type": "Feature", "properties": { "バス停": "ゲンキー志雄店", "事業会社": "宝達志水町", "系統": "東回りルート,北回りルート" }, "geometry": { "type": "Point", "coordinates": [ 136.789063677473138, 36.861233590531675 ] } },
{ "type": "Feature", "properties": { "バス停": "柳瀬会館", "事業会社": "宝達志水町", "系統": "東回りルート" }, "geometry": { "type": "Point", "coordinates": [ 136.777667538444945, 36.860159085731695 ] } },
{ "type": "Feature", "properties": { "バス停": "石坂", "事業会社": "宝達志水町", "系統": "北回りルート" }, "geometry": { "type": "Point", "coordinates": [ 136.819093669609458, 36.859317527365931 ] } },
{ "type": "Feature", "properties": { "バス停": "二軒町", "事業会社": "宝達志水町", "系統": "東回りルート,北回りルート" }, "geometry": { "type": "Point", "coordinates": [ 136.805724300695175, 36.858348202534593 ] } },
{ "type": "Feature", "properties": { "バス停": "白虎山公園", "事業会社": "宝達志水町", "系統": "東回りルート" }, "geometry": { "type": "Point", "coordinates": [ 136.775770414307289, 36.856752019881881 ] } },
{ "type": "Feature", "properties": { "バス停": "柳瀬新町", "事業会社": "宝達志水町", "系統": "東回りルート" }, "geometry": { "type": "Point", "coordinates": [ 136.76796210265536, 36.8564252237299 ] } },
{ "type": "Feature", "properties": { "バス停": "荻島", "事業会社": "宝達志水町", "系統": "北回りルート" }, "geometry": { "type": "Point", "coordinates": [ 136.784267873081433, 36.855438207246614 ] } },
{ "type": "Feature", "properties": { "バス停": "散田室野", "事業会社": "宝達志水町", "系統": "東回りルート" }, "geometry": { "type": "Point", "coordinates": [ 136.811866999648828, 36.855364065612619 ] } },
{ "type": "Feature", "properties": { "バス停": "出浜", "事業会社": "宝達志水町", "系統": "東回りルート" }, "geometry": { "type": "Point", "coordinates": [ 136.763116613665915, 36.853979605748862 ] } },
{ "type": "Feature", "properties": { "バス停": "金谷", "事業会社": "宝達志水町", "系統": "東回りルート" }, "geometry": { "type": "Point", "coordinates": [ 136.816180412266874, 36.853942991946575 ] } },
{ "type": "Feature", "properties": { "バス停": "敷波", "事業会社": "宝達志水町", "系統": "北回りルート" }, "geometry": { "type": "Point", "coordinates": [ 136.778098968238453, 36.85259514479155 ] } },
{ "type": "Feature", "properties": { "バス停": "はらショッピング", "事業会社": "宝達志水町", "系統": "東回りルート" }, "geometry": { "type": "Point", "coordinates": [ 136.769258542269654, 36.852409974183949 ] } },
{ "type": "Feature", "properties": { "バス停": "下石", "事業会社": "宝達志水町", "系統": "東回りルート" }, "geometry": { "type": "Point", "coordinates": [ 136.826078259957342, 36.849946879244719 ] } },
{ "type": "Feature", "properties": { "バス停": "敷浪駅", "事業会社": "宝達志水町", "系統": "北回りルート" }, "geometry": { "type": "Point", "coordinates": [ 136.773587991539443, 36.848189001677831 ] } },
{ "type": "Feature", "properties": { "バス停": "新宮", "事業会社": "宝達志水町", "系統": "東回りルート" }, "geometry": { "type": "Point", "coordinates": [ 136.816504335962122, 36.846508258247198 ] } },
{ "type": "Feature", "properties": { "バス停": "JAはくい宝達", "事業会社": "宝達志水町", "系統": "北回りルート" }, "geometry": { "type": "Point", "coordinates": [ 136.773327085344903, 36.844235660242205 ] } },
{ "type": "Feature", "properties": { "バス停": "宿旧会館", "事業会社": "宝達志水町", "系統": "東回りルート" }, "geometry": { "type": "Point", "coordinates": [ 136.764634311616362, 36.840069319394011 ] } },
{ "type": "Feature", "properties": { "バス停": "所司原", "事業会社": "宝達志水町", "系統": "東回りルート" }, "geometry": { "type": "Point", "coordinates": [ 136.849432147359465, 36.836275526626601 ] } },
{ "type": "Feature", "properties": { "バス停": "今浜会館", "事業会社": "宝達志水町", "系統": "東回りルート" }, "geometry": { "type": "Point", "coordinates": [ 136.751727583254564, 36.833366376640498 ] } },
{ "type": "Feature", "properties": { "バス停": "竹生野", "事業会社": "宝達志水町", "系統": "北回りルート" }, "geometry": { "type": "Point", "coordinates": [ 136.769781890081788, 36.831885345953914 ] } },
{ "type": "Feature", "properties": { "バス停": "麦生", "事業会社": "宝達志水町", "系統": "東回りルート" }, "geometry": { "type": "Point", "coordinates": [ 136.758943463538628, 36.828608035771246 ] } },
{ "type": "Feature", "properties": { "バス停": "南吉田", "事業会社": "宝達志水町", "系統": "北回りルート" }, "geometry": { "type": "Point", "coordinates": [ 136.772975656018957, 36.826357871058192 ] } },
{ "type": "Feature", "properties": { "バス停": "宝寿荘", "事業会社": "宝達志水町", "系統": "東回りルート,南回りルート,北回りルート" }, "geometry": { "type": "Point", "coordinates": [ 136.761420899683515, 36.824052598462494 ] } },
{ "type": "Feature", "properties": { "バス停": "米出大橋", "事業会社": "宝達志水町", "系統": "東回りルート" }, "geometry": { "type": "Point", "coordinates": [ 136.746295811271381, 36.822672835267511 ] } },
{ "type": "Feature", "properties": { "バス停": "リカージャンプ", "事業会社": "宝達志水町", "系統": "北回りルート" }, "geometry": { "type": "Point", "coordinates": [ 136.768056374155037, 36.82210914086037 ] } },
{ "type": "Feature", "properties": { "バス停": "宝達駅西口", "事業会社": "宝達志水町", "系統": "東回りルート,南回りルート,北回りルート" }, "geometry": { "type": "Point", "coordinates": [ 136.761976836675302, 36.82029366769487 ] } },
{ "type": "Feature", "properties": { "バス停": "宝達中学校", "事業会社": "宝達志水町", "系統": "南回りルート" }, "geometry": { "type": "Point", "coordinates": [ 136.757931211108342, 36.818970133348635 ] } },
{ "type": "Feature", "properties": { "バス停": "アステラス", "事業会社": "宝達志水町", "系統": "南回りルート" }, "geometry": { "type": "Point", "coordinates": [ 136.763898479301389, 36.816136972624193 ] } },
{ "type": "Feature", "properties": { "バス停": "生鮮館ちゃれんじ", "事業会社": "宝達志水町", "系統": "南回りルート" }, "geometry": { "type": "Point", "coordinates": [ 136.756784004213074, 36.815072460612797 ] } },
{ "type": "Feature", "properties": { "バス停": "河原会館", "事業会社": "宝達志水町", "系統": "南回りルート" }, "geometry": { "type": "Point", "coordinates": [ 136.773328314839659, 36.814989065843641 ] } },
{ "type": "Feature", "properties": { "バス停": "宝達小学校前", "事業会社": "宝達志水町", "系統": "南回りルート" }, "geometry": { "type": "Point", "coordinates": [ 136.772272688925057, 36.813100103705125 ] } },
{ "type": "Feature", "properties": { "バス停": "山崎会館", "事業会社": "宝達志水町", "系統": "南回りルート" }, "geometry": { "type": "Point", "coordinates": [ 136.780361269435929, 36.810369486604372 ] } },
{ "type": "Feature", "properties": { "バス停": "上田会館", "事業会社": "宝達志水町", "系統": "南回りルート" }, "geometry": { "type": "Point", "coordinates": [ 136.771618722852736, 36.810145943536241 ] } },
{ "type": "Feature", "properties": { "バス停": "宝達葛会館", "事業会社": "宝達志水町", "系統": "南回りルート" }, "geometry": { "type": "Point", "coordinates": [ 136.790802817207009, 36.809240794593691 ] } },
{ "type": "Feature", "properties": { "バス停": "上田出", "事業会社": "宝達志水町", "系統": "南回りルート" }, "geometry": { "type": "Point", "coordinates": [ 136.771373908250524, 36.806350945289829 ] } },
{ "type": "Feature", "properties": { "バス停": "御舘会館", "事業会社": "宝達志水町", "系統": "南回りルート" }, "geometry": { "type": "Point", "coordinates": [ 136.765283280704494, 36.804721695236083 ] } },
{ "type": "Feature", "properties": { "バス停": "三日町", "事業会社": "宝達志水町", "系統": "南回りルート" }, "geometry": { "type": "Point", "coordinates": [ 136.771135394891928, 36.804657177085183 ] } },
{ "type": "Feature", "properties": { "バス停": "北川尻", "事業会社": "宝達志水町", "系統": "南回りルート" }, "geometry": { "type": "Point", "coordinates": [ 136.743082341791364, 36.801137839340399 ] } },
{ "type": "Feature", "properties": { "バス停": "紺屋町", "事業会社": "宝達志水町", "系統": "南回りルート" }, "geometry": { "type": "Point", "coordinates": [ 136.769294525073093, 36.797289873186955 ] } },
{ "type": "Feature", "properties": { "バス停": "第一小学校前", "事業会社": "宝達志水町", "系統": "南回りルート" }, "geometry": { "type": "Point", "coordinates": [ 136.750150777138515, 36.796666407034621 ] } },
{ "type": "Feature", "properties": { "バス停": "冬野会館", "事業会社": "宝達志水町", "系統": "南回りルート" }, "geometry": { "type": "Point", "coordinates": [ 136.756095232242217, 36.796360401405849 ] } },
{ "type": "Feature", "properties": { "バス停": "免田駅", "事業会社": "宝達志水町", "系統": "南回りルート" }, "geometry": { "type": "Point", "coordinates": [ 136.747397183116476, 36.795836995376021 ] } },
{ "type": "Feature", "properties": { "バス停": "坪山", "事業会社": "宝達志水町", "系統": "南回りルート" }, "geometry": { "type": "Point", "coordinates": [ 136.762284361510666, 36.795064521044111 ] } },
{ "type": "Feature", "properties": { "バス停": "東間", "事業会社": "宝達志水町", "系統": "南回りルート" }, "geometry": { "type": "Point", "coordinates": [ 136.774249390253743, 36.791889633664049 ] } },
{ "type": "Feature", "properties": { "バス停": "高松SA", "事業会社": "北鉄能登バス（株）", "系統": "富来線" }, "geometry": { "type": "Point", "coordinates": [ 136.724379170744697, 36.786184884381747 ] } },
{ "type": "Feature", "properties": { "バス停": "宇野気駅", "事業会社": "北鉄金沢バス（株）", "系統": "内灘線" }, "geometry": { "type": "Point", "coordinates": [ 136.703167020373513, 36.722194149024965 ] } },
{ "type": "Feature", "properties": { "バス停": "かほく市役所前", "事業会社": "北鉄金沢バス（株）", "系統": "内灘線" }, "geometry": { "type": "Point", "coordinates": [ 136.706006745375532, 36.720179740331353 ] } },
{ "type": "Feature", "properties": { "バス停": "宇野気交番前", "事業会社": "北鉄金沢バス（株）", "系統": "内灘線" }, "geometry": { "type": "Point", "coordinates": [ 136.701942163229603, 36.714830063911322 ] } },
{ "type": "Feature", "properties": { "バス停": "内日角", "事業会社": "北鉄金沢バス（株）", "系統": "内灘線" }, "geometry": { "type": "Point", "coordinates": [ 136.699618876658604, 36.713612666462851 ] } },
{ "type": "Feature", "properties": { "バス停": "大崎北口", "事業会社": "北鉄金沢バス（株）", "系統": "内灘線" }, "geometry": { "type": "Point", "coordinates": [ 136.69427239364137, 36.708706944801882 ] } },
{ "type": "Feature", "properties": { "バス停": "大崎公民館前", "事業会社": "北鉄金沢バス（株）", "系統": "内灘線" }, "geometry": { "type": "Point", "coordinates": [ 136.690509006996763, 36.705744902130185 ] } },
{ "type": "Feature", "properties": { "バス停": "大崎", "事業会社": "北鉄金沢バス（株）", "系統": "内灘線" }, "geometry": { "type": "Point", "coordinates": [ 136.687967169223697, 36.70254348802986 ] } },
{ "type": "Feature", "properties": { "バス停": "大崎南口", "事業会社": "北鉄金沢バス（株）", "系統": "内灘線" }, "geometry": { "type": "Point", "coordinates": [ 136.685628357261464, 36.69947456910969 ] } },
{ "type": "Feature", "properties": { "バス停": "大崎光宝台", "事業会社": "北鉄金沢バス（株）", "系統": "内灘線" }, "geometry": { "type": "Point", "coordinates": [ 136.68293292932654, 36.695826529925874 ] } },
{ "type": "Feature", "properties": { "バス停": "室折返し所", "事業会社": "内灘町", "系統": "通勤通学ライナー：室ルート,循環バス：全町ルート・南部ルート" }, "geometry": { "type": "Point", "coordinates": [ 136.681306520106943, 36.69316147362202 ] } },
{ "type": "Feature", "properties": { "バス停": "室北", "事業会社": "内灘町", "系統": "通勤通学ライナー：室ルート,循環バス：全町ルート・南部ルート" }, "geometry": { "type": "Point", "coordinates": [ 136.679727028703383, 36.691546301904758 ] } },
{ "type": "Feature", "properties": { "バス停": "室", "事業会社": "内灘町", "系統": "通勤通学ライナー：室ルート,循環バス：全町ルート・南部ルート" }, "geometry": { "type": "Point", "coordinates": [ 136.67731848702681, 36.68973444602068 ] } },
{ "type": "Feature", "properties": { "バス停": "室", "事業会社": "北鉄金沢バス（株）", "系統": "内灘線" }, "geometry": { "type": "Point", "coordinates": [ 136.67731848702681, 36.68973444602068 ] } },
{ "type": "Feature", "properties": { "バス停": "室南", "事業会社": "内灘町", "系統": "通勤通学ライナー：室ルート,循環バス：全町ルート・南部ルート" }, "geometry": { "type": "Point", "coordinates": [ 136.67502414150556, 36.687234052634757 ] } },
{ "type": "Feature", "properties": { "バス停": "西荒屋公民館前", "事業会社": "内灘町", "系統": "通勤通学ライナー：室ルート,循環バス：全町ルート・南部ルート" }, "geometry": { "type": "Point", "coordinates": [ 136.673512963946905, 36.684187956035792 ] } },
{ "type": "Feature", "properties": { "バス停": "勤労青少年ホーム前", "事業会社": "北鉄金沢バス（株）", "系統": "内灘線" }, "geometry": { "type": "Point", "coordinates": [ 136.673512963946905, 36.684187956035792 ] } },
{ "type": "Feature", "properties": { "バス停": "西荒屋", "事業会社": "内灘町", "系統": "通勤通学ライナー：室ルート,循環バス：全町ルート・南部ルート" }, "geometry": { "type": "Point", "coordinates": [ 136.671444275635338, 36.681494325252139 ] } },
{ "type": "Feature", "properties": { "バス停": "西荒屋", "事業会社": "北鉄金沢バス（株）", "系統": "内灘線" }, "geometry": { "type": "Point", "coordinates": [ 136.671444275635338, 36.681494325252139 ] } },
{ "type": "Feature", "properties": { "バス停": "西荒屋南", "事業会社": "内灘町", "系統": "通勤通学ライナー：室ルート,循環バス：全町ルート・南部ルート" }, "geometry": { "type": "Point", "coordinates": [ 136.669661898803611, 36.680068344196037 ] } },
{ "type": "Feature", "properties": { "バス停": "西荒屋小学校前", "事業会社": "内灘町", "系統": "通勤通学ライナー：室ルート,循環バス：全町ルート・南部ルート" }, "geometry": { "type": "Point", "coordinates": [ 136.667275689055742, 36.677052257768381 ] } },
{ "type": "Feature", "properties": { "バス停": "西荒屋小学校前", "事業会社": "北鉄金沢バス（株）", "系統": "内灘線" }, "geometry": { "type": "Point", "coordinates": [ 136.667275689055742, 36.677052257768381 ] } },
{ "type": "Feature", "properties": { "バス停": "白帆台", "事業会社": "北鉄金沢バス（株）", "系統": "鶴ヶ丘住宅線" }, "geometry": { "type": "Point", "coordinates": [ 136.661515037044069, 36.676575765165069 ] } },
{ "type": "Feature", "properties": { "バス停": "本津幡駅", "事業会社": "北鉄金沢バス（株）", "系統": "柳橋円光寺線,津幡線" }, "geometry": { "type": "Point", "coordinates": [ 136.731987535734191, 36.67646246833101 ] } },
{ "type": "Feature", "properties": { "バス停": "白帆台2丁目北", "事業会社": "内灘町", "系統": "通勤通学ライナー：白帆台ルート,循環バス：全町ルート・南部ルート" }, "geometry": { "type": "Point", "coordinates": [ 136.661241448290724, 36.676225800228629 ] } },
{ "type": "Feature", "properties": { "バス停": "庄本町通り", "事業会社": "北鉄金沢バス（株）", "系統": "柳橋円光寺線,津幡線" }, "geometry": { "type": "Point", "coordinates": [ 136.730780193642659, 36.674552105717787 ] } },
{ "type": "Feature", "properties": { "バス停": "白帆台2丁目", "事業会社": "内灘町", "系統": "通勤通学ライナー：白帆台ルート,循環バス：全町ルート・南部ルート" }, "geometry": { "type": "Point", "coordinates": [ 136.658103909052443, 36.672878351672885 ] } },
{ "type": "Feature", "properties": { "バス停": "白帆台2丁目", "事業会社": "北鉄金沢バス（株）", "系統": "鶴ヶ丘住宅線" }, "geometry": { "type": "Point", "coordinates": [ 136.658103909052443, 36.672878351672885 ] } },
{ "type": "Feature", "properties": { "バス停": "庄町商店街", "事業会社": "北鉄金沢バス（株）", "系統": "柳橋円光寺線,津幡線" }, "geometry": { "type": "Point", "coordinates": [ 136.732067596105708, 36.672519022259188 ] } },
{ "type": "Feature", "properties": { "バス停": "パピィ・1通り", "事業会社": "北鉄金沢バス（株）", "系統": "柳橋円光寺線,津幡線" }, "geometry": { "type": "Point", "coordinates": [ 136.734925642238835, 36.67187748534559 ] } },
{ "type": "Feature", "properties": { "バス停": "白帆台中央", "事業会社": "内灘町", "系統": "循環バス：全町ルート・南部ルート" }, "geometry": { "type": "Point", "coordinates": [ 136.657866705828951, 36.671668493914709 ] } },
{ "type": "Feature", "properties": { "バス停": "宮坂北", "事業会社": "内灘町", "系統": "通勤通学ライナー：室ルート,循環バス：全町ルート・南部ルート" }, "geometry": { "type": "Point", "coordinates": [ 136.661888625769876, 36.671430292392294 ] } },
{ "type": "Feature", "properties": { "バス停": "津幡中央", "事業会社": "北鉄金沢バス（株）", "系統": "柳橋円光寺線,津幡線" }, "geometry": { "type": "Point", "coordinates": [ 136.73617331447781, 36.67017798977249 ] } },
{ "type": "Feature", "properties": { "バス停": "白帆台公民館", "事業会社": "内灘町", "系統": "通勤通学ライナー：白帆台ルート,循環バス：全町ルート・南部ルート" }, "geometry": { "type": "Point", "coordinates": [ 136.655834070310448, 36.670027813476054 ] } },
{ "type": "Feature", "properties": { "バス停": "白帆台公民館", "事業会社": "北鉄金沢バス（株）", "系統": "鶴ヶ丘住宅線" }, "geometry": { "type": "Point", "coordinates": [ 136.655834070310448, 36.670027813476054 ] } },
{ "type": "Feature", "properties": { "バス停": "新津幡", "事業会社": "北鉄金沢バス（株）", "系統": "津幡線" }, "geometry": { "type": "Point", "coordinates": [ 136.733649705801639, 36.669600769045957 ] } },
{ "type": "Feature", "properties": { "バス停": "白帆台1丁目", "事業会社": "内灘町", "系統": "通勤通学ライナー：白帆台ルート,循環バス：全町ルート・南部ルート" }, "geometry": { "type": "Point", "coordinates": [ 136.655213005677695, 36.669008754820489 ] } },
{ "type": "Feature", "properties": { "バス停": "内灘温泉病院", "事業会社": "北鉄金沢バス（株）", "系統": "鶴ヶ丘住宅線" }, "geometry": { "type": "Point", "coordinates": [ 136.655213005677695, 36.669008754820489 ] } },
{ "type": "Feature", "properties": { "バス停": "黒津船", "事業会社": "内灘町", "系統": "通勤通学ライナー：室ルート,循環バス：全町ルート・南部ルート" }, "geometry": { "type": "Point", "coordinates": [ 136.660696230504925, 36.66853200025426 ] } },
{ "type": "Feature", "properties": { "バス停": "黒津船", "事業会社": "北鉄金沢バス（株）", "系統": "内灘線" }, "geometry": { "type": "Point", "coordinates": [ 136.660696230504925, 36.66853200025426 ] } },
{ "type": "Feature", "properties": { "バス停": "横浜", "事業会社": "北鉄金沢バス（株）", "系統": "津幡線" }, "geometry": { "type": "Point", "coordinates": [ 136.732173538083345, 36.667220439120747 ] } },
{ "type": "Feature", "properties": { "バス停": "総合公園", "事業会社": "内灘町", "系統": "通勤通学ライナー：白帆台ルート,循環バス：全町ルート・南部ルート" }, "geometry": { "type": "Point", "coordinates": [ 136.653400364446526, 36.666171828782858 ] } },
{ "type": "Feature", "properties": { "バス停": "内灘町総合公園", "事業会社": "北鉄金沢バス（株）", "系統": "鶴ヶ丘住宅線" }, "geometry": { "type": "Point", "coordinates": [ 136.653400364446526, 36.666171828782858 ] } },
{ "type": "Feature", "properties": { "バス停": "勤労者体育センター", "事業会社": "内灘町", "系統": "循環バス：全町ルート・南部ルート" }, "geometry": { "type": "Point", "coordinates": [ 136.65741148043233, 36.666023330585801 ] } },
{ "type": "Feature", "properties": { "バス停": "宮坂", "事業会社": "内灘町", "系統": "通勤通学ライナー：室ルート,循環バス：全町ルート・南部ルート" }, "geometry": { "type": "Point", "coordinates": [ 136.657980058573401, 36.66470461324073 ] } },
{ "type": "Feature", "properties": { "バス停": "宮坂", "事業会社": "北鉄金沢バス（株）", "系統": "内灘線" }, "geometry": { "type": "Point", "coordinates": [ 136.657980058573401, 36.66470461324073 ] } },
{ "type": "Feature", "properties": { "バス停": "くりから不動寺", "事業会社": "加越能バス（株）", "系統": "石動駅前〜くりから不動寺" }, "geometry": { "type": "Point", "coordinates": [ 136.816259570186475, 36.664435470683415 ] } },
{ "type": "Feature", "properties": { "バス停": "北中条", "事業会社": "北鉄金沢バス（株）", "系統": "柳橋円光寺線,津幡線" }, "geometry": { "type": "Point", "coordinates": [ 136.734075103082716, 36.663933055619886 ] } },
{ "type": "Feature", "properties": { "バス停": "ほのぼの湯前", "事業会社": "北鉄金沢バス（株）", "系統": "鶴ヶ丘住宅線" }, "geometry": { "type": "Point", "coordinates": [ 136.652643210587001, 36.66260779150641 ] } },
{ "type": "Feature", "properties": { "バス停": "ほのぼの湯", "事業会社": "内灘町", "系統": "循環バス：ひがしルート,循環バス：にしルート,循環バス：全町ルート・南部ルート" }, "geometry": { "type": "Point", "coordinates": [ 136.652589325698983, 36.662540576002961 ] } },
{ "type": "Feature", "properties": { "バス停": "北中条", "事業会社": "北鉄金沢バス（株）", "系統": "津幡線" }, "geometry": { "type": "Point", "coordinates": [ 136.731527631763015, 36.662340669929627 ] } },
{ "type": "Feature", "properties": { "バス停": "宮坂南", "事業会社": "内灘町", "系統": "循環バス：全町ルート・南部ルート" }, "geometry": { "type": "Point", "coordinates": [ 136.655316918794284, 36.662129302033236 ] } },
{ "type": "Feature", "properties": { "バス停": "内灘サンセットパーク", "事業会社": "内灘町", "系統": "循環バス：にしルート" }, "geometry": { "type": "Point", "coordinates": [ 136.648715996154237, 36.658869249010593 ] } },
{ "type": "Feature", "properties": { "バス停": "中条", "事業会社": "北鉄金沢バス（株）", "系統": "津幡線" }, "geometry": { "type": "Point", "coordinates": [ 136.728996629508032, 36.658823494301615 ] } },
{ "type": "Feature", "properties": { "バス停": "ハマナス2丁目", "事業会社": "内灘町", "系統": "通勤通学ライナー：白帆台ルート,循環バス：にしルート" }, "geometry": { "type": "Point", "coordinates": [ 136.64418407410551, 36.657907870881608 ] } },
{ "type": "Feature", "properties": { "バス停": "津幡駅前", "事業会社": "北鉄金沢バス（株）", "系統": "柳橋円光寺線,津幡線" }, "geometry": { "type": "Point", "coordinates": [ 136.729415801760325, 36.657627801684498 ] } },
{ "type": "Feature", "properties": { "バス停": "金沢医科大学病院", "事業会社": "内灘町", "系統": "循環バス：ひがしルート,循環バス：にしルート,循環バス：全町ルート・南部ルート" }, "geometry": { "type": "Point", "coordinates": [ 136.647855784671691, 36.656987226731673 ] } },
{ "type": "Feature", "properties": { "バス停": "医大病院", "事業会社": "北鉄金沢バス（株）", "系統": "田中医大線,鶴ヶ丘住宅線" }, "geometry": { "type": "Point", "coordinates": [ 136.648333808506777, 36.656857531552376 ] } },
{ "type": "Feature", "properties": { "バス停": "医大病院", "事業会社": "北鉄能登バス（株）", "系統": "富来線" }, "geometry": { "type": "Point", "coordinates": [ 136.648333808506777, 36.656857531552376 ] } },
{ "type": "Feature", "properties": { "バス停": "医大病院", "事業会社": "北鉄金沢バス（株）・北陸鉄道（株）", "系統": "錦町粟崎線" }, "geometry": { "type": "Point", "coordinates": [ 136.648333808506777, 36.656857531552376 ] } },
{ "type": "Feature", "properties": { "バス停": "潟端", "事業会社": "北鉄金沢バス（株）", "系統": "津幡線" }, "geometry": { "type": "Point", "coordinates": [ 136.726143400748015, 36.656295368622615 ] } },
{ "type": "Feature", "properties": { "バス停": "大根布5丁目", "事業会社": "内灘町", "系統": "通勤通学ライナー：室ルート,循環バス：ひがしルート,循環バス：全町ルート・南部ルート" }, "geometry": { "type": "Point", "coordinates": [ 136.651958291489564, 36.655793024369636 ] } },
{ "type": "Feature", "properties": { "バス停": "大根布五丁目", "事業会社": "北鉄金沢バス（株）", "系統": "内灘線" }, "geometry": { "type": "Point", "coordinates": [ 136.651958291489564, 36.655793024369636 ] } },
{ "type": "Feature", "properties": { "バス停": "大学1丁目", "事業会社": "内灘町", "系統": "循環バス：ひがしルート,循環バス：にしルート,循環バス：全町ルート・南部ルート" }, "geometry": { "type": "Point", "coordinates": [ 136.647401099385462, 36.655460172535179 ] } },
{ "type": "Feature", "properties": { "バス停": "大学2丁目", "事業会社": "内灘町", "系統": "循環バス：全町ルート・南部ルート" }, "geometry": { "type": "Point", "coordinates": [ 136.647401099385462, 36.655460172535179 ] } },
{ "type": "Feature", "properties": { "バス停": "大学公民館", "事業会社": "内灘町", "系統": "循環バス：ひがしルート" }, "geometry": { "type": "Point", "coordinates": [ 136.648400756270604, 36.655033580841277 ] } },
{ "type": "Feature", "properties": { "バス停": "太田", "事業会社": "北鉄金沢バス（株）", "系統": "津幡線" }, "geometry": { "type": "Point", "coordinates": [ 136.721680024223843, 36.654252978417816 ] } },
{ "type": "Feature", "properties": { "バス停": "ハマナス1丁目", "事業会社": "内灘町", "系統": "通勤通学ライナー：白帆台ルート,循環バス：にしルート" }, "geometry": { "type": "Point", "coordinates": [ 136.641365376803179, 36.654199638626743 ] } },
{ "type": "Feature", "properties": { "バス停": "大学前", "事業会社": "北鉄金沢バス（株）", "系統": "田中医大線,鶴ヶ丘住宅線" }, "geometry": { "type": "Point", "coordinates": [ 136.646331174982095, 36.653837561581668 ] } },
{ "type": "Feature", "properties": { "バス停": "大学前", "事業会社": "北鉄金沢バス（株）・北陸鉄道（株）", "系統": "錦町粟崎線" }, "geometry": { "type": "Point", "coordinates": [ 136.646331174982095, 36.653837561581668 ] } },
{ "type": "Feature", "properties": { "バス停": "大根布四丁目", "事業会社": "北鉄金沢バス（株）", "系統": "内灘線" }, "geometry": { "type": "Point", "coordinates": [ 136.651454448246881, 36.653418013906034 ] } },
{ "type": "Feature", "properties": { "バス停": "大根布4丁目", "事業会社": "内灘町", "系統": "通勤通学ライナー：室ルート,循環バス：ひがしルート,循環バス：全町ルート・南部ルート" }, "geometry": { "type": "Point", "coordinates": [ 136.651480558643044, 36.653210539005926 ] } },
{ "type": "Feature", "properties": { "バス停": "内灘町役場", "事業会社": "内灘町", "系統": "循環バス：ひがしルート,循環バス：にしルート,循環バス：全町ルート・南部ルート" }, "geometry": { "type": "Point", "coordinates": [ 136.645673997844256, 36.652839888510165 ] } },
{ "type": "Feature", "properties": { "バス停": "大根布公民館", "事業会社": "内灘町", "系統": "循環バス：ひがしルート,循環バス：全町ルート・南部ルート" }, "geometry": { "type": "Point", "coordinates": [ 136.647855805628495, 36.651624807495111 ] } },
{ "type": "Feature", "properties": { "バス停": "大根布3丁目", "事業会社": "内灘町", "系統": "通勤通学ライナー：室ルート,循環バス：ひがしルート,循環バス：全町ルート・南部ルート" }, "geometry": { "type": "Point", "coordinates": [ 136.65124225140417, 36.65121938451432 ] } },
{ "type": "Feature", "properties": { "バス停": "大根布", "事業会社": "北鉄金沢バス（株）", "系統": "内灘線" }, "geometry": { "type": "Point", "coordinates": [ 136.65124225140417, 36.65121938451432 ] } },
{ "type": "Feature", "properties": { "バス停": "文化会館", "事業会社": "内灘町", "系統": "循環バス：にしルート" }, "geometry": { "type": "Point", "coordinates": [ 136.644117713350681, 36.650210177132912 ] } },
{ "type": "Feature", "properties": { "バス停": "大清台", "事業会社": "内灘町", "系統": "循環バス：全町ルート・南部ルート" }, "geometry": { "type": "Point", "coordinates": [ 136.644117713350681, 36.650210177132912 ] } },
{ "type": "Feature", "properties": { "バス停": "大清台", "事業会社": "北鉄金沢バス（株）", "系統": "田中医大線,鶴ヶ丘住宅線" }, "geometry": { "type": "Point", "coordinates": [ 136.644117713350681, 36.650210177132912 ] } },
{ "type": "Feature", "properties": { "バス停": "大清台", "事業会社": "北鉄金沢バス（株）・北陸鉄道（株）", "系統": "錦町粟崎線" }, "geometry": { "type": "Point", "coordinates": [ 136.644117713350681, 36.650210177132912 ] } },
{ "type": "Feature", "properties": { "バス停": "太田南口", "事業会社": "北鉄金沢バス（株）", "系統": "津幡線" }, "geometry": { "type": "Point", "coordinates": [ 136.718430792472788, 36.650121399910653 ] } },
{ "type": "Feature", "properties": { "バス停": "大根布小学校", "事業会社": "内灘町", "系統": "循環バス：ひがしルート,循環バス：全町ルート・南部ルート" }, "geometry": { "type": "Point", "coordinates": [ 136.646907539670678, 36.649623640522506 ] } },
{ "type": "Feature", "properties": { "バス停": "大根布2丁目", "事業会社": "内灘町", "系統": "通勤通学ライナー：室ルート,循環バス：ひがしルート,循環バス：全町ルート・南部ルート" }, "geometry": { "type": "Point", "coordinates": [ 136.649923457319346, 36.649321804776257 ] } },
{ "type": "Feature", "properties": { "バス停": "鶴ケ丘5丁目", "事業会社": "内灘町", "系統": "循環バス：全町ルート・南部ルート" }, "geometry": { "type": "Point", "coordinates": [ 136.639989086679378, 36.648705828762317 ] } },
{ "type": "Feature", "properties": { "バス停": "新太田", "事業会社": "北鉄金沢バス（株）", "系統": "柳橋円光寺線,津幡線" }, "geometry": { "type": "Point", "coordinates": [ 136.723314021684189, 36.648285922965343 ] } },
{ "type": "Feature", "properties": { "バス停": "大根布6丁目", "事業会社": "北鉄金沢バス（株）", "系統": "田中医大線,鶴ヶ丘住宅線" }, "geometry": { "type": "Point", "coordinates": [ 136.642516153146033, 36.647530191836445 ] } },
{ "type": "Feature", "properties": { "バス停": "大根布六丁目", "事業会社": "北鉄金沢バス（株）・北陸鉄道（株）", "系統": "錦町粟崎線" }, "geometry": { "type": "Point", "coordinates": [ 136.642513931072472, 36.647525747885119 ] } },
{ "type": "Feature", "properties": { "バス停": "大根布8丁目", "事業会社": "内灘町", "系統": "循環バス：ひがしルート" }, "geometry": { "type": "Point", "coordinates": [ 136.645242372088802, 36.647321942055889 ] } },
{ "type": "Feature", "properties": { "バス停": "鶴ケ丘北公民館", "事業会社": "内灘町", "系統": "循環バス：にしルート" }, "geometry": { "type": "Point", "coordinates": [ 136.641217901521202, 36.647270195721312 ] } },
{ "type": "Feature", "properties": { "バス停": "大根布1丁目", "事業会社": "内灘町", "系統": "通勤通学ライナー：室ルート,循環バス：ひがしルート,循環バス：全町ルート・南部ルート" }, "geometry": { "type": "Point", "coordinates": [ 136.647173640412348, 36.647228383892553 ] } },
{ "type": "Feature", "properties": { "バス停": "大根布1丁目", "事業会社": "北鉄金沢バス（株）", "系統": "内灘線" }, "geometry": { "type": "Point", "coordinates": [ 136.647173640412348, 36.647228383892553 ] } },
{ "type": "Feature", "properties": { "バス停": "総合体育館", "事業会社": "内灘町", "系統": "循環バス：全町ルート・南部ルート" }, "geometry": { "type": "Point", "coordinates": [ 136.643870237705073, 36.646432854410627 ] } },
{ "type": "Feature", "properties": { "バス停": "鶴ケ丘中央公園", "事業会社": "内灘町", "系統": "循環バス：にしルート" }, "geometry": { "type": "Point", "coordinates": [ 136.639879099566684, 36.645559541133075 ] } },
{ "type": "Feature", "properties": { "バス停": "鶴ヶ丘5丁目", "事業会社": "北鉄金沢バス（株）", "系統": "田中医大線,鶴ヶ丘住宅線" }, "geometry": { "type": "Point", "coordinates": [ 136.641015417731978, 36.645516237640628 ] } },
{ "type": "Feature", "properties": { "バス停": "鶴ケ丘4丁目", "事業会社": "内灘町", "系統": "循環バス：全町ルート・南部ルート" }, "geometry": { "type": "Point", "coordinates": [ 136.637265651838362, 36.645238690015908 ] } },
{ "type": "Feature", "properties": { "バス停": "鶴ヶ丘五丁目", "事業会社": "北鉄金沢バス（株）・北陸鉄道（株）", "系統": "錦町粟崎線" }, "geometry": { "type": "Point", "coordinates": [ 136.640772655747071, 36.645183494987755 ] } },
{ "type": "Feature", "properties": { "バス停": "鶴ケ丘中央ショッピングセンター", "事業会社": "内灘町", "系統": "循環バス：ひがしルート" }, "geometry": { "type": "Point", "coordinates": [ 136.640696827341429, 36.645080450290514 ] } },
{ "type": "Feature", "properties": { "バス停": "千鳥台2丁目", "事業会社": "内灘町", "系統": "通勤通学ライナー：白帆台ルート,循環バス：にしルート" }, "geometry": { "type": "Point", "coordinates": [ 136.634062242719779, 36.645053644742255 ] } },
{ "type": "Feature", "properties": { "バス停": "内灘中学校前", "事業会社": "内灘町", "系統": "通勤通学ライナー：室ルート,循環バス：ひがしルート,循環バス：全町ルート・南部ルート" }, "geometry": { "type": "Point", "coordinates": [ 136.644348824437202, 36.644362006230132 ] } },
{ "type": "Feature", "properties": { "バス停": "内灘中学校前", "事業会社": "北鉄金沢バス（株）", "系統": "内灘線" }, "geometry": { "type": "Point", "coordinates": [ 136.644348824437202, 36.644362006230132 ] } },
{ "type": "Feature", "properties": { "バス停": "鶴ケ丘3丁目", "事業会社": "内灘町", "系統": "循環バス：全町ルート・南部ルート" }, "geometry": { "type": "Point", "coordinates": [ 136.64132262307524, 36.644358885460804 ] } },
{ "type": "Feature", "properties": { "バス停": "鶴ケ丘西公民館", "事業会社": "内灘町", "系統": "循環バス：にしルート" }, "geometry": { "type": "Point", "coordinates": [ 136.638398081757686, 36.643686960935796 ] } },
{ "type": "Feature", "properties": { "バス停": "鶴ケ丘神社前", "事業会社": "内灘町", "系統": "循環バス：全町ルート・南部ルート" }, "geometry": { "type": "Point", "coordinates": [ 136.635754354448551, 36.643312228603179 ] } },
{ "type": "Feature", "properties": { "バス停": "農林総合研究センター", "事業会社": "西日本ジェイアールバス（株）", "系統": "才田線" }, "geometry": { "type": "Point", "coordinates": [ 136.694318776701067, 36.64324976691799 ] } },
{ "type": "Feature", "properties": { "バス停": "保健センター前", "事業会社": "内灘町", "系統": "通勤通学ライナー：室ルート,循環バス：ひがしルート,循環バス：全町ルート・南部ルート" }, "geometry": { "type": "Point", "coordinates": [ 136.643241119601441, 36.642994927748404 ] } },
{ "type": "Feature", "properties": { "バス停": "利屋町", "事業会社": "北鉄金沢バス（株）", "系統": "柳橋円光寺線,津幡線" }, "geometry": { "type": "Point", "coordinates": [ 136.718452556968543, 36.642380092190116 ] } },
{ "type": "Feature", "properties": { "バス停": "利屋町", "事業会社": "北鉄金沢バス（株）", "系統": "津幡線" }, "geometry": { "type": "Point", "coordinates": [ 136.71444130178736, 36.642036413173805 ] } },
{ "type": "Feature", "properties": { "バス停": "鶴ヶ丘四丁目", "事業会社": "北鉄金沢バス（株）", "系統": "内灘線,田中医大線,鶴ヶ丘住宅線" }, "geometry": { "type": "Point", "coordinates": [ 136.638401414096165, 36.641970507161922 ] } },
{ "type": "Feature", "properties": { "バス停": "鶴ヶ丘四丁目", "事業会社": "北鉄金沢バス（株）・北陸鉄道（株）", "系統": "錦町粟崎線" }, "geometry": { "type": "Point", "coordinates": [ 136.638401414096165, 36.641970507161922 ] } },
{ "type": "Feature", "properties": { "バス停": "鶴ケ丘2丁目", "事業会社": "内灘町", "系統": "循環バス：ひがしルート,循環バス：全町ルート・南部ルート" }, "geometry": { "type": "Point", "coordinates": [ 136.639571621679124, 36.64140587939837 ] } },
{ "type": "Feature", "properties": { "バス停": "清湖小学校前", "事業会社": "内灘町", "系統": "循環バス：全町ルート・南部ルート" }, "geometry": { "type": "Point", "coordinates": [ 136.635345762077208, 36.6410258385284 ] } },
{ "type": "Feature", "properties": { "バス停": "内灘高校前", "事業会社": "内灘町", "系統": "通勤通学ライナー：白帆台ルート,循環バス：にしルート" }, "geometry": { "type": "Point", "coordinates": [ 136.629790007226887, 36.639728954780665 ] } },
{ "type": "Feature", "properties": { "バス停": "鶴ケ丘1丁目", "事業会社": "内灘町", "系統": "通勤通学ライナー：室ルート,循環バス：ひがしルート,循環バス：全町ルート・南部ルート" }, "geometry": { "type": "Point", "coordinates": [ 136.641337630305543, 36.639636967583016 ] } },
{ "type": "Feature", "properties": { "バス停": "鶴ケ丘1丁目西", "事業会社": "内灘町", "系統": "循環バス：ひがしルート" }, "geometry": { "type": "Point", "coordinates": [ 136.639382744620292, 36.639406122880168 ] } },
{ "type": "Feature", "properties": { "バス停": "コンフォモール内灘", "事業会社": "内灘町", "系統": "循環バス：にしルート,循環バス：全町ルート・南部ルート" }, "geometry": { "type": "Point", "coordinates": [ 136.62543528888699, 36.638785105820311 ] } },
{ "type": "Feature", "properties": { "バス停": "千鳥台3丁目", "事業会社": "内灘町", "系統": "循環バス：全町ルート・南部ルート" }, "geometry": { "type": "Point", "coordinates": [ 136.628096224683389, 36.638637394020165 ] } },
{ "type": "Feature", "properties": { "バス停": "向陽台", "事業会社": "北鉄金沢バス（株）", "系統": "内灘線,田中医大線,鶴ヶ丘住宅線,運転免許線" }, "geometry": { "type": "Point", "coordinates": [ 136.6361982054772, 36.638220927889222 ] } },
{ "type": "Feature", "properties": { "バス停": "向陽台", "事業会社": "北鉄能登バス（株）", "系統": "富来線" }, "geometry": { "type": "Point", "coordinates": [ 136.6361982054772, 36.638220927889222 ] } },
{ "type": "Feature", "properties": { "バス停": "向陽台", "事業会社": "北鉄金沢バス（株）・北陸鉄道（株）", "系統": "錦町粟崎線" }, "geometry": { "type": "Point", "coordinates": [ 136.6361982054772, 36.638220927889222 ] } },
{ "type": "Feature", "properties": { "バス停": "湊二丁目", "事業会社": "北鉄金沢バス（株）", "系統": "運転免許線" }, "geometry": { "type": "Point", "coordinates": [ 136.651299558606127, 36.637756285545407 ] } },
{ "type": "Feature", "properties": { "バス停": "向陽台公民館", "事業会社": "内灘町", "系統": "循環バス：全町ルート・南部ルート" }, "geometry": { "type": "Point", "coordinates": [ 136.633107003015624, 36.637508180255466 ] } },
{ "type": "Feature", "properties": { "バス停": "岸川", "事業会社": "北鉄金沢バス（株）", "系統": "津幡線" }, "geometry": { "type": "Point", "coordinates": [ 136.711475421757712, 36.637471884370107 ] } },
{ "type": "Feature", "properties": { "バス停": "千鳥台公民館", "事業会社": "内灘町", "系統": "循環バス：にしルート,循環バス：全町ルート・南部ルート" }, "geometry": { "type": "Point", "coordinates": [ 136.627082396364131, 36.637435303487557 ] } },
{ "type": "Feature", "properties": { "バス停": "運転免許センター", "事業会社": "北鉄金沢バス（株）", "系統": "運転免許線" }, "geometry": { "type": "Point", "coordinates": [ 136.660788169114682, 36.63710155686006 ] } },
{ "type": "Feature", "properties": { "バス停": "向陽台1丁目", "事業会社": "内灘町", "系統": "循環バス：にしルート" }, "geometry": { "type": "Point", "coordinates": [ 136.63524186808533, 36.637018003312001 ] } },
{ "type": "Feature", "properties": { "バス停": "岸川", "事業会社": "北鉄金沢バス（株）", "系統": "柳橋円光寺線,津幡線" }, "geometry": { "type": "Point", "coordinates": [ 136.713533302762073, 36.636898953975461 ] } },
{ "type": "Feature", "properties": { "バス停": "向陽台2丁目", "事業会社": "内灘町", "系統": "循環バス：全町ルート・南部ルート" }, "geometry": { "type": "Point", "coordinates": [ 136.630640772050498, 36.636730455306605 ] } },
{ "type": "Feature", "properties": { "バス停": "才田", "事業会社": "西日本ジェイアールバス（株）", "系統": "才田線" }, "geometry": { "type": "Point", "coordinates": [ 136.691511864035107, 36.636518320221022 ] } },
{ "type": "Feature", "properties": { "バス停": "緑台1丁目", "事業会社": "内灘町", "系統": "循環バス：全町ルート・南部ルート" }, "geometry": { "type": "Point", "coordinates": [ 136.631084352800968, 36.636368841775564 ] } },
{ "type": "Feature", "properties": { "バス停": "向粟崎小学校下", "事業会社": "内灘町", "系統": "通勤通学ライナー：室ルート,循環バス：ひがしルート,循環バス：全町ルート・南部ルート" }, "geometry": { "type": "Point", "coordinates": [ 136.638767780538558, 36.636217339111596 ] } },
{ "type": "Feature", "properties": { "バス停": "八田北", "事業会社": "西日本ジェイアールバス（株）", "系統": "才田線" }, "geometry": { "type": "Point", "coordinates": [ 136.686904914817632, 36.635572532648567 ] } },
{ "type": "Feature", "properties": { "バス停": "千鳥台1丁目", "事業会社": "内灘町", "系統": "循環バス：にしルート" }, "geometry": { "type": "Point", "coordinates": [ 136.626094949241519, 36.634810615333414 ] } },
{ "type": "Feature", "properties": { "バス停": "アカシア公民館", "事業会社": "内灘町", "系統": "循環バス：ひがしルート" }, "geometry": { "type": "Point", "coordinates": [ 136.63592210987386, 36.634404458172256 ] } },
{ "type": "Feature", "properties": { "バス停": "八幡", "事業会社": "北鉄金沢バス（株）", "系統": "柳橋円光寺線,津幡線" }, "geometry": { "type": "Point", "coordinates": [ 136.711287248010308, 36.634234765626253 ] } },
{ "type": "Feature", "properties": { "バス停": "内灘駅", "事業会社": "内灘町", "系統": "通勤通学ライナー：室ルート,通勤通学ライナー：白帆台ルート,循環バス：ひがしルート,循環バス：にしルート,循環バス：全町ルート・南部ルート" }, "geometry": { "type": "Point", "coordinates": [ 136.63410665793819, 36.633776448416256 ] } },
{ "type": "Feature", "properties": { "バス停": "内灘駅", "事業会社": "北鉄金沢バス（株）", "系統": "内灘線,鶴ヶ丘住宅線,運転免許線" }, "geometry": { "type": "Point", "coordinates": [ 136.63410665793819, 36.633776448416256 ] } },
{ "type": "Feature", "properties": { "バス停": "内灘駅", "事業会社": "北鉄金沢バス（株）・北陸鉄道（株）", "系統": "錦町粟崎線" }, "geometry": { "type": "Point", "coordinates": [ 136.63410665793819, 36.633776448416256 ] } },
{ "type": "Feature", "properties": { "バス停": "二日市", "事業会社": "北鉄金沢バス（株）", "系統": "津幡線" }, "geometry": { "type": "Point", "coordinates": [ 136.708259800040224, 36.633759749897806 ] } },
{ "type": "Feature", "properties": { "バス停": "向粟崎2丁目", "事業会社": "内灘町", "系統": "循環バス：ひがしルート,循環バス：全町ルート・南部ルート" }, "geometry": { "type": "Point", "coordinates": [ 136.63748174942603, 36.633610421552639 ] } },
{ "type": "Feature", "properties": { "バス停": "緑台公民館", "事業会社": "内灘町", "系統": "循環バス：全町ルート・南部ルート" }, "geometry": { "type": "Point", "coordinates": [ 136.630312454410102, 36.633545852487096 ] } },
{ "type": "Feature", "properties": { "バス停": "湊運動公園前", "事業会社": "北鉄金沢バス（株）", "系統": "運転免許線" }, "geometry": { "type": "Point", "coordinates": [ 136.644970236657883, 36.633276992273657 ] } },
{ "type": "Feature", "properties": { "バス停": "緑台1丁目南", "事業会社": "内灘町", "系統": "循環バス：にしルート,循環バス：全町ルート・南部ルート" }, "geometry": { "type": "Point", "coordinates": [ 136.631908463777478, 36.632688768453427 ] } },
{ "type": "Feature", "properties": { "バス停": "緑台一丁目", "事業会社": "北鉄金沢バス（株）・北陸鉄道（株）", "系統": "錦町粟崎線" }, "geometry": { "type": "Point", "coordinates": [ 136.631709587268261, 36.632480457893855 ] } },
{ "type": "Feature", "properties": { "バス停": "向粟崎1丁目", "事業会社": "内灘町", "系統": "循環バス：全町ルート・南部ルート" }, "geometry": { "type": "Point", "coordinates": [ 136.635004385384775, 36.631990025709221 ] } },
{ "type": "Feature", "properties": { "バス停": "少年の家", "事業会社": "内灘町", "系統": "循環バス：ひがしルート" }, "geometry": { "type": "Point", "coordinates": [ 136.632527035806504, 36.631943319078204 ] } },
{ "type": "Feature", "properties": { "バス停": "向粟崎3丁目", "事業会社": "内灘町", "系統": "循環バス：ひがしルート" }, "geometry": { "type": "Point", "coordinates": [ 136.634743288312791, 36.63177699250339 ] } },
{ "type": "Feature", "properties": { "バス停": "向粟崎", "事業会社": "北鉄金沢バス（株）", "系統": "内灘線" }, "geometry": { "type": "Point", "coordinates": [ 136.634743288312791, 36.63177699250339 ] } },
{ "type": "Feature", "properties": { "バス停": "向粟崎", "事業会社": "北鉄金沢バス（株）・北陸鉄道（株）", "系統": "錦町粟崎線" }, "geometry": { "type": "Point", "coordinates": [ 136.634743288312791, 36.63177699250339 ] } },
{ "type": "Feature", "properties": { "バス停": "加賀八田", "事業会社": "西日本ジェイアールバス（株）", "系統": "才田線" }, "geometry": { "type": "Point", "coordinates": [ 136.68564869768457, 36.631778158747032 ] } },
{ "type": "Feature", "properties": { "バス停": "今町旧道", "事業会社": "北鉄金沢バス（株）", "系統": "津幡線" }, "geometry": { "type": "Point", "coordinates": [ 136.705411297462831, 36.631734654258999 ] } },
{ "type": "Feature", "properties": { "バス停": "緑台2丁目", "事業会社": "内灘町", "系統": "循環バス：にしルート,循環バス：全町ルート・南部ルート" }, "geometry": { "type": "Point", "coordinates": [ 136.62915196729125, 36.63114669053833 ] } },
{ "type": "Feature", "properties": { "バス停": "緑台二丁目", "事業会社": "北鉄金沢バス（株）・北陸鉄道（株）", "系統": "錦町粟崎線" }, "geometry": { "type": "Point", "coordinates": [ 136.62915196729125, 36.63114669053833 ] } },
{ "type": "Feature", "properties": { "バス停": "旭ケ丘", "事業会社": "内灘町", "系統": "循環バス：ひがしルート,循環バス：全町ルート・南部ルート" }, "geometry": { "type": "Point", "coordinates": [ 136.633135609108564, 36.63051073480402 ] } },
{ "type": "Feature", "properties": { "バス停": "向粟崎保育所", "事業会社": "内灘町", "系統": "循環バス：全町ルート・南部ルート" }, "geometry": { "type": "Point", "coordinates": [ 136.635869342662119, 36.63045551412803 ] } },
{ "type": "Feature", "properties": { "バス停": "今町", "事業会社": "北鉄金沢バス（株）", "系統": "柳橋円光寺線,津幡線" }, "geometry": { "type": "Point", "coordinates": [ 136.70807884103516, 36.630445138209545 ] } },
{ "type": "Feature", "properties": { "バス停": "向粟崎4丁目", "事業会社": "内灘町", "系統": "循環バス：全町ルート・南部ルート" }, "geometry": { "type": "Point", "coordinates": [ 136.63047104971119, 36.629425544585203 ] } },
{ "type": "Feature", "properties": { "バス停": "旭ケ丘南", "事業会社": "内灘町", "系統": "循環バス：ひがしルート,循環バス：全町ルート・南部ルート" }, "geometry": { "type": "Point", "coordinates": [ 136.6315634829038, 36.629260863954713 ] } },
{ "type": "Feature", "properties": { "バス停": "粟崎四丁目", "事業会社": "北鉄金沢バス（株）・北陸鉄道（株）", "系統": "錦町粟崎線" }, "geometry": { "type": "Point", "coordinates": [ 136.624288646942688, 36.628952709321972 ] } },
{ "type": "Feature", "properties": { "バス停": "旭ヶ丘", "事業会社": "北鉄金沢バス（株）", "系統": "内灘線" }, "geometry": { "type": "Point", "coordinates": [ 136.631141008315069, 36.628925620712813 ] } },
{ "type": "Feature", "properties": { "バス停": "旭ヶ丘", "事業会社": "北鉄金沢バス（株）・北陸鉄道（株）", "系統": "錦町粟崎線" }, "geometry": { "type": "Point", "coordinates": [ 136.631141008315069, 36.628925620712813 ] } },
{ "type": "Feature", "properties": { "バス停": "東蚊爪西", "事業会社": "北鉄金沢バス（株）", "系統": "田中医大線" }, "geometry": { "type": "Point", "coordinates": [ 136.648697577717257, 36.628925927095004 ] } },
{ "type": "Feature", "properties": { "バス停": "加賀八田口", "事業会社": "西日本ジェイアールバス（株）", "系統": "才田線" }, "geometry": { "type": "Point", "coordinates": [ 136.688171239460758, 36.628816001695405 ] } },
{ "type": "Feature", "properties": { "バス停": "粟崎三丁目", "事業会社": "北鉄金沢バス（株）・北陸鉄道（株）", "系統": "錦町粟崎線" }, "geometry": { "type": "Point", "coordinates": [ 136.625915209175474, 36.627629020135004 ] } },
{ "type": "Feature", "properties": { "バス停": "湖陽住宅", "事業会社": "西日本ジェイアールバス（株）", "系統": "才田線" }, "geometry": { "type": "Point", "coordinates": [ 136.688760920303167, 36.627490042048713 ] } },
{ "type": "Feature", "properties": { "バス停": "コマツ金沢工場", "事業会社": "北鉄金沢バス（株）・北陸鉄道（株）", "系統": "錦町粟崎線" }, "geometry": { "type": "Point", "coordinates": [ 136.611461440208529, 36.627018036381884 ] } },
{ "type": "Feature", "properties": { "バス停": "粟崎二丁目", "事業会社": "北鉄金沢バス（株）", "系統": "内灘線" }, "geometry": { "type": "Point", "coordinates": [ 136.628443669393164, 36.626813897574024 ] } },
{ "type": "Feature", "properties": { "バス停": "粟崎二丁目", "事業会社": "北鉄金沢バス（株）・北陸鉄道（株）", "系統": "錦町粟崎線" }, "geometry": { "type": "Point", "coordinates": [ 136.628443669393164, 36.626813897574024 ] } },
{ "type": "Feature", "properties": { "バス停": "粟崎五丁目", "事業会社": "北鉄金沢バス（株）・北陸鉄道（株）", "系統": "錦町粟崎線" }, "geometry": { "type": "Point", "coordinates": [ 136.620402809155223, 36.626740426034871 ] } },
{ "type": "Feature", "properties": { "バス停": "粟崎一丁目", "事業会社": "北鉄金沢バス（株）", "系統": "内灘線" }, "geometry": { "type": "Point", "coordinates": [ 136.626516276063086, 36.625286837365948 ] } },
{ "type": "Feature", "properties": { "バス停": "粟崎一丁目", "事業会社": "北鉄金沢バス（株）・北陸鉄道（株）", "系統": "錦町粟崎線" }, "geometry": { "type": "Point", "coordinates": [ 136.626516276063086, 36.625286837365948 ] } },
{ "type": "Feature", "properties": { "バス停": "大浦保育園前", "事業会社": "北鉄金沢バス（株）", "系統": "木越円光寺線" }, "geometry": { "type": "Point", "coordinates": [ 136.649412340872459, 36.624204037467877 ] } },
{ "type": "Feature", "properties": { "バス停": "大場", "事業会社": "西日本ジェイアールバス（株）", "系統": "才田線" }, "geometry": { "type": "Point", "coordinates": [ 136.68344396493012, 36.624094136846132 ] } },
{ "type": "Feature", "properties": { "バス停": "湖陽住宅口", "事業会社": "西日本ジェイアールバス（株）", "系統": "才田線" }, "geometry": { "type": "Point", "coordinates": [ 136.688614876691361, 36.624019578276993 ] } },
{ "type": "Feature", "properties": { "バス停": "みずき三丁目", "事業会社": "北鉄金沢バス（株）", "系統": "田中医大線" }, "geometry": { "type": "Point", "coordinates": [ 136.669707811989724, 36.623301043200883 ] } },
{ "type": "Feature", "properties": { "バス停": "みずき四丁目", "事業会社": "北鉄金沢バス（株）", "系統": "田中医大線" }, "geometry": { "type": "Point", "coordinates": [ 136.666322478259389, 36.623299620278999 ] } },
{ "type": "Feature", "properties": { "バス停": "向陽高校前", "事業会社": "西日本ジェイアールバス（株）", "系統": "才田線" }, "geometry": { "type": "Point", "coordinates": [ 136.68703642703565, 36.623278221140389 ] } },
{ "type": "Feature", "properties": { "バス停": "森本大橋", "事業会社": "北鉄金沢バス（株）", "系統": "津幡線" }, "geometry": { "type": "Point", "coordinates": [ 136.695666451961301, 36.622736879629102 ] } },
{ "type": "Feature", "properties": { "バス停": "みずき二丁目", "事業会社": "北鉄金沢バス（株）", "系統": "田中医大線" }, "geometry": { "type": "Point", "coordinates": [ 136.673227018911064, 36.622669502727994 ] } },
{ "type": "Feature", "properties": { "バス停": "観法寺", "事業会社": "北鉄金沢バス（株）", "系統": "柳橋円光寺線,津幡線" }, "geometry": { "type": "Point", "coordinates": [ 136.700863469598488, 36.621779627327754 ] } },
{ "type": "Feature", "properties": { "バス停": "粟崎南口", "事業会社": "北鉄金沢バス（株）", "系統": "内灘線" }, "geometry": { "type": "Point", "coordinates": [ 136.626935964562193, 36.621723144335185 ] } },
{ "type": "Feature", "properties": { "バス停": "粟崎南口", "事業会社": "北鉄金沢バス（株）・北陸鉄道（株）", "系統": "錦町粟崎線" }, "geometry": { "type": "Point", "coordinates": [ 136.626935964562193, 36.621723144335185 ] } },
{ "type": "Feature", "properties": { "バス停": "大場新町", "事業会社": "西日本ジェイアールバス（株）", "系統": "才田線" }, "geometry": { "type": "Point", "coordinates": [ 136.684831397647571, 36.619770182143419 ] } },
{ "type": "Feature", "properties": { "バス停": "みずき一丁目", "事業会社": "北鉄金沢バス（株）", "系統": "田中医大線" }, "geometry": { "type": "Point", "coordinates": [ 136.672817381560151, 36.619419270642311 ] } },
{ "type": "Feature", "properties": { "バス停": "大浦", "事業会社": "北鉄金沢バス（株）", "系統": "木越円光寺線" }, "geometry": { "type": "Point", "coordinates": [ 136.652730868765303, 36.619325531847423 ] } },
{ "type": "Feature", "properties": { "バス停": "木越", "事業会社": "北鉄金沢バス（株）", "系統": "木越円光寺線,田中医大線" }, "geometry": { "type": "Point", "coordinates": [ 136.660730705462356, 36.619260890430098 ] } },
{ "type": "Feature", "properties": { "バス停": "大浦東口", "事業会社": "北鉄金沢バス（株）", "系統": "木越円光寺線" }, "geometry": { "type": "Point", "coordinates": [ 136.653936362170271, 36.619251109479613 ] } },
{ "type": "Feature", "properties": { "バス停": "湊三丁目", "事業会社": "北鉄金沢バス（株）", "系統": "内灘線" }, "geometry": { "type": "Point", "coordinates": [ 136.629757233365183, 36.619181317538974 ] } },
{ "type": "Feature", "properties": { "バス停": "湊三丁目", "事業会社": "北鉄金沢バス（株）・北陸鉄道（株）", "系統": "錦町粟崎線" }, "geometry": { "type": "Point", "coordinates": [ 136.629757233365183, 36.619181317538974 ] } },
{ "type": "Feature", "properties": { "バス停": "木越住宅", "事業会社": "北鉄金沢バス（株）", "系統": "木越円光寺線,柳橋円光寺線,田中医大線" }, "geometry": { "type": "Point", "coordinates": [ 136.666866690861582, 36.618945677968469 ] } },
{ "type": "Feature", "properties": { "バス停": "みずき団地口", "事業会社": "北鉄金沢バス（株）", "系統": "木越円光寺線,柳橋円光寺線" }, "geometry": { "type": "Point", "coordinates": [ 136.672052746038787, 36.618209684976698 ] } },
{ "type": "Feature", "properties": { "バス停": "福久東", "事業会社": "西日本ジェイアールバス（株）", "系統": "才田線" }, "geometry": { "type": "Point", "coordinates": [ 136.686844850714465, 36.618204875679652 ] } },
{ "type": "Feature", "properties": { "バス停": "JA森本支店前", "事業会社": "西日本ジェイアールバス（株）", "系統": "才田線" }, "geometry": { "type": "Point", "coordinates": [ 136.691148359375319, 36.617965618623195 ] } },
{ "type": "Feature", "properties": { "バス停": "森本市民センター前", "事業会社": "北鉄金沢バス（株）", "系統": "津幡線" }, "geometry": { "type": "Point", "coordinates": [ 136.694035605242107, 36.617816300130578 ] } },
{ "type": "Feature", "properties": { "バス停": "森本市民センター", "事業会社": "西日本ジェイアールバス（株）", "系統": "才田線" }, "geometry": { "type": "Point", "coordinates": [ 136.694035605242107, 36.617816300130578 ] } },
{ "type": "Feature", "properties": { "バス停": "南森本", "事業会社": "北鉄金沢バス（株）", "系統": "柳橋円光寺線,津幡線" }, "geometry": { "type": "Point", "coordinates": [ 136.696136809562432, 36.617715280469071 ] } },
{ "type": "Feature", "properties": { "バス停": "福久", "事業会社": "北鉄金沢バス（株）", "系統": "柳橋円光寺線" }, "geometry": { "type": "Point", "coordinates": [ 136.676604339930861, 36.616982478784259 ] } },
{ "type": "Feature", "properties": { "バス停": "千田町", "事業会社": "北鉄金沢バス（株）", "系統": "田中医大線" }, "geometry": { "type": "Point", "coordinates": [ 136.659150631697969, 36.61565025763543 ] } },
{ "type": "Feature", "properties": { "バス停": "福久南口", "事業会社": "北鉄金沢バス（株）", "系統": "柳橋円光寺線" }, "geometry": { "type": "Point", "coordinates": [ 136.682651366485288, 36.615283124450393 ] } },
{ "type": "Feature", "properties": { "バス停": "近岡北", "事業会社": "北鉄金沢バス（株）", "系統": "内灘線" }, "geometry": { "type": "Point", "coordinates": [ 136.630894525318467, 36.615146626894337 ] } },
{ "type": "Feature", "properties": { "バス停": "近岡北", "事業会社": "北鉄金沢バス（株）・北陸鉄道（株）", "系統": "錦町粟崎線" }, "geometry": { "type": "Point", "coordinates": [ 136.630894525318467, 36.615146626894337 ] } },
{ "type": "Feature", "properties": { "バス停": "荒屋北", "事業会社": "北鉄金沢バス（株）", "系統": "柳橋円光寺線" }, "geometry": { "type": "Point", "coordinates": [ 136.684581767281429, 36.614835446682029 ] } },
{ "type": "Feature", "properties": { "バス停": "深谷中ノ湯", "事業会社": "西日本ジェイアールバス（株）", "系統": "深谷温泉線" }, "geometry": { "type": "Point", "coordinates": [ 136.711010489801225, 36.613947614884324 ] } },
{ "type": "Feature", "properties": { "バス停": "深谷元湯", "事業会社": "西日本ジェイアールバス（株）", "系統": "深谷温泉線" }, "geometry": { "type": "Point", "coordinates": [ 136.720305875698841, 36.613882713038166 ] } },
{ "type": "Feature", "properties": { "バス停": "福久南", "事業会社": "北鉄金沢バス（株）", "系統": "柳橋円光寺線" }, "geometry": { "type": "Point", "coordinates": [ 136.680317981824203, 36.613301634209016 ] } },
{ "type": "Feature", "properties": { "バス停": "大野", "事業会社": "北陸鉄道（株）", "系統": "三馬大野線" }, "geometry": { "type": "Point", "coordinates": [ 136.605459634213162, 36.612816547886524 ] } },
{ "type": "Feature", "properties": { "バス停": "荒屋", "事業会社": "北鉄金沢バス（株）", "系統": "柳橋円光寺線" }, "geometry": { "type": "Point", "coordinates": [ 136.682637796283728, 36.61262259679917 ] } },
{ "type": "Feature", "properties": { "バス停": "大野港", "事業会社": "北鉄金沢バス（株）", "系統": "畝田住宅線" }, "geometry": { "type": "Point", "coordinates": [ 136.606961983962066, 36.612001965171778 ] } },
{ "type": "Feature", "properties": { "バス停": "大野港", "事業会社": "北陸鉄道（株）", "系統": "三馬大野線" }, "geometry": { "type": "Point", "coordinates": [ 136.606961983962066, 36.612001965171778 ] } },
{ "type": "Feature", "properties": { "バス停": "森本駅", "事業会社": "西日本ジェイアールバス（株）", "系統": "名金線,深谷温泉線,才田線" }, "geometry": { "type": "Point", "coordinates": [ 136.689799985622756, 36.612000723578461 ] } },
{ "type": "Feature", "properties": { "バス停": "森本駅前", "事業会社": "北鉄金沢バス（株）", "系統": "柳橋円光寺線,津幡線" }, "geometry": { "type": "Point", "coordinates": [ 136.689739991649361, 36.611946838369342 ] } },
{ "type": "Feature", "properties": { "バス停": "大野中央", "事業会社": "北陸鉄道（株）", "系統": "三馬大野線" }, "geometry": { "type": "Point", "coordinates": [ 136.602904968361798, 36.611742762475053 ] } },
{ "type": "Feature", "properties": { "バス停": "近岡", "事業会社": "北鉄金沢バス（株）", "系統": "内灘線" }, "geometry": { "type": "Point", "coordinates": [ 136.632482331569065, 36.61138134628056 ] } },
{ "type": "Feature", "properties": { "バス停": "近岡", "事業会社": "北鉄金沢バス（株）・北陸鉄道（株）", "系統": "錦町粟崎線" }, "geometry": { "type": "Point", "coordinates": [ 136.632482331569065, 36.61138134628056 ] } },
{ "type": "Feature", "properties": { "バス停": "千木", "事業会社": "北鉄金沢バス（株）", "系統": "木越円光寺線" }, "geometry": { "type": "Point", "coordinates": [ 136.671047683269222, 36.611272554234795 ] } },
{ "type": "Feature", "properties": { "バス停": "深谷口", "事業会社": "西日本ジェイアールバス（株）", "系統": "深谷温泉線" }, "geometry": { "type": "Point", "coordinates": [ 136.709090788905883, 36.61102218721193 ] } },
{ "type": "Feature", "properties": { "バス停": "塚崎", "事業会社": "西日本ジェイアールバス（株）", "系統": "名金線,深谷温泉線" }, "geometry": { "type": "Point", "coordinates": [ 136.697660755069506, 36.610864008741977 ] } },
{ "type": "Feature", "properties": { "バス停": "吉原町", "事業会社": "西日本ジェイアールバス（株）", "系統": "名金線,深谷温泉線" }, "geometry": { "type": "Point", "coordinates": [ 136.692161231514746, 36.610169955199538 ] } },
{ "type": "Feature", "properties": { "バス停": "金市", "事業会社": "北鉄金沢バス（株）", "系統": "柳橋円光寺線" }, "geometry": { "type": "Point", "coordinates": [ 136.681036588003764, 36.610150081921567 ] } },
{ "type": "Feature", "properties": { "バス停": "医王病院前", "事業会社": "西日本ジェイアールバス（株）", "系統": "名金線,深谷温泉線" }, "geometry": { "type": "Point", "coordinates": [ 136.701783775773634, 36.609197752787601 ] } },
{ "type": "Feature", "properties": { "バス停": "千木南", "事業会社": "北鉄金沢バス（株）", "系統": "木越円光寺線" }, "geometry": { "type": "Point", "coordinates": [ 136.670739172960339, 36.608869843846477 ] } },
{ "type": "Feature", "properties": { "バス停": "堅田町", "事業会社": "西日本ジェイアールバス（株）", "系統": "名金線,深谷温泉線" }, "geometry": { "type": "Point", "coordinates": [ 136.705955077059144, 36.608698839712353 ] } },
{ "type": "Feature", "properties": { "バス停": "相生住宅", "事業会社": "北陸鉄道（株）", "系統": "三馬大野線" }, "geometry": { "type": "Point", "coordinates": [ 136.599508007564083, 36.608597861776552 ] } },
{ "type": "Feature", "properties": { "バス停": "桂町東", "事業会社": "北鉄金沢バス（株）", "系統": "畝田住宅線" }, "geometry": { "type": "Point", "coordinates": [ 136.605683677890397, 36.608424390969226 ] } },
{ "type": "Feature", "properties": { "バス停": "桂町東", "事業会社": "北陸鉄道（株）", "系統": "三馬大野線" }, "geometry": { "type": "Point", "coordinates": [ 136.605683677890397, 36.608424390969226 ] } },
{ "type": "Feature", "properties": { "バス停": "金市団地", "事業会社": "北鉄金沢バス（株）", "系統": "柳橋円光寺線" }, "geometry": { "type": "Point", "coordinates": [ 136.679543164867425, 36.607557328266459 ] } },
{ "type": "Feature", "properties": { "バス停": "金沢港クルーズターミナル", "事業会社": "北鉄金沢バス（株）", "系統": "笠舞駅西線" }, "geometry": { "type": "Point", "coordinates": [ 136.614781589795768, 36.607546613971607 ] } },
{ "type": "Feature", "properties": { "バス停": "百坂", "事業会社": "北鉄金沢バス（株）", "系統": "柳橋円光寺線,津幡線" }, "geometry": { "type": "Point", "coordinates": [ 136.685657912971323, 36.607387734836337 ] } },
{ "type": "Feature", "properties": { "バス停": "百坂", "事業会社": "西日本ジェイアールバス（株）", "系統": "名金線,深谷温泉線,才田線" }, "geometry": { "type": "Point", "coordinates": [ 136.685657912971323, 36.607387734836337 ] } },
{ "type": "Feature", "properties": { "バス停": "JA市本所前", "事業会社": "北鉄金沢バス（株）", "系統": "田中医大線" }, "geometry": { "type": "Point", "coordinates": [ 136.659378702592591, 36.606919546247333 ] } },
{ "type": "Feature", "properties": { "バス停": "相生町", "事業会社": "北陸鉄道（株）", "系統": "三馬大野線" }, "geometry": { "type": "Point", "coordinates": [ 136.597200865152246, 36.606724744463556 ] } },
{ "type": "Feature", "properties": { "バス停": "鶴宮", "事業会社": "西日本ジェイアールバス（株）", "系統": "名金線" }, "geometry": { "type": "Point", "coordinates": [ 136.710385852246418, 36.606671294519913 ] } },
{ "type": "Feature", "properties": { "バス停": "直江", "事業会社": "北鉄金沢バス（株）・北陸鉄道（株）", "系統": "錦町粟崎線" }, "geometry": { "type": "Point", "coordinates": [ 136.634543539558052, 36.606403759114237 ] } },
{ "type": "Feature", "properties": { "バス停": "直江", "事業会社": "北鉄金沢バス（株）", "系統": "内灘線" }, "geometry": { "type": "Point", "coordinates": [ 136.634544650620654, 36.606403759130821 ] } },
{ "type": "Feature", "properties": { "バス停": "問屋センター", "事業会社": "北鉄金沢バス（株）・北陸鉄道（株）", "系統": "錦町粟崎線" }, "geometry": { "type": "Point", "coordinates": [ 136.638053388244117, 36.606358540227845 ] } },
{ "type": "Feature", "properties": { "バス停": "桂町", "事業会社": "北鉄金沢バス（株）", "系統": "畝田住宅線" }, "geometry": { "type": "Point", "coordinates": [ 136.603940113647894, 36.605816669659099 ] } },
{ "type": "Feature", "properties": { "バス停": "桂町", "事業会社": "北陸鉄道（株）", "系統": "三馬大野線" }, "geometry": { "type": "Point", "coordinates": [ 136.603940113647894, 36.605816669659099 ] } },
{ "type": "Feature", "properties": { "バス停": "横枕", "事業会社": "北鉄金沢バス（株）", "系統": "柳橋円光寺線" }, "geometry": { "type": "Point", "coordinates": [ 136.679310726612925, 36.605764218751929 ] } },
{ "type": "Feature", "properties": { "バス停": "問屋二丁目", "事業会社": "北鉄金沢バス（株）・北陸鉄道（株）", "系統": "錦町粟崎線" }, "geometry": { "type": "Point", "coordinates": [ 136.641982140140982, 36.605521496723526 ] } },
{ "type": "Feature", "properties": { "バス停": "不動寺", "事業会社": "西日本ジェイアールバス（株）", "系統": "名金線" }, "geometry": { "type": "Point", "coordinates": [ 136.716339961333574, 36.604810877842709 ] } },
{ "type": "Feature", "properties": { "バス停": "無量寺町", "事業会社": "北鉄金沢バス（株）", "系統": "笠舞駅西線" }, "geometry": { "type": "Point", "coordinates": [ 136.615189161577717, 36.604697028986493 ] } },
{ "type": "Feature", "properties": { "バス停": "問屋一丁目", "事業会社": "北鉄金沢バス（株）・北陸鉄道（株）", "系統": "錦町粟崎線" }, "geometry": { "type": "Point", "coordinates": [ 136.635243584054251, 36.604613747843054 ] } },
{ "type": "Feature", "properties": { "バス停": "金石北", "事業会社": "北鉄金沢バス（株）", "系統": "畝田住宅線" }, "geometry": { "type": "Point", "coordinates": [ 136.599037153198054, 36.604216795488533 ] } },
{ "type": "Feature", "properties": { "バス停": "金石北", "事業会社": "北陸鉄道（株）", "系統": "三馬大野線" }, "geometry": { "type": "Point", "coordinates": [ 136.599037153198054, 36.604216795488533 ] } },
{ "type": "Feature", "properties": { "バス停": "法光寺", "事業会社": "北鉄金沢バス（株）", "系統": "柳橋円光寺線,津幡線" }, "geometry": { "type": "Point", "coordinates": [ 136.683229291666095, 36.60367059350537 ] } },
{ "type": "Feature", "properties": { "バス停": "法光寺", "事業会社": "西日本ジェイアールバス（株）", "系統": "名金線,深谷温泉線,才田線" }, "geometry": { "type": "Point", "coordinates": [ 136.683229291666095, 36.60367059350537 ] } },
{ "type": "Feature", "properties": { "バス停": "戸水", "事業会社": "北鉄金沢バス（株）", "系統": "笠舞駅西線" }, "geometry": { "type": "Point", "coordinates": [ 136.624857749400547, 36.603604561654429 ] } },
{ "type": "Feature", "properties": { "バス停": "疋田東", "事業会社": "北鉄金沢バス（株）", "系統": "木越円光寺線" }, "geometry": { "type": "Point", "coordinates": [ 136.673058874307344, 36.603429794787573 ] } },
{ "type": "Feature", "properties": { "バス停": "大友二丁目", "事業会社": "北鉄金沢バス（株）", "系統": "内灘線" }, "geometry": { "type": "Point", "coordinates": [ 136.630835516776898, 36.603383299122228 ] } },
{ "type": "Feature", "properties": { "バス停": "金石西", "事業会社": "北陸鉄道（株）", "系統": "三馬大野線" }, "geometry": { "type": "Point", "coordinates": [ 136.593258966503214, 36.603215964302585 ] } },
{ "type": "Feature", "properties": { "バス停": "金石東", "事業会社": "北鉄金沢バス（株）", "系統": "畝田住宅線" }, "geometry": { "type": "Point", "coordinates": [ 136.595918679095092, 36.603030224180912 ] } },
{ "type": "Feature", "properties": { "バス停": "金石東", "事業会社": "北陸鉄道（株）", "系統": "三馬大野線" }, "geometry": { "type": "Point", "coordinates": [ 136.595918679095092, 36.603030224180912 ] } },
{ "type": "Feature", "properties": { "バス停": "戸水西", "事業会社": "北鉄能登バス（株）", "系統": "富来線" }, "geometry": { "type": "Point", "coordinates": [ 136.619523499000422, 36.602605733006492 ] } },
{ "type": "Feature", "properties": { "バス停": "桂町南", "事業会社": "北鉄金沢バス（株）", "系統": "畝田住宅線" }, "geometry": { "type": "Point", "coordinates": [ 136.607358476751443, 36.602576365764541 ] } },
{ "type": "Feature", "properties": { "バス停": "大友", "事業会社": "北鉄金沢バス（株）", "系統": "笠舞駅西線" }, "geometry": { "type": "Point", "coordinates": [ 136.628938167925213, 36.602354806732002 ] } },
{ "type": "Feature", "properties": { "バス停": "疋田", "事業会社": "北鉄金沢バス（株）", "系統": "木越円光寺線" }, "geometry": { "type": "Point", "coordinates": [ 136.674217709876785, 36.602013902555676 ] } },
{ "type": "Feature", "properties": { "バス停": "西割出", "事業会社": "北鉄金沢バス（株）・北陸鉄道（株）", "系統": "錦町粟崎線" }, "geometry": { "type": "Point", "coordinates": [ 136.636326162019287, 36.601923317041603 ] } },
{ "type": "Feature", "properties": { "バス停": "西割出", "事業会社": "北鉄金沢バス（株）", "系統": "安原線" }, "geometry": { "type": "Point", "coordinates": [ 136.636327550846147, 36.601923317062763 ] } },
{ "type": "Feature", "properties": { "バス停": "大友一丁目", "事業会社": "北鉄金沢バス（株）", "系統": "笠舞駅西線,内灘線" }, "geometry": { "type": "Point", "coordinates": [ 136.627505513926934, 36.601577397304752 ] } },
{ "type": "Feature", "properties": { "バス停": "柳橋", "事業会社": "北鉄金沢バス（株）", "系統": "柳橋円光寺線,上荒屋線,柳橋寺町線,鳴和・増泉線,石引線,津幡線,東山線" }, "geometry": { "type": "Point", "coordinates": [ 136.681888122796948, 36.601540654201067 ] } },
{ "type": "Feature", "properties": { "バス停": "金石", "事業会社": "北鉄金沢バス（株）", "系統": "畝田住宅線" }, "geometry": { "type": "Point", "coordinates": [ 136.593986229866033, 36.601030461558686 ] } },
{ "type": "Feature", "properties": { "バス停": "金石", "事業会社": "北陸鉄道（株）", "系統": "四十万金石線,三馬大野線,金石線" }, "geometry": { "type": "Point", "coordinates": [ 136.593986229866033, 36.601030461558686 ] } },
{ "type": "Feature", "properties": { "バス停": "鞍月", "事業会社": "北鉄金沢バス（株）", "系統": "笠舞駅西線" }, "geometry": { "type": "Point", "coordinates": [ 136.635475151046023, 36.600768192781707 ] } },
{ "type": "Feature", "properties": { "バス停": "鞍月五丁目", "事業会社": "北鉄金沢バス（株）", "系統": "笠舞駅西線,内灘線" }, "geometry": { "type": "Point", "coordinates": [ 136.6246407735415, 36.600010359259862 ] } },
{ "type": "Feature", "properties": { "バス停": "無量寺ベイパーク前", "事業会社": "北鉄金沢バス（株）", "系統": "笠舞駅西線" }, "geometry": { "type": "Point", "coordinates": [ 136.61359322860838, 36.599767443776678 ] } },
{ "type": "Feature", "properties": { "バス停": "畝田住宅", "事業会社": "北鉄金沢バス（株）", "系統": "畝田住宅線" }, "geometry": { "type": "Point", "coordinates": [ 136.608427434335709, 36.599271872902385 ] } },
{ "type": "Feature", "properties": { "バス停": "中神谷内", "事業会社": "北鉄金沢バス（株）", "系統": "木越円光寺線" }, "geometry": { "type": "Point", "coordinates": [ 136.679229599979408, 36.599217713253978 ] } },
{ "type": "Feature", "properties": { "バス停": "西警察署前", "事業会社": "北鉄金沢バス（株）", "系統": "畝田住宅線" }, "geometry": { "type": "Point", "coordinates": [ 136.597376235500917, 36.599183591676343 ] } },
{ "type": "Feature", "properties": { "バス停": "西警察署前", "事業会社": "北陸鉄道（株）", "系統": "四十万金石線,三馬大野線,金石線" }, "geometry": { "type": "Point", "coordinates": [ 136.597376235500917, 36.599183591676343 ] } },
{ "type": "Feature", "properties": { "バス停": "鞍月広場", "事業会社": "北鉄金沢バス（株）", "系統": "笠舞駅西線,内灘線" }, "geometry": { "type": "Point", "coordinates": [ 136.622108236494398, 36.598642743099425 ] } },
{ "type": "Feature", "properties": { "バス停": "畝田中三丁目", "事業会社": "北鉄金沢バス（株）", "系統": "畝田住宅線" }, "geometry": { "type": "Point", "coordinates": [ 136.608648855916073, 36.598275912774241 ] } },
{ "type": "Feature", "properties": { "バス停": "城北市民運動公園口", "事業会社": "北鉄金沢バス（株）", "系統": "田中医大線" }, "geometry": { "type": "Point", "coordinates": [ 136.6603490507309, 36.598046455636961 ] } },
{ "type": "Feature", "properties": { "バス停": "城北市民運動公園口（金沢循環器病院前）", "事業会社": "西日本ジェイアールバス（株）", "系統": "東長江線,城北運動公園線" }, "geometry": { "type": "Point", "coordinates": [ 136.660350161807884, 36.598045344701056 ] } },
{ "type": "Feature", "properties": { "バス停": "神谷内", "事業会社": "北鉄金沢バス（株）", "系統": "木越円光寺線,柳橋円光寺線,上荒屋線,柳橋寺町線,鳴和・増泉線,石引線,津幡線,東山線" }, "geometry": { "type": "Point", "coordinates": [ 136.680184861817196, 36.597838233239827 ] } },
{ "type": "Feature", "properties": { "バス停": "神谷内", "事業会社": "西日本ジェイアールバス（株）", "系統": "名金線,深谷温泉線,才田線" }, "geometry": { "type": "Point", "coordinates": [ 136.680184861817196, 36.597838233239827 ] } },
{ "type": "Feature", "properties": { "バス停": "三浦住宅前", "事業会社": "北鉄金沢バス（株）", "系統": "笠舞駅西線,安原線" }, "geometry": { "type": "Point", "coordinates": [ 136.638572689961165, 36.597317072217649 ] } },
{ "type": "Feature", "properties": { "バス停": "三浦住宅前", "事業会社": "北鉄金沢バス（株）・北陸鉄道（株）", "系統": "錦町粟崎線" }, "geometry": { "type": "Point", "coordinates": [ 136.638572689961165, 36.597317072217649 ] } },
{ "type": "Feature", "properties": { "バス停": "畝田東三丁目", "事業会社": "北鉄金沢バス（株）", "系統": "笠舞駅西線" }, "geometry": { "type": "Point", "coordinates": [ 136.615319328691612, 36.597150632776454 ] } },
{ "type": "Feature", "properties": { "バス停": "城北市民運動公園（金沢プール前）", "事業会社": "西日本ジェイアールバス（株）", "系統": "東長江線,城北運動公園線" }, "geometry": { "type": "Point", "coordinates": [ 136.659106429427112, 36.596773035583176 ] } },
{ "type": "Feature", "properties": { "バス停": "寺中", "事業会社": "北鉄金沢バス（株）", "系統": "畝田住宅線" }, "geometry": { "type": "Point", "coordinates": [ 136.602088606499166, 36.59667044730368 ] } },
{ "type": "Feature", "properties": { "バス停": "寺中", "事業会社": "北陸鉄道（株）", "系統": "四十万金石線,三馬大野線,金石線" }, "geometry": { "type": "Point", "coordinates": [ 136.602088606499166, 36.59667044730368 ] } },
{ "type": "Feature", "properties": { "バス停": "田中口", "事業会社": "北鉄金沢バス（株）", "系統": "田中医大線" }, "geometry": { "type": "Point", "coordinates": [ 136.662378705123075, 36.596051492852943 ] } },
{ "type": "Feature", "properties": { "バス停": "工業試験場口", "事業会社": "北鉄金沢バス（株）", "系統": "笠舞駅西線" }, "geometry": { "type": "Point", "coordinates": [ 136.620903576684697, 36.595717596862436 ] } },
{ "type": "Feature", "properties": { "バス停": "工業試験場口", "事業会社": "北鉄金沢バス（株）・北陸鉄道（株）", "系統": "鈴見線" }, "geometry": { "type": "Point", "coordinates": [ 136.620903576684697, 36.595717596862436 ] } },
{ "type": "Feature", "properties": { "バス停": "金沢西高校", "事業会社": "北鉄金沢バス（株）", "系統": "笠舞駅西線,黒田線,内灘線" }, "geometry": { "type": "Point", "coordinates": [ 136.618745464826503, 36.595698677051502 ] } },
{ "type": "Feature", "properties": { "バス停": "金沢西高校", "事業会社": "北陸鉄道（株）", "系統": "平和町線・野田線・大桑線" }, "geometry": { "type": "Point", "coordinates": [ 136.618745464826503, 36.595698677051502 ] } },
{ "type": "Feature", "properties": { "バス停": "金沢西高校", "事業会社": "北鉄金沢バス（株）・北陸鉄道（株）", "系統": "鈴見線" }, "geometry": { "type": "Point", "coordinates": [ 136.618745464826503, 36.595698677051502 ] } },
{ "type": "Feature", "properties": { "バス停": "南新保口", "事業会社": "北鉄金沢バス（株）", "系統": "笠舞駅西線,安原線" }, "geometry": { "type": "Point", "coordinates": [ 136.641096558297619, 36.595356284571892 ] } },
{ "type": "Feature", "properties": { "バス停": "南新保口", "事業会社": "北鉄金沢バス（株）・北陸鉄道（株）", "系統": "錦町粟崎線" }, "geometry": { "type": "Point", "coordinates": [ 136.641096558297619, 36.595356284571892 ] } },
{ "type": "Feature", "properties": { "バス停": "金沢海みらい図書館前", "事業会社": "北鉄金沢バス（株）", "系統": "畝田住宅線" }, "geometry": { "type": "Point", "coordinates": [ 136.604650607182577, 36.595333199192787 ] } },
{ "type": "Feature", "properties": { "バス停": "金沢海みらい図書館前", "事業会社": "北陸鉄道（株）", "系統": "四十万金石線,三馬大野線,金石線" }, "geometry": { "type": "Point", "coordinates": [ 136.604650607182577, 36.595333199192787 ] } },
{ "type": "Feature", "properties": { "バス停": "工業試験場", "事業会社": "北鉄金沢バス（株）", "系統": "笠舞駅西線,黒田線" }, "geometry": { "type": "Point", "coordinates": [ 136.620916401032417, 36.595069358635165 ] } },
{ "type": "Feature", "properties": { "バス停": "工業試験場", "事業会社": "北陸鉄道（株）", "系統": "平和町線・野田線・大桑線" }, "geometry": { "type": "Point", "coordinates": [ 136.620916401032417, 36.595069358635165 ] } },
{ "type": "Feature", "properties": { "バス停": "工業試験場", "事業会社": "北鉄金沢バス（株）・北陸鉄道（株）", "系統": "鈴見線" }, "geometry": { "type": "Point", "coordinates": [ 136.620916401032417, 36.595069358635165 ] } },
{ "type": "Feature", "properties": { "バス停": "畝田中", "事業会社": "北鉄金沢バス（株）", "系統": "畝田住宅線" }, "geometry": { "type": "Point", "coordinates": [ 136.609643932443731, 36.595031410831503 ] } },
{ "type": "Feature", "properties": { "バス停": "映寿会みらい病院", "事業会社": "北鉄金沢バス（株）", "系統": "中央病院線,畝田住宅線,笠舞駅西線,黒田線" }, "geometry": { "type": "Point", "coordinates": [ 136.631186867262528, 36.594374328740606 ] } },
{ "type": "Feature", "properties": { "バス停": "映寿会みらい病院", "事業会社": "北陸鉄道（株）", "系統": "花里線,光が丘住宅線" }, "geometry": { "type": "Point", "coordinates": [ 136.631186867262528, 36.594374328740606 ] } },
{ "type": "Feature", "properties": { "バス停": "中央病院", "事業会社": "北鉄金沢バス（株）", "系統": "中央病院線,畝田住宅線,笠舞駅西線,黒田線" }, "geometry": { "type": "Point", "coordinates": [ 136.629949726094566, 36.594336816589475 ] } },
{ "type": "Feature", "properties": { "バス停": "中央病院", "事業会社": "北陸鉄道（株）", "系統": "花里線,平和町線・野田線・大桑線,光が丘住宅線" }, "geometry": { "type": "Point", "coordinates": [ 136.629949726094566, 36.594336816589475 ] } },
{ "type": "Feature", "properties": { "バス停": "中央病院前", "事業会社": "北鉄能登バス（株）", "系統": "富来線" }, "geometry": { "type": "Point", "coordinates": [ 136.629324766795463, 36.594322087635469 ] } },
{ "type": "Feature", "properties": { "バス停": "県庁前", "事業会社": "北鉄金沢バス（株）", "系統": "中央病院線,畝田住宅線,笠舞駅西線,医王山線,犀川線,黒田線,内灘線" }, "geometry": { "type": "Point", "coordinates": [ 136.628108475994139, 36.594004338076729 ] } },
{ "type": "Feature", "properties": { "バス停": "県庁前", "事業会社": "北陸鉄道（株）", "系統": "花里線,平和町線・野田線・大桑線,光が丘住宅線,四十万金石線" }, "geometry": { "type": "Point", "coordinates": [ 136.628108475994139, 36.594004338076729 ] } },
{ "type": "Feature", "properties": { "バス停": "県庁前", "事業会社": "北鉄能登バス（株）", "系統": "富来線" }, "geometry": { "type": "Point", "coordinates": [ 136.628108475994139, 36.594004338076729 ] } },
{ "type": "Feature", "properties": { "バス停": "県庁前", "事業会社": "北鉄金沢バス（株）・北陸鉄道（株）", "系統": "鈴見線" }, "geometry": { "type": "Point", "coordinates": [ 136.628108475994139, 36.594004338076729 ] } },
{ "type": "Feature", "properties": { "バス停": "観音堂", "事業会社": "北鉄金沢バス（株）", "系統": "畝田住宅線" }, "geometry": { "type": "Point", "coordinates": [ 136.607882553248231, 36.593671294918614 ] } },
{ "type": "Feature", "properties": { "バス停": "観音堂", "事業会社": "北陸鉄道（株）", "系統": "四十万金石線,三馬大野線,金石線" }, "geometry": { "type": "Point", "coordinates": [ 136.607882553248231, 36.593671294918614 ] } },
{ "type": "Feature", "properties": { "バス停": "東金沢駅", "事業会社": "北鉄金沢バス（株）", "系統": "元町有松線,石引線,東金沢金大線" }, "geometry": { "type": "Point", "coordinates": [ 136.670121216235543, 36.593444136644408 ] } },
{ "type": "Feature", "properties": { "バス停": "東金沢駅", "事業会社": "西日本ジェイアールバス（株）", "系統": "東長江線" }, "geometry": { "type": "Point", "coordinates": [ 136.670121216235543, 36.593444136644408 ] } },
{ "type": "Feature", "properties": { "バス停": "諸江団地", "事業会社": "北鉄金沢バス（株）", "系統": "笠舞駅西線" }, "geometry": { "type": "Point", "coordinates": [ 136.640547799456726, 36.593417386599477 ] } },
{ "type": "Feature", "properties": { "バス停": "畝田西", "事業会社": "北鉄金沢バス（株）", "系統": "畝田住宅線" }, "geometry": { "type": "Point", "coordinates": [ 136.610217591654475, 36.593318895768 ] } },
{ "type": "Feature", "properties": { "バス停": "市立工業高校東口", "事業会社": "北鉄金沢バス（株）", "系統": "笠舞駅西線,黒田線,内灘線" }, "geometry": { "type": "Point", "coordinates": [ 136.618802015516053, 36.593272920730158 ] } },
{ "type": "Feature", "properties": { "バス停": "市立工業高校東口", "事業会社": "北陸鉄道（株）", "系統": "平和町線・野田線・大桑線" }, "geometry": { "type": "Point", "coordinates": [ 136.618802015516053, 36.593272920730158 ] } },
{ "type": "Feature", "properties": { "バス停": "高柳", "事業会社": "北鉄金沢バス（株）", "系統": "田中医大線" }, "geometry": { "type": "Point", "coordinates": [ 136.663251529118355, 36.593223314610832 ] } },
{ "type": "Feature", "properties": { "バス停": "高柳イータウン前", "事業会社": "北鉄金沢バス（株）", "系統": "田中医大線" }, "geometry": { "type": "Point", "coordinates": [ 136.660895341063707, 36.593179979544523 ] } },
{ "type": "Feature", "properties": { "バス停": "高柳イータウン前", "事業会社": "西日本ジェイアールバス（株）", "系統": "東長江線,城北運動公園線" }, "geometry": { "type": "Point", "coordinates": [ 136.660895341063707, 36.593179979544523 ] } },
{ "type": "Feature", "properties": { "バス停": "小坂中", "事業会社": "北鉄金沢バス（株）", "系統": "木越円光寺線,柳橋円光寺線,上荒屋線,柳橋寺町線,鳴和・増泉線,石引線,津幡線,東山線" }, "geometry": { "type": "Point", "coordinates": [ 136.678036406948451, 36.592857100607283 ] } },
{ "type": "Feature", "properties": { "バス停": "小坂中", "事業会社": "西日本ジェイアールバス（株）", "系統": "名金線,深谷温泉線,才田線" }, "geometry": { "type": "Point", "coordinates": [ 136.678036406948451, 36.592857100607283 ] } },
{ "type": "Feature", "properties": { "バス停": "地域医療機構（JCHO）金沢病院", "事業会社": "西日本ジェイアールバス（株）", "系統": "東長江線,城北運動公園線" }, "geometry": { "type": "Point", "coordinates": [ 136.654390767098306, 36.591968666902616 ] } },
{ "type": "Feature", "properties": { "バス停": "東金沢駅東口", "事業会社": "北鉄金沢バス（株）", "系統": "石引線,東金沢金大線" }, "geometry": { "type": "Point", "coordinates": [ 136.671953087029976, 36.591598326462787 ] } },
{ "type": "Feature", "properties": { "バス停": "畝田", "事業会社": "北鉄金沢バス（株）", "系統": "畝田住宅線" }, "geometry": { "type": "Point", "coordinates": [ 136.61230250676897, 36.591383935279914 ] } },
{ "type": "Feature", "properties": { "バス停": "畝田", "事業会社": "北陸鉄道（株）", "系統": "四十万金石線,三馬大野線,金石線" }, "geometry": { "type": "Point", "coordinates": [ 136.61230250676897, 36.591383935279914 ] } },
{ "type": "Feature", "properties": { "バス停": "上諸江", "事業会社": "北鉄金沢バス（株）", "系統": "安原線" }, "geometry": { "type": "Point", "coordinates": [ 136.645746531109751, 36.591332213817211 ] } },
{ "type": "Feature", "properties": { "バス停": "上諸江", "事業会社": "北鉄金沢バス（株）・北陸鉄道（株）", "系統": "錦町粟崎線" }, "geometry": { "type": "Point", "coordinates": [ 136.645746531109751, 36.591332213817211 ] } },
{ "type": "Feature", "properties": { "バス停": "小坂西", "事業会社": "北鉄金沢バス（株）", "系統": "石引線,東金沢金大線" }, "geometry": { "type": "Point", "coordinates": [ 136.674541781519395, 36.591122330400296 ] } },
{ "type": "Feature", "properties": { "バス停": "双葉町", "事業会社": "北鉄金沢バス（株）", "系統": "笠舞駅西線" }, "geometry": { "type": "Point", "coordinates": [ 136.638475536150366, 36.591070186269405 ] } },
{ "type": "Feature", "properties": { "バス停": "藤江北", "事業会社": "北鉄金沢バス（株）", "系統": "畝田住宅線,笠舞駅西線,黒田線,内灘線" }, "geometry": { "type": "Point", "coordinates": [ 136.621486638593581, 36.59083914625127 ] } },
{ "type": "Feature", "properties": { "バス停": "藤江北", "事業会社": "北陸鉄道（株）", "系統": "平和町線・野田線・大桑線,四十万金石線" }, "geometry": { "type": "Point", "coordinates": [ 136.621486638593581, 36.59083914625127 ] } },
{ "type": "Feature", "properties": { "バス停": "松村", "事業会社": "北鉄金沢バス（株）", "系統": "畝田住宅線" }, "geometry": { "type": "Point", "coordinates": [ 136.617079888430169, 36.590256390987918 ] } },
{ "type": "Feature", "properties": { "バス停": "松村", "事業会社": "北陸鉄道（株）", "系統": "四十万金石線" }, "geometry": { "type": "Point", "coordinates": [ 136.617079888430169, 36.590256390987918 ] } },
{ "type": "Feature", "properties": { "バス停": "小坂", "事業会社": "北鉄金沢バス（株）", "系統": "木越円光寺線,柳橋円光寺線,上荒屋線,柳橋寺町線,鳴和・増泉線,石引線,津幡線,東山線" }, "geometry": { "type": "Point", "coordinates": [ 136.676631931545188, 36.590144188178755 ] } },
{ "type": "Feature", "properties": { "バス停": "小坂", "事業会社": "西日本ジェイアールバス（株）", "系統": "名金線,深谷温泉線,才田線" }, "geometry": { "type": "Point", "coordinates": [ 136.676631931545188, 36.590144188178755 ] } },
{ "type": "Feature", "properties": { "バス停": "市立工業高校前", "事業会社": "北鉄金沢バス（株）", "系統": "畝田住宅線" }, "geometry": { "type": "Point", "coordinates": [ 136.615063436969137, 36.589985846901811 ] } },
{ "type": "Feature", "properties": { "バス停": "市立工業高校前", "事業会社": "北陸鉄道（株）", "系統": "四十万金石線,三馬大野線,金石線" }, "geometry": { "type": "Point", "coordinates": [ 136.615063436969137, 36.589985846901811 ] } },
{ "type": "Feature", "properties": { "バス停": "駅西合同庁舎前", "事業会社": "北鉄金沢バス（株）", "系統": "中央病院線,畝田住宅線,笠舞駅西線,医王山線,犀川線,黒田線,内灘線" }, "geometry": { "type": "Point", "coordinates": [ 136.633256228111208, 36.589060944036355 ] } },
{ "type": "Feature", "properties": { "バス停": "駅西合同庁舎前", "事業会社": "北陸鉄道（株）", "系統": "花里線,平和町線・野田線・大桑線,光が丘住宅線,四十万金石線" }, "geometry": { "type": "Point", "coordinates": [ 136.633256228111208, 36.589060944036355 ] } },
{ "type": "Feature", "properties": { "バス停": "駅西合同庁舎前", "事業会社": "北鉄能登バス（株）", "系統": "富来線" }, "geometry": { "type": "Point", "coordinates": [ 136.633256228111208, 36.589060944036355 ] } },
{ "type": "Feature", "properties": { "バス停": "駅西合同庁舎前", "事業会社": "北鉄金沢バス（株）・北陸鉄道（株）", "系統": "鈴見線" }, "geometry": { "type": "Point", "coordinates": [ 136.633256228111208, 36.589060944036355 ] } },
{ "type": "Feature", "properties": { "バス停": "神宮寺二丁目", "事業会社": "北鉄金沢バス（株）", "系統": "元町有松線" }, "geometry": { "type": "Point", "coordinates": [ 136.668978752276985, 36.58821717163265 ] } },
{ "type": "Feature", "properties": { "バス停": "諸江町小学校前", "事業会社": "北鉄金沢バス（株）", "系統": "安原線" }, "geometry": { "type": "Point", "coordinates": [ 136.647668815453187, 36.587900516621467 ] } },
{ "type": "Feature", "properties": { "バス停": "諸江町小学校前", "事業会社": "北鉄金沢バス（株）・北陸鉄道（株）", "系統": "錦町粟崎線" }, "geometry": { "type": "Point", "coordinates": [ 136.647668815453187, 36.587900516621467 ] } },
{ "type": "Feature", "properties": { "バス停": "鳴和", "事業会社": "北鉄金沢バス（株）", "系統": "木越円光寺線,柳橋円光寺線,上荒屋線,柳橋寺町線,鳴和・増泉線,石引線,津幡線,東山線" }, "geometry": { "type": "Point", "coordinates": [ 136.675480481559305, 36.587534037026295 ] } },
{ "type": "Feature", "properties": { "バス停": "鳴和", "事業会社": "西日本ジェイアールバス（株）", "系統": "名金線,深谷温泉線,才田線,東長江線" }, "geometry": { "type": "Point", "coordinates": [ 136.675480481559305, 36.587534037026295 ] } },
{ "type": "Feature", "properties": { "バス停": "藤江", "事業会社": "北鉄金沢バス（株）", "系統": "畝田住宅線" }, "geometry": { "type": "Point", "coordinates": [ 136.620324491242513, 36.587366022027624 ] } },
{ "type": "Feature", "properties": { "バス停": "藤江", "事業会社": "北陸鉄道（株）", "系統": "四十万金石線,三馬大野線,金石線" }, "geometry": { "type": "Point", "coordinates": [ 136.620324491242513, 36.587366022027624 ] } },
{ "type": "Feature", "properties": { "バス停": "西念", "事業会社": "北鉄金沢バス（株）", "系統": "笠舞駅西線" }, "geometry": { "type": "Point", "coordinates": [ 136.642524158047138, 36.586840023456375 ] } },
{ "type": "Feature", "properties": { "バス停": "西念西", "事業会社": "北鉄金沢バス（株）", "系統": "中央病院線,畝田住宅線,笠舞駅西線,医王山線,犀川線,黒田線,内灘線" }, "geometry": { "type": "Point", "coordinates": [ 136.635687051740945, 36.586709090604067 ] } },
{ "type": "Feature", "properties": { "バス停": "西念西", "事業会社": "北陸鉄道（株）", "系統": "花里線,平和町線・野田線・大桑線,光が丘住宅線,四十万金石線" }, "geometry": { "type": "Point", "coordinates": [ 136.635687051740945, 36.586709090604067 ] } },
{ "type": "Feature", "properties": { "バス停": "西念西", "事業会社": "北鉄金沢バス（株）・北陸鉄道（株）", "系統": "鈴見線" }, "geometry": { "type": "Point", "coordinates": [ 136.635687051740945, 36.586709090604067 ] } },
{ "type": "Feature", "properties": { "バス停": "大樋町", "事業会社": "西日本ジェイアールバス（株）", "系統": "東長江線" }, "geometry": { "type": "Point", "coordinates": [ 136.676561015652993, 36.586117061631768 ] } },
{ "type": "Feature", "properties": { "バス停": "乙丸", "事業会社": "北鉄金沢バス（株）", "系統": "田中医大線" }, "geometry": { "type": "Point", "coordinates": [ 136.663209321929145, 36.585320323310441 ] } },
{ "type": "Feature", "properties": { "バス停": "御所口", "事業会社": "西日本ジェイアールバス（株）", "系統": "東長江線" }, "geometry": { "type": "Point", "coordinates": [ 136.679105296539262, 36.585200859847021 ] } },
{ "type": "Feature", "properties": { "バス停": "西念東", "事業会社": "北鉄金沢バス（株）", "系統": "笠舞駅西線" }, "geometry": { "type": "Point", "coordinates": [ 136.643994157746761, 36.585172780972982 ] } },
{ "type": "Feature", "properties": { "バス停": "海浜公園口", "事業会社": "北鉄金沢バス（株）", "系統": "示野線" }, "geometry": { "type": "Point", "coordinates": [ 136.590395362141777, 36.584982927679832 ] } },
{ "type": "Feature", "properties": { "バス停": "金沢星稜大学・高校", "事業会社": "北鉄金沢バス（株）", "系統": "畝田住宅線,上荒屋線,安原線,鳴和・増泉線,東金沢金大線" }, "geometry": { "type": "Point", "coordinates": [ 136.681706771948484, 36.584820409886888 ] } },
{ "type": "Feature", "properties": { "バス停": "金沢星稜大学・高校", "事業会社": "北陸鉄道（株）", "系統": "四十万線,四十万金石線" }, "geometry": { "type": "Point", "coordinates": [ 136.681706771948484, 36.584820409886888 ] } },
{ "type": "Feature", "properties": { "バス停": "金沢星稜大学・高校", "事業会社": "北鉄金沢バス（株）・北陸鉄道（株）", "系統": "錦町粟崎線" }, "geometry": { "type": "Point", "coordinates": [ 136.681706771948484, 36.584820409886888 ] } },
{ "type": "Feature", "properties": { "バス停": "金沢星稜大学・高校", "事業会社": "北鉄白山バス（株）・北陸鉄道（株）", "系統": "松任線・金沢寺井線・千代野線" }, "geometry": { "type": "Point", "coordinates": [ 136.681706771948484, 36.584820409886888 ] } },
{ "type": "Feature", "properties": { "バス停": "北町西", "事業会社": "北鉄金沢バス（株）", "系統": "畝田住宅線" }, "geometry": { "type": "Point", "coordinates": [ 136.62547313962952, 36.584811721717173 ] } },
{ "type": "Feature", "properties": { "バス停": "北町西", "事業会社": "北陸鉄道（株）", "系統": "四十万金石線,三馬大野線,金石線" }, "geometry": { "type": "Point", "coordinates": [ 136.62547313962952, 36.584811721717173 ] } },
{ "type": "Feature", "properties": { "バス停": "星稜高校", "事業会社": "西日本ジェイアールバス（株）", "系統": "東長江線" }, "geometry": { "type": "Point", "coordinates": [ 136.682048140101756, 36.584673216533155 ] } },
{ "type": "Feature", "properties": { "バス停": "春日町", "事業会社": "北鉄金沢バス（株）", "系統": "畝田住宅線,木越円光寺線,柳橋円光寺線,上荒屋線,安原線,柳橋寺町線,鳴和・増泉線,石引線,津幡線,東山線" }, "geometry": { "type": "Point", "coordinates": [ 136.673583540254242, 36.584645845823168 ] } },
{ "type": "Feature", "properties": { "バス停": "春日町", "事業会社": "西日本ジェイアールバス（株）", "系統": "名金線,深谷温泉線,才田線,東長江線" }, "geometry": { "type": "Point", "coordinates": [ 136.673583540254242, 36.584645845823168 ] } },
{ "type": "Feature", "properties": { "バス停": "春日町", "事業会社": "北鉄白山バス（株）・北陸鉄道（株）", "系統": "松任線・金沢寺井線・千代野線" }, "geometry": { "type": "Point", "coordinates": [ 136.673583540254242, 36.584645845823168 ] } },
{ "type": "Feature", "properties": { "バス停": "春日町", "事業会社": "北鉄金沢バス（株）・北陸鉄道（株）", "系統": "錦町粟崎線" }, "geometry": { "type": "Point", "coordinates": [ 136.673583540254242, 36.584645845823168 ] } },
{ "type": "Feature", "properties": { "バス停": "春日町", "事業会社": "北陸鉄道（株）", "系統": "四十万線,四十万金石線" }, "geometry": { "type": "Point", "coordinates": [ 136.673583540254242, 36.584645845823168 ] } },
{ "type": "Feature", "properties": { "バス停": "西念南", "事業会社": "北鉄金沢バス（株）", "系統": "中央病院線,畝田住宅線,笠舞駅西線,医王山線,犀川線,黒田線,内灘線" }, "geometry": { "type": "Point", "coordinates": [ 136.638619811836861, 36.583932021993888 ] } },
{ "type": "Feature", "properties": { "バス停": "西念南", "事業会社": "北陸鉄道（株）", "系統": "花里線,平和町線・野田線・大桑線,光が丘住宅線,四十万金石線" }, "geometry": { "type": "Point", "coordinates": [ 136.638619811836861, 36.583932021993888 ] } },
{ "type": "Feature", "properties": { "バス停": "西念南", "事業会社": "北鉄金沢バス（株）・北陸鉄道（株）", "系統": "鈴見線" }, "geometry": { "type": "Point", "coordinates": [ 136.638619811836861, 36.583932021993888 ] } },
{ "type": "Feature", "properties": { "バス停": "神宮寺", "事業会社": "北鉄金沢バス（株）", "系統": "畝田住宅線,元町有松線,鳴和・増泉線" }, "geometry": { "type": "Point", "coordinates": [ 136.668423985507673, 36.583653975544138 ] } },
{ "type": "Feature", "properties": { "バス停": "神宮寺町", "事業会社": "北鉄金沢バス（株）・北陸鉄道（株）", "系統": "錦町粟崎線" }, "geometry": { "type": "Point", "coordinates": [ 136.668423985507673, 36.583653975544138 ] } },
{ "type": "Feature", "properties": { "バス停": "示野機器団地", "事業会社": "北鉄金沢バス（株）", "系統": "示野線" }, "geometry": { "type": "Point", "coordinates": [ 136.607251022839108, 36.583552779023904 ] } },
{ "type": "Feature", "properties": { "バス停": "松村四丁目", "事業会社": "北鉄金沢バス（株）", "系統": "示野線" }, "geometry": { "type": "Point", "coordinates": [ 136.61153029272694, 36.583283459369838 ] } },
{ "type": "Feature", "properties": { "バス停": "北町", "事業会社": "北陸鉄道（株）", "系統": "四十万金石線,三馬大野線,金石線" }, "geometry": { "type": "Point", "coordinates": [ 136.628870221399268, 36.583136435349353 ] } },
{ "type": "Feature", "properties": { "バス停": "北町", "事業会社": "北鉄金沢バス（株）", "系統": "畝田住宅線" }, "geometry": { "type": "Point", "coordinates": [ 136.628870221399268, 36.583136435349353 ] } },
{ "type": "Feature", "properties": { "バス停": "済生会病院", "事業会社": "北鉄金沢バス（株）", "系統": "示野線,西部緑地線" }, "geometry": { "type": "Point", "coordinates": [ 136.595397224048554, 36.582768105640028 ] } },
{ "type": "Feature", "properties": { "バス停": "北安江", "事業会社": "北鉄金沢バス（株）", "系統": "安原線,田中医大線" }, "geometry": { "type": "Point", "coordinates": [ 136.647800158758059, 36.582747353326013 ] } },
{ "type": "Feature", "properties": { "バス停": "北安江", "事業会社": "西日本ジェイアールバス（株）", "系統": "東長江線,城北運動公園線" }, "geometry": { "type": "Point", "coordinates": [ 136.647800158758059, 36.582747353326013 ] } },
{ "type": "Feature", "properties": { "バス停": "北安江", "事業会社": "北鉄金沢バス（株）・北陸鉄道（株）", "系統": "錦町粟崎線" }, "geometry": { "type": "Point", "coordinates": [ 136.647800158758059, 36.582747353326013 ] } },
{ "type": "Feature", "properties": { "バス停": "南御所", "事業会社": "西日本ジェイアールバス（株）", "系統": "東長江線" }, "geometry": { "type": "Point", "coordinates": [ 136.682264324843175, 36.582636312508285 ] } },
{ "type": "Feature", "properties": { "バス停": "東警察署前", "事業会社": "北鉄金沢バス（株）", "系統": "畝田住宅線,鳴和・増泉線,田中医大線" }, "geometry": { "type": "Point", "coordinates": [ 136.663437189912486, 36.582608504289183 ] } },
{ "type": "Feature", "properties": { "バス停": "東警察署前", "事業会社": "北鉄金沢バス（株）・北陸鉄道（株）", "系統": "錦町粟崎線" }, "geometry": { "type": "Point", "coordinates": [ 136.663437189912486, 36.582608504289183 ] } },
{ "type": "Feature", "properties": { "バス停": "勤労者プラザ前", "事業会社": "北鉄金沢バス（株）", "系統": "笠舞駅西線" }, "geometry": { "type": "Point", "coordinates": [ 136.646356920624555, 36.582594846416811 ] } },
{ "type": "Feature", "properties": { "バス停": "御所町", "事業会社": "北鉄金沢バス（株）", "系統": "畝田住宅線,上荒屋線,安原線,鳴和・増泉線,東金沢金大線" }, "geometry": { "type": "Point", "coordinates": [ 136.683923084525873, 36.582572185749875 ] } },
{ "type": "Feature", "properties": { "バス停": "御所町", "事業会社": "西日本ジェイアールバス（株）", "系統": "東長江線" }, "geometry": { "type": "Point", "coordinates": [ 136.683923084525873, 36.582572185749875 ] } },
{ "type": "Feature", "properties": { "バス停": "御所町", "事業会社": "北鉄白山バス（株）・北陸鉄道（株）", "系統": "松任線・金沢寺井線・千代野線" }, "geometry": { "type": "Point", "coordinates": [ 136.683923084525873, 36.582572185749875 ] } },
{ "type": "Feature", "properties": { "バス停": "御所町", "事業会社": "北鉄金沢バス（株）・北陸鉄道（株）", "系統": "錦町粟崎線" }, "geometry": { "type": "Point", "coordinates": [ 136.683923084525873, 36.582572185749875 ] } },
{ "type": "Feature", "properties": { "バス停": "御所町", "事業会社": "北陸鉄道（株）", "系統": "四十万線,四十万金石線" }, "geometry": { "type": "Point", "coordinates": [ 136.683923084525873, 36.582572185749875 ] } },
{ "type": "Feature", "properties": { "バス停": "御所にし公園前", "事業会社": "西日本ジェイアールバス（株）", "系統": "東長江線" }, "geometry": { "type": "Point", "coordinates": [ 136.697968088808921, 36.582035296724179 ] } },
{ "type": "Feature", "properties": { "バス停": "駅西消防署前", "事業会社": "北鉄金沢バス（株）", "系統": "示野線" }, "geometry": { "type": "Point", "coordinates": [ 136.6395170845243, 36.581959807687767 ] } },
{ "type": "Feature", "properties": { "バス停": "元町福祉健康センター前", "事業会社": "北鉄金沢バス（株）", "系統": "元町有松線" }, "geometry": { "type": "Point", "coordinates": [ 136.667345536305021, 36.581748136178412 ] } },
{ "type": "Feature", "properties": { "バス停": "浅野町小学校前", "事業会社": "北鉄金沢バス（株）", "系統": "畝田住宅線,鳴和・増泉線" }, "geometry": { "type": "Point", "coordinates": [ 136.65970584928931, 36.581582208716384 ] } },
{ "type": "Feature", "properties": { "バス停": "浅野町小学校前", "事業会社": "北鉄金沢バス（株）・北陸鉄道（株）", "系統": "錦町粟崎線" }, "geometry": { "type": "Point", "coordinates": [ 136.65970584928931, 36.581582208716384 ] } },
{ "type": "Feature", "properties": { "バス停": "御所町会館前", "事業会社": "西日本ジェイアールバス（株）", "系統": "東長江線" }, "geometry": { "type": "Point", "coordinates": [ 136.700387900886369, 36.5815446273822 ] } },
{ "type": "Feature", "properties": { "バス停": "星稜大学前", "事業会社": "加越能バス（株）", "系統": "井波〜城端駅前〜金沢駅西口,井波〜金沢駅西口" }, "geometry": { "type": "Point", "coordinates": [ 136.685514127320999, 36.581266878889309 ] } },
{ "type": "Feature", "properties": { "バス停": "御所町二丁目南", "事業会社": "西日本ジェイアールバス（株）", "系統": "東長江線" }, "geometry": { "type": "Point", "coordinates": [ 136.698729172119442, 36.581202659759477 ] } },
{ "type": "Feature", "properties": { "バス停": "御所一丁目", "事業会社": "北鉄金沢バス（株）", "系統": "上荒屋線" }, "geometry": { "type": "Point", "coordinates": [ 136.696175503038575, 36.581130346957018 ] } },
{ "type": "Feature", "properties": { "バス停": "御所町一丁目", "事業会社": "西日本ジェイアールバス（株）", "系統": "東長江線" }, "geometry": { "type": "Point", "coordinates": [ 136.696175503038575, 36.581130346957018 ] } },
{ "type": "Feature", "properties": { "バス停": "示野ショッピングセンター", "事業会社": "北鉄金沢バス（株）", "系統": "示野線" }, "geometry": { "type": "Point", "coordinates": [ 136.614875385284023, 36.581057425902905 ] } },
{ "type": "Feature", "properties": { "バス停": "金沢駅東通り", "事業会社": "北鉄金沢バス（株）", "系統": "医王山線,犀川線,安原線" }, "geometry": { "type": "Point", "coordinates": [ 136.649055441137477, 36.580923189265803 ] } },
{ "type": "Feature", "properties": { "バス停": "金沢駅東通り", "事業会社": "北陸鉄道（株）", "系統": "花里線,光が丘住宅線" }, "geometry": { "type": "Point", "coordinates": [ 136.649055441137477, 36.580923189265803 ] } },
{ "type": "Feature", "properties": { "バス停": "金沢駅東通り", "事業会社": "北鉄金沢バス（株）・北陸鉄道（株）", "系統": "錦町粟崎線,鈴見線" }, "geometry": { "type": "Point", "coordinates": [ 136.649055441137477, 36.580923189265803 ] } },
{ "type": "Feature", "properties": { "バス停": "京町", "事業会社": "北鉄金沢バス（株）", "系統": "金沢ふらっとバス　此花ルート" }, "geometry": { "type": "Point", "coordinates": [ 136.657152152358435, 36.580859204251269 ] } },
{ "type": "Feature", "properties": { "バス停": "御所町一丁目中", "事業会社": "西日本ジェイアールバス（株）", "系統": "東長江線" }, "geometry": { "type": "Point", "coordinates": [ 136.693604335036838, 36.58080029841647 ] } },
{ "type": "Feature", "properties": { "バス停": "広岡", "事業会社": "北鉄金沢バス（株）", "系統": "中央病院線,畝田住宅線,笠舞駅西線,医王山線,犀川線,示野線,黒田線,内灘線" }, "geometry": { "type": "Point", "coordinates": [ 136.642869720391275, 36.580756979698016 ] } },
{ "type": "Feature", "properties": { "バス停": "広岡", "事業会社": "北陸鉄道（株）", "系統": "花里線,平和町線・野田線・大桑線,光が丘住宅線,四十万金石線" }, "geometry": { "type": "Point", "coordinates": [ 136.642869720391275, 36.580756979698016 ] } },
{ "type": "Feature", "properties": { "バス停": "広岡", "事業会社": "北鉄金沢バス（株）・北陸鉄道（株）", "系統": "鈴見線" }, "geometry": { "type": "Point", "coordinates": [ 136.642869720391275, 36.580756979698016 ] } },
{ "type": "Feature", "properties": { "バス停": "浅野本町", "事業会社": "北鉄金沢バス（株）", "系統": "金沢ふらっとバス　此花ルート" }, "geometry": { "type": "Point", "coordinates": [ 136.659353686620193, 36.580668723202507 ] } },
{ "type": "Feature", "properties": { "バス停": "桜丘高校前", "事業会社": "北鉄金沢バス（株）", "系統": "畝田住宅線,上荒屋線,安原線,鳴和・増泉線" }, "geometry": { "type": "Point", "coordinates": [ 136.678320846831468, 36.580435469423293 ] } },
{ "type": "Feature", "properties": { "バス停": "桜丘高校前", "事業会社": "北陸鉄道（株）", "系統": "四十万線,四十万金石線" }, "geometry": { "type": "Point", "coordinates": [ 136.678320846831468, 36.580435469423293 ] } },
{ "type": "Feature", "properties": { "バス停": "桜丘高校前", "事業会社": "北鉄金沢バス（株）・北陸鉄道（株）", "系統": "錦町粟崎線" }, "geometry": { "type": "Point", "coordinates": [ 136.678320846831468, 36.580435469423293 ] } },
{ "type": "Feature", "properties": { "バス停": "桜丘高校前", "事業会社": "北鉄白山バス（株）・北陸鉄道（株）", "系統": "松任線・金沢寺井線・千代野線" }, "geometry": { "type": "Point", "coordinates": [ 136.678320846831468, 36.580435469423293 ] } },
{ "type": "Feature", "properties": { "バス停": "浜専光寺", "事業会社": "北鉄金沢バス（株）", "系統": "示野線" }, "geometry": { "type": "Point", "coordinates": [ 136.587056277484777, 36.580385151642766 ] } },
{ "type": "Feature", "properties": { "バス停": "御所町二丁目中", "事業会社": "西日本ジェイアールバス（株）", "系統": "東長江線" }, "geometry": { "type": "Point", "coordinates": [ 136.69967662913578, 36.580334199729798 ] } },
{ "type": "Feature", "properties": { "バス停": "中央市場口", "事業会社": "北鉄金沢バス（株）", "系統": "畝田住宅線" }, "geometry": { "type": "Point", "coordinates": [ 136.634586640718481, 36.580303273924983 ] } },
{ "type": "Feature", "properties": { "バス停": "中央市場口", "事業会社": "北陸鉄道（株）", "系統": "四十万金石線,三馬大野線,金石線" }, "geometry": { "type": "Point", "coordinates": [ 136.634586640718481, 36.580303273924983 ] } },
{ "type": "Feature", "properties": { "バス停": "御所町二丁目北", "事業会社": "西日本ジェイアールバス（株）", "系統": "東長江線" }, "geometry": { "type": "Point", "coordinates": [ 136.700775429684938, 36.580160654109946 ] } },
{ "type": "Feature", "properties": { "バス停": "御所ニュータウン口", "事業会社": "北鉄金沢バス（株）", "系統": "上荒屋線" }, "geometry": { "type": "Point", "coordinates": [ 136.69154619676263, 36.580135318758877 ] } },
{ "type": "Feature", "properties": { "バス停": "御所ニュータウン口", "事業会社": "西日本ジェイアールバス（株）", "系統": "東長江線" }, "geometry": { "type": "Point", "coordinates": [ 136.69154619676263, 36.580135318758877 ] } },
{ "type": "Feature", "properties": { "バス停": "鳴和台", "事業会社": "北鉄金沢バス（株）", "系統": "畝田住宅線,上荒屋線,安原線,鳴和・増泉線" }, "geometry": { "type": "Point", "coordinates": [ 136.681491730542319, 36.579896443464484 ] } },
{ "type": "Feature", "properties": { "バス停": "鳴和台", "事業会社": "北鉄白山バス（株）・北陸鉄道（株）", "系統": "松任線・金沢寺井線・千代野線" }, "geometry": { "type": "Point", "coordinates": [ 136.681491730542319, 36.579896443464484 ] } },
{ "type": "Feature", "properties": { "バス停": "鳴和台", "事業会社": "北鉄金沢バス（株）・北陸鉄道（株）", "系統": "錦町粟崎線" }, "geometry": { "type": "Point", "coordinates": [ 136.681491730542319, 36.579896443464484 ] } },
{ "type": "Feature", "properties": { "バス停": "鳴和台", "事業会社": "北陸鉄道（株）", "系統": "四十万線,四十万金石線" }, "geometry": { "type": "Point", "coordinates": [ 136.681491730542319, 36.579896443464484 ] } },
{ "type": "Feature", "properties": { "バス停": "元町二丁目", "事業会社": "北鉄金沢バス（株）", "系統": "田中医大線" }, "geometry": { "type": "Point", "coordinates": [ 136.664051975785725, 36.579838923486726 ] } },
{ "type": "Feature", "properties": { "バス停": "山の上", "事業会社": "北鉄金沢バス（株）", "系統": "畝田住宅線,木越円光寺線,柳橋円光寺線,上荒屋線,安原線,柳橋寺町線,石引線,津幡線,東山線" }, "geometry": { "type": "Point", "coordinates": [ 136.670423993229065, 36.579831532267796 ] } },
{ "type": "Feature", "properties": { "バス停": "山の上", "事業会社": "西日本ジェイアールバス（株）", "系統": "名金線,深谷温泉線,才田線,東長江線,循環バス" }, "geometry": { "type": "Point", "coordinates": [ 136.670423993229065, 36.579831532267796 ] } },
{ "type": "Feature", "properties": { "バス停": "山の上", "事業会社": "北陸鉄道（株）", "系統": "四十万線,四十万金石線" }, "geometry": { "type": "Point", "coordinates": [ 136.670423993229065, 36.579831532267796 ] } },
{ "type": "Feature", "properties": { "バス停": "山の上", "事業会社": "北鉄白山バス（株）・北陸鉄道（株）", "系統": "松任線・金沢寺井線・千代野線" }, "geometry": { "type": "Point", "coordinates": [ 136.670423993229065, 36.579831532267796 ] } },
{ "type": "Feature", "properties": { "バス停": "駅西本町", "事業会社": "北鉄金沢バス（株）", "系統": "示野線" }, "geometry": { "type": "Point", "coordinates": [ 136.637222621940197, 36.579710071290457 ] } },
{ "type": "Feature", "properties": { "バス停": "高田", "事業会社": "北鉄金沢バス（株）", "系統": "上荒屋線" }, "geometry": { "type": "Point", "coordinates": [ 136.68858256505564, 36.5796838925665 ] } },
{ "type": "Feature", "properties": { "バス停": "高田", "事業会社": "西日本ジェイアールバス（株）", "系統": "東長江線" }, "geometry": { "type": "Point", "coordinates": [ 136.68858256505564, 36.5796838925665 ] } },
{ "type": "Feature", "properties": { "バス停": "御所二丁目", "事業会社": "北鉄金沢バス（株）", "系統": "上荒屋線" }, "geometry": { "type": "Point", "coordinates": [ 136.699124211423651, 36.579593996816925 ] } },
{ "type": "Feature", "properties": { "バス停": "昌永町", "事業会社": "北鉄金沢バス（株）", "系統": "金沢ふらっとバス　此花ルート" }, "geometry": { "type": "Point", "coordinates": [ 136.662007420879718, 36.579523657366124 ] } },
{ "type": "Feature", "properties": { "バス停": "中島大橋", "事業会社": "北鉄金沢バス（株）", "系統": "畝田住宅線,鳴和・増泉線,金沢ふらっとバス　此花ルート" }, "geometry": { "type": "Point", "coordinates": [ 136.654778749928084, 36.579461297133157 ] } },
{ "type": "Feature", "properties": { "バス停": "中島大橋", "事業会社": "北鉄金沢バス（株）・北陸鉄道（株）", "系統": "錦町粟崎線" }, "geometry": { "type": "Point", "coordinates": [ 136.654778749928084, 36.579461297133157 ] } },
{ "type": "Feature", "properties": { "バス停": "森山二丁目", "事業会社": "北鉄金沢バス（株）", "系統": "畝田住宅線,元町有松線,上荒屋線,安原線,津幡線" }, "geometry": { "type": "Point", "coordinates": [ 136.666504043625224, 36.579071302202522 ] } },
{ "type": "Feature", "properties": { "バス停": "森山二丁目", "事業会社": "北陸鉄道（株）", "系統": "四十万線,四十万金石線" }, "geometry": { "type": "Point", "coordinates": [ 136.666504043625224, 36.579071302202522 ] } },
{ "type": "Feature", "properties": { "バス停": "森山二丁目", "事業会社": "北鉄白山バス（株）・北陸鉄道（株）", "系統": "松任線・金沢寺井線・千代野線" }, "geometry": { "type": "Point", "coordinates": [ 136.666504043625224, 36.579071302202522 ] } },
{ "type": "Feature", "properties": { "バス停": "金沢駅西口", "事業会社": "北鉄金沢バス（株）", "系統": "中央病院線,畝田住宅線,笠舞駅西線,医王山線,犀川線,示野線,黒田線,内灘線,田中医大線" }, "geometry": { "type": "Point", "coordinates": [ 136.646233211828388, 36.578942016609055 ] } },
{ "type": "Feature", "properties": { "バス停": "金沢駅西口", "事業会社": "加越能バス（株）", "系統": "金沢〜アウトレットパーク線,井波〜城端駅前〜金沢駅西口,井波〜金沢駅西口" }, "geometry": { "type": "Point", "coordinates": [ 136.646233211828388, 36.578942016609055 ] } },
{ "type": "Feature", "properties": { "バス停": "金沢駅西口", "事業会社": "西日本ジェイアールバス（株）", "系統": "東長江線,城北運動公園線" }, "geometry": { "type": "Point", "coordinates": [ 136.646233211828388, 36.578942016609055 ] } },
{ "type": "Feature", "properties": { "バス停": "金沢駅西口", "事業会社": "北陸鉄道（株）", "系統": "花里線,平和町線・野田線・大桑線,光が丘住宅線,四十万金石線,金石線" }, "geometry": { "type": "Point", "coordinates": [ 136.646233211828388, 36.578942016609055 ] } },
{ "type": "Feature", "properties": { "バス停": "金沢駅西口", "事業会社": "北鉄能登バス（株）", "系統": "富来線" }, "geometry": { "type": "Point", "coordinates": [ 136.646233211828388, 36.578942016609055 ] } },
{ "type": "Feature", "properties": { "バス停": "金沢駅西口", "事業会社": "北鉄金沢バス（株）・北陸鉄道（株）", "系統": "錦町粟崎線,鈴見線" }, "geometry": { "type": "Point", "coordinates": [ 136.646233211828388, 36.578942016609055 ] } },
{ "type": "Feature", "properties": { "バス停": "此花町", "事業会社": "北鉄金沢バス（株）", "系統": "金沢ふらっとバス　此花ルート" }, "geometry": { "type": "Point", "coordinates": [ 136.652671419301015, 36.578677194961088 ] } },
{ "type": "Feature", "properties": { "バス停": "中示野", "事業会社": "北鉄金沢バス（株）", "系統": "示野線" }, "geometry": { "type": "Point", "coordinates": [ 136.617748041758915, 36.578636680228485 ] } },
{ "type": "Feature", "properties": { "バス停": "示野雪吊橋", "事業会社": "北鉄金沢バス（株）", "系統": "示野線" }, "geometry": { "type": "Point", "coordinates": [ 136.609086072702326, 36.578545252053274 ] } },
{ "type": "Feature", "properties": { "バス停": "金沢駅東口", "事業会社": "北鉄金沢バス（株）", "系統": "畝田住宅線,湯涌線,医王山線,犀川線,寺町線,安原線,西部緑地線,鳴和・増泉線,東山線,卯辰山線,北陸大学線,金沢ふらっとバス　此花ルート" }, "geometry": { "type": "Point", "coordinates": [ 136.650107998310403, 36.578146378653955 ] } },
{ "type": "Feature", "properties": { "バス停": "金沢駅", "事業会社": "北鉄白山バス（株）", "系統": "鳥越線,白峰線,野々市線,八日市線" }, "geometry": { "type": "Point", "coordinates": [ 136.650107998310403, 36.578146378653955 ] } },
{ "type": "Feature", "properties": { "バス停": "総合スポーツセンター前", "事業会社": "北鉄金沢バス（株）", "系統": "示野線,西部緑地線" }, "geometry": { "type": "Point", "coordinates": [ 136.597590120823213, 36.57810798561038 ] } },
{ "type": "Feature", "properties": { "バス停": "袋畠西部緑地公園前", "事業会社": "北鉄金沢バス（株）", "系統": "示野線" }, "geometry": { "type": "Point", "coordinates": [ 136.60498664075385, 36.578099069788713 ] } },
{ "type": "Feature", "properties": { "バス停": "長田町", "事業会社": "北鉄金沢バス（株）", "系統": "畝田住宅線" }, "geometry": { "type": "Point", "coordinates": [ 136.639188420242192, 36.578062000648906 ] } },
{ "type": "Feature", "properties": { "バス停": "長田町", "事業会社": "北陸鉄道（株）", "系統": "四十万金石線,三馬大野線,金石線" }, "geometry": { "type": "Point", "coordinates": [ 136.639188420242192, 36.578062000648906 ] } },
{ "type": "Feature", "properties": { "バス停": "桜田", "事業会社": "北鉄金沢バス（株）", "系統": "示野線" }, "geometry": { "type": "Point", "coordinates": [ 136.62055255144486, 36.577950676724249 ] } },
{ "type": "Feature", "properties": { "バス停": "出雲", "事業会社": "北鉄金沢バス（株）", "系統": "示野線" }, "geometry": { "type": "Point", "coordinates": [ 136.627020958886618, 36.577595224991072 ] } },
{ "type": "Feature", "properties": { "バス停": "小橋町", "事業会社": "北鉄金沢バス（株）", "系統": "畝田住宅線,元町有松線,上荒屋線,安原線,田中医大線,津幡線" }, "geometry": { "type": "Point", "coordinates": [ 136.662709945394624, 36.577590618133065 ] } },
{ "type": "Feature", "properties": { "バス停": "小橋町", "事業会社": "北陸鉄道（株）", "系統": "四十万線,四十万金石線,城下町金沢周遊バス" }, "geometry": { "type": "Point", "coordinates": [ 136.662709945394624, 36.577590618133065 ] } },
{ "type": "Feature", "properties": { "バス停": "小橋町", "事業会社": "北鉄白山バス（株）・北陸鉄道（株）", "系統": "松任線・金沢寺井線・千代野線" }, "geometry": { "type": "Point", "coordinates": [ 136.662709945394624, 36.577590618133065 ] } },
{ "type": "Feature", "properties": { "バス停": "金沢駅東口", "事業会社": "西日本ジェイアールバス（株）", "系統": "名金線,深谷温泉線,才田線,東長江線,循環バス" }, "geometry": { "type": "Point", "coordinates": [ 136.649665832032724, 36.577543950337365 ] } },
{ "type": "Feature", "properties": { "バス停": "金沢駅東口", "事業会社": "北陸鉄道（株）", "系統": "花里線,平和町線・野田線・大桑線,光が丘住宅線,額住宅線,工業大学線,四十万線,三馬線,三馬大野線,野々市円光寺線,城下町金沢周遊バス" }, "geometry": { "type": "Point", "coordinates": [ 136.649665832032724, 36.577543950337365 ] } },
{ "type": "Feature", "properties": { "バス停": "金沢駅東口", "事業会社": "北鉄白山バス（株）・北陸鉄道（株）", "系統": "辰口線,松任線・金沢寺井線・千代野線" }, "geometry": { "type": "Point", "coordinates": [ 136.649665832032724, 36.577543950337365 ] } },
{ "type": "Feature", "properties": { "バス停": "金沢駅東口", "事業会社": "金沢ライトアップバス実行委員会", "系統": "金沢ライトアップバス" }, "geometry": { "type": "Point", "coordinates": [ 136.649665832032724, 36.577543950337365 ] } },
{ "type": "Feature", "properties": { "バス停": "金沢駅東口", "事業会社": "北鉄金沢バス（株）・北陸鉄道（株）", "系統": "錦町粟崎線,錦町B線,鈴見線,金沢大学線" }, "geometry": { "type": "Point", "coordinates": [ 136.649665832032724, 36.577543950337365 ] } },
{ "type": "Feature", "properties": { "バス停": "夕日寺小学校前", "事業会社": "西日本ジェイアールバス（株）", "系統": "東長江線" }, "geometry": { "type": "Point", "coordinates": [ 136.690963864475748, 36.577416515958191 ] } },
{ "type": "Feature", "properties": { "バス停": "金沢駅東", "事業会社": "北鉄金沢バス（株）", "系統": "金沢ふらっとバス　此花ルート" }, "geometry": { "type": "Point", "coordinates": [ 136.650296917122688, 36.577202344336406 ] } },
{ "type": "Feature", "properties": { "バス停": "森山", "事業会社": "北鉄金沢バス（株）", "系統": "木越円光寺線,柳橋円光寺線,柳橋寺町線,石引線,東山線" }, "geometry": { "type": "Point", "coordinates": [ 136.668539524985704, 36.577174120140143 ] } },
{ "type": "Feature", "properties": { "バス停": "森山", "事業会社": "西日本ジェイアールバス（株）", "系統": "名金線,深谷温泉線,才田線,東長江線,循環バス" }, "geometry": { "type": "Point", "coordinates": [ 136.668539524985704, 36.577174120140143 ] } },
{ "type": "Feature", "properties": { "バス停": "馬場児童公園", "事業会社": "北鉄金沢バス（株）", "系統": "金沢ふらっとバス　此花ルート" }, "geometry": { "type": "Point", "coordinates": [ 136.663703505349417, 36.577034327126128 ] } },
{ "type": "Feature", "properties": { "バス停": "二口", "事業会社": "北鉄金沢バス（株）", "系統": "示野線" }, "geometry": { "type": "Point", "coordinates": [ 136.633679386325781, 36.577027589235868 ] } },
{ "type": "Feature", "properties": { "バス停": "瓢箪町", "事業会社": "北鉄金沢バス（株）", "系統": "畝田住宅線,元町有松線,上荒屋線,安原線,田中医大線,津幡線" }, "geometry": { "type": "Point", "coordinates": [ 136.66083511519156, 36.576905957827528 ] } },
{ "type": "Feature", "properties": { "バス停": "瓢箪町", "事業会社": "北鉄白山バス（株）・北陸鉄道（株）", "系統": "松任線・金沢寺井線・千代野線" }, "geometry": { "type": "Point", "coordinates": [ 136.66083511519156, 36.576905957827528 ] } },
{ "type": "Feature", "properties": { "バス停": "瓢箪町", "事業会社": "北陸鉄道（株）", "系統": "四十万線,四十万金石線" }, "geometry": { "type": "Point", "coordinates": [ 136.66083511519156, 36.576905957827528 ] } },
{ "type": "Feature", "properties": { "バス停": "下安原西", "事業会社": "北鉄金沢バス（株）", "系統": "示野線" }, "geometry": { "type": "Point", "coordinates": [ 136.57836420736723, 36.576617368076143 ] } },
{ "type": "Feature", "properties": { "バス停": "別院通り口", "事業会社": "北鉄金沢バス（株）", "系統": "金沢ふらっとバス　此花ルート" }, "geometry": { "type": "Point", "coordinates": [ 136.652094049026061, 36.576581359399974 ] } },
{ "type": "Feature", "properties": { "バス停": "小橋町", "事業会社": "北鉄金沢バス（株）", "系統": "金沢ふらっとバス　此花ルート" }, "geometry": { "type": "Point", "coordinates": [ 136.662415843802847, 36.576573257254481 ] } },
{ "type": "Feature", "properties": { "バス停": "別院通り", "事業会社": "北鉄金沢バス（株）", "系統": "金沢ふらっとバス　此花ルート" }, "geometry": { "type": "Point", "coordinates": [ 136.654425566859885, 36.576480039241233 ] } },
{ "type": "Feature", "properties": { "バス停": "長田一丁目", "事業会社": "北鉄金沢バス（株）", "系統": "畝田住宅線" }, "geometry": { "type": "Point", "coordinates": [ 136.64249995834362, 36.576381453188276 ] } },
{ "type": "Feature", "properties": { "バス停": "長田一丁目", "事業会社": "北陸鉄道（株）", "系統": "四十万金石線,三馬大野線,金石線" }, "geometry": { "type": "Point", "coordinates": [ 136.64249995834362, 36.576381453188276 ] } },
{ "type": "Feature", "properties": { "バス停": "明成小学校前", "事業会社": "北陸鉄道（株）", "系統": "城下町金沢周遊バス" }, "geometry": { "type": "Point", "coordinates": [ 136.656914863053544, 36.576120981086888 ] } },
{ "type": "Feature", "properties": { "バス停": "東別院表参道口", "事業会社": "北鉄金沢バス（株）", "系統": "金沢ふらっとバス　此花ルート" }, "geometry": { "type": "Point", "coordinates": [ 136.655675501133601, 36.576100121185725 ] } },
{ "type": "Feature", "properties": { "バス停": "広岡口", "事業会社": "北鉄金沢バス（株）", "系統": "中央病院線,畝田住宅線,笠舞駅西線,医王山線,犀川線,黒田線,内灘線" }, "geometry": { "type": "Point", "coordinates": [ 136.643416310355832, 36.575923754317593 ] } },
{ "type": "Feature", "properties": { "バス停": "広岡口", "事業会社": "北陸鉄道（株）", "系統": "花里線,平和町線・野田線・大桑線,四十万金石線,金石線" }, "geometry": { "type": "Point", "coordinates": [ 136.643416310355832, 36.575923754317593 ] } },
{ "type": "Feature", "properties": { "バス停": "広岡口", "事業会社": "北鉄金沢バス（株）・北陸鉄道（株）", "系統": "錦町粟崎線,鈴見線" }, "geometry": { "type": "Point", "coordinates": [ 136.643416310355832, 36.575923754317593 ] } },
{ "type": "Feature", "properties": { "バス停": "長江口", "事業会社": "西日本ジェイアールバス（株）", "系統": "東長江線" }, "geometry": { "type": "Point", "coordinates": [ 136.693047370297222, 36.575869565157198 ] } },
{ "type": "Feature", "properties": { "バス停": "リファーレ前", "事業会社": "北鉄金沢バス（株）", "系統": "湯涌線,医王山線,犀川線,寺町線,安原線,西部緑地線,東山線,卯辰山線,北陸大学線" }, "geometry": { "type": "Point", "coordinates": [ 136.652195464147752, 36.575838407436912 ] } },
{ "type": "Feature", "properties": { "バス停": "リファーレ前", "事業会社": "西日本ジェイアールバス（株）", "系統": "名金線,深谷温泉線,才田線,東長江線,循環バス" }, "geometry": { "type": "Point", "coordinates": [ 136.652195464147752, 36.575838407436912 ] } },
{ "type": "Feature", "properties": { "バス停": "リファーレ前", "事業会社": "北鉄白山バス（株）", "系統": "鳥越線,白峰線,野々市線,八日市線" }, "geometry": { "type": "Point", "coordinates": [ 136.652195464147752, 36.575838407436912 ] } },
{ "type": "Feature", "properties": { "バス停": "リファーレ前", "事業会社": "北陸鉄道（株）", "系統": "花里線,光が丘住宅線,額住宅線,工業大学線,四十万線,三馬線,野々市円光寺線" }, "geometry": { "type": "Point", "coordinates": [ 136.652195464147752, 36.575838407436912 ] } },
{ "type": "Feature", "properties": { "バス停": "リファーレ前", "事業会社": "北鉄金沢バス（株）・北陸鉄道（株）", "系統": "錦町B線,鈴見線,金沢大学線" }, "geometry": { "type": "Point", "coordinates": [ 136.652195464147752, 36.575838407436912 ] } },
{ "type": "Feature", "properties": { "バス停": "リファーレ前", "事業会社": "北鉄白山バス（株）・北陸鉄道（株）", "系統": "辰口線,松任線・金沢寺井線・千代野線" }, "geometry": { "type": "Point", "coordinates": [ 136.652195464147752, 36.575838407436912 ] } },
{ "type": "Feature", "properties": { "バス停": "森山一丁目", "事業会社": "北陸鉄道（株）", "系統": "城下町金沢周遊バス" }, "geometry": { "type": "Point", "coordinates": [ 136.665547029975045, 36.57580037293117 ] } },
{ "type": "Feature", "properties": { "バス停": "西部緑地公園", "事業会社": "北鉄金沢バス（株）", "系統": "西部緑地線" }, "geometry": { "type": "Point", "coordinates": [ 136.600157769005619, 36.575525074146377 ] } },
{ "type": "Feature", "properties": { "バス停": "彦三北", "事業会社": "北鉄金沢バス（株）", "系統": "金沢ふらっとバス　此花ルート" }, "geometry": { "type": "Point", "coordinates": [ 136.660960169235864, 36.575405616497925 ] } },
{ "type": "Feature", "properties": { "バス停": "東山三丁目", "事業会社": "北陸鉄道（株）", "系統": "城下町金沢周遊バス" }, "geometry": { "type": "Point", "coordinates": [ 136.665754532961017, 36.575359607201904 ] } },
{ "type": "Feature", "properties": { "バス停": "リファーレ・西門通り", "事業会社": "西日本ジェイアールバス（株）", "系統": "金沢ふらっとバス　長町ルート" }, "geometry": { "type": "Point", "coordinates": [ 136.651995226945502, 36.575220986686205 ] } },
{ "type": "Feature", "properties": { "バス停": "中央公民館彦三館", "事業会社": "北鉄金沢バス（株）", "系統": "金沢ふらっとバス　此花ルート" }, "geometry": { "type": "Point", "coordinates": [ 136.658971159481126, 36.575109504906969 ] } },
{ "type": "Feature", "properties": { "バス停": "東山", "事業会社": "北鉄金沢バス（株）", "系統": "木越円光寺線,柳橋円光寺線,柳橋寺町線,石引線,東山線" }, "geometry": { "type": "Point", "coordinates": [ 136.666820575113348, 36.575094111284507 ] } },
{ "type": "Feature", "properties": { "バス停": "東山", "事業会社": "西日本ジェイアールバス（株）", "系統": "名金線,深谷温泉線,才田線,東長江線,循環バス" }, "geometry": { "type": "Point", "coordinates": [ 136.666820575113348, 36.575094111284507 ] } },
{ "type": "Feature", "properties": { "バス停": "中橋", "事業会社": "北鉄金沢バス（株）", "系統": "中央病院線,畝田住宅線,笠舞駅西線,内灘線" }, "geometry": { "type": "Point", "coordinates": [ 136.645416228489154, 36.574924483296584 ] } },
{ "type": "Feature", "properties": { "バス停": "中橋", "事業会社": "北陸鉄道（株）", "系統": "四十万金石線,三馬大野線" }, "geometry": { "type": "Point", "coordinates": [ 136.645416228489154, 36.574924483296584 ] } },
{ "type": "Feature", "properties": { "バス停": "中橋", "事業会社": "北鉄金沢バス（株）・北陸鉄道（株）", "系統": "錦町粟崎線,鈴見線" }, "geometry": { "type": "Point", "coordinates": [ 136.645416228489154, 36.574924483296584 ] } },
{ "type": "Feature", "properties": { "バス停": "山王町二丁目", "事業会社": "西日本ジェイアールバス（株）", "系統": "東長江線" }, "geometry": { "type": "Point", "coordinates": [ 136.698093381520238, 36.574888741502278 ] } },
{ "type": "Feature", "properties": { "バス停": "下安原公民館", "事業会社": "北鉄金沢バス（株）", "系統": "示野線" }, "geometry": { "type": "Point", "coordinates": [ 136.576603619593584, 36.574394857249317 ] } },
{ "type": "Feature", "properties": { "バス停": "東別院", "事業会社": "北鉄金沢バス（株）", "系統": "金沢ふらっとバス　此花ルート" }, "geometry": { "type": "Point", "coordinates": [ 136.655527811430545, 36.574294533675179 ] } },
{ "type": "Feature", "properties": { "バス停": "山王町一丁目", "事業会社": "西日本ジェイアールバス（株）", "系統": "東長江線" }, "geometry": { "type": "Point", "coordinates": [ 136.700877052044746, 36.574166429152164 ] } },
{ "type": "Feature", "properties": { "バス停": "彦三町1丁目", "事業会社": "北鉄金沢バス（株）", "系統": "金沢ふらっとバス　此花ルート" }, "geometry": { "type": "Point", "coordinates": [ 136.660907450185562, 36.574110520507823 ] } },
{ "type": "Feature", "properties": { "バス停": "本町", "事業会社": "北陸鉄道（株）", "系統": "平和町線・野田線・大桑線" }, "geometry": { "type": "Point", "coordinates": [ 136.651153116127205, 36.573970024823147 ] } },
{ "type": "Feature", "properties": { "バス停": "元菊町", "事業会社": "北鉄金沢バス（株）", "系統": "黒田線" }, "geometry": { "type": "Point", "coordinates": [ 136.641280154421224, 36.573942581430686 ] } },
{ "type": "Feature", "properties": { "バス停": "元菊町", "事業会社": "北陸鉄道（株）", "系統": "平和町線・野田線・大桑線" }, "geometry": { "type": "Point", "coordinates": [ 136.641280154421224, 36.573942581430686 ] } },
{ "type": "Feature", "properties": { "バス停": "六枚町", "事業会社": "北鉄金沢バス（株）", "系統": "中央病院線,畝田住宅線,笠舞駅西線,湯涌線,医王山線,犀川線,内灘線,鳴和・増泉線,東山線" }, "geometry": { "type": "Point", "coordinates": [ 136.647347261163731, 36.573897161756527 ] } },
{ "type": "Feature", "properties": { "バス停": "六枚町", "事業会社": "西日本ジェイアールバス（株）", "系統": "名金線,深谷温泉線,才田線,東長江線,循環バス" }, "geometry": { "type": "Point", "coordinates": [ 136.647347261163731, 36.573897161756527 ] } },
{ "type": "Feature", "properties": { "バス停": "六枚町", "事業会社": "北陸鉄道（株）", "系統": "花里線,平和町線・野田線・大桑線,四十万金石線,三馬大野線" }, "geometry": { "type": "Point", "coordinates": [ 136.647347261163731, 36.573897161756527 ] } },
{ "type": "Feature", "properties": { "バス停": "六枚町", "事業会社": "北鉄金沢バス（株）・北陸鉄道（株）", "系統": "錦町粟崎線,錦町B線,鈴見線" }, "geometry": { "type": "Point", "coordinates": [ 136.647347261163731, 36.573897161756527 ] } },
{ "type": "Feature", "properties": { "バス停": "彦三", "事業会社": "北鉄金沢バス（株）", "系統": "畝田住宅線,元町有松線,上荒屋線,安原線,田中医大線,津幡線" }, "geometry": { "type": "Point", "coordinates": [ 136.657665468363717, 36.573804654889614 ] } },
{ "type": "Feature", "properties": { "バス停": "彦三", "事業会社": "北陸鉄道（株）", "系統": "四十万線,四十万金石線" }, "geometry": { "type": "Point", "coordinates": [ 136.657665468363717, 36.573804654889614 ] } },
{ "type": "Feature", "properties": { "バス停": "彦三", "事業会社": "北鉄白山バス（株）・北陸鉄道（株）", "系統": "松任線・金沢寺井線・千代野線" }, "geometry": { "type": "Point", "coordinates": [ 136.657665468363717, 36.573804654889614 ] } },
{ "type": "Feature", "properties": { "バス停": "下安原", "事業会社": "北鉄金沢バス（株）", "系統": "示野線" }, "geometry": { "type": "Point", "coordinates": [ 136.582735354920288, 36.573201617391618 ] } },
{ "type": "Feature", "properties": { "バス停": "武蔵ヶ辻・金澤表参道", "事業会社": "北鉄金沢バス（株）", "系統": "金沢ふらっとバス　此花ルート" }, "geometry": { "type": "Point", "coordinates": [ 136.655266779573878, 36.572869446010195 ] } },
{ "type": "Feature", "properties": { "バス停": "玉川町", "事業会社": "西日本ジェイアールバス（株）", "系統": "金沢ふらっとバス　長町ルート" }, "geometry": { "type": "Point", "coordinates": [ 136.65100956497912, 36.572839341182885 ] } },
{ "type": "Feature", "properties": { "バス停": "若宮町", "事業会社": "北鉄金沢バス（株）", "系統": "黒田線" }, "geometry": { "type": "Point", "coordinates": [ 136.63131312516893, 36.572683401664769 ] } },
{ "type": "Feature", "properties": { "バス停": "彦三緑地", "事業会社": "北鉄金沢バス（株）", "系統": "金沢ふらっとバス　此花ルート" }, "geometry": { "type": "Point", "coordinates": [ 136.660890013226123, 36.572650726217582 ] } },
{ "type": "Feature", "properties": { "バス停": "東長江", "事業会社": "西日本ジェイアールバス（株）", "系統": "東長江線" }, "geometry": { "type": "Point", "coordinates": [ 136.697446023857765, 36.572629016426305 ] } },
{ "type": "Feature", "properties": { "バス停": "山王口", "事業会社": "西日本ジェイアールバス（株）", "系統": "東長江線" }, "geometry": { "type": "Point", "coordinates": [ 136.703751582258661, 36.572546175222612 ] } },
{ "type": "Feature", "properties": { "バス停": "袋町", "事業会社": "西日本ジェイアールバス（株）", "系統": "金沢ふらっとバス　材木ルート" }, "geometry": { "type": "Point", "coordinates": [ 136.657402768064543, 36.572405398554046 ] } },
{ "type": "Feature", "properties": { "バス停": "橋場町（ひがし・主計町茶屋街）", "事業会社": "北陸鉄道（株）", "系統": "城下町金沢周遊バス" }, "geometry": { "type": "Point", "coordinates": [ 136.664618356820853, 36.572341684199394 ] } },
{ "type": "Feature", "properties": { "バス停": "武蔵ヶ辻・近江町市場", "事業会社": "北鉄金沢バス（株）", "系統": "中央病院線,畝田住宅線,笠舞駅西線,湯涌線,医王山線,犀川線,寺町線,木越円光寺線,柳橋円光寺線,元町有松線,上荒屋線,安原線,西部緑地線,黒田線,内灘線,田中医大線,津幡線,東山線,卯辰山線,北陸大学線" }, "geometry": { "type": "Point", "coordinates": [ 136.655938156926908, 36.572100958371365 ] } },
{ "type": "Feature", "properties": { "バス停": "武蔵ヶ辻・近江町市場", "事業会社": "西日本ジェイアールバス（株）", "系統": "名金線,深谷温泉線,才田線,東長江線,循環バス,金沢ふらっとバス　材木ルート,金沢ふらっとバス　長町ルート" }, "geometry": { "type": "Point", "coordinates": [ 136.655938156926908, 36.572100958371365 ] } },
{ "type": "Feature", "properties": { "バス停": "武蔵ヶ辻・近江町市場", "事業会社": "北鉄白山バス（株）", "系統": "鳥越線,白峰線,野々市線,八日市線" }, "geometry": { "type": "Point", "coordinates": [ 136.655938156926908, 36.572100958371365 ] } },
{ "type": "Feature", "properties": { "バス停": "武蔵ヶ辻・近江町市場", "事業会社": "北陸鉄道（株）", "系統": "花里線,平和町線・野田線・大桑線,光が丘住宅線,額住宅線,工業大学線,四十万線,四十万金石線,三馬線,三馬大野線,野々市円光寺線" }, "geometry": { "type": "Point", "coordinates": [ 136.655938156926908, 36.572100958371365 ] } },
{ "type": "Feature", "properties": { "バス停": "武蔵ヶ辻・近江町市場", "事業会社": "北鉄金沢バス（株）・北陸鉄道（株）", "系統": "錦町粟崎線,錦町B線,鈴見線,金沢大学線" }, "geometry": { "type": "Point", "coordinates": [ 136.655938156926908, 36.572100958371365 ] } },
{ "type": "Feature", "properties": { "バス停": "武蔵ヶ辻・近江町市場", "事業会社": "北鉄白山バス（株）・北陸鉄道（株）", "系統": "辰口線,松任線・金沢寺井線・千代野線" }, "geometry": { "type": "Point", "coordinates": [ 136.655938156926908, 36.572100958371365 ] } },
{ "type": "Feature", "properties": { "バス停": "武蔵ヶ辻・近江町市場", "事業会社": "金沢ライトアップバス実行委員会", "系統": "金沢ライトアップバス" }, "geometry": { "type": "Point", "coordinates": [ 136.655938156926908, 36.572100958371365 ] } },
{ "type": "Feature", "properties": { "バス停": "武蔵ヶ辻・近江町市場（いちば館前）", "事業会社": "北陸鉄道（株）", "系統": "城下町金沢周遊バス" }, "geometry": { "type": "Point", "coordinates": [ 136.655938156926908, 36.572100958371365 ] } },
{ "type": "Feature", "properties": { "バス停": "武蔵ヶ辻・近江町市場（金沢エムザ黒門小路前）", "事業会社": "北陸鉄道（株）", "系統": "城下町金沢周遊バス" }, "geometry": { "type": "Point", "coordinates": [ 136.655938156926908, 36.572100958371365 ] } },
{ "type": "Feature", "properties": { "バス停": "近江町市場・市姫神社", "事業会社": "北鉄金沢バス（株）", "系統": "金沢ふらっとバス　此花ルート" }, "geometry": { "type": "Point", "coordinates": [ 136.657005316082063, 36.571906568690189 ] } },
{ "type": "Feature", "properties": { "バス停": "浅野川大橋", "事業会社": "西日本ジェイアールバス（株）", "系統": "金沢ふらっとバス　材木ルート" }, "geometry": { "type": "Point", "coordinates": [ 136.664547556237522, 36.571691775861531 ] } },
{ "type": "Feature", "properties": { "バス停": "町民文化館", "事業会社": "北鉄金沢バス（株）", "系統": "金沢ふらっとバス　此花ルート" }, "geometry": { "type": "Point", "coordinates": [ 136.65908269347085, 36.571516955308311 ] } },
{ "type": "Feature", "properties": { "バス停": "老舗交流館", "事業会社": "西日本ジェイアールバス（株）", "系統": "金沢ふらっとバス　材木ルート" }, "geometry": { "type": "Point", "coordinates": [ 136.659409061993784, 36.571480857856606 ] } },
{ "type": "Feature", "properties": { "バス停": "尾張町", "事業会社": "北鉄金沢バス（株）", "系統": "湯涌線,犀川線,木越円光寺線,柳橋円光寺線,東山線" }, "geometry": { "type": "Point", "coordinates": [ 136.660822574030874, 36.571332855190036 ] } },
{ "type": "Feature", "properties": { "バス停": "尾張町", "事業会社": "西日本ジェイアールバス（株）", "系統": "名金線,才田線,東長江線,循環バス,金沢ふらっとバス　材木ルート" }, "geometry": { "type": "Point", "coordinates": [ 136.660822574030874, 36.571332855190036 ] } },
{ "type": "Feature", "properties": { "バス停": "尾張町", "事業会社": "金沢ライトアップバス実行委員会", "系統": "金沢ライトアップバス" }, "geometry": { "type": "Point", "coordinates": [ 136.660822574030874, 36.571332855190036 ] } },
{ "type": "Feature", "properties": { "バス停": "尾張町", "事業会社": "北鉄金沢バス（株）・北陸鉄道（株）", "系統": "錦町B線" }, "geometry": { "type": "Point", "coordinates": [ 136.660822574030874, 36.571332855190036 ] } },
{ "type": "Feature", "properties": { "バス停": "泉鏡花記念館", "事業会社": "西日本ジェイアールバス（株）", "系統": "金沢ふらっとバス　材木ルート" }, "geometry": { "type": "Point", "coordinates": [ 136.663111302496986, 36.571051557546618 ] } },
{ "type": "Feature", "properties": { "バス停": "橋場町", "事業会社": "北鉄金沢バス（株）", "系統": "湯涌線,犀川線,木越円光寺線,柳橋円光寺線,柳橋寺町線,石引線,東山線" }, "geometry": { "type": "Point", "coordinates": [ 136.663879858380596, 36.57098908379006 ] } },
{ "type": "Feature", "properties": { "バス停": "橋場町・ひがし茶屋街", "事業会社": "西日本ジェイアールバス（株）", "系統": "名金線,深谷温泉線,才田線,東長江線,循環バス" }, "geometry": { "type": "Point", "coordinates": [ 136.663879858380596, 36.57098908379006 ] } },
{ "type": "Feature", "properties": { "バス停": "橋場町", "事業会社": "北鉄金沢バス（株）・北陸鉄道（株）", "系統": "錦町B線" }, "geometry": { "type": "Point", "coordinates": [ 136.663879858380596, 36.57098908379006 ] } },
{ "type": "Feature", "properties": { "バス停": "橋場町", "事業会社": "金沢ライトアップバス実行委員会", "系統": "金沢ライトアップバス" }, "geometry": { "type": "Point", "coordinates": [ 136.663879858380596, 36.57098908379006 ] } },
{ "type": "Feature", "properties": { "バス停": "豊国神社前", "事業会社": "北鉄金沢バス（株）", "系統": "卯辰山線" }, "geometry": { "type": "Point", "coordinates": [ 136.671684553657371, 36.570867055683721 ] } },
{ "type": "Feature", "properties": { "バス停": "みどり二丁目", "事業会社": "北鉄金沢バス（株）", "系統": "安原線" }, "geometry": { "type": "Point", "coordinates": [ 136.585217752954378, 36.570742878410897 ] } },
{ "type": "Feature", "properties": { "バス停": "三社", "事業会社": "北鉄金沢バス（株）", "系統": "鳴和・増泉線" }, "geometry": { "type": "Point", "coordinates": [ 136.64590250238237, 36.570721440830908 ] } },
{ "type": "Feature", "properties": { "バス停": "梅ノ橋", "事業会社": "西日本ジェイアールバス（株）", "系統": "金沢ふらっとバス　材木ルート" }, "geometry": { "type": "Point", "coordinates": [ 136.666034710174472, 36.570656124901994 ] } },
{ "type": "Feature", "properties": { "バス停": "JA二塚支店前", "事業会社": "北鉄金沢バス（株）", "系統": "安原線" }, "geometry": { "type": "Point", "coordinates": [ 136.598109573264537, 36.570643703286919 ] } },
{ "type": "Feature", "properties": { "バス停": "玉鉾二丁目", "事業会社": "北鉄金沢バス（株）", "系統": "黒田線" }, "geometry": { "type": "Point", "coordinates": [ 136.62765518400974, 36.570581970210426 ] } },
{ "type": "Feature", "properties": { "バス停": "十間町", "事業会社": "西日本ジェイアールバス（株）", "系統": "金沢ふらっとバス　材木ルート" }, "geometry": { "type": "Point", "coordinates": [ 136.656783999370333, 36.570574525565327 ] } },
{ "type": "Feature", "properties": { "バス停": "玉川図書館", "事業会社": "西日本ジェイアールバス（株）", "系統": "金沢ふらっとバス　長町ルート" }, "geometry": { "type": "Point", "coordinates": [ 136.651210771869415, 36.570387734508017 ] } },
{ "type": "Feature", "properties": { "バス停": "橋場町（金城棲前）", "事業会社": "北陸鉄道（株）", "系統": "城下町金沢周遊バス" }, "geometry": { "type": "Point", "coordinates": [ 136.664016264710881, 36.570332514142962 ] } },
{ "type": "Feature", "properties": { "バス停": "橋場町（金城棲向い）", "事業会社": "北陸鉄道（株）", "系統": "城下町金沢周遊バス" }, "geometry": { "type": "Point", "coordinates": [ 136.664016264710881, 36.570332514142962 ] } },
{ "type": "Feature", "properties": { "バス停": "芳斉1丁目", "事業会社": "西日本ジェイアールバス（株）", "系統": "金沢ふらっとバス　長町ルート" }, "geometry": { "type": "Point", "coordinates": [ 136.647608520094195, 36.570267375661018 ] } },
{ "type": "Feature", "properties": { "バス停": "松ヶ枝緑地", "事業会社": "西日本ジェイアールバス（株）", "系統": "金沢ふらっとバス　長町ルート" }, "geometry": { "type": "Point", "coordinates": [ 136.653408135194439, 36.570128384834618 ] } },
{ "type": "Feature", "properties": { "バス停": "松島北", "事業会社": "北鉄金沢バス（株）", "系統": "安原線,西部緑地線" }, "geometry": { "type": "Point", "coordinates": [ 136.601498854529183, 36.570081928168342 ] } },
{ "type": "Feature", "properties": { "バス停": "大手町", "事業会社": "西日本ジェイアールバス（株）", "系統": "金沢ふらっとバス　材木ルート" }, "geometry": { "type": "Point", "coordinates": [ 136.660286279983495, 36.570045246712645 ] } },
{ "type": "Feature", "properties": { "バス停": "望湖台", "事業会社": "北鉄金沢バス（株）", "系統": "卯辰山線" }, "geometry": { "type": "Point", "coordinates": [ 136.676606152589414, 36.569971690497233 ] } },
{ "type": "Feature", "properties": { "バス停": "女性センター", "事業会社": "西日本ジェイアールバス（株）", "系統": "金沢ふらっとバス　長町ルート" }, "geometry": { "type": "Point", "coordinates": [ 136.645722276511293, 36.56985960679588 ] } },
{ "type": "Feature", "properties": { "バス停": "並木町", "事業会社": "西日本ジェイアールバス（株）", "系統": "金沢ふらっとバス　材木ルート" }, "geometry": { "type": "Point", "coordinates": [ 136.667549907650368, 36.569853775934305 ] } },
{ "type": "Feature", "properties": { "バス停": "大豆田", "事業会社": "北鉄金沢バス（株）", "系統": "黒田線" }, "geometry": { "type": "Point", "coordinates": [ 136.636176807324972, 36.569823004636859 ] } },
{ "type": "Feature", "properties": { "バス停": "大豆田", "事業会社": "北陸鉄道（株）", "系統": "平和町線・野田線・大桑線" }, "geometry": { "type": "Point", "coordinates": [ 136.636176807324972, 36.569823004636859 ] } },
{ "type": "Feature", "properties": { "バス停": "二塚", "事業会社": "北鉄金沢バス（株）", "系統": "安原線" }, "geometry": { "type": "Point", "coordinates": [ 136.595992367552668, 36.569799042779728 ] } },
{ "type": "Feature", "properties": { "バス停": "天神橋", "事業会社": "北鉄金沢バス（株）", "系統": "卯辰山線" }, "geometry": { "type": "Point", "coordinates": [ 136.669189509215215, 36.569786323931794 ] } },
{ "type": "Feature", "properties": { "バス停": "安原保育園前", "事業会社": "北鉄金沢バス（株）", "系統": "安原線" }, "geometry": { "type": "Point", "coordinates": [ 136.58092566342674, 36.5694646032075 ] } },
{ "type": "Feature", "properties": { "バス停": "大手門前", "事業会社": "西日本ジェイアールバス（株）", "系統": "金沢ふらっとバス　材木ルート" }, "geometry": { "type": "Point", "coordinates": [ 136.661087634398967, 36.569431183053673 ] } },
{ "type": "Feature", "properties": { "バス停": "大手堀", "事業会社": "西日本ジェイアールバス（株）", "系統": "金沢ふらっとバス　材木ルート" }, "geometry": { "type": "Point", "coordinates": [ 136.659120300307222, 36.568944812518019 ] } },
{ "type": "Feature", "properties": { "バス停": "みどり中央", "事業会社": "北鉄金沢バス（株）", "系統": "安原線" }, "geometry": { "type": "Point", "coordinates": [ 136.585191704421305, 36.568788996349994 ] } },
{ "type": "Feature", "properties": { "バス停": "卯辰山公園口", "事業会社": "北鉄金沢バス（株）", "系統": "卯辰山線" }, "geometry": { "type": "Point", "coordinates": [ 136.679026008295693, 36.568777981087536 ] } },
{ "type": "Feature", "properties": { "バス停": "卯辰山公園", "事業会社": "北鉄金沢バス（株）", "系統": "卯辰山線" }, "geometry": { "type": "Point", "coordinates": [ 136.677378639748071, 36.568703805356868 ] } },
{ "type": "Feature", "properties": { "バス停": "玉川公園", "事業会社": "西日本ジェイアールバス（株）", "系統": "金沢ふらっとバス　長町ルート" }, "geometry": { "type": "Point", "coordinates": [ 136.649994819531855, 36.568628488396762 ] } },
{ "type": "Feature", "properties": { "バス停": "天神橋", "事業会社": "西日本ジェイアールバス（株）", "系統": "金沢ふらっとバス　材木ルート" }, "geometry": { "type": "Point", "coordinates": [ 136.669097341245987, 36.568558976393234 ] } },
{ "type": "Feature", "properties": { "バス停": "みどり一丁目", "事業会社": "北鉄金沢バス（株）", "系統": "安原線" }, "geometry": { "type": "Point", "coordinates": [ 136.589882759712793, 36.56849829586745 ] } },
{ "type": "Feature", "properties": { "バス停": "高畠町", "事業会社": "北鉄金沢バス（株）", "系統": "安原線" }, "geometry": { "type": "Point", "coordinates": [ 136.612700245044351, 36.568327125263139 ] } },
{ "type": "Feature", "properties": { "バス停": "入江西", "事業会社": "北鉄金沢バス（株）", "系統": "黒田線" }, "geometry": { "type": "Point", "coordinates": [ 136.625302702420271, 36.568313343222343 ] } },
{ "type": "Feature", "properties": { "バス停": "長土塀", "事業会社": "北鉄金沢バス（株）", "系統": "鳴和・増泉線" }, "geometry": { "type": "Point", "coordinates": [ 136.645182658176594, 36.568310068649517 ] } },
{ "type": "Feature", "properties": { "バス停": "長土塀", "事業会社": "西日本ジェイアールバス（株）", "系統": "金沢ふらっとバス　長町ルート" }, "geometry": { "type": "Point", "coordinates": [ 136.645182658176594, 36.568310068649517 ] } },
{ "type": "Feature", "properties": { "バス停": "味噌蔵町", "事業会社": "北鉄金沢バス（株）", "系統": "卯辰山線" }, "geometry": { "type": "Point", "coordinates": [ 136.665050991558047, 36.568308919268219 ] } },
{ "type": "Feature", "properties": { "バス停": "入江", "事業会社": "北鉄金沢バス（株）", "系統": "安原線" }, "geometry": { "type": "Point", "coordinates": [ 136.627973890471907, 36.568183938540244 ] } },
{ "type": "Feature", "properties": { "バス停": "福増北口", "事業会社": "北鉄金沢バス（株）", "系統": "安原線" }, "geometry": { "type": "Point", "coordinates": [ 136.577568494116889, 36.568126917259832 ] } },
{ "type": "Feature", "properties": { "バス停": "白鳥路", "事業会社": "西日本ジェイアールバス（株）", "系統": "金沢ふらっとバス　材木ルート" }, "geometry": { "type": "Point", "coordinates": [ 136.662960047450724, 36.568110566343847 ] } },
{ "type": "Feature", "properties": { "バス停": "松島", "事業会社": "北鉄金沢バス（株）", "系統": "安原線,西部緑地線" }, "geometry": { "type": "Point", "coordinates": [ 136.603896032291914, 36.568017283075015 ] } },
{ "type": "Feature", "properties": { "バス停": "安原工業団地北口", "事業会社": "北鉄金沢バス（株）", "系統": "安原線" }, "geometry": { "type": "Point", "coordinates": [ 136.575297866252072, 36.56799769829744 ] } },
{ "type": "Feature", "properties": { "バス停": "米丸住宅", "事業会社": "北鉄金沢バス（株）", "系統": "安原線" }, "geometry": { "type": "Point", "coordinates": [ 136.620395353607108, 36.567948068372907 ] } },
{ "type": "Feature", "properties": { "バス停": "古府", "事業会社": "北鉄金沢バス（株）", "系統": "安原線" }, "geometry": { "type": "Point", "coordinates": [ 136.60697562551988, 36.567942643794886 ] } },
{ "type": "Feature", "properties": { "バス停": "南町・尾山神社", "事業会社": "北鉄金沢バス（株）", "系統": "中央病院線,畝田住宅線,笠舞駅西線,医王山線,寺町線,木越円光寺線,柳橋円光寺線,元町有松線,上荒屋線,安原線,西部緑地線,黒田線,内灘線,田中医大線,津幡線,卯辰山線,北陸大学線" }, "geometry": { "type": "Point", "coordinates": [ 136.654175677759127, 36.567934808012623 ] } },
{ "type": "Feature", "properties": { "バス停": "南町・尾山神社", "事業会社": "西日本ジェイアールバス（株）", "系統": "名金線,深谷温泉線,才田線,東長江線,循環バス" }, "geometry": { "type": "Point", "coordinates": [ 136.654175677759127, 36.567934808012623 ] } },
{ "type": "Feature", "properties": { "バス停": "南町・尾山神社", "事業会社": "北鉄白山バス（株）", "系統": "鳥越線,白峰線,野々市線,八日市線" }, "geometry": { "type": "Point", "coordinates": [ 136.654175677759127, 36.567934808012623 ] } },
{ "type": "Feature", "properties": { "バス停": "南町・尾山神社", "事業会社": "北陸鉄道（株）", "系統": "花里線,平和町線・野田線・大桑線,光が丘住宅線,額住宅線,工業大学線,四十万線,四十万金石線,三馬線,三馬大野線,野々市円光寺線,城下町金沢周遊バス" }, "geometry": { "type": "Point", "coordinates": [ 136.654175677759127, 36.567934808012623 ] } },
{ "type": "Feature", "properties": { "バス停": "南町・尾山神社", "事業会社": "北鉄金沢バス（株）・北陸鉄道（株）", "系統": "錦町粟崎線,鈴見線,金沢大学線" }, "geometry": { "type": "Point", "coordinates": [ 136.654175677759127, 36.567934808012623 ] } },
{ "type": "Feature", "properties": { "バス停": "南町・尾山神社", "事業会社": "金沢ライトアップバス実行委員会", "系統": "金沢ライトアップバス" }, "geometry": { "type": "Point", "coordinates": [ 136.654175677759127, 36.567934808012623 ] } },
{ "type": "Feature", "properties": { "バス停": "南町・尾山神社", "事業会社": "北鉄白山バス（株）・北陸鉄道（株）", "系統": "辰口線,松任線・金沢寺井線・千代野線" }, "geometry": { "type": "Point", "coordinates": [ 136.654175677759127, 36.567934808012623 ] } },
{ "type": "Feature", "properties": { "バス停": "間明", "事業会社": "北鉄金沢バス（株）", "系統": "安原線" }, "geometry": { "type": "Point", "coordinates": [ 136.616566278887746, 36.567915541714996 ] } },
{ "type": "Feature", "properties": { "バス停": "兼六元町", "事業会社": "西日本ジェイアールバス（株）", "系統": "名金線,深谷温泉線,才田線,東長江線,循環バス,金沢ふらっとバス　材木ルート" }, "geometry": { "type": "Point", "coordinates": [ 136.664358843349333, 36.567779806216599 ] } },
{ "type": "Feature", "properties": { "バス停": "千寿閣", "事業会社": "北鉄金沢バス（株）", "系統": "卯辰山線" }, "geometry": { "type": "Point", "coordinates": [ 136.688908315843577, 36.567590254070112 ] } },
{ "type": "Feature", "properties": { "バス停": "打木", "事業会社": "北鉄金沢バス（株）", "系統": "安原線" }, "geometry": { "type": "Point", "coordinates": [ 136.567578293273158, 36.567469696522075 ] } },
{ "type": "Feature", "properties": { "バス停": "中央小学校", "事業会社": "西日本ジェイアールバス（株）", "系統": "金沢ふらっとバス　長町ルート" }, "geometry": { "type": "Point", "coordinates": [ 136.64985710398895, 36.567396143620464 ] } },
{ "type": "Feature", "properties": { "バス停": "材木町", "事業会社": "西日本ジェイアールバス（株）", "系統": "金沢ふらっとバス　材木ルート" }, "geometry": { "type": "Point", "coordinates": [ 136.67133305109067, 36.567324177008551 ] } },
{ "type": "Feature", "properties": { "バス停": "中央市民体育館", "事業会社": "西日本ジェイアールバス（株）", "系統": "金沢ふらっとバス　長町ルート" }, "geometry": { "type": "Point", "coordinates": [ 136.645000230067296, 36.566938570524307 ] } },
{ "type": "Feature", "properties": { "バス停": "本江町", "事業会社": "北鉄金沢バス（株）", "系統": "安原線" }, "geometry": { "type": "Point", "coordinates": [ 136.634470944332065, 36.5669249801524 ] } },
{ "type": "Feature", "properties": { "バス停": "商工会議所", "事業会社": "西日本ジェイアールバス（株）", "系統": "金沢ふらっとバス　材木ルート" }, "geometry": { "type": "Point", "coordinates": [ 136.656484182094687, 36.566782249351974 ] } },
{ "type": "Feature", "properties": { "バス停": "長土塀西", "事業会社": "北鉄金沢バス（株）", "系統": "黒田線" }, "geometry": { "type": "Point", "coordinates": [ 136.64197267214962, 36.566601315451386 ] } },
{ "type": "Feature", "properties": { "バス停": "常盤橋", "事業会社": "西日本ジェイアールバス（株）", "系統": "金沢ふらっとバス　材木ルート" }, "geometry": { "type": "Point", "coordinates": [ 136.672158294636148, 36.566538455413109 ] } },
{ "type": "Feature", "properties": { "バス停": "入江一丁目", "事業会社": "北鉄金沢バス（株）", "系統": "黒田線" }, "geometry": { "type": "Point", "coordinates": [ 136.632496118188982, 36.566490015788801 ] } },
{ "type": "Feature", "properties": { "バス停": "入江一丁目", "事業会社": "北陸鉄道（株）", "系統": "平和町線・野田線・大桑線" }, "geometry": { "type": "Point", "coordinates": [ 136.632496118188982, 36.566490015788801 ] } },
{ "type": "Feature", "properties": { "バス停": "米丸学校前", "事業会社": "北鉄金沢バス（株）", "系統": "安原線,西部緑地線,黒田線" }, "geometry": { "type": "Point", "coordinates": [ 136.623019374297428, 36.566138314548162 ] } },
{ "type": "Feature", "properties": { "バス停": "間明二丁目", "事業会社": "北鉄金沢バス（株）", "系統": "安原線,西部緑地線" }, "geometry": { "type": "Point", "coordinates": [ 136.615129826595023, 36.566131866070343 ] } },
{ "type": "Feature", "properties": { "バス停": "金沢龍谷高校", "事業会社": "北鉄金沢バス（株）", "系統": "安原線" }, "geometry": { "type": "Point", "coordinates": [ 136.588170105008459, 36.565887822573309 ] } },
{ "type": "Feature", "properties": { "バス停": "横山町", "事業会社": "西日本ジェイアールバス（株）", "系統": "金沢ふらっとバス　材木ルート" }, "geometry": { "type": "Point", "coordinates": [ 136.67100091087292, 36.565813522296196 ] } },
{ "type": "Feature", "properties": { "バス停": "横山児童公園", "事業会社": "西日本ジェイアールバス（株）", "系統": "金沢ふらっとバス　材木ルート" }, "geometry": { "type": "Point", "coordinates": [ 136.668699978008078, 36.565791814234103 ] } },
{ "type": "Feature", "properties": { "バス停": "富本町", "事業会社": "北鉄金沢バス（株）", "系統": "安原線,黒田線,鳴和・増泉線" }, "geometry": { "type": "Point", "coordinates": [ 136.644903902212917, 36.56568455947609 ] } },
{ "type": "Feature", "properties": { "バス停": "富本町", "事業会社": "西日本ジェイアールバス（株）", "系統": "金沢ふらっとバス　長町ルート" }, "geometry": { "type": "Point", "coordinates": [ 136.644903902212917, 36.56568455947609 ] } },
{ "type": "Feature", "properties": { "バス停": "兼六園下・金沢城", "事業会社": "北鉄金沢バス（株）", "系統": "畝田住宅線,湯涌線,医王山線,犀川線,上荒屋線,安原線,西金沢線,内灘線,柳橋寺町線,石引線,津幡線,卯辰山線,北陸大学線" }, "geometry": { "type": "Point", "coordinates": [ 136.663335397928819, 36.565639509231829 ] } },
{ "type": "Feature", "properties": { "バス停": "兼六園下・金沢城", "事業会社": "西日本ジェイアールバス（株）", "系統": "名金線,深谷温泉線,才田線,東長江線,循環バス" }, "geometry": { "type": "Point", "coordinates": [ 136.663335397928819, 36.565639509231829 ] } },
{ "type": "Feature", "properties": { "バス停": "兼六園下・金沢城", "事業会社": "北鉄白山バス（株）", "系統": "錦町野々市線" }, "geometry": { "type": "Point", "coordinates": [ 136.663335397928819, 36.565639509231829 ] } },
{ "type": "Feature", "properties": { "バス停": "兼六園下・金沢城", "事業会社": "北陸鉄道（株）", "系統": "額住宅線,四十万金石線,三馬大野線" }, "geometry": { "type": "Point", "coordinates": [ 136.663335397928819, 36.565639509231829 ] } },
{ "type": "Feature", "properties": { "バス停": "兼六園下・金沢城", "事業会社": "北鉄金沢バス（株）・北陸鉄道（株）", "系統": "錦町粟崎線,錦町B線,鈴見線,金沢大学線" }, "geometry": { "type": "Point", "coordinates": [ 136.663335397928819, 36.565639509231829 ] } },
{ "type": "Feature", "properties": { "バス停": "兼六園下・金沢城", "事業会社": "金沢ライトアップバス実行委員会", "系統": "金沢ライトアップバス" }, "geometry": { "type": "Point", "coordinates": [ 136.663335397928819, 36.565639509231829 ] } },
{ "type": "Feature", "properties": { "バス停": "古府南", "事業会社": "北鉄金沢バス（株）", "系統": "安原線,西部緑地線" }, "geometry": { "type": "Point", "coordinates": [ 136.607670869093482, 36.56557658382517 ] } },
{ "type": "Feature", "properties": { "バス停": "神野町", "事業会社": "北鉄金沢バス（株）", "系統": "安原線" }, "geometry": { "type": "Point", "coordinates": [ 136.595908025191619, 36.565526380768056 ] } },
{ "type": "Feature", "properties": { "バス停": "鈴見台三丁目", "事業会社": "北鉄金沢バス（株）", "系統": "卯辰山線" }, "geometry": { "type": "Point", "coordinates": [ 136.683671037621281, 36.565516223436049 ] } },
{ "type": "Feature", "properties": { "バス停": "聖霊病院・聖堂", "事業会社": "西日本ジェイアールバス（株）", "系統": "金沢ふらっとバス　長町ルート" }, "geometry": { "type": "Point", "coordinates": [ 136.649325001335143, 36.565450545498535 ] } },
{ "type": "Feature", "properties": { "バス停": "安原工業団地中央", "事業会社": "北鉄金沢バス（株）", "系統": "安原線" }, "geometry": { "type": "Point", "coordinates": [ 136.575626524937604, 36.565433645453687 ] } },
{ "type": "Feature", "properties": { "バス停": "兼六園下", "事業会社": "西日本ジェイアールバス（株）", "系統": "金沢ふらっとバス　材木ルート" }, "geometry": { "type": "Point", "coordinates": [ 136.664775295224842, 36.565430396973639 ] } },
{ "type": "Feature", "properties": { "バス停": "兼六園下・金沢城（白鳥路前）", "事業会社": "北陸鉄道（株）", "系統": "城下町金沢周遊バス" }, "geometry": { "type": "Point", "coordinates": [ 136.662552690458028, 36.565400081486132 ] } },
{ "type": "Feature", "properties": { "バス停": "打木南口", "事業会社": "北鉄金沢バス（株）", "系統": "安原線" }, "geometry": { "type": "Point", "coordinates": [ 136.566002414250903, 36.565280505858155 ] } },
{ "type": "Feature", "properties": { "バス停": "兼六園下・金沢城（石川門向い）", "事業会社": "北陸鉄道（株）", "系統": "城下町金沢周遊バス" }, "geometry": { "type": "Point", "coordinates": [ 136.662266608920731, 36.565220099906448 ] } },
{ "type": "Feature", "properties": { "バス停": "合同庁舎前", "事業会社": "北鉄金沢バス（株）", "系統": "上荒屋線,西金沢線" }, "geometry": { "type": "Point", "coordinates": [ 136.65544543487303, 36.56511410679677 ] } },
{ "type": "Feature", "properties": { "バス停": "合同庁舎前", "事業会社": "北鉄白山バス（株）", "系統": "錦町野々市線" }, "geometry": { "type": "Point", "coordinates": [ 136.65544543487303, 36.56511410679677 ] } },
{ "type": "Feature", "properties": { "バス停": "鈴見台四丁目", "事業会社": "北鉄金沢バス（株）", "系統": "卯辰山線" }, "geometry": { "type": "Point", "coordinates": [ 136.686946905106794, 36.564983861601512 ] } },
{ "type": "Feature", "properties": { "バス停": "賢坂辻", "事業会社": "西日本ジェイアールバス（株）", "系統": "金沢ふらっとバス　材木ルート" }, "geometry": { "type": "Point", "coordinates": [ 136.667997289831959, 36.564880248979385 ] } },
{ "type": "Feature", "properties": { "バス停": "緑風台", "事業会社": "白山市", "系統": "めぐーる北ルート" }, "geometry": { "type": "Point", "coordinates": [ 136.562116691169223, 36.564637091451125 ] } },
{ "type": "Feature", "properties": { "バス停": "小将町", "事業会社": "北鉄金沢バス（株）", "系統": "西金沢線,卯辰山線,北陸大学線" }, "geometry": { "type": "Point", "coordinates": [ 136.666811011524061, 36.564407787548625 ] } },
{ "type": "Feature", "properties": { "バス停": "小将町", "事業会社": "西日本ジェイアールバス（株）", "系統": "金沢ふらっとバス　材木ルート" }, "geometry": { "type": "Point", "coordinates": [ 136.666811011524061, 36.564407787548625 ] } },
{ "type": "Feature", "properties": { "バス停": "小将町", "事業会社": "北鉄金沢バス（株）・北陸鉄道（株）", "系統": "鈴見線,金沢大学線" }, "geometry": { "type": "Point", "coordinates": [ 136.666811011524061, 36.564407787548625 ] } },
{ "type": "Feature", "properties": { "バス停": "上安原", "事業会社": "北鉄金沢バス（株）", "系統": "安原線" }, "geometry": { "type": "Point", "coordinates": [ 136.58828426021347, 36.564127812343273 ] } },
{ "type": "Feature", "properties": { "バス停": "長町武家屋敷跡", "事業会社": "西日本ジェイアールバス（株）", "系統": "金沢ふらっとバス　長町ルート" }, "geometry": { "type": "Point", "coordinates": [ 136.649805026357399, 36.564111566018418 ] } },
{ "type": "Feature", "properties": { "バス停": "安原工業団地南口", "事業会社": "北鉄金沢バス（株）", "系統": "安原線" }, "geometry": { "type": "Point", "coordinates": [ 136.575243824793603, 36.56403023126186 ] } },
{ "type": "Feature", "properties": { "バス停": "御影町", "事業会社": "北鉄金沢バス（株）", "系統": "安原線" }, "geometry": { "type": "Point", "coordinates": [ 136.642246657387403, 36.563991368880103 ] } },
{ "type": "Feature", "properties": { "バス停": "長町", "事業会社": "北鉄金沢バス（株）", "系統": "安原線,黒田線" }, "geometry": { "type": "Point", "coordinates": [ 136.648233755022659, 36.563851828698269 ] } },
{ "type": "Feature", "properties": { "バス停": "香林坊（アトリオ前）", "事業会社": "北陸鉄道（株）", "系統": "城下町金沢周遊バス" }, "geometry": { "type": "Point", "coordinates": [ 136.653675894450771, 36.563666465897441 ] } },
{ "type": "Feature", "properties": { "バス停": "新神田", "事業会社": "北鉄金沢バス（株）", "系統": "上荒屋線,安原線,西部緑地線,黒田線" }, "geometry": { "type": "Point", "coordinates": [ 136.629224016361235, 36.563452857736401 ] } },
{ "type": "Feature", "properties": { "バス停": "新神田", "事業会社": "北陸鉄道（株）", "系統": "平和町線・野田線・大桑線" }, "geometry": { "type": "Point", "coordinates": [ 136.629224016361235, 36.563452857736401 ] } },
{ "type": "Feature", "properties": { "バス停": "横山町", "事業会社": "北鉄金沢バス（株）", "系統": "西金沢線,卯辰山線,北陸大学線" }, "geometry": { "type": "Point", "coordinates": [ 136.670095792305176, 36.563453797018028 ] } },
{ "type": "Feature", "properties": { "バス停": "横山町", "事業会社": "北鉄金沢バス（株）・北陸鉄道（株）", "系統": "鈴見線,金沢大学線" }, "geometry": { "type": "Point", "coordinates": [ 136.670095792305176, 36.563453797018028 ] } },
{ "type": "Feature", "properties": { "バス停": "丸の内", "事業会社": "北鉄金沢バス（株）", "系統": "上荒屋線,西金沢線" }, "geometry": { "type": "Point", "coordinates": [ 136.657845345259034, 36.563410518566862 ] } },
{ "type": "Feature", "properties": { "バス停": "丸の内", "事業会社": "金沢ライトアップバス実行委員会", "系統": "金沢ライトアップバス" }, "geometry": { "type": "Point", "coordinates": [ 136.657845345259034, 36.563410518566862 ] } },
{ "type": "Feature", "properties": { "バス停": "丸の内", "事業会社": "北鉄白山バス（株）", "系統": "錦町野々市線" }, "geometry": { "type": "Point", "coordinates": [ 136.657845345259034, 36.563410518566862 ] } },
{ "type": "Feature", "properties": { "バス停": "浜八田", "事業会社": "白山市", "系統": "めぐーる北ルート" }, "geometry": { "type": "Point", "coordinates": [ 136.563161373517204, 36.563387323470103 ] } },
{ "type": "Feature", "properties": { "バス停": "香林坊・仙石通り", "事業会社": "西日本ジェイアールバス（株）", "系統": "金沢ふらっとバス　材木ルート" }, "geometry": { "type": "Point", "coordinates": [ 136.654522248945966, 36.563131285020468 ] } },
{ "type": "Feature", "properties": { "バス停": "御影大橋南", "事業会社": "西日本ジェイアールバス（株）", "系統": "金沢ふらっとバス　長町ルート" }, "geometry": { "type": "Point", "coordinates": [ 136.642552787890196, 36.563074546698473 ] } },
{ "type": "Feature", "properties": { "バス停": "香林坊（日銀前）", "事業会社": "北陸鉄道（株）", "系統": "城下町金沢周遊バス" }, "geometry": { "type": "Point", "coordinates": [ 136.653664537655544, 36.56293545050562 ] } },
{ "type": "Feature", "properties": { "バス停": "御影町", "事業会社": "北鉄金沢バス（株）", "系統": "安原線" }, "geometry": { "type": "Point", "coordinates": [ 136.641347884421236, 36.562758719719781 ] } },
{ "type": "Feature", "properties": { "バス停": "暁町", "事業会社": "北鉄金沢バス（株）", "系統": "西金沢線,卯辰山線,北陸大学線" }, "geometry": { "type": "Point", "coordinates": [ 136.673424172020447, 36.56263894752464 ] } },
{ "type": "Feature", "properties": { "バス停": "暁町", "事業会社": "北鉄金沢バス（株）・北陸鉄道（株）", "系統": "鈴見線,金沢大学線" }, "geometry": { "type": "Point", "coordinates": [ 136.673424172020447, 36.56263894752464 ] } },
{ "type": "Feature", "properties": { "バス停": "老舗記念館", "事業会社": "西日本ジェイアールバス（株）", "系統": "金沢ふらっとバス　長町ルート" }, "geometry": { "type": "Point", "coordinates": [ 136.650536152518185, 36.56260789436832 ] } },
{ "type": "Feature", "properties": { "バス停": "鈴見台一丁目", "事業会社": "北鉄金沢バス（株）", "系統": "卯辰山線,東金沢金大線" }, "geometry": { "type": "Point", "coordinates": [ 136.679561748727593, 36.562444889132919 ] } },
{ "type": "Feature", "properties": { "バス停": "鈴見台一丁目", "事業会社": "北鉄金沢バス（株）・北陸鉄道（株）", "系統": "鈴見線,金沢大学線" }, "geometry": { "type": "Point", "coordinates": [ 136.679561748727593, 36.562444889132919 ] } },
{ "type": "Feature", "properties": { "バス停": "東力", "事業会社": "北鉄金沢バス（株）", "系統": "黒田線" }, "geometry": { "type": "Point", "coordinates": [ 136.619705962956573, 36.562292935871852 ] } },
{ "type": "Feature", "properties": { "バス停": "鈴見台二丁目", "事業会社": "北鉄金沢バス（株）", "系統": "卯辰山線" }, "geometry": { "type": "Point", "coordinates": [ 136.682789000398174, 36.56224051494938 ] } },
{ "type": "Feature", "properties": { "バス停": "鈴見台二丁目", "事業会社": "北鉄金沢バス（株）・北陸鉄道（株）", "系統": "鈴見線,金沢大学線" }, "geometry": { "type": "Point", "coordinates": [ 136.682789000398174, 36.56224051494938 ] } },
{ "type": "Feature", "properties": { "バス停": "香林坊", "事業会社": "北鉄金沢バス（株）", "系統": "中央病院線,畝田住宅線,笠舞駅西線,湯涌線,医王山線,寺町線,木越円光寺線,柳橋円光寺線,元町有松線,上荒屋線,安原線,西金沢線,西部緑地線,黒田線,内灘線,柳橋寺町線,田中医大線,津幡線,卯辰山線,北陸大学線,金沢ふらっとバス　菊川ルート" }, "geometry": { "type": "Point", "coordinates": [ 136.65365345826271, 36.562212767350786 ] } },
{ "type": "Feature", "properties": { "バス停": "香林坊", "事業会社": "西日本ジェイアールバス（株）", "系統": "名金線,深谷温泉線,才田線,東長江線,循環バス" }, "geometry": { "type": "Point", "coordinates": [ 136.65365345826271, 36.562212767350786 ] } },
{ "type": "Feature", "properties": { "バス停": "香林坊", "事業会社": "北鉄白山バス（株）", "系統": "鳥越線,白峰線,錦町野々市線,野々市線,八日市線,松任中奥線" }, "geometry": { "type": "Point", "coordinates": [ 136.65365345826271, 36.562212767350786 ] } },
{ "type": "Feature", "properties": { "バス停": "香林坊", "事業会社": "北陸鉄道（株）", "系統": "花里線,平和町線・野田線・大桑線,光が丘住宅線,額住宅線,工業大学線,四十万線,四十万金石線,三馬線,三馬大野線,野々市円光寺線" }, "geometry": { "type": "Point", "coordinates": [ 136.65365345826271, 36.562212767350786 ] } },
{ "type": "Feature", "properties": { "バス停": "香林坊", "事業会社": "北鉄金沢バス（株）・北陸鉄道（株）", "系統": "錦町粟崎線,鈴見線,金沢大学線" }, "geometry": { "type": "Point", "coordinates": [ 136.65365345826271, 36.562212767350786 ] } },
{ "type": "Feature", "properties": { "バス停": "香林坊", "事業会社": "北鉄白山バス（株）・北陸鉄道（株）", "系統": "辰口線,松任線・金沢寺井線・千代野線" }, "geometry": { "type": "Point", "coordinates": [ 136.65365345826271, 36.562212767350786 ] } },
{ "type": "Feature", "properties": { "バス停": "香林坊", "事業会社": "金沢ライトアップバス実行委員会", "系統": "金沢ライトアップバス" }, "geometry": { "type": "Point", "coordinates": [ 136.65365345826271, 36.562212767350786 ] } },
{ "type": "Feature", "properties": { "バス停": "市役所・21世紀美術館", "事業会社": "西日本ジェイアールバス（株）", "系統": "金沢ふらっとバス　材木ルート" }, "geometry": { "type": "Point", "coordinates": [ 136.657767087012218, 36.561777957008246 ] } },
{ "type": "Feature", "properties": { "バス停": "広坂・21世紀美術館", "事業会社": "北鉄金沢バス（株）", "系統": "畝田住宅線,笠舞駅西線,湯涌線,医王山線,上荒屋線,安原線,西金沢線,内灘線,柳橋寺町線,津幡線,卯辰山線,北陸大学線" }, "geometry": { "type": "Point", "coordinates": [ 136.659425870603201, 36.561611366260081 ] } },
{ "type": "Feature", "properties": { "バス停": "広坂・21世紀美術館", "事業会社": "西日本ジェイアールバス（株）", "系統": "名金線,深谷温泉線,才田線,東長江線,循環バス" }, "geometry": { "type": "Point", "coordinates": [ 136.659425870603201, 36.561611366260081 ] } },
{ "type": "Feature", "properties": { "バス停": "広坂・21世紀美術館", "事業会社": "北鉄白山バス（株）", "系統": "錦町野々市線,松任中奥線" }, "geometry": { "type": "Point", "coordinates": [ 136.659425870603201, 36.561611366260081 ] } },
{ "type": "Feature", "properties": { "バス停": "広坂・21世紀美術館", "事業会社": "北陸鉄道（株）", "系統": "花里線,額住宅線,四十万金石線,三馬大野線" }, "geometry": { "type": "Point", "coordinates": [ 136.659425870603201, 36.561611366260081 ] } },
{ "type": "Feature", "properties": { "バス停": "広坂・21世紀美術館", "事業会社": "北鉄金沢バス（株）・北陸鉄道（株）", "系統": "錦町粟崎線,鈴見線,金沢大学線" }, "geometry": { "type": "Point", "coordinates": [ 136.659425870603201, 36.561611366260081 ] } },
{ "type": "Feature", "properties": { "バス停": "広坂・21世紀美術館", "事業会社": "金沢ライトアップバス実行委員会", "系統": "金沢ライトアップバス" }, "geometry": { "type": "Point", "coordinates": [ 136.659425870603201, 36.561611366260081 ] } },
{ "type": "Feature", "properties": { "バス停": "広坂・21世紀美術館（石浦神社向い）", "事業会社": "北陸鉄道（株）", "系統": "城下町金沢周遊バス" }, "geometry": { "type": "Point", "coordinates": [ 136.659425870603201, 36.561611366260081 ] } },
{ "type": "Feature", "properties": { "バス停": "広坂・21世紀美術館（石浦神社前）", "事業会社": "北陸鉄道（株）", "系統": "城下町金沢周遊バス" }, "geometry": { "type": "Point", "coordinates": [ 136.659425870603201, 36.561611366260081 ] } },
{ "type": "Feature", "properties": { "バス停": "中村町", "事業会社": "北鉄金沢バス（株）", "系統": "鳴和・増泉線" }, "geometry": { "type": "Point", "coordinates": [ 136.64068437332989, 36.561529964169431 ] } },
{ "type": "Feature", "properties": { "バス停": "中村町小学校", "事業会社": "西日本ジェイアールバス（株）", "系統": "金沢ふらっとバス　長町ルート" }, "geometry": { "type": "Point", "coordinates": [ 136.643051715890351, 36.561403379926155 ] } },
{ "type": "Feature", "properties": { "バス停": "桜町", "事業会社": "北鉄金沢バス（株）", "系統": "西金沢線,卯辰山線,北陸大学線" }, "geometry": { "type": "Point", "coordinates": [ 136.676140668592353, 36.561403303920663 ] } },
{ "type": "Feature", "properties": { "バス停": "桜町", "事業会社": "北鉄金沢バス（株）・北陸鉄道（株）", "系統": "鈴見線,金沢大学線" }, "geometry": { "type": "Point", "coordinates": [ 136.676140668592353, 36.561403303920663 ] } },
{ "type": "Feature", "properties": { "バス停": "21世紀美術館", "事業会社": "北鉄金沢バス（株）", "系統": "金沢ふらっとバス　菊川ルート" }, "geometry": { "type": "Point", "coordinates": [ 136.659371726686231, 36.561102259434243 ] } },
{ "type": "Feature", "properties": { "バス停": "市役所・柿木畠", "事業会社": "北鉄金沢バス（株）", "系統": "金沢ふらっとバス　菊川ルート" }, "geometry": { "type": "Point", "coordinates": [ 136.657043280541217, 36.560908039616031 ] } },
{ "type": "Feature", "properties": { "バス停": "つるべ荘", "事業会社": "白山市", "系統": "めぐーる北ルート" }, "geometry": { "type": "Point", "coordinates": [ 136.559320441370716, 36.560821960468502 ] } },
{ "type": "Feature", "properties": { "バス停": "千日町", "事業会社": "西日本ジェイアールバス（株）", "系統": "金沢ふらっとバス　長町ルート" }, "geometry": { "type": "Point", "coordinates": [ 136.647176457728932, 36.56076885170836 ] } },
{ "type": "Feature", "properties": { "バス停": "片町中央通り", "事業会社": "北鉄金沢バス（株）", "系統": "安原線,黒田線" }, "geometry": { "type": "Point", "coordinates": [ 136.650938981269519, 36.5607128671776 ] } },
{ "type": "Feature", "properties": { "バス停": "片町中央通り", "事業会社": "西日本ジェイアールバス（株）", "系統": "金沢ふらっとバス　長町ルート" }, "geometry": { "type": "Point", "coordinates": [ 136.650938981269519, 36.5607128671776 ] } },
{ "type": "Feature", "properties": { "バス停": "中村神社", "事業会社": "西日本ジェイアールバス（株）", "系統": "金沢ふらっとバス　長町ルート" }, "geometry": { "type": "Point", "coordinates": [ 136.644410548039247, 36.560514916768653 ] } },
{ "type": "Feature", "properties": { "バス停": "新金沢郵便局前", "事業会社": "北鉄金沢バス（株）", "系統": "黒田線" }, "geometry": { "type": "Point", "coordinates": [ 136.604709588411424, 36.560440567576364 ] } },
{ "type": "Feature", "properties": { "バス停": "国立工芸館・県立美術館", "事業会社": "北鉄金沢バス（株）", "系統": "金沢ふらっとバス　菊川ルート" }, "geometry": { "type": "Point", "coordinates": [ 136.662065151367074, 36.560379047320062 ] } },
{ "type": "Feature", "properties": { "バス停": "県立美術館・成巽閣", "事業会社": "金沢ライトアップバス実行委員会", "系統": "金沢ライトアップバス" }, "geometry": { "type": "Point", "coordinates": [ 136.662449300642947, 36.560000760993333 ] } },
{ "type": "Feature", "properties": { "バス停": "出羽町", "事業会社": "北鉄金沢バス（株）", "系統": "畝田住宅線,湯涌線,医王山線,犀川線,上荒屋線,安原線,石引線" }, "geometry": { "type": "Point", "coordinates": [ 136.665444068057951, 36.559907758458323 ] } },
{ "type": "Feature", "properties": { "バス停": "出羽町", "事業会社": "北鉄白山バス（株）", "系統": "錦町野々市線" }, "geometry": { "type": "Point", "coordinates": [ 136.665444068057951, 36.559907758458323 ] } },
{ "type": "Feature", "properties": { "バス停": "出羽町", "事業会社": "北陸鉄道（株）", "系統": "額住宅線,四十万金石線,三馬大野線" }, "geometry": { "type": "Point", "coordinates": [ 136.665444068057951, 36.559907758458323 ] } },
{ "type": "Feature", "properties": { "バス停": "出羽町", "事業会社": "北鉄金沢バス（株）・北陸鉄道（株）", "系統": "錦町粟崎線,錦町B線" }, "geometry": { "type": "Point", "coordinates": [ 136.665444068057951, 36.559907758458323 ] } },
{ "type": "Feature", "properties": { "バス停": "片町", "事業会社": "北鉄金沢バス（株）", "系統": "中央病院線,畝田住宅線,寺町線,木越円光寺線,柳橋円光寺線,元町有松線,上荒屋線,安原線,西金沢線,西部緑地線,黒田線,柳橋寺町線,津幡線,金沢ふらっとバス　菊川ルート" }, "geometry": { "type": "Point", "coordinates": [ 136.652073664864446, 36.55968580102563 ] } },
{ "type": "Feature", "properties": { "バス停": "片町", "事業会社": "北鉄白山バス（株）", "系統": "鳥越線,白峰線,錦町野々市線,野々市線,八日市線" }, "geometry": { "type": "Point", "coordinates": [ 136.652073664864446, 36.55968580102563 ] } },
{ "type": "Feature", "properties": { "バス停": "片町", "事業会社": "北陸鉄道（株）", "系統": "平和町線・野田線・大桑線,光が丘住宅線,額住宅線,工業大学線,四十万線,三馬線,三馬大野線,野々市円光寺線" }, "geometry": { "type": "Point", "coordinates": [ 136.652073664864446, 36.55968580102563 ] } },
{ "type": "Feature", "properties": { "バス停": "片町", "事業会社": "金沢ライトアップバス実行委員会", "系統": "金沢ライトアップバス" }, "geometry": { "type": "Point", "coordinates": [ 136.652073664864446, 36.55968580102563 ] } },
{ "type": "Feature", "properties": { "バス停": "片町", "事業会社": "北鉄白山バス（株）・北陸鉄道（株）", "系統": "辰口線,松任線・金沢寺井線・千代野線" }, "geometry": { "type": "Point", "coordinates": [ 136.652073664864446, 36.55968580102563 ] } },
{ "type": "Feature", "properties": { "バス停": "片町（パシオン前）", "事業会社": "北陸鉄道（株）", "系統": "城下町金沢周遊バス" }, "geometry": { "type": "Point", "coordinates": [ 136.652073664864446, 36.55968580102563 ] } },
{ "type": "Feature", "properties": { "バス停": "片町（片町きらら前）", "事業会社": "北陸鉄道（株）", "系統": "城下町金沢周遊バス" }, "geometry": { "type": "Point", "coordinates": [ 136.652073664864446, 36.55968580102563 ] } },
{ "type": "Feature", "properties": { "バス停": "ふるさと偉人館", "事業会社": "北鉄金沢バス（株）", "系統": "金沢ふらっとバス　菊川ルート" }, "geometry": { "type": "Point", "coordinates": [ 136.658002154159419, 36.559447399695024 ] } },
{ "type": "Feature", "properties": { "バス停": "白菊町", "事業会社": "西日本ジェイアールバス（株）", "系統": "金沢ふらっとバス　長町ルート" }, "geometry": { "type": "Point", "coordinates": [ 136.647179012654078, 36.559411238592752 ] } },
{ "type": "Feature", "properties": { "バス停": "糸田町", "事業会社": "北鉄金沢バス（株）", "系統": "上荒屋線,黒田線" }, "geometry": { "type": "Point", "coordinates": [ 136.624190990200333, 36.559305002949316 ] } },
{ "type": "Feature", "properties": { "バス停": "田井町", "事業会社": "北鉄金沢バス（株）", "系統": "医王山線,西金沢線,北陸大学線" }, "geometry": { "type": "Point", "coordinates": [ 136.678651658322764, 36.559195526893326 ] } },
{ "type": "Feature", "properties": { "バス停": "田井町", "事業会社": "北鉄白山バス（株）", "系統": "野々市金大線,市立病院線" }, "geometry": { "type": "Point", "coordinates": [ 136.678651658322764, 36.559195526893326 ] } },
{ "type": "Feature", "properties": { "バス停": "田井町", "事業会社": "北鉄金沢バス（株）・北陸鉄道（株）", "系統": "金沢大学線" }, "geometry": { "type": "Point", "coordinates": [ 136.678651658322764, 36.559195526893326 ] } },
{ "type": "Feature", "properties": { "バス停": "片町・犀川大橋北", "事業会社": "西日本ジェイアールバス（株）", "系統": "金沢ふらっとバス　長町ルート" }, "geometry": { "type": "Point", "coordinates": [ 136.651408729466254, 36.559190560832221 ] } },
{ "type": "Feature", "properties": { "バス停": "増泉", "事業会社": "北鉄金沢バス（株）", "系統": "上荒屋線,安原線,西部緑地線,鳴和・増泉線" }, "geometry": { "type": "Point", "coordinates": [ 136.637768566978309, 36.559138799004771 ] } },
{ "type": "Feature", "properties": { "バス停": "増泉", "事業会社": "北陸鉄道（株）", "系統": "平和町線・野田線・大桑線" }, "geometry": { "type": "Point", "coordinates": [ 136.637768566978309, 36.559138799004771 ] } },
{ "type": "Feature", "properties": { "バス停": "黒田", "事業会社": "北鉄金沢バス（株）", "系統": "黒田線" }, "geometry": { "type": "Point", "coordinates": [ 136.6169024570315, 36.559077204274629 ] } },
{ "type": "Feature", "properties": { "バス停": "大工町", "事業会社": "北鉄金沢バス（株）", "系統": "金沢ふらっとバス　菊川ルート" }, "geometry": { "type": "Point", "coordinates": [ 136.652972522239452, 36.558870645558429 ] } },
{ "type": "Feature", "properties": { "バス停": "若谷", "事業会社": "北鉄金沢バス（株）・北陸鉄道（株）", "系統": "鈴見線,金沢大学線" }, "geometry": { "type": "Point", "coordinates": [ 136.687432372126011, 36.558561858326058 ] } },
{ "type": "Feature", "properties": { "バス停": "飛梅町", "事業会社": "北鉄金沢バス（株）", "系統": "金沢ふらっとバス　菊川ルート" }, "geometry": { "type": "Point", "coordinates": [ 136.666986219178426, 36.558483213855261 ] } },
{ "type": "Feature", "properties": { "バス停": "増泉一丁目", "事業会社": "北鉄金沢バス（株）", "系統": "上荒屋線,安原線,西部緑地線" }, "geometry": { "type": "Point", "coordinates": [ 136.642881573816936, 36.558444576725933 ] } },
{ "type": "Feature", "properties": { "バス停": "増泉一丁目", "事業会社": "北陸鉄道（株）", "系統": "平和町線・野田線・大桑線" }, "geometry": { "type": "Point", "coordinates": [ 136.642881573816936, 36.558444576725933 ] } },
{ "type": "Feature", "properties": { "バス停": "本多町", "事業会社": "北鉄金沢バス（株）", "系統": "笠舞駅西線" }, "geometry": { "type": "Point", "coordinates": [ 136.659198216440586, 36.558445046973041 ] } },
{ "type": "Feature", "properties": { "バス停": "本多町", "事業会社": "北鉄白山バス（株）", "系統": "松任中奥線" }, "geometry": { "type": "Point", "coordinates": [ 136.659198216440586, 36.558445046973041 ] } },
{ "type": "Feature", "properties": { "バス停": "本多町", "事業会社": "北陸鉄道（株）", "系統": "花里線" }, "geometry": { "type": "Point", "coordinates": [ 136.659198216440586, 36.558445046973041 ] } },
{ "type": "Feature", "properties": { "バス停": "本多町", "事業会社": "金沢ライトアップバス実行委員会", "系統": "金沢ライトアップバス" }, "geometry": { "type": "Point", "coordinates": [ 136.659198216440586, 36.558445046973041 ] } },
{ "type": "Feature", "properties": { "バス停": "本多町（北陸放送前）", "事業会社": "北陸鉄道（株）", "系統": "城下町金沢周遊バス" }, "geometry": { "type": "Point", "coordinates": [ 136.659198216440586, 36.558445046973041 ] } },
{ "type": "Feature", "properties": { "バス停": "本多町（金沢歌舞伎座前）", "事業会社": "北陸鉄道（株）", "系統": "城下町金沢周遊バス" }, "geometry": { "type": "Point", "coordinates": [ 136.659198216440586, 36.558445046973041 ] } },
{ "type": "Feature", "properties": { "バス停": "鈴見町", "事業会社": "北鉄金沢バス（株）", "系統": "東金沢金大線" }, "geometry": { "type": "Point", "coordinates": [ 136.683609072498825, 36.558258203291935 ] } },
{ "type": "Feature", "properties": { "バス停": "鈴見町", "事業会社": "北鉄金沢バス（株）・北陸鉄道（株）", "系統": "金沢大学線" }, "geometry": { "type": "Point", "coordinates": [ 136.683609072498825, 36.558258203291935 ] } },
{ "type": "Feature", "properties": { "バス停": "本多の森ホール", "事業会社": "北鉄金沢バス（株）", "系統": "金沢ふらっとバス　菊川ルート" }, "geometry": { "type": "Point", "coordinates": [ 136.664727524930527, 36.557973515467616 ] } },
{ "type": "Feature", "properties": { "バス停": "白菊町", "事業会社": "北鉄金沢バス（株）", "系統": "上荒屋線,安原線,西部緑地線" }, "geometry": { "type": "Point", "coordinates": [ 136.646661608607559, 36.557937792328893 ] } },
{ "type": "Feature", "properties": { "バス停": "白菊町", "事業会社": "北陸鉄道（株）", "系統": "平和町線・野田線・大桑線" }, "geometry": { "type": "Point", "coordinates": [ 136.646661608607559, 36.557937792328893 ] } },
{ "type": "Feature", "properties": { "バス停": "八田中", "事業会社": "白山市", "系統": "めぐーる北ルート" }, "geometry": { "type": "Point", "coordinates": [ 136.571944289253906, 36.557842165650989 ] } },
{ "type": "Feature", "properties": { "バス停": "野町広小路", "事業会社": "西日本ジェイアールバス（株）", "系統": "金沢ふらっとバス　長町ルート" }, "geometry": { "type": "Point", "coordinates": [ 136.649422538567052, 36.557642073794831 ] } },
{ "type": "Feature", "properties": { "バス停": "にし茶屋街", "事業会社": "西日本ジェイアールバス（株）", "系統": "金沢ふらっとバス　長町ルート" }, "geometry": { "type": "Point", "coordinates": [ 136.647435457266113, 36.55759591054489 ] } },
{ "type": "Feature", "properties": { "バス停": "タテマチ", "事業会社": "北鉄金沢バス（株）", "系統": "金沢ふらっとバス　菊川ルート" }, "geometry": { "type": "Point", "coordinates": [ 136.654957434401382, 36.557492529431862 ] } },
{ "type": "Feature", "properties": { "バス停": "倉部", "事業会社": "白山市", "系統": "めぐーる北ルート" }, "geometry": { "type": "Point", "coordinates": [ 136.554298229374865, 36.55728515148855 ] } },
{ "type": "Feature", "properties": { "バス停": "石引町", "事業会社": "北鉄金沢バス（株）", "系統": "畝田住宅線,湯涌線,医王山線,犀川線,上荒屋線,安原線,石引線" }, "geometry": { "type": "Point", "coordinates": [ 136.668312824875983, 36.557278641775262 ] } },
{ "type": "Feature", "properties": { "バス停": "石引町", "事業会社": "北鉄金沢バス（株）・北陸鉄道（株）", "系統": "錦町粟崎線,錦町B線" }, "geometry": { "type": "Point", "coordinates": [ 136.668312824875983, 36.557278641775262 ] } },
{ "type": "Feature", "properties": { "バス停": "石引町", "事業会社": "北鉄白山バス（株）", "系統": "錦町野々市線" }, "geometry": { "type": "Point", "coordinates": [ 136.668312824875983, 36.557278641775262 ] } },
{ "type": "Feature", "properties": { "バス停": "石引町", "事業会社": "北陸鉄道（株）", "系統": "額住宅線,三馬大野線" }, "geometry": { "type": "Point", "coordinates": [ 136.668312824875983, 36.557278641775262 ] } },
{ "type": "Feature", "properties": { "バス停": "新保本五丁目", "事業会社": "北鉄金沢バス（株）", "系統": "黒田線" }, "geometry": { "type": "Point", "coordinates": [ 136.606110965233341, 36.557147651341971 ] } },
{ "type": "Feature", "properties": { "バス停": "一塚新", "事業会社": "白山市", "系統": "めぐーる北ルート" }, "geometry": { "type": "Point", "coordinates": [ 136.560752831791149, 36.557054230006941 ] } },
{ "type": "Feature", "properties": { "バス停": "八田", "事業会社": "白山市", "系統": "めぐーる北ルート" }, "geometry": { "type": "Point", "coordinates": [ 136.566332319905825, 36.557026732308984 ] } },
{ "type": "Feature", "properties": { "バス停": "広小路", "事業会社": "北鉄金沢バス（株）", "系統": "中央病院線,畝田住宅線,寺町線,木越円光寺線,柳橋円光寺線,元町有松線,上荒屋線,安原線,西金沢線,柳橋寺町線,津幡線" }, "geometry": { "type": "Point", "coordinates": [ 136.648916769297443, 36.556917423584537 ] } },
{ "type": "Feature", "properties": { "バス停": "広小路", "事業会社": "北鉄白山バス（株）", "系統": "鳥越線,白峰線,錦町野々市線,野々市線,八日市線" }, "geometry": { "type": "Point", "coordinates": [ 136.648916769297443, 36.556917423584537 ] } },
{ "type": "Feature", "properties": { "バス停": "広小路", "事業会社": "北陸鉄道（株）", "系統": "平和町線・野田線・大桑線,光が丘住宅線,額住宅線,工業大学線,四十万線,四十万金石線,三馬線,三馬大野線,野々市円光寺線" }, "geometry": { "type": "Point", "coordinates": [ 136.648916769297443, 36.556917423584537 ] } },
{ "type": "Feature", "properties": { "バス停": "広小路", "事業会社": "金沢ライトアップバス実行委員会", "系統": "金沢ライトアップバス" }, "geometry": { "type": "Point", "coordinates": [ 136.648916769297443, 36.556917423584537 ] } },
{ "type": "Feature", "properties": { "バス停": "広小路", "事業会社": "北鉄白山バス（株）・北陸鉄道（株）", "系統": "辰口線,松任線・金沢寺井線・千代野線" }, "geometry": { "type": "Point", "coordinates": [ 136.648916769297443, 36.556917423584537 ] } },
{ "type": "Feature", "properties": { "バス停": "旭町口", "事業会社": "北鉄金沢バス（株）", "系統": "医王山線,西金沢線,北陸大学線" }, "geometry": { "type": "Point", "coordinates": [ 136.680321609084814, 36.556788038863658 ] } },
{ "type": "Feature", "properties": { "バス停": "旭町口", "事業会社": "北鉄白山バス（株）", "系統": "野々市金大線,市立病院線" }, "geometry": { "type": "Point", "coordinates": [ 136.680321609084814, 36.556788038863658 ] } },
{ "type": "Feature", "properties": { "バス停": "旭町口", "事業会社": "北鉄金沢バス（株）・北陸鉄道（株）", "系統": "金沢大学線" }, "geometry": { "type": "Point", "coordinates": [ 136.680321609084814, 36.556788038863658 ] } },
{ "type": "Feature", "properties": { "バス停": "保古町", "事業会社": "北鉄金沢バス（株）", "系統": "上荒屋線,黒田線" }, "geometry": { "type": "Point", "coordinates": [ 136.620463638441493, 36.556444495405465 ] } },
{ "type": "Feature", "properties": { "バス停": "西金四丁目", "事業会社": "北鉄金沢バス（株）", "系統": "黒田線" }, "geometry": { "type": "Point", "coordinates": [ 136.613294536701858, 36.556388623661469 ] } },
{ "type": "Feature", "properties": { "バス停": "広小路（大桜前）", "事業会社": "北陸鉄道（株）", "系統": "城下町金沢周遊バス" }, "geometry": { "type": "Point", "coordinates": [ 136.650086435082699, 36.556250869171869 ] } },
{ "type": "Feature", "properties": { "バス停": "広小路（寺町寺院群・にし茶屋街）", "事業会社": "北陸鉄道（株）", "系統": "城下町金沢周遊バス" }, "geometry": { "type": "Point", "coordinates": [ 136.650086435082699, 36.556250869171869 ] } },
{ "type": "Feature", "properties": { "バス停": "中石引", "事業会社": "北鉄金沢バス（株）", "系統": "金沢ふらっとバス　菊川ルート" }, "geometry": { "type": "Point", "coordinates": [ 136.669443607385375, 36.55623877091314 ] } },
{ "type": "Feature", "properties": { "バス停": "大学病院", "事業会社": "北鉄金沢バス（株）", "系統": "金沢ふらっとバス　菊川ルート" }, "geometry": { "type": "Point", "coordinates": [ 136.672221170986091, 36.556177427547418 ] } },
{ "type": "Feature", "properties": { "バス停": "金沢大学附属病院", "事業会社": "北鉄金沢バス（株）・北陸鉄道（株）", "系統": "錦町B線" }, "geometry": { "type": "Point", "coordinates": [ 136.672027580862647, 36.556028829659468 ] } },
{ "type": "Feature", "properties": { "バス停": "金沢大学附属病院", "事業会社": "北鉄白山バス（株）", "系統": "錦町野々市線" }, "geometry": { "type": "Point", "coordinates": [ 136.672027580862647, 36.556028829659468 ] } },
{ "type": "Feature", "properties": { "バス停": "金沢大学附属病院", "事業会社": "北鉄金沢バス（株）", "系統": "医王山線,上荒屋線,石引線" }, "geometry": { "type": "Point", "coordinates": [ 136.672027580862647, 36.556028829659468 ] } },
{ "type": "Feature", "properties": { "バス停": "金沢大学附属病院", "事業会社": "北陸鉄道（株）", "系統": "額住宅線,三馬大野線" }, "geometry": { "type": "Point", "coordinates": [ 136.672027580862647, 36.556028829659468 ] } },
{ "type": "Feature", "properties": { "バス停": "新竪町", "事業会社": "北鉄金沢バス（株）", "系統": "金沢ふらっとバス　菊川ルート" }, "geometry": { "type": "Point", "coordinates": [ 136.65588214553361, 36.555978561071527 ] } },
{ "type": "Feature", "properties": { "バス停": "石引広見", "事業会社": "北鉄金沢バス（株）", "系統": "医王山線,上荒屋線,石引線,金沢ふらっとバス　菊川ルート" }, "geometry": { "type": "Point", "coordinates": [ 136.671629567272703, 36.55572663476319 ] } },
{ "type": "Feature", "properties": { "バス停": "石引広見", "事業会社": "北鉄白山バス（株）", "系統": "錦町野々市線" }, "geometry": { "type": "Point", "coordinates": [ 136.671629567272703, 36.55572663476319 ] } },
{ "type": "Feature", "properties": { "バス停": "石引広見", "事業会社": "北鉄金沢バス（株）・北陸鉄道（株）", "系統": "錦町B線" }, "geometry": { "type": "Point", "coordinates": [ 136.671629567272703, 36.55572663476319 ] } },
{ "type": "Feature", "properties": { "バス停": "石引広見", "事業会社": "北陸鉄道（株）", "系統": "額住宅線,三馬大野線" }, "geometry": { "type": "Point", "coordinates": [ 136.671629567272703, 36.55572663476319 ] } },
{ "type": "Feature", "properties": { "バス停": "若松橋", "事業会社": "北鉄金沢バス（株）", "系統": "西金沢線,東金沢金大線" }, "geometry": { "type": "Point", "coordinates": [ 136.685805941632225, 36.555369398769599 ] } },
{ "type": "Feature", "properties": { "バス停": "若松橋", "事業会社": "北鉄白山バス（株）", "系統": "野々市金大線,市立病院線" }, "geometry": { "type": "Point", "coordinates": [ 136.685805941632225, 36.555369398769599 ] } },
{ "type": "Feature", "properties": { "バス停": "若松橋", "事業会社": "北鉄金沢バス（株）・北陸鉄道（株）", "系統": "金沢大学線" }, "geometry": { "type": "Point", "coordinates": [ 136.685805941632225, 36.555369398769599 ] } },
{ "type": "Feature", "properties": { "バス停": "ニ俣", "事業会社": "加越能バス（株）", "系統": "井波〜城端駅前〜金沢駅西口,井波〜金沢駅西口" }, "geometry": { "type": "Point", "coordinates": [ 136.760928457628239, 36.555216291085834 ] } },
{ "type": "Feature", "properties": { "バス停": "幸町", "事業会社": "北鉄金沢バス（株）", "系統": "笠舞駅西線" }, "geometry": { "type": "Point", "coordinates": [ 136.659000839837347, 36.555184568019499 ] } },
{ "type": "Feature", "properties": { "バス停": "幸町", "事業会社": "北陸鉄道（株）", "系統": "花里線" }, "geometry": { "type": "Point", "coordinates": [ 136.659000839837347, 36.555184568019499 ] } },
{ "type": "Feature", "properties": { "バス停": "幸町", "事業会社": "北鉄白山バス（株）", "系統": "松任中奥線" }, "geometry": { "type": "Point", "coordinates": [ 136.659000839837347, 36.555184568019499 ] } },
{ "type": "Feature", "properties": { "バス停": "中新保", "事業会社": "白山市", "系統": "めぐーる北ルート" }, "geometry": { "type": "Point", "coordinates": [ 136.577876545811904, 36.555018581034794 ] } },
{ "type": "Feature", "properties": { "バス停": "泉本町", "事業会社": "北鉄金沢バス（株）", "系統": "安原線,鳴和・増泉線" }, "geometry": { "type": "Point", "coordinates": [ 136.634973965633321, 36.554519327083085 ] } },
{ "type": "Feature", "properties": { "バス停": "西南部小学校前", "事業会社": "北鉄金沢バス（株）", "系統": "黒田線" }, "geometry": { "type": "Point", "coordinates": [ 136.607998666429069, 36.554481881468242 ] } },
{ "type": "Feature", "properties": { "バス停": "旭町", "事業会社": "北鉄金沢バス（株）", "系統": "医王山線,西金沢線,北陸大学線" }, "geometry": { "type": "Point", "coordinates": [ 136.681935172195494, 36.554427490709166 ] } },
{ "type": "Feature", "properties": { "バス停": "旭町", "事業会社": "北鉄白山バス（株）", "系統": "野々市金大線,市立病院線" }, "geometry": { "type": "Point", "coordinates": [ 136.681935172195494, 36.554427490709166 ] } },
{ "type": "Feature", "properties": { "バス停": "旭町", "事業会社": "北鉄金沢バス（株）・北陸鉄道（株）", "系統": "金沢大学線" }, "geometry": { "type": "Point", "coordinates": [ 136.681935172195494, 36.554427490709166 ] } },
{ "type": "Feature", "properties": { "バス停": "小立野", "事業会社": "北鉄金沢バス（株）", "系統": "畝田住宅線,湯涌線,医王山線,犀川線,安原線,石引線" }, "geometry": { "type": "Point", "coordinates": [ 136.671704887604534, 36.554403168559318 ] } },
{ "type": "Feature", "properties": { "バス停": "小立野", "事業会社": "北鉄白山バス（株）", "系統": "錦町野々市線" }, "geometry": { "type": "Point", "coordinates": [ 136.671704887604534, 36.554403168559318 ] } },
{ "type": "Feature", "properties": { "バス停": "小立野", "事業会社": "北陸鉄道（株）", "系統": "四十万金石線" }, "geometry": { "type": "Point", "coordinates": [ 136.671704887604534, 36.554403168559318 ] } },
{ "type": "Feature", "properties": { "バス停": "小立野", "事業会社": "北鉄金沢バス（株）・北陸鉄道（株）", "系統": "錦町粟崎線,錦町B線" }, "geometry": { "type": "Point", "coordinates": [ 136.671704887604534, 36.554403168559318 ] } },
{ "type": "Feature", "properties": { "バス停": "一本松陸橋", "事業会社": "北鉄金沢バス（株）", "系統": "金沢ふらっとバス　菊川ルート" }, "geometry": { "type": "Point", "coordinates": [ 136.668643740411511, 36.554257309161365 ] } },
{ "type": "Feature", "properties": { "バス停": "上石引", "事業会社": "北鉄金沢バス（株）", "系統": "金沢ふらっとバス　菊川ルート" }, "geometry": { "type": "Point", "coordinates": [ 136.671913489161994, 36.554224024221959 ] } },
{ "type": "Feature", "properties": { "バス停": "森戸", "事業会社": "北鉄金沢バス（株）", "系統": "上荒屋線,黒田線" }, "geometry": { "type": "Point", "coordinates": [ 136.600806527579266, 36.554051058923349 ] } },
{ "type": "Feature", "properties": { "バス停": "桜橋", "事業会社": "北鉄金沢バス（株）", "系統": "金沢ふらっとバス　菊川ルート" }, "geometry": { "type": "Point", "coordinates": [ 136.656153584335414, 36.554019623392698 ] } },
{ "type": "Feature", "properties": { "バス停": "桜橋", "事業会社": "北陸鉄道（株）", "系統": "城下町金沢周遊バス" }, "geometry": { "type": "Point", "coordinates": [ 136.656153584335414, 36.554019623392698 ] } },
{ "type": "Feature", "properties": { "バス停": "桜橋", "事業会社": "金沢ライトアップバス実行委員会", "系統": "金沢ライトアップバス" }, "geometry": { "type": "Point", "coordinates": [ 136.656153584335414, 36.554019623392698 ] } },
{ "type": "Feature", "properties": { "バス停": "矢木", "事業会社": "北鉄金沢バス（株）", "系統": "上荒屋線,黒田線" }, "geometry": { "type": "Point", "coordinates": [ 136.597484595356661, 36.554012710782708 ] } },
{ "type": "Feature", "properties": { "バス停": "西金新町", "事業会社": "北鉄金沢バス（株）", "系統": "上荒屋線,黒田線" }, "geometry": { "type": "Point", "coordinates": [ 136.616736274535981, 36.554000606134302 ] } },
{ "type": "Feature", "properties": { "バス停": "野町駅", "事業会社": "北鉄金沢バス（株）", "系統": "中央病院線,畝田住宅線,津幡線" }, "geometry": { "type": "Point", "coordinates": [ 136.644587200456357, 36.553852964540674 ] } },
{ "type": "Feature", "properties": { "バス停": "野町駅", "事業会社": "北鉄白山バス（株）", "系統": "錦町野々市線" }, "geometry": { "type": "Point", "coordinates": [ 136.644587200456357, 36.553852964540674 ] } },
{ "type": "Feature", "properties": { "バス停": "角間新町", "事業会社": "北鉄金沢バス（株）", "系統": "西金沢線,東金沢金大線" }, "geometry": { "type": "Point", "coordinates": [ 136.698286407338998, 36.553823732755291 ] } },
{ "type": "Feature", "properties": { "バス停": "角間新町", "事業会社": "北鉄白山バス（株）", "系統": "野々市金大線,市立病院線" }, "geometry": { "type": "Point", "coordinates": [ 136.698286407338998, 36.553823732755291 ] } },
{ "type": "Feature", "properties": { "バス停": "角間新町", "事業会社": "北鉄金沢バス（株）・北陸鉄道（株）", "系統": "金沢大学線" }, "geometry": { "type": "Point", "coordinates": [ 136.698286407338998, 36.553823732755291 ] } },
{ "type": "Feature", "properties": { "バス停": "二十人坂", "事業会社": "北鉄金沢バス（株）", "系統": "金沢ふらっとバス　菊川ルート" }, "geometry": { "type": "Point", "coordinates": [ 136.667606615552387, 36.553770125907903 ] } },
{ "type": "Feature", "properties": { "バス停": "思案橋", "事業会社": "北鉄金沢バス（株）", "系統": "笠舞駅西線" }, "geometry": { "type": "Point", "coordinates": [ 136.6616195773762, 36.553760600833115 ] } },
{ "type": "Feature", "properties": { "バス停": "思案橋", "事業会社": "北鉄白山バス（株）", "系統": "松任中奥線" }, "geometry": { "type": "Point", "coordinates": [ 136.6616195773762, 36.553760600833115 ] } },
{ "type": "Feature", "properties": { "バス停": "思案橋", "事業会社": "北陸鉄道（株）", "系統": "花里線" }, "geometry": { "type": "Point", "coordinates": [ 136.6616195773762, 36.553760600833115 ] } },
{ "type": "Feature", "properties": { "バス停": "西金沢駅西口", "事業会社": "北鉄金沢バス（株）", "系統": "上荒屋線" }, "geometry": { "type": "Point", "coordinates": [ 136.621020091043363, 36.55373177711985 ] } },
{ "type": "Feature", "properties": { "バス停": "若松", "事業会社": "北鉄金沢バス（株）・北陸鉄道（株）", "系統": "鈴見線,金沢大学線" }, "geometry": { "type": "Point", "coordinates": [ 136.691031983580331, 36.553550270116489 ] } },
{ "type": "Feature", "properties": { "バス停": "小立野下馬", "事業会社": "北鉄金沢バス（株）", "系統": "金沢ふらっとバス　菊川ルート" }, "geometry": { "type": "Point", "coordinates": [ 136.67452608179957, 36.553513864341966 ] } },
{ "type": "Feature", "properties": { "バス停": "若松", "事業会社": "北鉄金沢バス（株）", "系統": "西金沢線,東金沢金大線" }, "geometry": { "type": "Point", "coordinates": [ 136.690820890988476, 36.553491660886465 ] } },
{ "type": "Feature", "properties": { "バス停": "若松", "事業会社": "加越能バス（株）", "系統": "井波〜城端駅前〜金沢駅西口,井波〜金沢駅西口" }, "geometry": { "type": "Point", "coordinates": [ 136.690820890988476, 36.553491660886465 ] } },
{ "type": "Feature", "properties": { "バス停": "若松", "事業会社": "北鉄白山バス（株）", "系統": "野々市金大線,市立病院線" }, "geometry": { "type": "Point", "coordinates": [ 136.690820890988476, 36.553491660886465 ] } },
{ "type": "Feature", "properties": { "バス停": "若松西", "事業会社": "北鉄金沢バス（株）", "系統": "西金沢線,東金沢金大線" }, "geometry": { "type": "Point", "coordinates": [ 136.687396444184088, 36.553271888328915 ] } },
{ "type": "Feature", "properties": { "バス停": "若松西", "事業会社": "北鉄白山バス（株）", "系統": "野々市金大線,市立病院線" }, "geometry": { "type": "Point", "coordinates": [ 136.687396444184088, 36.553271888328915 ] } },
{ "type": "Feature", "properties": { "バス停": "若松西", "事業会社": "北鉄金沢バス（株）・北陸鉄道（株）", "系統": "金沢大学線" }, "geometry": { "type": "Point", "coordinates": [ 136.687396444184088, 36.553271888328915 ] } },
{ "type": "Feature", "properties": { "バス停": "野町", "事業会社": "北鉄金沢バス（株）", "系統": "木越円光寺線,柳橋円光寺線,元町有松線,上荒屋線,西金沢線" }, "geometry": { "type": "Point", "coordinates": [ 136.646340435724653, 36.55320225013508 ] } },
{ "type": "Feature", "properties": { "バス停": "野町", "事業会社": "北鉄白山バス（株）", "系統": "鳥越線,白峰線,錦町野々市線,野々市線,八日市線" }, "geometry": { "type": "Point", "coordinates": [ 136.646340435724653, 36.55320225013508 ] } },
{ "type": "Feature", "properties": { "バス停": "野町", "事業会社": "北陸鉄道（株）", "系統": "額住宅線,工業大学線,四十万線,四十万金石線,三馬線,三馬大野線" }, "geometry": { "type": "Point", "coordinates": [ 136.646340435724653, 36.55320225013508 ] } },
{ "type": "Feature", "properties": { "バス停": "野町", "事業会社": "北鉄白山バス（株）・北陸鉄道（株）", "系統": "辰口線,松任線・金沢寺井線・千代野線" }, "geometry": { "type": "Point", "coordinates": [ 136.646340435724653, 36.55320225013508 ] } },
{ "type": "Feature", "properties": { "バス停": "如来寺前", "事業会社": "北鉄金沢バス（株）", "系統": "畝田住宅線,医王山線" }, "geometry": { "type": "Point", "coordinates": [ 136.674118628692497, 36.553130566417117 ] } },
{ "type": "Feature", "properties": { "バス停": "如来寺前", "事業会社": "北鉄白山バス（株）", "系統": "野々市金大線,市立病院線" }, "geometry": { "type": "Point", "coordinates": [ 136.674118628692497, 36.553130566417117 ] } },
{ "type": "Feature", "properties": { "バス停": "如来寺前", "事業会社": "北鉄金沢バス（株）・北陸鉄道（株）", "系統": "錦町B線" }, "geometry": { "type": "Point", "coordinates": [ 136.674118628692497, 36.553130566417117 ] } },
{ "type": "Feature", "properties": { "バス停": "如来寺前", "事業会社": "北陸鉄道（株）", "系統": "四十万金石線" }, "geometry": { "type": "Point", "coordinates": [ 136.674118628692497, 36.553130566417117 ] } },
{ "type": "Feature", "properties": { "バス停": "猿丸児童公園", "事業会社": "北鉄金沢バス（株）", "系統": "金沢ふらっとバス　菊川ルート" }, "geometry": { "type": "Point", "coordinates": [ 136.664506879442314, 36.55304905144942 ] } },
{ "type": "Feature", "properties": { "バス停": "旭工業団地", "事業会社": "白山市", "系統": "めぐーる北ルート" }, "geometry": { "type": "Point", "coordinates": [ 136.576972503538997, 36.553012740900286 ] } },
{ "type": "Feature", "properties": { "バス停": "上荒屋西", "事業会社": "北鉄金沢バス（株）", "系統": "上荒屋線,黒田線" }, "geometry": { "type": "Point", "coordinates": [ 136.588625519626589, 36.552989659156708 ] } },
{ "type": "Feature", "properties": { "バス停": "いなほ一丁目", "事業会社": "北鉄金沢バス（株）", "系統": "上荒屋線" }, "geometry": { "type": "Point", "coordinates": [ 136.584624535296996, 36.552979602893799 ] } },
{ "type": "Feature", "properties": { "バス停": "上荒屋大橋", "事業会社": "北鉄金沢バス（株）", "系統": "上荒屋線,黒田線" }, "geometry": { "type": "Point", "coordinates": [ 136.591136377627976, 36.552963309799466 ] } },
{ "type": "Feature", "properties": { "バス停": "笠舞三丁目", "事業会社": "北鉄金沢バス（株）", "系統": "石引線" }, "geometry": { "type": "Point", "coordinates": [ 136.668641564501627, 36.552946063305399 ] } },
{ "type": "Feature", "properties": { "バス停": "笠舞三丁目", "事業会社": "北鉄白山バス（株）", "系統": "野々市金大線,市立病院線" }, "geometry": { "type": "Point", "coordinates": [ 136.668641564501627, 36.552946063305399 ] } },
{ "type": "Feature", "properties": { "バス停": "笠舞三丁目", "事業会社": "北陸鉄道（株）", "系統": "花里線" }, "geometry": { "type": "Point", "coordinates": [ 136.668641564501627, 36.552946063305399 ] } },
{ "type": "Feature", "properties": { "バス停": "笠舞三丁目", "事業会社": "北鉄白山バス（株）・北陸鉄道（株）", "系統": "辰口線" }, "geometry": { "type": "Point", "coordinates": [ 136.668641564501627, 36.552946063305399 ] } },
{ "type": "Feature", "properties": { "バス停": "新保本町", "事業会社": "北鉄金沢バス（株）", "系統": "上荒屋線,黒田線" }, "geometry": { "type": "Point", "coordinates": [ 136.603699925225982, 36.552899829456841 ] } },
{ "type": "Feature", "properties": { "バス停": "寺町五丁目", "事業会社": "北陸鉄道（株）", "系統": "光が丘住宅線,野々市円光寺線" }, "geometry": { "type": "Point", "coordinates": [ 136.651131489771984, 36.552871850958404 ] } },
{ "type": "Feature", "properties": { "バス停": "寺町五丁目", "事業会社": "北鉄白山バス（株）・北陸鉄道（株）", "系統": "松任線・金沢寺井線・千代野線" }, "geometry": { "type": "Point", "coordinates": [ 136.651131489771984, 36.552871850958404 ] } },
{ "type": "Feature", "properties": { "バス停": "上荒屋", "事業会社": "北鉄金沢バス（株）", "系統": "上荒屋線,黒田線" }, "geometry": { "type": "Point", "coordinates": [ 136.593692235472815, 36.552777814350691 ] } },
{ "type": "Feature", "properties": { "バス停": "いなほ工業団地", "事業会社": "北鉄金沢バス（株）", "系統": "上荒屋線" }, "geometry": { "type": "Point", "coordinates": [ 136.581784819369204, 36.552602362660849 ] } },
{ "type": "Feature", "properties": { "バス停": "西金沢", "事業会社": "北鉄金沢バス（株）", "系統": "上荒屋線,西金沢線,鳴和・増泉線" }, "geometry": { "type": "Point", "coordinates": [ 136.62165591902243, 36.552509986164907 ] } },
{ "type": "Feature", "properties": { "バス停": "上川除", "事業会社": "北鉄金沢バス（株）", "系統": "金沢ふらっとバス　菊川ルート" }, "geometry": { "type": "Point", "coordinates": [ 136.658548740663178, 36.552481522061989 ] } },
{ "type": "Feature", "properties": { "バス停": "石引二丁目", "事業会社": "北鉄金沢バス（株）", "系統": "石引線" }, "geometry": { "type": "Point", "coordinates": [ 136.672595994027574, 36.552455616304954 ] } },
{ "type": "Feature", "properties": { "バス停": "石引二丁目", "事業会社": "北鉄白山バス（株）", "系統": "野々市金大線,市立病院線" }, "geometry": { "type": "Point", "coordinates": [ 136.672595994027574, 36.552455616304954 ] } },
{ "type": "Feature", "properties": { "バス停": "石引二丁目", "事業会社": "北鉄白山バス（株）・北陸鉄道（株）", "系統": "辰口線" }, "geometry": { "type": "Point", "coordinates": [ 136.672595994027574, 36.552455616304954 ] } },
{ "type": "Feature", "properties": { "バス停": "あやめ北", "事業会社": "野々市市", "系統": "北部ルート" }, "geometry": { "type": "Point", "coordinates": [ 136.596495573211541, 36.552454005291139 ] } },
{ "type": "Feature", "properties": { "バス停": "犀川大通り", "事業会社": "北鉄金沢バス（株）", "系統": "金沢ふらっとバス　菊川ルート" }, "geometry": { "type": "Point", "coordinates": [ 136.663326989010613, 36.552437435919686 ] } },
{ "type": "Feature", "properties": { "バス停": "金沢大学角間口", "事業会社": "北鉄金沢バス（株）", "系統": "西金沢線,東金沢金大線" }, "geometry": { "type": "Point", "coordinates": [ 136.702582512723552, 36.552372043385894 ] } },
{ "type": "Feature", "properties": { "バス停": "金沢大学角間口", "事業会社": "北鉄白山バス（株）", "系統": "野々市金大線,市立病院線" }, "geometry": { "type": "Point", "coordinates": [ 136.702582512723552, 36.552372043385894 ] } },
{ "type": "Feature", "properties": { "バス停": "金沢大学角間口", "事業会社": "北鉄金沢バス（株）・北陸鉄道（株）", "系統": "金沢大学線" }, "geometry": { "type": "Point", "coordinates": [ 136.702582512723552, 36.552372043385894 ] } },
{ "type": "Feature", "properties": { "バス停": "金商高校前", "事業会社": "北鉄金沢バス（株）", "系統": "医王山線" }, "geometry": { "type": "Point", "coordinates": [ 136.679821802567773, 36.552307964195954 ] } },
{ "type": "Feature", "properties": { "バス停": "猿丸神社前", "事業会社": "北鉄金沢バス（株）", "系統": "笠舞駅西線,石引線" }, "geometry": { "type": "Point", "coordinates": [ 136.664607729257057, 36.552251640383702 ] } },
{ "type": "Feature", "properties": { "バス停": "猿丸神社前", "事業会社": "北鉄白山バス（株）", "系統": "野々市金大線,市立病院線" }, "geometry": { "type": "Point", "coordinates": [ 136.664607729257057, 36.552251640383702 ] } },
{ "type": "Feature", "properties": { "バス停": "猿丸神社前", "事業会社": "北陸鉄道（株）", "系統": "花里線" }, "geometry": { "type": "Point", "coordinates": [ 136.664607729257057, 36.552251640383702 ] } },
{ "type": "Feature", "properties": { "バス停": "猿丸神社前", "事業会社": "北鉄白山バス（株）・北陸鉄道（株）", "系統": "辰口線" }, "geometry": { "type": "Point", "coordinates": [ 136.664607729257057, 36.552251640383702 ] } },
{ "type": "Feature", "properties": { "バス停": "西金三丁目", "事業会社": "北鉄金沢バス（株）", "系統": "上荒屋線,黒田線" }, "geometry": { "type": "Point", "coordinates": [ 136.612475860311662, 36.55224051548322 ] } },
{ "type": "Feature", "properties": { "バス停": "八日市出町", "事業会社": "北鉄金沢バス（株）", "系統": "上荒屋線,黒田線" }, "geometry": { "type": "Point", "coordinates": [ 136.60722492719654, 36.551930243219886 ] } },
{ "type": "Feature", "properties": { "バス停": "寺町三丁目", "事業会社": "北鉄金沢バス（株）", "系統": "寺町線,安原線,柳橋寺町線" }, "geometry": { "type": "Point", "coordinates": [ 136.654172692183295, 36.551846487233611 ] } },
{ "type": "Feature", "properties": { "バス停": "寺町三丁目", "事業会社": "北陸鉄道（株）", "系統": "平和町線・野田線・大桑線" }, "geometry": { "type": "Point", "coordinates": [ 136.654172692183295, 36.551846487233611 ] } },
{ "type": "Feature", "properties": { "バス停": "米泉", "事業会社": "北鉄金沢バス（株）", "系統": "上荒屋線,西金沢線,鳴和・増泉線" }, "geometry": { "type": "Point", "coordinates": [ 136.625644524056668, 36.551751234018496 ] } },
{ "type": "Feature", "properties": { "バス停": "川上広見", "事業会社": "北鉄金沢バス（株）", "系統": "金沢ふらっとバス　菊川ルート" }, "geometry": { "type": "Point", "coordinates": [ 136.662235706592412, 36.551720277586114 ] } },
{ "type": "Feature", "properties": { "バス停": "上若松", "事業会社": "北鉄金沢バス（株）・北陸鉄道（株）", "系統": "鈴見線" }, "geometry": { "type": "Point", "coordinates": [ 136.693436022855934, 36.551585253001747 ] } },
{ "type": "Feature", "properties": { "バス停": "天徳院前", "事業会社": "北鉄金沢バス（株）", "系統": "湯涌線,医王山線,犀川線,安原線" }, "geometry": { "type": "Point", "coordinates": [ 136.674873615140825, 36.551496032188702 ] } },
{ "type": "Feature", "properties": { "バス停": "天徳院前", "事業会社": "北鉄白山バス（株）", "系統": "錦町野々市線,市立病院線" }, "geometry": { "type": "Point", "coordinates": [ 136.674873615140825, 36.551496032188702 ] } },
{ "type": "Feature", "properties": { "バス停": "天徳院前", "事業会社": "北鉄金沢バス（株）・北陸鉄道（株）", "系統": "錦町粟崎線,錦町B線" }, "geometry": { "type": "Point", "coordinates": [ 136.674873615140825, 36.551496032188702 ] } },
{ "type": "Feature", "properties": { "バス停": "天徳院前", "事業会社": "北鉄白山バス（株）・北陸鉄道（株）", "系統": "辰口線" }, "geometry": { "type": "Point", "coordinates": [ 136.674873615140825, 36.551496032188702 ] } },
{ "type": "Feature", "properties": { "バス停": "天徳院前", "事業会社": "北陸鉄道（株）", "系統": "花里線" }, "geometry": { "type": "Point", "coordinates": [ 136.674873615140825, 36.551496032188702 ] } },
{ "type": "Feature", "properties": { "バス停": "西泉", "事業会社": "北鉄金沢バス（株）", "系統": "上荒屋線,安原線,西金沢線,鳴和・増泉線" }, "geometry": { "type": "Point", "coordinates": [ 136.633599199398645, 36.551371096233936 ] } },
{ "type": "Feature", "properties": { "バス停": "西泉", "事業会社": "北鉄白山バス（株）", "系統": "野々市線" }, "geometry": { "type": "Point", "coordinates": [ 136.633599199398645, 36.551371096233936 ] } },
{ "type": "Feature", "properties": { "バス停": "菊川町公民館", "事業会社": "北鉄金沢バス（株）", "系統": "金沢ふらっとバス　菊川ルート" }, "geometry": { "type": "Point", "coordinates": [ 136.660278091391035, 36.551367511884386 ] } },
{ "type": "Feature", "properties": { "バス停": "金沢高校前", "事業会社": "北鉄金沢バス（株）", "系統": "上荒屋線,安原線,西金沢線" }, "geometry": { "type": "Point", "coordinates": [ 136.635462679996863, 36.551149209974142 ] } },
{ "type": "Feature", "properties": { "バス停": "金沢高校前", "事業会社": "北鉄白山バス（株）", "系統": "野々市線" }, "geometry": { "type": "Point", "coordinates": [ 136.635462679996863, 36.551149209974142 ] } },
{ "type": "Feature", "properties": { "バス停": "泉一丁目", "事業会社": "北鉄金沢バス（株）", "系統": "木越円光寺線,柳橋円光寺線,元町有松線,上荒屋線,西金沢線" }, "geometry": { "type": "Point", "coordinates": [ 136.644870899812531, 36.551001371036286 ] } },
{ "type": "Feature", "properties": { "バス停": "泉一丁目", "事業会社": "北鉄白山バス（株）", "系統": "鳥越線,白峰線,錦町野々市線,野々市線,八日市線" }, "geometry": { "type": "Point", "coordinates": [ 136.644870899812531, 36.551001371036286 ] } },
{ "type": "Feature", "properties": { "バス停": "泉一丁目", "事業会社": "北陸鉄道（株）", "系統": "光が丘住宅線,額住宅線,工業大学線,四十万線,四十万金石線,三馬線,三馬大野線" }, "geometry": { "type": "Point", "coordinates": [ 136.644870899812531, 36.551001371036286 ] } },
{ "type": "Feature", "properties": { "バス停": "泉一丁目", "事業会社": "北鉄白山バス（株）・北陸鉄道（株）", "系統": "辰口線,松任線・金沢寺井線・千代野線" }, "geometry": { "type": "Point", "coordinates": [ 136.644870899812531, 36.551001371036286 ] } },
{ "type": "Feature", "properties": { "バス停": "菊川一丁目", "事業会社": "北鉄金沢バス（株）", "系統": "石引線" }, "geometry": { "type": "Point", "coordinates": [ 136.662198233052322, 36.550964248940829 ] } },
{ "type": "Feature", "properties": { "バス停": "菊川一丁目", "事業会社": "北鉄白山バス（株）", "系統": "松任中奥線,野々市金大線,市立病院線" }, "geometry": { "type": "Point", "coordinates": [ 136.662198233052322, 36.550964248940829 ] } },
{ "type": "Feature", "properties": { "バス停": "菊川一丁目", "事業会社": "北鉄白山バス（株）・北陸鉄道（株）", "系統": "辰口線" }, "geometry": { "type": "Point", "coordinates": [ 136.662198233052322, 36.550964248940829 ] } },
{ "type": "Feature", "properties": { "バス停": "八日市五丁目", "事業会社": "北鉄金沢バス（株）", "系統": "上荒屋線" }, "geometry": { "type": "Point", "coordinates": [ 136.611702086471325, 36.550723469117798 ] } },
{ "type": "Feature", "properties": { "バス停": "沼田町", "事業会社": "北陸鉄道（株）", "系統": "光が丘住宅線,野々市円光寺線" }, "geometry": { "type": "Point", "coordinates": [ 136.64992805268102, 36.550424884879575 ] } },
{ "type": "Feature", "properties": { "バス停": "沼田町", "事業会社": "北鉄白山バス（株）・北陸鉄道（株）", "系統": "松任線・金沢寺井線・千代野線" }, "geometry": { "type": "Point", "coordinates": [ 136.64992805268102, 36.550424884879575 ] } },
{ "type": "Feature", "properties": { "バス停": "上荒屋七丁目", "事業会社": "北鉄金沢バス（株）", "系統": "上荒屋線" }, "geometry": { "type": "Point", "coordinates": [ 136.588944160155251, 36.55030667957071 ] } },
{ "type": "Feature", "properties": { "バス停": "泉新町", "事業会社": "北鉄金沢バス（株）", "系統": "上荒屋線,安原線,西金沢線" }, "geometry": { "type": "Point", "coordinates": [ 136.642575813505147, 36.550278632364396 ] } },
{ "type": "Feature", "properties": { "バス停": "泉新町", "事業会社": "北鉄白山バス（株）", "系統": "野々市線" }, "geometry": { "type": "Point", "coordinates": [ 136.642575813505147, 36.550278632364396 ] } },
{ "type": "Feature", "properties": { "バス停": "あやめ", "事業会社": "野々市市", "系統": "北部ルート" }, "geometry": { "type": "Point", "coordinates": [ 136.596215943235961, 36.550241775132918 ] } },
{ "type": "Feature", "properties": { "バス停": "小立野二丁目", "事業会社": "北鉄金沢バス（株）", "系統": "医王山線" }, "geometry": { "type": "Point", "coordinates": [ 136.682265560097335, 36.550168774068638 ] } },
{ "type": "Feature", "properties": { "バス停": "旭町住宅", "事業会社": "北鉄金沢バス（株）", "系統": "医王山線,北陸大学線" }, "geometry": { "type": "Point", "coordinates": [ 136.685053954812986, 36.549956893256784 ] } },
{ "type": "Feature", "properties": { "バス停": "川上", "事業会社": "北鉄金沢バス（株）", "系統": "笠舞駅西線" }, "geometry": { "type": "Point", "coordinates": [ 136.664255327331716, 36.549928001851939 ] } },
{ "type": "Feature", "properties": { "バス停": "金沢大学", "事業会社": "北鉄金沢バス（株）", "系統": "西金沢線,東金沢金大線" }, "geometry": { "type": "Point", "coordinates": [ 136.713887798498774, 36.549817882146286 ] } },
{ "type": "Feature", "properties": { "バス停": "金沢大学", "事業会社": "北鉄白山バス（株）", "系統": "野々市金大線,市立病院線" }, "geometry": { "type": "Point", "coordinates": [ 136.713887798498774, 36.549817882146286 ] } },
{ "type": "Feature", "properties": { "バス停": "金沢大学", "事業会社": "北鉄金沢バス（株）・北陸鉄道（株）", "系統": "金沢大学線" }, "geometry": { "type": "Point", "coordinates": [ 136.713887798498774, 36.549817882146286 ] } },
{ "type": "Feature", "properties": { "バス停": "笠舞二丁目", "事業会社": "北陸鉄道（株）", "系統": "花里線" }, "geometry": { "type": "Point", "coordinates": [ 136.669994056266233, 36.549603949122741 ] } },
{ "type": "Feature", "properties": { "バス停": "寺町二丁目", "事業会社": "北鉄金沢バス（株）", "系統": "寺町線,安原線,柳橋寺町線" }, "geometry": { "type": "Point", "coordinates": [ 136.656250116863333, 36.549538462538067 ] } },
{ "type": "Feature", "properties": { "バス停": "寺町二丁目", "事業会社": "北陸鉄道（株）", "系統": "平和町線・野田線・大桑線" }, "geometry": { "type": "Point", "coordinates": [ 136.656250116863333, 36.549538462538067 ] } },
{ "type": "Feature", "properties": { "バス停": "宮永新", "事業会社": "白山市", "系統": "めぐーる北ルート" }, "geometry": { "type": "Point", "coordinates": [ 136.575320776621624, 36.549352409027186 ] } },
{ "type": "Feature", "properties": { "バス停": "御経塚中央", "事業会社": "野々市市", "系統": "北部ルート" }, "geometry": { "type": "Point", "coordinates": [ 136.597379748706516, 36.54931940002956 ] } },
{ "type": "Feature", "properties": { "バス停": "小立野三丁目", "事業会社": "北鉄金沢バス（株）", "系統": "湯涌線,医王山線,犀川線,安原線" }, "geometry": { "type": "Point", "coordinates": [ 136.677731795544076, 36.548881348941762 ] } },
{ "type": "Feature", "properties": { "バス停": "小立野三丁目", "事業会社": "北鉄白山バス（株）", "系統": "錦町野々市線,市立病院線" }, "geometry": { "type": "Point", "coordinates": [ 136.677731795544076, 36.548881348941762 ] } },
{ "type": "Feature", "properties": { "バス停": "小立野三丁目", "事業会社": "北陸鉄道（株）", "系統": "花里線" }, "geometry": { "type": "Point", "coordinates": [ 136.677731795544076, 36.548881348941762 ] } },
{ "type": "Feature", "properties": { "バス停": "小立野三丁目", "事業会社": "北鉄金沢バス（株）・北陸鉄道（株）", "系統": "錦町粟崎線,錦町B線" }, "geometry": { "type": "Point", "coordinates": [ 136.677731795544076, 36.548881348941762 ] } },
{ "type": "Feature", "properties": { "バス停": "小立野三丁目", "事業会社": "北鉄白山バス（株）・北陸鉄道（株）", "系統": "辰口線" }, "geometry": { "type": "Point", "coordinates": [ 136.677731795544076, 36.548881348941762 ] } },
{ "type": "Feature", "properties": { "バス停": "八日市四丁目", "事業会社": "北鉄金沢バス（株）", "系統": "上荒屋線" }, "geometry": { "type": "Point", "coordinates": [ 136.607743870748635, 36.548835337472816 ] } },
{ "type": "Feature", "properties": { "バス停": "城南二丁目", "事業会社": "北鉄金沢バス（株）", "系統": "笠舞駅西線" }, "geometry": { "type": "Point", "coordinates": [ 136.666323268279712, 36.548370701149942 ] } },
{ "type": "Feature", "properties": { "バス停": "金沢大学中央", "事業会社": "北鉄金沢バス（株）", "系統": "西金沢線,東金沢金大線" }, "geometry": { "type": "Point", "coordinates": [ 136.707967215079236, 36.54822457071554 ] } },
{ "type": "Feature", "properties": { "バス停": "金沢大学中央", "事業会社": "加越能バス（株）", "系統": "井波〜城端駅前〜金沢駅西口,井波〜金沢駅西口" }, "geometry": { "type": "Point", "coordinates": [ 136.707967215079236, 36.54822457071554 ] } },
{ "type": "Feature", "properties": { "バス停": "金沢大学中央", "事業会社": "北鉄白山バス（株）", "系統": "野々市金大線,市立病院線" }, "geometry": { "type": "Point", "coordinates": [ 136.707967215079236, 36.54822457071554 ] } },
{ "type": "Feature", "properties": { "バス停": "金沢大学中央", "事業会社": "北鉄金沢バス（株）・北陸鉄道（株）", "系統": "金沢大学線" }, "geometry": { "type": "Point", "coordinates": [ 136.707967215079236, 36.54822457071554 ] } },
{ "type": "Feature", "properties": { "バス停": "泉野三丁目", "事業会社": "北陸鉄道（株）", "系統": "光が丘住宅線,野々市円光寺線" }, "geometry": { "type": "Point", "coordinates": [ 136.649176809653198, 36.547880721921651 ] } },
{ "type": "Feature", "properties": { "バス停": "泉野三丁目", "事業会社": "北鉄白山バス（株）・北陸鉄道（株）", "系統": "松任線・金沢寺井線・千代野線" }, "geometry": { "type": "Point", "coordinates": [ 136.649176809653198, 36.547880721921651 ] } },
{ "type": "Feature", "properties": { "バス停": "泉二丁目", "事業会社": "北鉄金沢バス（株）", "系統": "木越円光寺線,柳橋円光寺線,元町有松線,上荒屋線,安原線" }, "geometry": { "type": "Point", "coordinates": [ 136.643109758385123, 36.547733395301265 ] } },
{ "type": "Feature", "properties": { "バス停": "泉二丁目", "事業会社": "北鉄白山バス（株）", "系統": "鳥越線,白峰線,錦町野々市線,八日市線" }, "geometry": { "type": "Point", "coordinates": [ 136.643109758385123, 36.547733395301265 ] } },
{ "type": "Feature", "properties": { "バス停": "泉二丁目", "事業会社": "北陸鉄道（株）", "系統": "光が丘住宅線,額住宅線,工業大学線,四十万線,四十万金石線,三馬線,三馬大野線" }, "geometry": { "type": "Point", "coordinates": [ 136.643109758385123, 36.547733395301265 ] } },
{ "type": "Feature", "properties": { "バス停": "泉二丁目", "事業会社": "北鉄白山バス（株）・北陸鉄道（株）", "系統": "辰口線,松任線・金沢寺井線・千代野線" }, "geometry": { "type": "Point", "coordinates": [ 136.643109758385123, 36.547733395301265 ] } },
{ "type": "Feature", "properties": { "バス停": "西泉住宅", "事業会社": "北鉄白山バス（株）", "系統": "野々市線" }, "geometry": { "type": "Point", "coordinates": [ 136.631644492752827, 36.547657922479708 ] } },
{ "type": "Feature", "properties": { "バス停": "押野二丁目", "事業会社": "北鉄金沢バス（株）", "系統": "上荒屋線" }, "geometry": { "type": "Point", "coordinates": [ 136.617019534676416, 36.547561386157774 ] } },
{ "type": "Feature", "properties": { "バス停": "石川県立図書館", "事業会社": "北鉄金沢バス（株）・北陸鉄道（株）", "系統": "錦町B線" }, "geometry": { "type": "Point", "coordinates": [ 136.68003804261528, 36.547483466375184 ] } },
{ "type": "Feature", "properties": { "バス停": "笠舞一丁目", "事業会社": "北陸鉄道（株）", "系統": "花里線" }, "geometry": { "type": "Point", "coordinates": [ 136.673232473464452, 36.547446449901919 ] } },
{ "type": "Feature", "properties": { "バス停": "八日市三丁目", "事業会社": "北鉄金沢バス（株）", "系統": "上荒屋線" }, "geometry": { "type": "Point", "coordinates": [ 136.603021828308158, 36.54719551546183 ] } },
{ "type": "Feature", "properties": { "バス停": "田上二丁目", "事業会社": "北鉄金沢バス（株）・北陸鉄道（株）", "系統": "鈴見線" }, "geometry": { "type": "Point", "coordinates": [ 136.69582068617251, 36.547196881782845 ] } },
{ "type": "Feature", "properties": { "バス停": "崎浦・県立図書館口", "事業会社": "北鉄金沢バス（株）", "系統": "湯涌線,犀川線,安原線" }, "geometry": { "type": "Point", "coordinates": [ 136.679629750969809, 36.547177937953897 ] } },
{ "type": "Feature", "properties": { "バス停": "崎浦・県立図書館口", "事業会社": "北鉄白山バス（株）", "系統": "錦町野々市線,市立病院線" }, "geometry": { "type": "Point", "coordinates": [ 136.679629750969809, 36.547177937953897 ] } },
{ "type": "Feature", "properties": { "バス停": "崎浦・県立図書館口", "事業会社": "北鉄金沢バス（株）・北陸鉄道（株）", "系統": "錦町粟崎線,錦町B線" }, "geometry": { "type": "Point", "coordinates": [ 136.679629750969809, 36.547177937953897 ] } },
{ "type": "Feature", "properties": { "バス停": "崎浦・県立図書館口", "事業会社": "北鉄白山バス（株）・北陸鉄道（株）", "系統": "辰口線" }, "geometry": { "type": "Point", "coordinates": [ 136.679629750969809, 36.547177937953897 ] } },
{ "type": "Feature", "properties": { "バス停": "崎浦・県立図書館口", "事業会社": "北陸鉄道（株）", "系統": "花里線" }, "geometry": { "type": "Point", "coordinates": [ 136.679629750969809, 36.547177937953897 ] } },
{ "type": "Feature", "properties": { "バス停": "御経塚中", "事業会社": "北鉄金沢バス（株）", "系統": "上荒屋線" }, "geometry": { "type": "Point", "coordinates": [ 136.597590913708501, 36.546899698158846 ] } },
{ "type": "Feature", "properties": { "バス停": "御経塚西", "事業会社": "野々市市", "系統": "北部ルート" }, "geometry": { "type": "Point", "coordinates": [ 136.595385845694949, 36.546769975096005 ] } },
{ "type": "Feature", "properties": { "バス停": "御経塚西", "事業会社": "北鉄金沢バス（株）", "系統": "上荒屋線,イオン白山線" }, "geometry": { "type": "Point", "coordinates": [ 136.595385845694949, 36.546769975096005 ] } },
{ "type": "Feature", "properties": { "バス停": "笠舞本町", "事業会社": "北鉄金沢バス（株）", "系統": "笠舞駅西線" }, "geometry": { "type": "Point", "coordinates": [ 136.668596749373677, 36.54671480315897 ] } },
{ "type": "Feature", "properties": { "バス停": "横江北", "事業会社": "北鉄金沢バス（株）", "系統": "上荒屋線,イオン白山線" }, "geometry": { "type": "Point", "coordinates": [ 136.589431977341832, 36.546557171788884 ] } },
{ "type": "Feature", "properties": { "バス停": "押野北", "事業会社": "北鉄白山バス（株）", "系統": "野々市線,八日市線" }, "geometry": { "type": "Point", "coordinates": [ 136.616277965892152, 36.546492342493544 ] } },
{ "type": "Feature", "properties": { "バス停": "イオンモール白山", "事業会社": "北鉄金沢バス（株）", "系統": "上荒屋線,イオン白山線" }, "geometry": { "type": "Point", "coordinates": [ 136.583898341678207, 36.546463520877488 ] } },
{ "type": "Feature", "properties": { "バス停": "イオンモール白山", "事業会社": "北鉄白山バス（株）", "系統": "白山線" }, "geometry": { "type": "Point", "coordinates": [ 136.583898341678207, 36.546463520877488 ] } },
{ "type": "Feature", "properties": { "バス停": "相川新", "事業会社": "白山市", "系統": "めぐーる北西ルート" }, "geometry": { "type": "Point", "coordinates": [ 136.542019078720813, 36.546368996439938 ] } },
{ "type": "Feature", "properties": { "バス停": "寺町一丁目", "事業会社": "北鉄金沢バス（株）", "系統": "寺町線,安原線,柳橋寺町線,石引線" }, "geometry": { "type": "Point", "coordinates": [ 136.65931222157127, 36.546150291804182 ] } },
{ "type": "Feature", "properties": { "バス停": "寺町一丁目", "事業会社": "北鉄白山バス（株）", "系統": "松任中奥線,野々市金大線,市立病院線" }, "geometry": { "type": "Point", "coordinates": [ 136.65931222157127, 36.546150291804182 ] } },
{ "type": "Feature", "properties": { "バス停": "寺町一丁目", "事業会社": "北陸鉄道（株）", "系統": "平和町線・野田線・大桑線" }, "geometry": { "type": "Point", "coordinates": [ 136.65931222157127, 36.546150291804182 ] } },
{ "type": "Feature", "properties": { "バス停": "寺町一丁目", "事業会社": "北鉄白山バス（株）・北陸鉄道（株）", "系統": "辰口線" }, "geometry": { "type": "Point", "coordinates": [ 136.65931222157127, 36.546150291804182 ] } },
{ "type": "Feature", "properties": { "バス停": "押野中央", "事業会社": "北鉄金沢バス（株）", "系統": "上荒屋線" }, "geometry": { "type": "Point", "coordinates": [ 136.618989150232977, 36.546034918965958 ] } },
{ "type": "Feature", "properties": { "バス停": "押野中央", "事業会社": "北鉄白山バス（株）", "系統": "野々市線,八日市線" }, "geometry": { "type": "Point", "coordinates": [ 136.618989150232977, 36.546034918965958 ] } },
{ "type": "Feature", "properties": { "バス停": "御経塚史跡公園", "事業会社": "野々市市", "系統": "北部ルート" }, "geometry": { "type": "Point", "coordinates": [ 136.597658713302394, 36.545973145515021 ] } },
{ "type": "Feature", "properties": { "バス停": "城南一丁目", "事業会社": "北鉄金沢バス（株）", "系統": "笠舞駅西線" }, "geometry": { "type": "Point", "coordinates": [ 136.671182693650053, 36.545397483536142 ] } },
{ "type": "Feature", "properties": { "バス停": "赤坂", "事業会社": "北陸鉄道（株）", "系統": "花里線" }, "geometry": { "type": "Point", "coordinates": [ 136.676300070308372, 36.545298379511799 ] } },
{ "type": "Feature", "properties": { "バス停": "旭町一丁目", "事業会社": "北鉄金沢バス（株）", "系統": "医王山線,北陸大学線" }, "geometry": { "type": "Point", "coordinates": [ 136.687731113893648, 36.545178551624673 ] } },
{ "type": "Feature", "properties": { "バス停": "押野六丁目", "事業会社": "北鉄白山バス（株）", "系統": "野々市線,八日市線" }, "geometry": { "type": "Point", "coordinates": [ 136.619306386689686, 36.544916167974421 ] } },
{ "type": "Feature", "properties": { "バス停": "小立野一丁目", "事業会社": "北鉄金沢バス（株）", "系統": "湯涌線,犀川線,安原線" }, "geometry": { "type": "Point", "coordinates": [ 136.68213046075968, 36.544755989329531 ] } },
{ "type": "Feature", "properties": { "バス停": "小立野一丁目", "事業会社": "北鉄白山バス（株）", "系統": "錦町野々市線,市立病院線" }, "geometry": { "type": "Point", "coordinates": [ 136.68213046075968, 36.544755989329531 ] } },
{ "type": "Feature", "properties": { "バス停": "小立野一丁目", "事業会社": "北鉄金沢バス（株）・北陸鉄道（株）", "系統": "錦町粟崎線,錦町B線" }, "geometry": { "type": "Point", "coordinates": [ 136.68213046075968, 36.544755989329531 ] } },
{ "type": "Feature", "properties": { "バス停": "小立野一丁目", "事業会社": "北鉄白山バス（株）・北陸鉄道（株）", "系統": "辰口線" }, "geometry": { "type": "Point", "coordinates": [ 136.68213046075968, 36.544755989329531 ] } },
{ "type": "Feature", "properties": { "バス停": "小立野一丁目", "事業会社": "北陸鉄道（株）", "系統": "花里線" }, "geometry": { "type": "Point", "coordinates": [ 136.68213046075968, 36.544755989329531 ] } },
{ "type": "Feature", "properties": { "バス停": "泉野一丁目", "事業会社": "北鉄金沢バス（株）", "系統": "寺町線,柳橋寺町線" }, "geometry": { "type": "Point", "coordinates": [ 136.655267851245185, 36.544705652868522 ] } },
{ "type": "Feature", "properties": { "バス停": "泉野一丁目", "事業会社": "北鉄白山バス（株）", "系統": "野々市金大線" }, "geometry": { "type": "Point", "coordinates": [ 136.655267851245185, 36.544705652868522 ] } },
{ "type": "Feature", "properties": { "バス停": "泉野一丁目", "事業会社": "北鉄白山バス（株）・北陸鉄道（株）", "系統": "辰口線" }, "geometry": { "type": "Point", "coordinates": [ 136.655267851245185, 36.544705652868522 ] } },
{ "type": "Feature", "properties": { "バス停": "金沢大学自然研前", "事業会社": "北鉄金沢バス（株）", "系統": "西金沢線,東金沢金大線" }, "geometry": { "type": "Point", "coordinates": [ 136.707099604479993, 36.544598840193267 ] } },
{ "type": "Feature", "properties": { "バス停": "金沢大学自然研前", "事業会社": "北鉄白山バス（株）", "系統": "野々市金大線,市立病院線" }, "geometry": { "type": "Point", "coordinates": [ 136.707099604479993, 36.544598840193267 ] } },
{ "type": "Feature", "properties": { "バス停": "金沢大学自然研前", "事業会社": "北鉄金沢バス（株）・北陸鉄道（株）", "系統": "金沢大学線" }, "geometry": { "type": "Point", "coordinates": [ 136.707099604479993, 36.544598840193267 ] } },
{ "type": "Feature", "properties": { "バス停": "有松", "事業会社": "北鉄金沢バス（株）", "系統": "木越円光寺線,柳橋円光寺線,元町有松線,上荒屋線,安原線" }, "geometry": { "type": "Point", "coordinates": [ 136.641326120468818, 36.544437094290743 ] } },
{ "type": "Feature", "properties": { "バス停": "有松", "事業会社": "北鉄白山バス（株）", "系統": "鳥越線,白峰線,錦町野々市線,野々市線,八日市線,野々市金大線" }, "geometry": { "type": "Point", "coordinates": [ 136.641326120468818, 36.544437094290743 ] } },
{ "type": "Feature", "properties": { "バス停": "有松", "事業会社": "北陸鉄道（株）", "系統": "光が丘住宅線,額住宅線,工業大学線,四十万線,四十万金石線,三馬線,三馬大野線" }, "geometry": { "type": "Point", "coordinates": [ 136.641326120468818, 36.544437094290743 ] } },
{ "type": "Feature", "properties": { "バス停": "有松", "事業会社": "北鉄白山バス（株）・北陸鉄道（株）", "系統": "辰口線,松任線・金沢寺井線・千代野線" }, "geometry": { "type": "Point", "coordinates": [ 136.641326120468818, 36.544437094290743 ] } },
{ "type": "Feature", "properties": { "バス停": "八日市住宅", "事業会社": "北鉄白山バス（株）", "系統": "八日市線" }, "geometry": { "type": "Point", "coordinates": [ 136.607127954630897, 36.54437447778276 ] } },
{ "type": "Feature", "properties": { "バス停": "二万堂", "事業会社": "北鉄金沢バス（株）", "系統": "上荒屋線" }, "geometry": { "type": "Point", "coordinates": [ 136.634508009496869, 36.544353647465648 ] } },
{ "type": "Feature", "properties": { "バス停": "二万堂", "事業会社": "北鉄白山バス（株）", "系統": "錦町野々市線,野々市線,八日市線,野々市金大線" }, "geometry": { "type": "Point", "coordinates": [ 136.634508009496869, 36.544353647465648 ] } },
{ "type": "Feature", "properties": { "バス停": "二万堂", "事業会社": "北陸鉄道（株）", "系統": "三馬線,三馬大野線" }, "geometry": { "type": "Point", "coordinates": [ 136.634508009496869, 36.544353647465648 ] } },
{ "type": "Feature", "properties": { "バス停": "二万堂", "事業会社": "北鉄白山バス（株）・北陸鉄道（株）", "系統": "松任線・金沢寺井線・千代野線" }, "geometry": { "type": "Point", "coordinates": [ 136.634508009496869, 36.544353647465648 ] } },
{ "type": "Feature", "properties": { "バス停": "泉野四丁目", "事業会社": "北鉄金沢バス（株）", "系統": "寺町線,柳橋寺町線" }, "geometry": { "type": "Point", "coordinates": [ 136.652586676940047, 36.544307316163376 ] } },
{ "type": "Feature", "properties": { "バス停": "泉野四丁目", "事業会社": "北鉄白山バス（株）", "系統": "野々市金大線" }, "geometry": { "type": "Point", "coordinates": [ 136.652586676940047, 36.544307316163376 ] } },
{ "type": "Feature", "properties": { "バス停": "泉野四丁目", "事業会社": "北鉄白山バス（株）・北陸鉄道（株）", "系統": "辰口線" }, "geometry": { "type": "Point", "coordinates": [ 136.652586676940047, 36.544307316163376 ] } },
{ "type": "Feature", "properties": { "バス停": "八日市", "事業会社": "北鉄白山バス（株）", "系統": "八日市線" }, "geometry": { "type": "Point", "coordinates": [ 136.610204920451991, 36.544298387544288 ] } },
{ "type": "Feature", "properties": { "バス停": "伏見橋", "事業会社": "北鉄金沢バス（株）", "系統": "上荒屋線" }, "geometry": { "type": "Point", "coordinates": [ 136.627838805373727, 36.544084979736404 ] } },
{ "type": "Feature", "properties": { "バス停": "伏見橋", "事業会社": "北鉄白山バス（株）", "系統": "錦町野々市線,野々市線,八日市線,野々市金大線" }, "geometry": { "type": "Point", "coordinates": [ 136.627838805373727, 36.544084979736404 ] } },
{ "type": "Feature", "properties": { "バス停": "伏見橋", "事業会社": "北鉄白山バス（株）・北陸鉄道（株）", "系統": "松任線・金沢寺井線・千代野線" }, "geometry": { "type": "Point", "coordinates": [ 136.627838805373727, 36.544084979736404 ] } },
{ "type": "Feature", "properties": { "バス停": "十一屋", "事業会社": "北鉄金沢バス（株）", "系統": "安原線,石引線" }, "geometry": { "type": "Point", "coordinates": [ 136.661381010145675, 36.544075551788978 ] } },
{ "type": "Feature", "properties": { "バス停": "十一屋", "事業会社": "北鉄白山バス（株）", "系統": "松任中奥線,市立病院線" }, "geometry": { "type": "Point", "coordinates": [ 136.661381010145675, 36.544075551788978 ] } },
{ "type": "Feature", "properties": { "バス停": "十一屋", "事業会社": "北陸鉄道（株）", "系統": "平和町線・野田線・大桑線" }, "geometry": { "type": "Point", "coordinates": [ 136.661381010145675, 36.544075551788978 ] } },
{ "type": "Feature", "properties": { "バス停": "田上新町", "事業会社": "北鉄金沢バス（株）・北陸鉄道（株）", "系統": "鈴見線" }, "geometry": { "type": "Point", "coordinates": [ 136.697150389316789, 36.543919768399974 ] } },
{ "type": "Feature", "properties": { "バス停": "泉が丘", "事業会社": "北鉄金沢バス（株）", "系統": "木越円光寺線,柳橋円光寺線,上荒屋線,安原線" }, "geometry": { "type": "Point", "coordinates": [ 136.6487905919752, 36.543780364205865 ] } },
{ "type": "Feature", "properties": { "バス停": "泉が丘", "事業会社": "北鉄白山バス（株）", "系統": "野々市線,野々市金大線" }, "geometry": { "type": "Point", "coordinates": [ 136.6487905919752, 36.543780364205865 ] } },
{ "type": "Feature", "properties": { "バス停": "泉が丘", "事業会社": "北陸鉄道（株）", "系統": "光が丘住宅線,額住宅線,工業大学線,三馬大野線,野々市円光寺線" }, "geometry": { "type": "Point", "coordinates": [ 136.6487905919752, 36.543780364205865 ] } },
{ "type": "Feature", "properties": { "バス停": "泉が丘", "事業会社": "北鉄白山バス（株）・北陸鉄道（株）", "系統": "辰口線,松任線・金沢寺井線・千代野線" }, "geometry": { "type": "Point", "coordinates": [ 136.6487905919752, 36.543780364205865 ] } },
{ "type": "Feature", "properties": { "バス停": "あすなろ団地口", "事業会社": "野々市市", "系統": "北部ルート" }, "geometry": { "type": "Point", "coordinates": [ 136.602737797345384, 36.54342735513039 ] } },
{ "type": "Feature", "properties": { "バス停": "山環田上", "事業会社": "北鉄金沢バス（株）", "系統": "医王山線,北陸大学線" }, "geometry": { "type": "Point", "coordinates": [ 136.690844795643557, 36.543351614037775 ] } },
{ "type": "Feature", "properties": { "バス停": "宮永", "事業会社": "北鉄白山バス（株）", "系統": "白山線" }, "geometry": { "type": "Point", "coordinates": [ 136.571377071364452, 36.543149872141932 ] } },
{ "type": "Feature", "properties": { "バス停": "宮永", "事業会社": "白山市", "系統": "めぐーる北ルート" }, "geometry": { "type": "Point", "coordinates": [ 136.571922025669181, 36.543130461193719 ] } },
{ "type": "Feature", "properties": { "バス停": "八日市一丁目", "事業会社": "北鉄白山バス（株）", "系統": "野々市線,八日市線" }, "geometry": { "type": "Point", "coordinates": [ 136.611108773011438, 36.54308075793346 ] } },
{ "type": "Feature", "properties": { "バス停": "長池", "事業会社": "野々市市", "系統": "北部ルート" }, "geometry": { "type": "Point", "coordinates": [ 136.596197536629518, 36.542911009842932 ] } },
{ "type": "Feature", "properties": { "バス停": "三口新町", "事業会社": "北陸鉄道（株）", "系統": "花里線" }, "geometry": { "type": "Point", "coordinates": [ 136.679424883830677, 36.542875901935531 ] } },
{ "type": "Feature", "properties": { "バス停": "御経塚", "事業会社": "北鉄白山バス（株）", "系統": "八日市線" }, "geometry": { "type": "Point", "coordinates": [ 136.601249606627562, 36.542779095155602 ] } },
{ "type": "Feature", "properties": { "バス停": "本押野", "事業会社": "野々市市", "系統": "北部ルート" }, "geometry": { "type": "Point", "coordinates": [ 136.615759520497875, 36.542696122891677 ] } },
{ "type": "Feature", "properties": { "バス停": "本押野", "事業会社": "北鉄白山バス（株）", "系統": "野々市線,八日市線" }, "geometry": { "type": "Point", "coordinates": [ 136.615759520497875, 36.542696122891677 ] } },
{ "type": "Feature", "properties": { "バス停": "福増", "事業会社": "白山市", "系統": "めぐーる北ルート" }, "geometry": { "type": "Point", "coordinates": [ 136.577865091579241, 36.542520340192603 ] } },
{ "type": "Feature", "properties": { "バス停": "平和町", "事業会社": "北鉄金沢バス（株）", "系統": "上荒屋線,安原線,石引線" }, "geometry": { "type": "Point", "coordinates": [ 136.66290315268887, 36.542511860811935 ] } },
{ "type": "Feature", "properties": { "バス停": "平和町", "事業会社": "北鉄白山バス（株）", "系統": "野々市線,松任中奥線,市立病院線" }, "geometry": { "type": "Point", "coordinates": [ 136.66290315268887, 36.542511860811935 ] } },
{ "type": "Feature", "properties": { "バス停": "平和町", "事業会社": "北陸鉄道（株）", "系統": "平和町線・野田線・大桑線,三馬大野線" }, "geometry": { "type": "Point", "coordinates": [ 136.66290315268887, 36.542511860811935 ] } },
{ "type": "Feature", "properties": { "バス停": "浜相川", "事業会社": "白山市", "系統": "めぐーる北西ルート" }, "geometry": { "type": "Point", "coordinates": [ 136.536551175050135, 36.542276619616118 ] } },
{ "type": "Feature", "properties": { "バス停": "押野保育園", "事業会社": "野々市市", "系統": "北部ルート" }, "geometry": { "type": "Point", "coordinates": [ 136.618111844725973, 36.542242865042546 ] } },
{ "type": "Feature", "properties": { "バス停": "横江東", "事業会社": "白山市", "系統": "めぐーる東ルート" }, "geometry": { "type": "Point", "coordinates": [ 136.592306529948843, 36.542066365711435 ] } },
{ "type": "Feature", "properties": { "バス停": "野々市駅北口", "事業会社": "白山市", "系統": "めぐーる東ルート" }, "geometry": { "type": "Point", "coordinates": [ 136.597953512632046, 36.54206639624848 ] } },
{ "type": "Feature", "properties": { "バス停": "野々市駅北口", "事業会社": "野々市市", "系統": "北部ルート" }, "geometry": { "type": "Point", "coordinates": [ 136.597953512632046, 36.54206639624848 ] } },
{ "type": "Feature", "properties": { "バス停": "野々市駅北口", "事業会社": "北鉄金沢バス（株）", "系統": "イオン白山線" }, "geometry": { "type": "Point", "coordinates": [ 136.597953512632046, 36.54206639624848 ] } },
{ "type": "Feature", "properties": { "バス停": "泉野六丁目", "事業会社": "北鉄金沢バス（株）", "系統": "寺町線,柳橋寺町線" }, "geometry": { "type": "Point", "coordinates": [ 136.651537108094118, 36.541879804589094 ] } },
{ "type": "Feature", "properties": { "バス停": "田上一丁目", "事業会社": "北鉄金沢バス（株）・北陸鉄道（株）", "系統": "鈴見線" }, "geometry": { "type": "Point", "coordinates": [ 136.697559283070717, 36.541873342812195 ] } },
{ "type": "Feature", "properties": { "バス停": "錦町", "事業会社": "北鉄金沢バス（株）", "系統": "湯涌線,犀川線,安原線" }, "geometry": { "type": "Point", "coordinates": [ 136.684834201190199, 36.54186385421346 ] } },
{ "type": "Feature", "properties": { "バス停": "錦町", "事業会社": "北鉄白山バス（株）", "系統": "錦町野々市線,市立病院線" }, "geometry": { "type": "Point", "coordinates": [ 136.684834201190199, 36.54186385421346 ] } },
{ "type": "Feature", "properties": { "バス停": "錦町", "事業会社": "北陸鉄道（株）", "系統": "花里線" }, "geometry": { "type": "Point", "coordinates": [ 136.684834201190199, 36.54186385421346 ] } },
{ "type": "Feature", "properties": { "バス停": "錦町", "事業会社": "北鉄金沢バス（株）・北陸鉄道（株）", "系統": "錦町粟崎線,錦町B線" }, "geometry": { "type": "Point", "coordinates": [ 136.684834201190199, 36.54186385421346 ] } },
{ "type": "Feature", "properties": { "バス停": "錦町", "事業会社": "北鉄白山バス（株）・北陸鉄道（株）", "系統": "辰口線" }, "geometry": { "type": "Point", "coordinates": [ 136.684834201190199, 36.54186385421346 ] } },
{ "type": "Feature", "properties": { "バス停": "押野駅口", "事業会社": "野々市市", "系統": "北部ルート" }, "geometry": { "type": "Point", "coordinates": [ 136.621506863402573, 36.541774620069994 ] } },
{ "type": "Feature", "properties": { "バス停": "押野丸木", "事業会社": "北鉄白山バス（株）", "系統": "錦町野々市線,野々市線" }, "geometry": { "type": "Point", "coordinates": [ 136.622997859231788, 36.54176186210838 ] } },
{ "type": "Feature", "properties": { "バス停": "横江", "事業会社": "白山市", "系統": "めぐーる東ルート" }, "geometry": { "type": "Point", "coordinates": [ 136.587079522778282, 36.541751650542324 ] } },
{ "type": "Feature", "properties": { "バス停": "二日市", "事業会社": "野々市市", "系統": "北部ルート" }, "geometry": { "type": "Point", "coordinates": [ 136.600691905839255, 36.541612843567179 ] } },
{ "type": "Feature", "properties": { "バス停": "長池", "事業会社": "白山市", "系統": "めぐーる東ルート" }, "geometry": { "type": "Point", "coordinates": [ 136.595124889614965, 36.541594773389434 ] } },
{ "type": "Feature", "properties": { "バス停": "平和町市立病院前", "事業会社": "北陸鉄道（株）", "系統": "平和町線・野田線・大桑線" }, "geometry": { "type": "Point", "coordinates": [ 136.663675897379932, 36.541419494667451 ] } },
{ "type": "Feature", "properties": { "バス停": "平和町市立病院", "事業会社": "北鉄金沢バス（株）", "系統": "石引線" }, "geometry": { "type": "Point", "coordinates": [ 136.663675897379932, 36.541419494667451 ] } },
{ "type": "Feature", "properties": { "バス停": "雪見橋", "事業会社": "北鉄金沢バス（株）", "系統": "笠舞駅西線" }, "geometry": { "type": "Point", "coordinates": [ 136.670994197467962, 36.541397092829847 ] } },
{ "type": "Feature", "properties": { "バス停": "野々市駅", "事業会社": "北鉄白山バス（株）", "系統": "野々市線,八日市線" }, "geometry": { "type": "Point", "coordinates": [ 136.597893256450647, 36.541388699661134 ] } },
{ "type": "Feature", "properties": { "バス停": "野々市駅南口", "事業会社": "野々市市", "系統": "北部ルート,西部ルート" }, "geometry": { "type": "Point", "coordinates": [ 136.598421268766089, 36.541353982319926 ] } },
{ "type": "Feature", "properties": { "バス停": "野々市駅南口", "事業会社": "ののいちバス（株）", "系統": "シャトルバスのんキー" }, "geometry": { "type": "Point", "coordinates": [ 136.598421268766089, 36.541353982319926 ] } },
{ "type": "Feature", "properties": { "バス停": "野々市駅南口前", "事業会社": "野々市市", "系統": "北部ルート" }, "geometry": { "type": "Point", "coordinates": [ 136.597852433023945, 36.541122342671414 ] } },
{ "type": "Feature", "properties": { "バス停": "久安五丁目", "事業会社": "北陸鉄道（株）", "系統": "三馬線,三馬大野線" }, "geometry": { "type": "Point", "coordinates": [ 136.633041844842978, 36.540992094075747 ] } },
{ "type": "Feature", "properties": { "バス停": "下田上", "事業会社": "北鉄金沢バス（株）", "系統": "医王山線,北陸大学線" }, "geometry": { "type": "Point", "coordinates": [ 136.693053275820574, 36.540969997141289 ] } },
{ "type": "Feature", "properties": { "バス停": "中相川", "事業会社": "白山市", "系統": "めぐーる北西ルート" }, "geometry": { "type": "Point", "coordinates": [ 136.5476855880502, 36.540805614009237 ] } },
{ "type": "Feature", "properties": { "バス停": "上有松", "事業会社": "北鉄金沢バス（株）", "系統": "元町有松線" }, "geometry": { "type": "Point", "coordinates": [ 136.639426657815733, 36.540771671163675 ] } },
{ "type": "Feature", "properties": { "バス停": "上有松", "事業会社": "北鉄白山バス（株）", "系統": "鳥越線,白峰線" }, "geometry": { "type": "Point", "coordinates": [ 136.639426657815733, 36.540771671163675 ] } },
{ "type": "Feature", "properties": { "バス停": "上有松", "事業会社": "北陸鉄道（株）", "系統": "四十万線,四十万金石線" }, "geometry": { "type": "Point", "coordinates": [ 136.639426657815733, 36.540771671163675 ] } },
{ "type": "Feature", "properties": { "バス停": "上有松", "事業会社": "北鉄白山バス（株）・北陸鉄道（株）", "系統": "辰口線" }, "geometry": { "type": "Point", "coordinates": [ 136.639426657815733, 36.540771671163675 ] } },
{ "type": "Feature", "properties": { "バス停": "野代東", "事業会社": "野々市市", "系統": "北部ルート" }, "geometry": { "type": "Point", "coordinates": [ 136.604657710932457, 36.540687124287778 ] } },
{ "type": "Feature", "properties": { "バス停": "二水高校前", "事業会社": "北鉄金沢バス（株）", "系統": "上荒屋線,安原線" }, "geometry": { "type": "Point", "coordinates": [ 136.659550142602711, 36.540548706678656 ] } },
{ "type": "Feature", "properties": { "バス停": "二水高校前", "事業会社": "北鉄白山バス（株）", "系統": "野々市線,松任中奥線,市立病院線" }, "geometry": { "type": "Point", "coordinates": [ 136.659550142602711, 36.540548706678656 ] } },
{ "type": "Feature", "properties": { "バス停": "二水高校前", "事業会社": "北陸鉄道（株）", "系統": "三馬大野線" }, "geometry": { "type": "Point", "coordinates": [ 136.659550142602711, 36.540548706678656 ] } },
{ "type": "Feature", "properties": { "バス停": "横川三丁目", "事業会社": "北鉄白山バス（株）", "系統": "鳥越線,白峰線" }, "geometry": { "type": "Point", "coordinates": [ 136.62531661150615, 36.540529820961019 ] } },
{ "type": "Feature", "properties": { "バス停": "スポーツセンター", "事業会社": "ののいちバス（株）", "系統": "シャトルバスのんキー" }, "geometry": { "type": "Point", "coordinates": [ 136.611804922214503, 36.539964458293291 ] } },
{ "type": "Feature", "properties": { "バス停": "野代", "事業会社": "野々市市", "系統": "北部ルート" }, "geometry": { "type": "Point", "coordinates": [ 136.602828161307826, 36.539924712107215 ] } },
{ "type": "Feature", "properties": { "バス停": "野代", "事業会社": "北鉄白山バス（株）", "系統": "八日市線" }, "geometry": { "type": "Point", "coordinates": [ 136.602828161307826, 36.539924712107215 ] } },
{ "type": "Feature", "properties": { "バス停": "花里住宅", "事業会社": "北陸鉄道（株）", "系統": "花里線" }, "geometry": { "type": "Point", "coordinates": [ 136.681584780838449, 36.539909597661229 ] } },
{ "type": "Feature", "properties": { "バス停": "押野2丁目", "事業会社": "野々市市", "系統": "北部ルート" }, "geometry": { "type": "Point", "coordinates": [ 136.61452970519457, 36.539898105816754 ] } },
{ "type": "Feature", "properties": { "バス停": "西大桑", "事業会社": "北鉄金沢バス（株）", "系統": "笠舞駅西線" }, "geometry": { "type": "Point", "coordinates": [ 136.673163782695639, 36.539882287329299 ] } },
{ "type": "Feature", "properties": { "バス停": "加賀田上", "事業会社": "北鉄金沢バス（株）", "系統": "医王山線,北陸大学線" }, "geometry": { "type": "Point", "coordinates": [ 136.696923540793705, 36.539679127972597 ] } },
{ "type": "Feature", "properties": { "バス停": "押野", "事業会社": "野々市市", "系統": "北部ルート" }, "geometry": { "type": "Point", "coordinates": [ 136.622767665445934, 36.539649058583016 ] } },
{ "type": "Feature", "properties": { "バス停": "押野", "事業会社": "北鉄白山バス（株）", "系統": "錦町野々市線,野々市線" }, "geometry": { "type": "Point", "coordinates": [ 136.622767665445934, 36.539649058583016 ] } },
{ "type": "Feature", "properties": { "バス停": "布水中学校", "事業会社": "野々市市", "系統": "北部ルート" }, "geometry": { "type": "Point", "coordinates": [ 136.611384965733976, 36.539641435651674 ] } },
{ "type": "Feature", "properties": { "バス停": "押越西", "事業会社": "野々市市", "系統": "北部ルート" }, "geometry": { "type": "Point", "coordinates": [ 136.606526475268083, 36.539605862844112 ] } },
{ "type": "Feature", "properties": { "バス停": "押越西", "事業会社": "ののいちバス（株）", "系統": "シャトルバスのんキー" }, "geometry": { "type": "Point", "coordinates": [ 136.606526475268083, 36.539605862844112 ] } },
{ "type": "Feature", "properties": { "バス停": "市総合体育館前", "事業会社": "北鉄金沢バス（株）", "系統": "寺町線,上荒屋線,安原線,柳橋寺町線" }, "geometry": { "type": "Point", "coordinates": [ 136.650973337763531, 36.539419529326558 ] } },
{ "type": "Feature", "properties": { "バス停": "市総合体育館前", "事業会社": "北陸鉄道（株）", "系統": "三馬大野線" }, "geometry": { "type": "Point", "coordinates": [ 136.650973337763531, 36.539419529326558 ] } },
{ "type": "Feature", "properties": { "バス停": "市総合体育館前", "事業会社": "北鉄白山バス（株）", "系統": "野々市線" }, "geometry": { "type": "Point", "coordinates": [ 136.650973337763531, 36.539419529326558 ] } },
{ "type": "Feature", "properties": { "バス停": "泉野出町一丁目", "事業会社": "北鉄金沢バス（株）", "系統": "寺町線,柳橋寺町線" }, "geometry": { "type": "Point", "coordinates": [ 136.653514258704746, 36.539200707298718 ] } },
{ "type": "Feature", "properties": { "バス停": "野代二丁目", "事業会社": "北鉄白山バス（株）", "系統": "野々市線,八日市線" }, "geometry": { "type": "Point", "coordinates": [ 136.603680611782465, 36.539150081379312 ] } },
{ "type": "Feature", "properties": { "バス停": "押越", "事業会社": "野々市市", "系統": "北部ルート" }, "geometry": { "type": "Point", "coordinates": [ 136.609003790012508, 36.538950106272445 ] } },
{ "type": "Feature", "properties": { "バス停": "押越", "事業会社": "北鉄白山バス（株）", "系統": "野々市線,八日市線" }, "geometry": { "type": "Point", "coordinates": [ 136.609003790012508, 36.538950106272445 ] } },
{ "type": "Feature", "properties": { "バス停": "二日市北", "事業会社": "野々市市", "系統": "西部ルート" }, "geometry": { "type": "Point", "coordinates": [ 136.596897295914317, 36.53863152956621 ] } },
{ "type": "Feature", "properties": { "バス停": "金大附属学校自衛隊前", "事業会社": "北鉄金沢バス（株）", "系統": "上荒屋線,安原線,石引線" }, "geometry": { "type": "Point", "coordinates": [ 136.665869405678222, 36.538559012258702 ] } },
{ "type": "Feature", "properties": { "バス停": "金大附属学校自衛隊前", "事業会社": "北鉄白山バス（株）", "系統": "野々市線" }, "geometry": { "type": "Point", "coordinates": [ 136.665869405678222, 36.538559012258702 ] } },
{ "type": "Feature", "properties": { "バス停": "金大附属学校自衛隊前", "事業会社": "北陸鉄道（株）", "系統": "平和町線・野田線・大桑線,三馬大野線" }, "geometry": { "type": "Point", "coordinates": [ 136.665869405678222, 36.538559012258702 ] } },
{ "type": "Feature", "properties": { "バス停": "泉丘高校前", "事業会社": "北鉄金沢バス（株）", "系統": "木越円光寺線,柳橋円光寺線" }, "geometry": { "type": "Point", "coordinates": [ 136.648063313680353, 36.53852125578468 ] } },
{ "type": "Feature", "properties": { "バス停": "泉丘高校前", "事業会社": "北鉄白山バス（株）", "系統": "野々市線,松任中奥線" }, "geometry": { "type": "Point", "coordinates": [ 136.648063313680353, 36.53852125578468 ] } },
{ "type": "Feature", "properties": { "バス停": "泉丘高校前", "事業会社": "北陸鉄道（株）", "系統": "光が丘住宅線,額住宅線,工業大学線,野々市円光寺線" }, "geometry": { "type": "Point", "coordinates": [ 136.648063313680353, 36.53852125578468 ] } },
{ "type": "Feature", "properties": { "バス停": "泉丘高校前", "事業会社": "北鉄白山バス（株）・北陸鉄道（株）", "系統": "松任線・金沢寺井線・千代野線" }, "geometry": { "type": "Point", "coordinates": [ 136.648063313680353, 36.53852125578468 ] } },
{ "type": "Feature", "properties": { "バス停": "白鷺団地", "事業会社": "白山市", "系統": "めぐーる東ルート" }, "geometry": { "type": "Point", "coordinates": [ 136.587057366993861, 36.538489832969709 ] } },
{ "type": "Feature", "properties": { "バス停": "宮永市", "事業会社": "北鉄白山バス（株）", "系統": "白山線" }, "geometry": { "type": "Point", "coordinates": [ 136.571183554111826, 36.538439598696286 ] } },
{ "type": "Feature", "properties": { "バス停": "横川四丁目", "事業会社": "北鉄白山バス（株）", "系統": "鳥越線,白峰線" }, "geometry": { "type": "Point", "coordinates": [ 136.628328674663379, 36.538412342389336 ] } },
{ "type": "Feature", "properties": { "バス停": "有松四丁目", "事業会社": "北鉄白山バス（株）", "系統": "鳥越線,白峰線" }, "geometry": { "type": "Point", "coordinates": [ 136.636167813054556, 36.538300527158469 ] } },
{ "type": "Feature", "properties": { "バス停": "大桑", "事業会社": "北鉄金沢バス（株）", "系統": "笠舞駅西線" }, "geometry": { "type": "Point", "coordinates": [ 136.672971615739783, 36.538206361352728 ] } },
{ "type": "Feature", "properties": { "バス停": "大桑", "事業会社": "北陸鉄道（株）", "系統": "平和町線・野田線・大桑線" }, "geometry": { "type": "Point", "coordinates": [ 136.672971615739783, 36.538206361352728 ] } },
{ "type": "Feature", "properties": { "バス停": "東相川", "事業会社": "白山市", "系統": "めぐーる北西ルート" }, "geometry": { "type": "Point", "coordinates": [ 136.550367420049156, 36.53817648447702 ] } },
{ "type": "Feature", "properties": { "バス停": "横宮", "事業会社": "北鉄白山バス（株）", "系統": "鳥越線,白峰線,野々市線,野々市金大線" }, "geometry": { "type": "Point", "coordinates": [ 136.619460476862542, 36.538066709890572 ] } },
{ "type": "Feature", "properties": { "バス停": "横宮", "事業会社": "北鉄白山バス（株）・北陸鉄道（株）", "系統": "松任線・金沢寺井線・千代野線" }, "geometry": { "type": "Point", "coordinates": [ 136.619460476862542, 36.538066709890572 ] } },
{ "type": "Feature", "properties": { "バス停": "若葉台", "事業会社": "野々市市", "系統": "北部ルート" }, "geometry": { "type": "Point", "coordinates": [ 136.622433854990305, 36.537955091763855 ] } },
{ "type": "Feature", "properties": { "バス停": "田上本町", "事業会社": "北鉄金沢バス（株）・北陸鉄道（株）", "系統": "鈴見線" }, "geometry": { "type": "Point", "coordinates": [ 136.697811004078716, 36.537697986612244 ] } },
{ "type": "Feature", "properties": { "バス停": "二日市南", "事業会社": "野々市市", "系統": "西部ルート" }, "geometry": { "type": "Point", "coordinates": [ 136.598181379707086, 36.537651092350359 ] } },
{ "type": "Feature", "properties": { "バス停": "寺地", "事業会社": "北鉄金沢バス（株）", "系統": "元町有松線" }, "geometry": { "type": "Point", "coordinates": [ 136.639361766091469, 36.537638161370481 ] } },
{ "type": "Feature", "properties": { "バス停": "寺地", "事業会社": "北陸鉄道（株）", "系統": "光が丘住宅線,四十万線,四十万金石線" }, "geometry": { "type": "Point", "coordinates": [ 136.639361766091469, 36.537638161370481 ] } },
{ "type": "Feature", "properties": { "バス停": "寺地", "事業会社": "北鉄白山バス（株）・北陸鉄道（株）", "系統": "辰口線" }, "geometry": { "type": "Point", "coordinates": [ 136.639361766091469, 36.537638161370481 ] } },
{ "type": "Feature", "properties": { "バス停": "泉野出町", "事業会社": "北鉄金沢バス（株）", "系統": "寺町線,柳橋寺町線" }, "geometry": { "type": "Point", "coordinates": [ 136.650587044899851, 36.537271443371218 ] } },
{ "type": "Feature", "properties": { "バス停": "久安三丁目", "事業会社": "北陸鉄道（株）", "系統": "三馬線,三馬大野線" }, "geometry": { "type": "Point", "coordinates": [ 136.633005583706222, 36.53724782876462 ] } },
{ "type": "Feature", "properties": { "バス停": "市営住宅前", "事業会社": "野々市市", "系統": "西部ルート" }, "geometry": { "type": "Point", "coordinates": [ 136.594038982631645, 36.537050318942931 ] } },
{ "type": "Feature", "properties": { "バス停": "涌波三丁目", "事業会社": "北陸鉄道（株）", "系統": "花里線" }, "geometry": { "type": "Point", "coordinates": [ 136.683241660205994, 36.536964678875357 ] } },
{ "type": "Feature", "properties": { "バス停": "御園小学校", "事業会社": "野々市市", "系統": "北部ルート" }, "geometry": { "type": "Point", "coordinates": [ 136.603055727784096, 36.536752307614158 ] } },
{ "type": "Feature", "properties": { "バス停": "御園小学校", "事業会社": "北鉄白山バス（株）", "系統": "野々市線" }, "geometry": { "type": "Point", "coordinates": [ 136.603055727784096, 36.536752307614158 ] } },
{ "type": "Feature", "properties": { "バス停": "野田", "事業会社": "北陸鉄道（株）", "系統": "平和町線・野田線・大桑線" }, "geometry": { "type": "Point", "coordinates": [ 136.667463489428741, 36.536712850585978 ] } },
{ "type": "Feature", "properties": { "バス停": "大桑グランド前", "事業会社": "北陸鉄道（株）", "系統": "平和町線・野田線・大桑線" }, "geometry": { "type": "Point", "coordinates": [ 136.672431424493197, 36.536386835788136 ] } },
{ "type": "Feature", "properties": { "バス停": "土清水口", "事業会社": "北鉄金沢バス（株）", "系統": "湯涌線,犀川線,安原線" }, "geometry": { "type": "Point", "coordinates": [ 136.687856295929009, 36.536345955801863 ] } },
{ "type": "Feature", "properties": { "バス停": "土清水口", "事業会社": "北鉄白山バス（株）", "系統": "錦町野々市線,市立病院線" }, "geometry": { "type": "Point", "coordinates": [ 136.687856295929009, 36.536345955801863 ] } },
{ "type": "Feature", "properties": { "バス停": "土清水口", "事業会社": "北鉄金沢バス（株）・北陸鉄道（株）", "系統": "錦町粟崎線,錦町B線" }, "geometry": { "type": "Point", "coordinates": [ 136.687856295929009, 36.536345955801863 ] } },
{ "type": "Feature", "properties": { "バス停": "土清水口", "事業会社": "北鉄白山バス（株）・北陸鉄道（株）", "系統": "辰口線" }, "geometry": { "type": "Point", "coordinates": [ 136.687856295929009, 36.536345955801863 ] } },
{ "type": "Feature", "properties": { "バス停": "土清水口", "事業会社": "北陸鉄道（株）", "系統": "花里線" }, "geometry": { "type": "Point", "coordinates": [ 136.687856295929009, 36.536345955801863 ] } },
{ "type": "Feature", "properties": { "バス停": "野々市中央", "事業会社": "北鉄白山バス（株）", "系統": "鳥越線,白峰線,野々市金大線" }, "geometry": { "type": "Point", "coordinates": [ 136.616862129834942, 36.536196902270213 ] } },
{ "type": "Feature", "properties": { "バス停": "野々市中央", "事業会社": "ののいちバス（株）", "系統": "シャトルバスのんキー" }, "geometry": { "type": "Point", "coordinates": [ 136.616862129834942, 36.536196902270213 ] } },
{ "type": "Feature", "properties": { "バス停": "野々市中央", "事業会社": "北鉄白山バス（株）・北陸鉄道（株）", "系統": "松任線・金沢寺井線・千代野線" }, "geometry": { "type": "Point", "coordinates": [ 136.616862129834942, 36.536196902270213 ] } },
{ "type": "Feature", "properties": { "バス停": "医王口", "事業会社": "北鉄金沢バス（株）", "系統": "医王山線" }, "geometry": { "type": "Point", "coordinates": [ 136.727420492223814, 36.536050580539538 ] } },
{ "type": "Feature", "properties": { "バス停": "久安大橋", "事業会社": "北鉄白山バス（株）", "系統": "鳥越線,白峰線" }, "geometry": { "type": "Point", "coordinates": [ 136.634037216413333, 36.535850514467114 ] } },
{ "type": "Feature", "properties": { "バス停": "久安南", "事業会社": "北鉄白山バス（株）", "系統": "鳥越線,白峰線" }, "geometry": { "type": "Point", "coordinates": [ 136.63088384190857, 36.535817417328012 ] } },
{ "type": "Feature", "properties": { "バス停": "長坂台", "事業会社": "北鉄金沢バス（株）", "系統": "寺町線,柳橋寺町線" }, "geometry": { "type": "Point", "coordinates": [ 136.653382150950137, 36.535632234747972 ] } },
{ "type": "Feature", "properties": { "バス停": "長坂台", "事業会社": "北鉄白山バス（株）", "系統": "市立病院線" }, "geometry": { "type": "Point", "coordinates": [ 136.653382150950137, 36.535632234747972 ] } },
{ "type": "Feature", "properties": { "バス停": "パール団地", "事業会社": "白山市", "系統": "めぐーる東ルート" }, "geometry": { "type": "Point", "coordinates": [ 136.58705742255529, 36.535481870168574 ] } },
{ "type": "Feature", "properties": { "バス停": "徳用", "事業会社": "野々市市", "系統": "西部ルート" }, "geometry": { "type": "Point", "coordinates": [ 136.591127887491496, 36.53545772275298 ] } },
{ "type": "Feature", "properties": { "バス停": "蕪城五丁目", "事業会社": "白山市", "系統": "めぐーる北西ルート" }, "geometry": { "type": "Point", "coordinates": [ 136.553106466987174, 36.535408204316447 ] } },
{ "type": "Feature", "properties": { "バス停": "あさひ荘苑", "事業会社": "白山市", "系統": "めぐーる北ルート" }, "geometry": { "type": "Point", "coordinates": [ 136.577705507879926, 36.535391208928445 ] } },
{ "type": "Feature", "properties": { "バス停": "大桑住宅", "事業会社": "北鉄金沢バス（株）", "系統": "笠舞駅西線" }, "geometry": { "type": "Point", "coordinates": [ 136.673846331067864, 36.535392244021438 ] } },
{ "type": "Feature", "properties": { "バス停": "大桑住宅", "事業会社": "北陸鉄道（株）", "系統": "平和町線・野田線・大桑線" }, "geometry": { "type": "Point", "coordinates": [ 136.673846331067864, 36.535392244021438 ] } },
{ "type": "Feature", "properties": { "バス停": "海浜温泉", "事業会社": "白山市", "系統": "めぐーる北西ルート" }, "geometry": { "type": "Point", "coordinates": [ 136.530141806835985, 36.535322943060493 ] } },
{ "type": "Feature", "properties": { "バス停": "別所口", "事業会社": "北鉄金沢バス（株）", "系統": "医王山線" }, "geometry": { "type": "Point", "coordinates": [ 136.733636126121155, 36.535199605959669 ] } },
{ "type": "Feature", "properties": { "バス停": "新田", "事業会社": "北鉄白山バス（株）", "系統": "白山線" }, "geometry": { "type": "Point", "coordinates": [ 136.571025013962611, 36.535131664306057 ] } },
{ "type": "Feature", "properties": { "バス停": "つばき公園", "事業会社": "野々市市", "系統": "北部ルート" }, "geometry": { "type": "Point", "coordinates": [ 136.607305414451815, 36.535128893218229 ] } },
{ "type": "Feature", "properties": { "バス停": "新田西", "事業会社": "白山市", "系統": "めぐーる北循環ルート" }, "geometry": { "type": "Point", "coordinates": [ 136.569440150420462, 36.535121041755112 ] } },
{ "type": "Feature", "properties": { "バス停": "万葉台", "事業会社": "野々市市", "系統": "西部ルート" }, "geometry": { "type": "Point", "coordinates": [ 136.599091359145262, 36.535039185387028 ] } },
{ "type": "Feature", "properties": { "バス停": "大桑タウン", "事業会社": "北鉄金沢バス（株）", "系統": "笠舞駅西線" }, "geometry": { "type": "Point", "coordinates": [ 136.676042273642821, 36.534953433758126 ] } },
{ "type": "Feature", "properties": { "バス停": "大桑タウン", "事業会社": "北陸鉄道（株）", "系統": "平和町線・野田線・大桑線" }, "geometry": { "type": "Point", "coordinates": [ 136.676042273642821, 36.534953433758126 ] } },
{ "type": "Feature", "properties": { "バス停": "北相木", "事業会社": "北鉄白山バス（株）・北陸鉄道（株）", "系統": "松任線・金沢寺井線・千代野線" }, "geometry": { "type": "Point", "coordinates": [ 136.564378089859389, 36.534930571594096 ] } },
{ "type": "Feature", "properties": { "バス停": "稲荷", "事業会社": "野々市市", "系統": "北部ルート" }, "geometry": { "type": "Point", "coordinates": [ 136.604807009131463, 36.53492891911133 ] } },
{ "type": "Feature", "properties": { "バス停": "西野々市", "事業会社": "北鉄白山バス（株）", "系統": "鳥越線,白峰線,野々市線,野々市金大線" }, "geometry": { "type": "Point", "coordinates": [ 136.614976195069374, 36.534928981351833 ] } },
{ "type": "Feature", "properties": { "バス停": "西野々市", "事業会社": "北鉄白山バス（株）・北陸鉄道（株）", "系統": "松任線・金沢寺井線・千代野線" }, "geometry": { "type": "Point", "coordinates": [ 136.614976195069374, 36.534928981351833 ] } },
{ "type": "Feature", "properties": { "バス停": "石川森林管理署前", "事業会社": "北鉄金沢バス（株）・北陸鉄道（株）", "系統": "鈴見線" }, "geometry": { "type": "Point", "coordinates": [ 136.695594841256508, 36.534855752040173 ] } },
{ "type": "Feature", "properties": { "バス停": "相木団地", "事業会社": "白山市", "系統": "めぐーる北循環ルート" }, "geometry": { "type": "Point", "coordinates": [ 136.560824231362744, 36.534835432886766 ] } },
{ "type": "Feature", "properties": { "バス停": "相木団地", "事業会社": "北鉄白山バス（株）・北陸鉄道（株）", "系統": "松任線・金沢寺井線・千代野線" }, "geometry": { "type": "Point", "coordinates": [ 136.560824231362744, 36.534835432886766 ] } },
{ "type": "Feature", "properties": { "バス停": "円光寺北", "事業会社": "北鉄白山バス（株）", "系統": "松任中奥線,市立病院線" }, "geometry": { "type": "Point", "coordinates": [ 136.644393701170486, 36.534827475210349 ] } },
{ "type": "Feature", "properties": { "バス停": "円光寺北", "事業会社": "北鉄白山バス（株）・北陸鉄道（株）", "系統": "松任線・金沢寺井線・千代野線" }, "geometry": { "type": "Point", "coordinates": [ 136.644393701170486, 36.534827475210349 ] } },
{ "type": "Feature", "properties": { "バス停": "伏見新町", "事業会社": "北鉄金沢バス（株）", "系統": "寺町線,柳橋寺町線" }, "geometry": { "type": "Point", "coordinates": [ 136.649904669396108, 36.534809227981015 ] } },
{ "type": "Feature", "properties": { "バス停": "伏見新町", "事業会社": "北鉄白山バス（株）", "系統": "市立病院線" }, "geometry": { "type": "Point", "coordinates": [ 136.649904669396108, 36.534809227981015 ] } },
{ "type": "Feature", "properties": { "バス停": "徳光", "事業会社": "白山市", "系統": "めぐーる北西ルート" }, "geometry": { "type": "Point", "coordinates": [ 136.532039444737649, 36.534712609992532 ] } },
{ "type": "Feature", "properties": { "バス停": "三日市", "事業会社": "野々市市", "系統": "西部ルート" }, "geometry": { "type": "Point", "coordinates": [ 136.595003937270519, 36.534713106397845 ] } },
{ "type": "Feature", "properties": { "バス停": "伏見台", "事業会社": "北鉄金沢バス（株）", "系統": "元町有松線" }, "geometry": { "type": "Point", "coordinates": [ 136.639075488296015, 36.53463241180399 ] } },
{ "type": "Feature", "properties": { "バス停": "伏見台", "事業会社": "北鉄白山バス（株）", "系統": "松任中奥線,市立病院線" }, "geometry": { "type": "Point", "coordinates": [ 136.639075488296015, 36.53463241180399 ] } },
{ "type": "Feature", "properties": { "バス停": "伏見台", "事業会社": "北陸鉄道（株）", "系統": "光が丘住宅線,四十万線,四十万金石線" }, "geometry": { "type": "Point", "coordinates": [ 136.639075488296015, 36.53463241180399 ] } },
{ "type": "Feature", "properties": { "バス停": "伏見台", "事業会社": "北鉄白山バス（株）・北陸鉄道（株）", "系統": "辰口線,松任線・金沢寺井線・千代野線" }, "geometry": { "type": "Point", "coordinates": [ 136.639075488296015, 36.53463241180399 ] } },
{ "type": "Feature", "properties": { "バス停": "本町1丁目", "事業会社": "野々市市", "系統": "北部ルート" }, "geometry": { "type": "Point", "coordinates": [ 136.620294671780925, 36.534530481645902 ] } },
{ "type": "Feature", "properties": { "バス停": "稲荷北", "事業会社": "北鉄白山バス（株）", "系統": "野々市線" }, "geometry": { "type": "Point", "coordinates": [ 136.603671834727891, 36.534251225643317 ] } },
{ "type": "Feature", "properties": { "バス停": "涌波二丁目", "事業会社": "北陸鉄道（株）", "系統": "花里線" }, "geometry": { "type": "Point", "coordinates": [ 136.68477685658263, 36.534170588533655 ] } },
{ "type": "Feature", "properties": { "バス停": "相木町", "事業会社": "北鉄白山バス（株）・北陸鉄道（株）", "系統": "松任線・金沢寺井線・千代野線" }, "geometry": { "type": "Point", "coordinates": [ 136.566092959348367, 36.534129918196683 ] } },
{ "type": "Feature", "properties": { "バス停": "野田東", "事業会社": "北陸鉄道（株）", "系統": "平和町線・野田線・大桑線" }, "geometry": { "type": "Point", "coordinates": [ 136.669241734688086, 36.534115388450175 ] } },
{ "type": "Feature", "properties": { "バス停": "新田南", "事業会社": "白山市", "系統": "めぐーる北循環ルート" }, "geometry": { "type": "Point", "coordinates": [ 136.571013369114013, 36.534026802245471 ] } },
{ "type": "Feature", "properties": { "バス停": "俵スタジオ前", "事業会社": "北鉄金沢バス（株）", "系統": "医王山線" }, "geometry": { "type": "Point", "coordinates": [ 136.723171216989499, 36.533884281215762 ] } },
{ "type": "Feature", "properties": { "バス停": "新成二丁目", "事業会社": "北鉄白山バス（株）・北陸鉄道（株）", "系統": "松任線・金沢寺井線・千代野線" }, "geometry": { "type": "Point", "coordinates": [ 136.556681249095192, 36.533791458272603 ] } },
{ "type": "Feature", "properties": { "バス停": "北成区", "事業会社": "白山市", "系統": "めぐーる北循環ルート" }, "geometry": { "type": "Point", "coordinates": [ 136.556670973534295, 36.533739243158848 ] } },
{ "type": "Feature", "properties": { "バス停": "俵", "事業会社": "北鉄金沢バス（株）", "系統": "医王山線" }, "geometry": { "type": "Point", "coordinates": [ 136.719376319349379, 36.53367138481795 ] } },
{ "type": "Feature", "properties": { "バス停": "郷町", "事業会社": "野々市市", "系統": "西部ルート" }, "geometry": { "type": "Point", "coordinates": [ 136.58773933466469, 36.533595434671568 ] } },
{ "type": "Feature", "properties": { "バス停": "本町6丁目", "事業会社": "野々市市", "系統": "北部ルート" }, "geometry": { "type": "Point", "coordinates": [ 136.608342857316842, 36.533567422204456 ] } },
{ "type": "Feature", "properties": { "バス停": "久安二丁目", "事業会社": "北陸鉄道（株）", "系統": "三馬線,三馬大野線" }, "geometry": { "type": "Point", "coordinates": [ 136.632008546476641, 36.53332690479688 ] } },
{ "type": "Feature", "properties": { "バス停": "東野々市", "事業会社": "北鉄白山バス（株）", "系統": "錦町野々市線,野々市線" }, "geometry": { "type": "Point", "coordinates": [ 136.620043053019543, 36.533308684143293 ] } },
{ "type": "Feature", "properties": { "バス停": "若松", "事業会社": "野々市市", "系統": "中央ルート" }, "geometry": { "type": "Point", "coordinates": [ 136.611267910860477, 36.53311499867884 ] } },
{ "type": "Feature", "properties": { "バス停": "北相木5区", "事業会社": "白山市", "系統": "めぐーる北循環ルート" }, "geometry": { "type": "Point", "coordinates": [ 136.566140477551642, 36.533083392654078 ] } },
{ "type": "Feature", "properties": { "バス停": "大桑本町", "事業会社": "北鉄金沢バス（株）", "系統": "笠舞駅西線" }, "geometry": { "type": "Point", "coordinates": [ 136.67908511533625, 36.533022587998254 ] } },
{ "type": "Feature", "properties": { "バス停": "大桑ランプ口", "事業会社": "北鉄金沢バス（株）", "系統": "笠舞駅西線" }, "geometry": { "type": "Point", "coordinates": [ 136.676368671652938, 36.532985609236093 ] } },
{ "type": "Feature", "properties": { "バス停": "のっぽくん", "事業会社": "野々市市", "系統": "北部ルート" }, "geometry": { "type": "Point", "coordinates": [ 136.619997230811492, 36.532979835081662 ] } },
{ "type": "Feature", "properties": { "バス停": "北相木6区", "事業会社": "白山市", "系統": "めぐーる北循環ルート" }, "geometry": { "type": "Point", "coordinates": [ 136.561605876762115, 36.532886572589021 ] } },
{ "type": "Feature", "properties": { "バス停": "堀内北", "事業会社": "野々市市", "系統": "西部ルート" }, "geometry": { "type": "Point", "coordinates": [ 136.60019713887192, 36.5328713950299 ] } },
{ "type": "Feature", "properties": { "バス停": "五歩市", "事業会社": "白山市", "系統": "めぐーる北ルート" }, "geometry": { "type": "Point", "coordinates": [ 136.577558342976431, 36.532823743366045 ] } },
{ "type": "Feature", "properties": { "バス停": "土清水", "事業会社": "北鉄金沢バス（株）", "系統": "犀川線,安原線" }, "geometry": { "type": "Point", "coordinates": [ 136.689746463727289, 36.532707537442562 ] } },
{ "type": "Feature", "properties": { "バス停": "土清水", "事業会社": "北鉄白山バス（株）", "系統": "錦町野々市線,市立病院線" }, "geometry": { "type": "Point", "coordinates": [ 136.689746463727289, 36.532707537442562 ] } },
{ "type": "Feature", "properties": { "バス停": "土清水", "事業会社": "北陸鉄道（株）", "系統": "花里線" }, "geometry": { "type": "Point", "coordinates": [ 136.689746463727289, 36.532707537442562 ] } },
{ "type": "Feature", "properties": { "バス停": "土清水", "事業会社": "北鉄金沢バス（株）・北陸鉄道（株）", "系統": "錦町粟崎線,錦町B線" }, "geometry": { "type": "Point", "coordinates": [ 136.689746463727289, 36.532707537442562 ] } },
{ "type": "Feature", "properties": { "バス停": "土清水", "事業会社": "北鉄白山バス（株）・北陸鉄道（株）", "系統": "辰口線" }, "geometry": { "type": "Point", "coordinates": [ 136.689746463727289, 36.532707537442562 ] } },
{ "type": "Feature", "properties": { "バス停": "太平寺", "事業会社": "野々市市", "系統": "中央ルート" }, "geometry": { "type": "Point", "coordinates": [ 136.606749389986106, 36.532697252918595 ] } },
{ "type": "Feature", "properties": { "バス停": "太平寺", "事業会社": "北鉄白山バス（株）", "系統": "鳥越線,野々市線,野々市金大線" }, "geometry": { "type": "Point", "coordinates": [ 136.606749389986106, 36.532697252918595 ] } },
{ "type": "Feature", "properties": { "バス停": "太平寺", "事業会社": "北鉄白山バス（株）・北陸鉄道（株）", "系統": "松任線・金沢寺井線・千代野線" }, "geometry": { "type": "Point", "coordinates": [ 136.606749389986106, 36.532697252918595 ] } },
{ "type": "Feature", "properties": { "バス停": "朝霧台", "事業会社": "北鉄金沢バス（株）・北陸鉄道（株）", "系統": "鈴見線" }, "geometry": { "type": "Point", "coordinates": [ 136.695003530569522, 36.532504340325488 ] } },
{ "type": "Feature", "properties": { "バス停": "円光寺", "事業会社": "北鉄金沢バス（株）", "系統": "木越円光寺線,柳橋円光寺線" }, "geometry": { "type": "Point", "coordinates": [ 136.647052738786613, 36.532447809091813 ] } },
{ "type": "Feature", "properties": { "バス停": "円光寺", "事業会社": "北鉄白山バス（株）", "系統": "野々市線" }, "geometry": { "type": "Point", "coordinates": [ 136.647052738786613, 36.532447809091813 ] } },
{ "type": "Feature", "properties": { "バス停": "円光寺", "事業会社": "北陸鉄道（株）", "系統": "光が丘住宅線,額住宅線,工業大学線,野々市円光寺線" }, "geometry": { "type": "Point", "coordinates": [ 136.647052738786613, 36.532447809091813 ] } },
{ "type": "Feature", "properties": { "バス停": "円光寺", "事業会社": "北鉄白山バス（株）・北陸鉄道（株）", "系統": "松任線・金沢寺井線・千代野線" }, "geometry": { "type": "Point", "coordinates": [ 136.647052738786613, 36.532447809091813 ] } },
{ "type": "Feature", "properties": { "バス停": "太陽が丘ニュータウン", "事業会社": "北鉄金沢バス（株）", "系統": "医王山線,北陸大学線" }, "geometry": { "type": "Point", "coordinates": [ 136.706367252332456, 36.532438865905831 ] } },
{ "type": "Feature", "properties": { "バス停": "フォルテ", "事業会社": "野々市市", "系統": "中央ルート,北部ルート" }, "geometry": { "type": "Point", "coordinates": [ 136.609135035632534, 36.532401180246922 ] } },
{ "type": "Feature", "properties": { "バス停": "フォルテ", "事業会社": "ののいちバス（株）", "系統": "シャトルバスのんキー" }, "geometry": { "type": "Point", "coordinates": [ 136.609135035632534, 36.532401180246922 ] } },
{ "type": "Feature", "properties": { "バス停": "太平寺（フォルテ）", "事業会社": "北陸鉄道（株）", "系統": "野々市円光寺線" }, "geometry": { "type": "Point", "coordinates": [ 136.609135035632534, 36.532401180246922 ] } },
{ "type": "Feature", "properties": { "バス停": "堀内町", "事業会社": "北鉄白山バス（株）・北陸鉄道（株）", "系統": "松任線・金沢寺井線・千代野線" }, "geometry": { "type": "Point", "coordinates": [ 136.598533392826909, 36.532363678439189 ] } },
{ "type": "Feature", "properties": { "バス停": "堀内町", "事業会社": "北鉄白山バス（株）", "系統": "野々市線" }, "geometry": { "type": "Point", "coordinates": [ 136.598533392826909, 36.532363678439189 ] } },
{ "type": "Feature", "properties": { "バス停": "稲荷", "事業会社": "北鉄白山バス（株）", "系統": "野々市線" }, "geometry": { "type": "Point", "coordinates": [ 136.602430856324304, 36.532327296438616 ] } },
{ "type": "Feature", "properties": { "バス停": "稲荷", "事業会社": "北鉄白山バス（株）・北陸鉄道（株）", "系統": "松任線・金沢寺井線・千代野線" }, "geometry": { "type": "Point", "coordinates": [ 136.602430856324304, 36.532327296438616 ] } },
{ "type": "Feature", "properties": { "バス停": "涌波一丁目", "事業会社": "北陸鉄道（株）", "系統": "花里線" }, "geometry": { "type": "Point", "coordinates": [ 136.686166765599268, 36.532305008423023 ] } },
{ "type": "Feature", "properties": { "バス停": "カミーノ", "事業会社": "野々市市", "系統": "中央ルート,北部ルート" }, "geometry": { "type": "Point", "coordinates": [ 136.618637075178839, 36.532267685386373 ] } },
{ "type": "Feature", "properties": { "バス停": "高橋", "事業会社": "野々市市", "系統": "中央ルート" }, "geometry": { "type": "Point", "coordinates": [ 136.625401563347197, 36.532226109850363 ] } },
{ "type": "Feature", "properties": { "バス停": "本町4丁目", "事業会社": "野々市市", "系統": "中央ルート,北部ルート" }, "geometry": { "type": "Point", "coordinates": [ 136.61251144220941, 36.532186795346 ] } },
{ "type": "Feature", "properties": { "バス停": "工大前駅", "事業会社": "野々市市", "系統": "中央ルート" }, "geometry": { "type": "Point", "coordinates": [ 136.621099386108369, 36.532160780880226 ] } },
{ "type": "Feature", "properties": { "バス停": "郷公民館", "事業会社": "野々市市", "系統": "中央ルート" }, "geometry": { "type": "Point", "coordinates": [ 136.595953894279688, 36.53206704236829 ] } },
{ "type": "Feature", "properties": { "バス停": "野々市小学校前", "事業会社": "北鉄白山バス（株）", "系統": "野々市線" }, "geometry": { "type": "Point", "coordinates": [ 136.610165518145152, 36.531925136072765 ] } },
{ "type": "Feature", "properties": { "バス停": "野々市小学校前", "事業会社": "北陸鉄道（株）", "系統": "野々市円光寺線" }, "geometry": { "type": "Point", "coordinates": [ 136.610165518145152, 36.531925136072765 ] } },
{ "type": "Feature", "properties": { "バス停": "野々市小学校前", "事業会社": "北鉄白山バス（株）・北陸鉄道（株）", "系統": "松任線・金沢寺井線・千代野線" }, "geometry": { "type": "Point", "coordinates": [ 136.610165518145152, 36.531925136072765 ] } },
{ "type": "Feature", "properties": { "バス停": "喜多家住宅", "事業会社": "野々市市", "系統": "中央ルート,北部ルート" }, "geometry": { "type": "Point", "coordinates": [ 136.615803692583796, 36.531877702843381 ] } },
{ "type": "Feature", "properties": { "バス停": "三日市", "事業会社": "北鉄白山バス（株）", "系統": "野々市線" }, "geometry": { "type": "Point", "coordinates": [ 136.591853156676621, 36.531873160141608 ] } },
{ "type": "Feature", "properties": { "バス停": "三日市", "事業会社": "北鉄白山バス（株）・北陸鉄道（株）", "系統": "松任線・金沢寺井線・千代野線" }, "geometry": { "type": "Point", "coordinates": [ 136.591853156676621, 36.531873160141608 ] } },
{ "type": "Feature", "properties": { "バス停": "大桑神社前", "事業会社": "北鉄金沢バス（株）", "系統": "笠舞駅西線" }, "geometry": { "type": "Point", "coordinates": [ 136.678206040051322, 36.531871598276751 ] } },
{ "type": "Feature", "properties": { "バス停": "野々市本町三丁目", "事業会社": "北鉄白山バス（株）", "系統": "野々市線" }, "geometry": { "type": "Point", "coordinates": [ 136.615921183783485, 36.531862428226439 ] } },
{ "type": "Feature", "properties": { "バス停": "小豆沢口", "事業会社": "北鉄金沢バス（株）", "系統": "医王山線" }, "geometry": { "type": "Point", "coordinates": [ 136.73493063340581, 36.531570700671132 ] } },
{ "type": "Feature", "properties": { "バス停": "蕪城団地", "事業会社": "白山市", "系統": "めぐーる北西ルート,めぐーる北循環ルート" }, "geometry": { "type": "Point", "coordinates": [ 136.553501281217365, 36.531500500054818 ] } },
{ "type": "Feature", "properties": { "バス停": "西三馬", "事業会社": "北陸鉄道（株）", "系統": "三馬線,三馬大野線" }, "geometry": { "type": "Point", "coordinates": [ 136.631145047781359, 36.531494338505055 ] } },
{ "type": "Feature", "properties": { "バス停": "田中", "事業会社": "白山市", "系統": "めぐーる東ルート" }, "geometry": { "type": "Point", "coordinates": [ 136.587137481400731, 36.531234329211614 ] } },
{ "type": "Feature", "properties": { "バス停": "田中", "事業会社": "北鉄白山バス（株）・北陸鉄道（株）", "系統": "松任線・金沢寺井線・千代野線" }, "geometry": { "type": "Point", "coordinates": [ 136.587137481400731, 36.531234329211614 ] } },
{ "type": "Feature", "properties": { "バス停": "田中", "事業会社": "北鉄白山バス（株）", "系統": "野々市線" }, "geometry": { "type": "Point", "coordinates": [ 136.587137481400731, 36.531234329211614 ] } },
{ "type": "Feature", "properties": { "バス停": "田上口", "事業会社": "北鉄金沢バス（株）", "系統": "湯涌線" }, "geometry": { "type": "Point", "coordinates": [ 136.693182311650759, 36.530988364845697 ] } },
{ "type": "Feature", "properties": { "バス停": "田上口", "事業会社": "北鉄白山バス（株）", "系統": "錦町野々市線" }, "geometry": { "type": "Point", "coordinates": [ 136.693183700424413, 36.530988364874212 ] } },
{ "type": "Feature", "properties": { "バス停": "堀内中央", "事業会社": "野々市市", "系統": "西部ルート" }, "geometry": { "type": "Point", "coordinates": [ 136.600523255388907, 36.530959685203236 ] } },
{ "type": "Feature", "properties": { "バス停": "蕪城三丁目", "事業会社": "白山市", "系統": "めぐーる北循環ルート" }, "geometry": { "type": "Point", "coordinates": [ 136.550009357137952, 36.530707921605448 ] } },
{ "type": "Feature", "properties": { "バス停": "番匠", "事業会社": "北鉄白山バス（株）", "系統": "野々市線" }, "geometry": { "type": "Point", "coordinates": [ 136.583626421046404, 36.530691592985889 ] } },
{ "type": "Feature", "properties": { "バス停": "番匠", "事業会社": "北鉄白山バス（株）・北陸鉄道（株）", "系統": "松任線・金沢寺井線・千代野線" }, "geometry": { "type": "Point", "coordinates": [ 136.583626421046404, 36.530691592985889 ] } },
{ "type": "Feature", "properties": { "バス停": "新成一丁目", "事業会社": "白山市", "系統": "めぐーる北西ルート" }, "geometry": { "type": "Point", "coordinates": [ 136.557332398044423, 36.530575584332183 ] } },
{ "type": "Feature", "properties": { "バス停": "新成一丁目", "事業会社": "北鉄白山バス（株）・北陸鉄道（株）", "系統": "松任線・金沢寺井線・千代野線" }, "geometry": { "type": "Point", "coordinates": [ 136.556643845640735, 36.530407236596751 ] } },
{ "type": "Feature", "properties": { "バス停": "南野々市", "事業会社": "北鉄白山バス（株）", "系統": "鳥越線,白峰線" }, "geometry": { "type": "Point", "coordinates": [ 136.614487436232139, 36.530355378092722 ] } },
{ "type": "Feature", "properties": { "バス停": "自由が丘住宅", "事業会社": "北陸鉄道（株）", "系統": "平和町線・野田線・大桑線" }, "geometry": { "type": "Point", "coordinates": [ 136.674107520687016, 36.530263109427949 ] } },
{ "type": "Feature", "properties": { "バス停": "大阪屋ショップ松任店", "事業会社": "白山市", "系統": "めぐーる北ルート" }, "geometry": { "type": "Point", "coordinates": [ 136.577602834646854, 36.529801614209177 ] } },
{ "type": "Feature", "properties": { "バス停": "住吉町", "事業会社": "北鉄白山バス（株）", "系統": "錦町野々市線,野々市線" }, "geometry": { "type": "Point", "coordinates": [ 136.618986826024639, 36.529771885077928 ] } },
{ "type": "Feature", "properties": { "バス停": "金沢工業大学", "事業会社": "野々市市", "系統": "中央ルート" }, "geometry": { "type": "Point", "coordinates": [ 136.62770146076997, 36.529595353617687 ] } },
{ "type": "Feature", "properties": { "バス停": "金沢工業大学", "事業会社": "北鉄金沢バス（株）", "系統": "元町有松線" }, "geometry": { "type": "Point", "coordinates": [ 136.62770146076997, 36.529595353617687 ] } },
{ "type": "Feature", "properties": { "バス停": "金沢工業大学", "事業会社": "北鉄白山バス（株）", "系統": "中宮B線,野々市線,松任中奥線" }, "geometry": { "type": "Point", "coordinates": [ 136.62770146076997, 36.529595353617687 ] } },
{ "type": "Feature", "properties": { "バス停": "金沢工業大学", "事業会社": "北陸鉄道（株）", "系統": "工業大学線,四十万線,四十万金石線,三馬線,三馬大野線,野々市円光寺線" }, "geometry": { "type": "Point", "coordinates": [ 136.62770146076997, 36.529595353617687 ] } },
{ "type": "Feature", "properties": { "バス停": "湯谷原", "事業会社": "北鉄金沢バス（株）", "系統": "医王山線" }, "geometry": { "type": "Point", "coordinates": [ 136.738521344006074, 36.52953390389176 ] } },
{ "type": "Feature", "properties": { "バス停": "金沢工業大学", "事業会社": "北鉄白山バス（株）・北陸鉄道（株）", "系統": "辰口線,松任線・金沢寺井線・千代野線" }, "geometry": { "type": "Point", "coordinates": [ 136.630418486588582, 36.529512625699923 ] } },
{ "type": "Feature", "properties": { "バス停": "三馬", "事業会社": "北陸鉄道（株）", "系統": "三馬線,三馬大野線" }, "geometry": { "type": "Point", "coordinates": [ 136.633610753598532, 36.529503506855576 ] } },
{ "type": "Feature", "properties": { "バス停": "太陽が丘北陸大学通り", "事業会社": "北鉄金沢バス（株）", "系統": "北陸大学線" }, "geometry": { "type": "Point", "coordinates": [ 136.707322713654889, 36.529498426288299 ] } },
{ "type": "Feature", "properties": { "バス停": "金沢赤十字病院前", "事業会社": "北鉄金沢バス（株）", "系統": "元町有松線" }, "geometry": { "type": "Point", "coordinates": [ 136.636769689636765, 36.529466339014284 ] } },
{ "type": "Feature", "properties": { "バス停": "金沢赤十字病院前", "事業会社": "北鉄白山バス（株）", "系統": "中宮B線,野々市線,松任中奥線" }, "geometry": { "type": "Point", "coordinates": [ 136.636769689636765, 36.529466339014284 ] } },
{ "type": "Feature", "properties": { "バス停": "金沢赤十字病院前", "事業会社": "北陸鉄道（株）", "系統": "工業大学線,四十万線,四十万金石線,野々市円光寺線" }, "geometry": { "type": "Point", "coordinates": [ 136.636769689636765, 36.529466339014284 ] } },
{ "type": "Feature", "properties": { "バス停": "金沢赤十字病院前", "事業会社": "北鉄白山バス（株）・北陸鉄道（株）", "系統": "辰口線,松任線・金沢寺井線・千代野線" }, "geometry": { "type": "Point", "coordinates": [ 136.636769689636765, 36.529466339014284 ] } },
{ "type": "Feature", "properties": { "バス停": "錦丘高校前", "事業会社": "北鉄金沢バス（株）", "系統": "元町有松線" }, "geometry": { "type": "Point", "coordinates": [ 136.638189307597514, 36.529466362087376 ] } },
{ "type": "Feature", "properties": { "バス停": "錦丘高校前", "事業会社": "北鉄白山バス（株）", "系統": "中宮B線,野々市線,松任中奥線,市立病院線" }, "geometry": { "type": "Point", "coordinates": [ 136.638189307597514, 36.529466362087376 ] } },
{ "type": "Feature", "properties": { "バス停": "錦丘高校前", "事業会社": "北陸鉄道（株）", "系統": "工業大学線,四十万線,四十万金石線,野々市円光寺線" }, "geometry": { "type": "Point", "coordinates": [ 136.638189307597514, 36.529466362087376 ] } },
{ "type": "Feature", "properties": { "バス停": "錦丘高校前", "事業会社": "北鉄白山バス（株）・北陸鉄道（株）", "系統": "辰口線,松任線・金沢寺井線・千代野線" }, "geometry": { "type": "Point", "coordinates": [ 136.638189307597514, 36.529466362087376 ] } },
{ "type": "Feature", "properties": { "バス停": "堀内公民館", "事業会社": "野々市市", "系統": "中央ルート" }, "geometry": { "type": "Point", "coordinates": [ 136.598703983044715, 36.529422926127474 ] } },
{ "type": "Feature", "properties": { "バス停": "堀内公民館", "事業会社": "北陸鉄道（株）", "系統": "野々市円光寺線" }, "geometry": { "type": "Point", "coordinates": [ 136.598703983044715, 36.529422926127474 ] } },
{ "type": "Feature", "properties": { "バス停": "堀内東", "事業会社": "野々市市", "系統": "中央ルート,西部ルート" }, "geometry": { "type": "Point", "coordinates": [ 136.601303496989686, 36.529354327909701 ] } },
{ "type": "Feature", "properties": { "バス停": "太平寺西", "事業会社": "野々市市", "系統": "中央ルート,西部ルート" }, "geometry": { "type": "Point", "coordinates": [ 136.603701916012511, 36.529287951417089 ] } },
{ "type": "Feature", "properties": { "バス停": "太平寺西", "事業会社": "北陸鉄道（株）", "系統": "野々市円光寺線" }, "geometry": { "type": "Point", "coordinates": [ 136.603701916012511, 36.529287951417089 ] } },
{ "type": "Feature", "properties": { "バス停": "野々市図書館", "事業会社": "北陸鉄道（株）", "系統": "野々市円光寺線" }, "geometry": { "type": "Point", "coordinates": [ 136.607068316865281, 36.528975496450727 ] } },
{ "type": "Feature", "properties": { "バス停": "徳丸", "事業会社": "北鉄白山バス（株）・北陸鉄道（株）", "系統": "松任線・金沢寺井線・千代野線" }, "geometry": { "type": "Point", "coordinates": [ 136.577649233376235, 36.528965606158103 ] } },
{ "type": "Feature", "properties": { "バス停": "徳丸", "事業会社": "北鉄白山バス（株）", "系統": "野々市線" }, "geometry": { "type": "Point", "coordinates": [ 136.577649233376235, 36.528965606158103 ] } },
{ "type": "Feature", "properties": { "バス停": "蓮花寺", "事業会社": "野々市市", "系統": "中央ルート" }, "geometry": { "type": "Point", "coordinates": [ 136.593750532514235, 36.52893852380133 ] } },
{ "type": "Feature", "properties": { "バス停": "柳町", "事業会社": "野々市市", "系統": "西部ルート" }, "geometry": { "type": "Point", "coordinates": [ 136.583115112010631, 36.528660443044018 ] } },
{ "type": "Feature", "properties": { "バス停": "相木一丁目", "事業会社": "北鉄白山バス（株）・北陸鉄道（株）", "系統": "松任線・金沢寺井線・千代野線" }, "geometry": { "type": "Point", "coordinates": [ 136.566421658795178, 36.528616495835131 ] } },
{ "type": "Feature", "properties": { "バス停": "工業大学東", "事業会社": "野々市市", "系統": "中央ルート" }, "geometry": { "type": "Point", "coordinates": [ 136.630092423026355, 36.528605509580117 ] } },
{ "type": "Feature", "properties": { "バス停": "つつじが丘住宅口", "事業会社": "北陸鉄道（株）", "系統": "平和町線・野田線・大桑線" }, "geometry": { "type": "Point", "coordinates": [ 136.677182293039266, 36.528596128729966 ] } },
{ "type": "Feature", "properties": { "バス停": "カレード", "事業会社": "野々市市", "系統": "中央ルート,西部ルート" }, "geometry": { "type": "Point", "coordinates": [ 136.608577925032648, 36.528540276207735 ] } },
{ "type": "Feature", "properties": { "バス停": "土清水南", "事業会社": "北鉄白山バス（株）", "系統": "錦町野々市線,市立病院線" }, "geometry": { "type": "Point", "coordinates": [ 136.691095294143082, 36.528494445450356 ] } },
{ "type": "Feature", "properties": { "バス停": "土清水南", "事業会社": "北鉄金沢バス（株）・北陸鉄道（株）", "系統": "錦町B線" }, "geometry": { "type": "Point", "coordinates": [ 136.691095294143082, 36.528494445450356 ] } },
{ "type": "Feature", "properties": { "バス停": "土清水南", "事業会社": "北鉄白山バス（株）・北陸鉄道（株）", "系統": "辰口線" }, "geometry": { "type": "Point", "coordinates": [ 136.691095294143082, 36.528494445450356 ] } },
{ "type": "Feature", "properties": { "バス停": "土清水南", "事業会社": "北陸鉄道（株）", "系統": "花里線" }, "geometry": { "type": "Point", "coordinates": [ 136.691095294143082, 36.528494445450356 ] } },
{ "type": "Feature", "properties": { "バス停": "大道割口", "事業会社": "北鉄金沢バス（株）", "系統": "犀川線,安原線" }, "geometry": { "type": "Point", "coordinates": [ 136.689424044237001, 36.528486636615803 ] } },
{ "type": "Feature", "properties": { "バス停": "大道割口", "事業会社": "北鉄金沢バス（株）・北陸鉄道（株）", "系統": "錦町粟崎線,錦町B線" }, "geometry": { "type": "Point", "coordinates": [ 136.689424044237001, 36.528486636615803 ] } },
{ "type": "Feature", "properties": { "バス停": "つつじが丘住宅", "事業会社": "北陸鉄道（株）", "系統": "平和町線・野田線・大桑線" }, "geometry": { "type": "Point", "coordinates": [ 136.678335253580229, 36.528448942998914 ] } },
{ "type": "Feature", "properties": { "バス停": "相木南", "事業会社": "白山市", "系統": "めぐーる北循環ルート" }, "geometry": { "type": "Point", "coordinates": [ 136.562359526129342, 36.528416390043816 ] } },
{ "type": "Feature", "properties": { "バス停": "白山町", "事業会社": "北陸鉄道（株）", "系統": "野々市円光寺線" }, "geometry": { "type": "Point", "coordinates": [ 136.609726725043259, 36.528382799783785 ] } },
{ "type": "Feature", "properties": { "バス停": "白山町", "事業会社": "北鉄白山バス（株）", "系統": "錦町野々市線,野々市線" }, "geometry": { "type": "Point", "coordinates": [ 136.609726725043259, 36.528382799783785 ] } },
{ "type": "Feature", "properties": { "バス停": "白山町", "事業会社": "北鉄白山バス（株）・北陸鉄道（株）", "系統": "松任線・金沢寺井線・千代野線" }, "geometry": { "type": "Point", "coordinates": [ 136.609726725043259, 36.528382799783785 ] } },
{ "type": "Feature", "properties": { "バス停": "医王山スキー場前", "事業会社": "北鉄金沢バス（株）", "系統": "医王山線" }, "geometry": { "type": "Point", "coordinates": [ 136.751736498971439, 36.528108748093423 ] } },
{ "type": "Feature", "properties": { "バス停": "医王山スポーツセンター前", "事業会社": "北鉄金沢バス（株）", "系統": "医王山線" }, "geometry": { "type": "Point", "coordinates": [ 136.756724129958201, 36.528016098718709 ] } },
{ "type": "Feature", "properties": { "バス停": "北大ひまわりの家", "事業会社": "北鉄金沢バス（株）", "系統": "北陸大学線" }, "geometry": { "type": "Point", "coordinates": [ 136.705941451314743, 36.527938567836699 ] } },
{ "type": "Feature", "properties": { "バス停": "松任駅北口", "事業会社": "北鉄白山バス（株）", "系統": "野々市線" }, "geometry": { "type": "Point", "coordinates": [ 136.566469447859333, 36.527891871131736 ] } },
{ "type": "Feature", "properties": { "バス停": "菅原", "事業会社": "野々市市", "系統": "中央ルート" }, "geometry": { "type": "Point", "coordinates": [ 136.616092366292378, 36.52770544472979 ] } },
{ "type": "Feature", "properties": { "バス停": "窪", "事業会社": "北陸鉄道（株）", "系統": "光が丘住宅線,額住宅線,工業大学線,野々市円光寺線" }, "geometry": { "type": "Point", "coordinates": [ 136.645587704191428, 36.527660591136595 ] } },
{ "type": "Feature", "properties": { "バス停": "窪", "事業会社": "北鉄白山バス（株）", "系統": "野々市線" }, "geometry": { "type": "Point", "coordinates": [ 136.645587704191428, 36.527660591136595 ] } },
{ "type": "Feature", "properties": { "バス停": "窪", "事業会社": "北鉄白山バス（株）・北陸鉄道（株）", "系統": "松任線・金沢寺井線・千代野線" }, "geometry": { "type": "Point", "coordinates": [ 136.645587704191428, 36.527660591136595 ] } },
{ "type": "Feature", "properties": { "バス停": "扇が丘東", "事業会社": "野々市市", "系統": "中央ルート" }, "geometry": { "type": "Point", "coordinates": [ 136.628705047407578, 36.527568949160397 ] } },
{ "type": "Feature", "properties": { "バス停": "舘町", "事業会社": "北鉄金沢バス（株）", "系統": "湯涌線" }, "geometry": { "type": "Point", "coordinates": [ 136.698864633103739, 36.527450859027439 ] } },
{ "type": "Feature", "properties": { "バス停": "舘町", "事業会社": "北鉄白山バス（株）", "系統": "錦町野々市線" }, "geometry": { "type": "Point", "coordinates": [ 136.698864633103739, 36.527450859027439 ] } },
{ "type": "Feature", "properties": { "バス停": "住吉", "事業会社": "野々市市", "系統": "中央ルート" }, "geometry": { "type": "Point", "coordinates": [ 136.618259707373227, 36.5274299434517 ] } },
{ "type": "Feature", "properties": { "バス停": "県道八ツ矢", "事業会社": "白山市", "系統": "めぐーる北ルート" }, "geometry": { "type": "Point", "coordinates": [ 136.573552425428574, 36.527382132702776 ] } },
{ "type": "Feature", "properties": { "バス停": "南ヶ丘病院", "事業会社": "野々市市", "系統": "中央ルート,西部ルート" }, "geometry": { "type": "Point", "coordinates": [ 136.593886930605777, 36.527355382494164 ] } },
{ "type": "Feature", "properties": { "バス停": "南ヶ丘病院", "事業会社": "北陸鉄道（株）", "系統": "野々市円光寺線" }, "geometry": { "type": "Point", "coordinates": [ 136.593886930605777, 36.527355382494164 ] } },
{ "type": "Feature", "properties": { "バス停": "野々市消防署", "事業会社": "野々市市", "系統": "西部ルート" }, "geometry": { "type": "Point", "coordinates": [ 136.609555641431484, 36.527355425727954 ] } },
{ "type": "Feature", "properties": { "バス停": "野々市消防署", "事業会社": "ののいちバス（株）", "系統": "シャトルバスのんキー" }, "geometry": { "type": "Point", "coordinates": [ 136.609555641431484, 36.527355425727954 ] } },
{ "type": "Feature", "properties": { "バス停": "すみよし公園", "事業会社": "野々市市", "系統": "中央ルート" }, "geometry": { "type": "Point", "coordinates": [ 136.620696747439609, 36.527353586958164 ] } },
{ "type": "Feature", "properties": { "バス停": "松任駅北口", "事業会社": "白山市", "系統": "めぐーる北循環ルート" }, "geometry": { "type": "Point", "coordinates": [ 136.566081718374477, 36.527298882010442 ] } },
{ "type": "Feature", "properties": { "バス停": "松任駅北口", "事業会社": "北鉄白山バス（株）・北陸鉄道（株）", "系統": "松任線・金沢寺井線・千代野線" }, "geometry": { "type": "Point", "coordinates": [ 136.566081718374477, 36.527298882010442 ] } },
{ "type": "Feature", "properties": { "バス停": "扇が丘", "事業会社": "野々市市", "系統": "中央ルート" }, "geometry": { "type": "Point", "coordinates": [ 136.624417864297556, 36.527263090082542 ] } },
{ "type": "Feature", "properties": { "バス停": "扇が丘", "事業会社": "北鉄白山バス（株）", "系統": "中宮B線,野々市線,松任中奥線" }, "geometry": { "type": "Point", "coordinates": [ 136.624417864297556, 36.527263090082542 ] } },
{ "type": "Feature", "properties": { "バス停": "扇が丘中央", "事業会社": "北陸鉄道（株）", "系統": "野々市円光寺線" }, "geometry": { "type": "Point", "coordinates": [ 136.624417864297556, 36.527263090082542 ] } },
{ "type": "Feature", "properties": { "バス停": "扇が丘中央", "事業会社": "北鉄白山バス（株）・北陸鉄道（株）", "系統": "松任線・金沢寺井線・千代野線" }, "geometry": { "type": "Point", "coordinates": [ 136.624417864297556, 36.527263090082542 ] } },
{ "type": "Feature", "properties": { "バス停": "大道割", "事業会社": "北陸鉄道（株）", "系統": "花里線" }, "geometry": { "type": "Point", "coordinates": [ 136.686492910618881, 36.527226456706352 ] } },
{ "type": "Feature", "properties": { "バス停": "千代野ニュータウン", "事業会社": "北鉄白山バス（株）", "系統": "松任中奥線" }, "geometry": { "type": "Point", "coordinates": [ 136.540141383475969, 36.527141159254725 ] } },
{ "type": "Feature", "properties": { "バス停": "千代野ニュータウン", "事業会社": "北鉄白山バス（株）・北陸鉄道（株）", "系統": "松任線・金沢寺井線・千代野線" }, "geometry": { "type": "Point", "coordinates": [ 136.540141383475969, 36.527141159254725 ] } },
{ "type": "Feature", "properties": { "バス停": "千代野第5集会所前", "事業会社": "白山市", "系統": "めぐーる北循環ルート" }, "geometry": { "type": "Point", "coordinates": [ 136.542282333305224, 36.526926357548049 ] } },
{ "type": "Feature", "properties": { "バス停": "金沢脳神経外科病院", "事業会社": "白山市", "系統": "めぐーる東ルート,めぐーる南循環ルート" }, "geometry": { "type": "Point", "coordinates": [ 136.5875233432333, 36.526902076555672 ] } },
{ "type": "Feature", "properties": { "バス停": "金沢脳神経外科病院", "事業会社": "野々市市", "系統": "西部ルート" }, "geometry": { "type": "Point", "coordinates": [ 136.5875233432333, 36.526902076555672 ] } },
{ "type": "Feature", "properties": { "バス停": "菅原小学校前", "事業会社": "北鉄白山バス（株）", "系統": "錦町野々市線,野々市線" }, "geometry": { "type": "Point", "coordinates": [ 136.616692612313557, 36.526846388915473 ] } },
{ "type": "Feature", "properties": { "バス停": "菅原小学校前", "事業会社": "北陸鉄道（株）", "系統": "野々市円光寺線" }, "geometry": { "type": "Point", "coordinates": [ 136.616692612313557, 36.526846388915473 ] } },
{ "type": "Feature", "properties": { "バス停": "菅原小学校前", "事業会社": "北鉄白山バス（株）・北陸鉄道（株）", "系統": "松任線・金沢寺井線・千代野線" }, "geometry": { "type": "Point", "coordinates": [ 136.616692612313557, 36.526846388915473 ] } },
{ "type": "Feature", "properties": { "バス停": "中成", "事業会社": "北鉄白山バス（株）・北陸鉄道（株）", "系統": "松任線・金沢寺井線・千代野線" }, "geometry": { "type": "Point", "coordinates": [ 136.555637643612528, 36.526758006890574 ] } },
{ "type": "Feature", "properties": { "バス停": "銀河の里キゴ山口", "事業会社": "北鉄金沢バス（株）", "系統": "医王山線" }, "geometry": { "type": "Point", "coordinates": [ 136.747303447394415, 36.526689650871454 ] } },
{ "type": "Feature", "properties": { "バス停": "千代野西八丁目", "事業会社": "北鉄白山バス（株）・北陸鉄道（株）", "系統": "松任線・金沢寺井線・千代野線" }, "geometry": { "type": "Point", "coordinates": [ 136.537732717878157, 36.526400544317234 ] } },
{ "type": "Feature", "properties": { "バス停": "千代野西八丁目", "事業会社": "北鉄白山バス（株）", "系統": "松任中奥線" }, "geometry": { "type": "Point", "coordinates": [ 136.537732717878157, 36.526400544317234 ] } },
{ "type": "Feature", "properties": { "バス停": "菅原町", "事業会社": "北鉄白山バス（株）", "系統": "鳥越線,白峰線" }, "geometry": { "type": "Point", "coordinates": [ 136.614468620816098, 36.526286436720362 ] } },
{ "type": "Feature", "properties": { "バス停": "松任駅", "事業会社": "北鉄白山バス（株）", "系統": "白山線" }, "geometry": { "type": "Point", "coordinates": [ 136.566444209060847, 36.526261808242097 ] } },
{ "type": "Feature", "properties": { "バス停": "松任駅", "事業会社": "白山市", "系統": "めぐーる北ルート,めぐーる東ルート,めぐーる南ルート,めぐーる南西ルート,めぐーる西ルート,めぐーる北西ルート,めぐーる北循環ルート,めぐーる南循環ルート,めぐーる松任美川ルート" }, "geometry": { "type": "Point", "coordinates": [ 136.566444209079634, 36.526260975019014 ] } },
{ "type": "Feature", "properties": { "バス停": "松任駅前", "事業会社": "北鉄白山バス（株）", "系統": "川北線,鶴来線,三反田線" }, "geometry": { "type": "Point", "coordinates": [ 136.566684188877076, 36.526188769421765 ] } },
{ "type": "Feature", "properties": { "バス停": "伏見台小学校", "事業会社": "北鉄白山バス（株）", "系統": "市立病院線" }, "geometry": { "type": "Point", "coordinates": [ 136.638780735981584, 36.526152331456892 ] } },
{ "type": "Feature", "properties": { "バス停": "八ツ矢", "事業会社": "北鉄白山バス（株）", "系統": "白山線,野々市線" }, "geometry": { "type": "Point", "coordinates": [ 136.571105179692154, 36.525975315458993 ] } },
{ "type": "Feature", "properties": { "バス停": "八ツ矢", "事業会社": "白山市", "系統": "めぐーる北循環ルート" }, "geometry": { "type": "Point", "coordinates": [ 136.571105179692154, 36.525975315458993 ] } },
{ "type": "Feature", "properties": { "バス停": "八ツ矢", "事業会社": "北鉄白山バス（株）・北陸鉄道（株）", "系統": "松任線・金沢寺井線・千代野線" }, "geometry": { "type": "Point", "coordinates": [ 136.571105179692154, 36.525975315458993 ] } },
{ "type": "Feature", "properties": { "バス停": "菅原小学校", "事業会社": "野々市市", "系統": "中央ルート" }, "geometry": { "type": "Point", "coordinates": [ 136.615384669939971, 36.525855386981256 ] } },
{ "type": "Feature", "properties": { "バス停": "扇が丘", "事業会社": "北陸鉄道（株）", "系統": "四十万線,四十万金石線" }, "geometry": { "type": "Point", "coordinates": [ 136.629122827662485, 36.525837499955642 ] } },
{ "type": "Feature", "properties": { "バス停": "扇が丘", "事業会社": "北鉄白山バス（株）・北陸鉄道（株）", "系統": "辰口線" }, "geometry": { "type": "Point", "coordinates": [ 136.629122827662485, 36.525837499955642 ] } },
{ "type": "Feature", "properties": { "バス停": "ファーマーズAコープ北安田店前", "事業会社": "白山市", "系統": "めぐーる北循環ルート" }, "geometry": { "type": "Point", "coordinates": [ 136.545248542188347, 36.525494048992762 ] } },
{ "type": "Feature", "properties": { "バス停": "松任", "事業会社": "北鉄白山バス（株）", "系統": "川北線,白山線,鶴来線,三反田線,野々市線,松任中奥線" }, "geometry": { "type": "Point", "coordinates": [ 136.56632034899485, 36.525485240800279 ] } },
{ "type": "Feature", "properties": { "バス停": "松任", "事業会社": "北鉄白山バス（株）・北陸鉄道（株）", "系統": "松任線・金沢寺井線・千代野線" }, "geometry": { "type": "Point", "coordinates": [ 136.56632034899485, 36.525485240800279 ] } },
{ "type": "Feature", "properties": { "バス停": "北安田", "事業会社": "白山市", "系統": "めぐーる北循環ルート" }, "geometry": { "type": "Point", "coordinates": [ 136.54873353696874, 36.525443718408937 ] } },
{ "type": "Feature", "properties": { "バス停": "北安田", "事業会社": "北鉄白山バス（株）", "系統": "松任中奥線" }, "geometry": { "type": "Point", "coordinates": [ 136.551404426253271, 36.525426345155942 ] } },
{ "type": "Feature", "properties": { "バス停": "北安田", "事業会社": "北鉄白山バス（株）・北陸鉄道（株）", "系統": "松任線・金沢寺井線・千代野線" }, "geometry": { "type": "Point", "coordinates": [ 136.551404426253271, 36.525426345155942 ] } },
{ "type": "Feature", "properties": { "バス停": "扇が丘西", "事業会社": "北鉄白山バス（株）", "系統": "野々市線" }, "geometry": { "type": "Point", "coordinates": [ 136.625214507995167, 36.525371943331947 ] } },
{ "type": "Feature", "properties": { "バス停": "上三馬", "事業会社": "北陸鉄道（株）", "系統": "三馬線,三馬大野線" }, "geometry": { "type": "Point", "coordinates": [ 136.633463912389146, 36.525324293569277 ] } },
{ "type": "Feature", "properties": { "バス停": "成3区", "事業会社": "白山市", "系統": "めぐーる北循環ルート" }, "geometry": { "type": "Point", "coordinates": [ 136.55656733377711, 36.525286327591928 ] } },
{ "type": "Feature", "properties": { "バス停": "専福寺", "事業会社": "白山市", "系統": "めぐーる東ルート" }, "geometry": { "type": "Point", "coordinates": [ 136.589886762228133, 36.525032033866268 ] } },
{ "type": "Feature", "properties": { "バス停": "万寿苑前", "事業会社": "北陸鉄道（株）", "系統": "平和町線・野田線・大桑線" }, "geometry": { "type": "Point", "coordinates": [ 136.676956234568024, 36.525026574274577 ] } },
{ "type": "Feature", "properties": { "バス停": "明倫高校", "事業会社": "野々市市", "系統": "中央ルート,西部ルート" }, "geometry": { "type": "Point", "coordinates": [ 136.600224748294124, 36.525011521289073 ] } },
{ "type": "Feature", "properties": { "バス停": "北陸大学太陽が丘", "事業会社": "北鉄金沢バス（株）", "系統": "湯涌線,北陸大学線" }, "geometry": { "type": "Point", "coordinates": [ 136.706866321127649, 36.524875399945692 ] } },
{ "type": "Feature", "properties": { "バス停": "北陸大学太陽が丘", "事業会社": "北鉄白山バス（株）", "系統": "錦町野々市線" }, "geometry": { "type": "Point", "coordinates": [ 136.706866321127649, 36.524875399945692 ] } },
{ "type": "Feature", "properties": { "バス停": "舘山町", "事業会社": "北鉄白山バス（株）・北陸鉄道（株）", "系統": "辰口線" }, "geometry": { "type": "Point", "coordinates": [ 136.692196344464975, 36.524791847965986 ] } },
{ "type": "Feature", "properties": { "バス停": "舘山町", "事業会社": "北鉄白山バス（株）", "系統": "錦町野々市線,市立病院線" }, "geometry": { "type": "Point", "coordinates": [ 136.692196344464975, 36.524791847965986 ] } },
{ "type": "Feature", "properties": { "バス停": "舘山町", "事業会社": "北陸鉄道（株）", "系統": "花里線" }, "geometry": { "type": "Point", "coordinates": [ 136.692196344464975, 36.524791847965986 ] } },
{ "type": "Feature", "properties": { "バス停": "舘山町", "事業会社": "北鉄金沢バス（株）・北陸鉄道（株）", "系統": "錦町B線" }, "geometry": { "type": "Point", "coordinates": [ 136.692196344464975, 36.524791847965986 ] } },
{ "type": "Feature", "properties": { "バス停": "南八ツ矢", "事業会社": "白山市", "系統": "めぐーる北循環ルート" }, "geometry": { "type": "Point", "coordinates": [ 136.572915866039637, 36.524766060411793 ] } },
{ "type": "Feature", "properties": { "バス停": "千代野西六丁目", "事業会社": "北鉄白山バス（株）", "系統": "松任中奥線" }, "geometry": { "type": "Point", "coordinates": [ 136.537368939302297, 36.524528882403857 ] } },
{ "type": "Feature", "properties": { "バス停": "千代野西六丁目", "事業会社": "北鉄白山バス（株）・北陸鉄道（株）", "系統": "松任線・金沢寺井線・千代野線" }, "geometry": { "type": "Point", "coordinates": [ 136.537368939302297, 36.524528882403857 ] } },
{ "type": "Feature", "properties": { "バス停": "野々市中学校", "事業会社": "野々市市", "系統": "西部ルート" }, "geometry": { "type": "Point", "coordinates": [ 136.609297920394965, 36.524496333138188 ] } },
{ "type": "Feature", "properties": { "バス停": "野々市中学校", "事業会社": "ののいちバス（株）", "系統": "シャトルバスのんキー" }, "geometry": { "type": "Point", "coordinates": [ 136.609297920394965, 36.524496333138188 ] } },
{ "type": "Feature", "properties": { "バス停": "北安田中央", "事業会社": "北鉄白山バス（株）", "系統": "松任中奥線" }, "geometry": { "type": "Point", "coordinates": [ 136.548356940698199, 36.524387212346689 ] } },
{ "type": "Feature", "properties": { "バス停": "北安田中央", "事業会社": "北鉄白山バス（株）・北陸鉄道（株）", "系統": "松任線・金沢寺井線・千代野線" }, "geometry": { "type": "Point", "coordinates": [ 136.548356940698199, 36.524387212346689 ] } },
{ "type": "Feature", "properties": { "バス停": "野々市中学校前", "事業会社": "北鉄白山バス（株）", "系統": "錦町野々市線,野々市線" }, "geometry": { "type": "Point", "coordinates": [ 136.609289033598429, 36.524386624416742 ] } },
{ "type": "Feature", "properties": { "バス停": "学習センター", "事業会社": "白山市", "系統": "めぐーる北ルート,めぐーる東ルート,めぐーる南ルート,めぐーる南西ルート,めぐーる西ルート,めぐーる北西ルート,めぐーる北循環ルート,めぐーる南循環ルート,めぐーる松任美川ルート" }, "geometry": { "type": "Point", "coordinates": [ 136.566738113772772, 36.524354568534498 ] } },
{ "type": "Feature", "properties": { "バス停": "茶屋一丁目", "事業会社": "白山市", "系統": "めぐーる西ルート,めぐーる北西ルート,めぐーる松任美川ルート" }, "geometry": { "type": "Point", "coordinates": [ 136.560327323181241, 36.524118317767709 ] } },
{ "type": "Feature", "properties": { "バス停": "茶屋一丁目", "事業会社": "北鉄白山バス（株）・北陸鉄道（株）", "系統": "松任線・金沢寺井線・千代野線" }, "geometry": { "type": "Point", "coordinates": [ 136.560327323181241, 36.524118317767709 ] } },
{ "type": "Feature", "properties": { "バス停": "北陸大学松雲会館", "事業会社": "北鉄金沢バス（株）", "系統": "湯涌線,北陸大学線" }, "geometry": { "type": "Point", "coordinates": [ 136.709773227679307, 36.524087580214534 ] } },
{ "type": "Feature", "properties": { "バス停": "北陸大学松雲会館", "事業会社": "北鉄白山バス（株）", "系統": "錦町野々市線" }, "geometry": { "type": "Point", "coordinates": [ 136.709773227679307, 36.524087580214534 ] } },
{ "type": "Feature", "properties": { "バス停": "西新町", "事業会社": "北鉄白山バス（株）", "系統": "鶴来線,松任中奥線" }, "geometry": { "type": "Point", "coordinates": [ 136.564014767495422, 36.523804291947449 ] } },
{ "type": "Feature", "properties": { "バス停": "西新町", "事業会社": "北鉄白山バス（株）・北陸鉄道（株）", "系統": "松任線・金沢寺井線・千代野線" }, "geometry": { "type": "Point", "coordinates": [ 136.564014767495422, 36.523804291947449 ] } },
{ "type": "Feature", "properties": { "バス停": "出城公民館前", "事業会社": "北鉄白山バス（株）", "系統": "松任中奥線" }, "geometry": { "type": "Point", "coordinates": [ 136.55391288375219, 36.523715615898318 ] } },
{ "type": "Feature", "properties": { "バス停": "出城公民館前", "事業会社": "北鉄白山バス（株）・北陸鉄道（株）", "系統": "松任線・金沢寺井線・千代野線" }, "geometry": { "type": "Point", "coordinates": [ 136.55391288375219, 36.523715615898318 ] } },
{ "type": "Feature", "properties": { "バス停": "高尾台一丁目", "事業会社": "北鉄白山バス（株）", "系統": "市立病院線" }, "geometry": { "type": "Point", "coordinates": [ 136.635224651880179, 36.523708406790952 ] } },
{ "type": "Feature", "properties": { "バス停": "菅原団地", "事業会社": "野々市市", "系統": "中央ルート" }, "geometry": { "type": "Point", "coordinates": [ 136.615057504604408, 36.523694537789623 ] } },
{ "type": "Feature", "properties": { "バス停": "銚子口", "事業会社": "北鉄金沢バス（株）", "系統": "湯涌線" }, "geometry": { "type": "Point", "coordinates": [ 136.700878324844069, 36.523653619778443 ] } },
{ "type": "Feature", "properties": { "バス停": "銚子口", "事業会社": "北鉄白山バス（株）", "系統": "錦町野々市線" }, "geometry": { "type": "Point", "coordinates": [ 136.700878324844069, 36.523653619778443 ] } },
{ "type": "Feature", "properties": { "バス停": "千代野小学校前", "事業会社": "白山市", "系統": "めぐーる北循環ルート" }, "geometry": { "type": "Point", "coordinates": [ 136.542652437744437, 36.523619166715534 ] } },
{ "type": "Feature", "properties": { "バス停": "明倫高校前", "事業会社": "北鉄白山バス（株）", "系統": "中宮B線,松任中奥線" }, "geometry": { "type": "Point", "coordinates": [ 136.601261070965109, 36.523476988626953 ] } },
{ "type": "Feature", "properties": { "バス停": "下林郵便局", "事業会社": "野々市市", "系統": "中央ルート,西部ルート" }, "geometry": { "type": "Point", "coordinates": [ 136.602694846771442, 36.52341505632652 ] } },
{ "type": "Feature", "properties": { "バス停": "下林", "事業会社": "野々市市", "系統": "中央ルート" }, "geometry": { "type": "Point", "coordinates": [ 136.604783293095835, 36.523337572526437 ] } },
{ "type": "Feature", "properties": { "バス停": "位川", "事業会社": "野々市市", "系統": "中央ルート" }, "geometry": { "type": "Point", "coordinates": [ 136.608387732198281, 36.52311511157226 ] } },
{ "type": "Feature", "properties": { "バス停": "三納町", "事業会社": "北鉄白山バス（株）", "系統": "中宮B線,松任中奥線" }, "geometry": { "type": "Point", "coordinates": [ 136.609146839401376, 36.523059287611915 ] } },
{ "type": "Feature", "properties": { "バス停": "窪南", "事業会社": "北陸鉄道（株）", "系統": "光が丘住宅線,額住宅線" }, "geometry": { "type": "Point", "coordinates": [ 136.641007875565663, 36.523041356054726 ] } },
{ "type": "Feature", "properties": { "バス停": "大町", "事業会社": "北鉄白山バス（株）", "系統": "鶴来線" }, "geometry": { "type": "Point", "coordinates": [ 136.56887767044455, 36.522809825517257 ] } },
{ "type": "Feature", "properties": { "バス停": "おおまち", "事業会社": "白山市", "系統": "めぐーる南ルート,めぐーる西ルート,めぐーる北循環ルート,めぐーる南循環ルート" }, "geometry": { "type": "Point", "coordinates": [ 136.568405214721196, 36.522804536677697 ] } },
{ "type": "Feature", "properties": { "バス停": "矢作三丁目", "事業会社": "北陸鉄道（株）", "系統": "額住宅線" }, "geometry": { "type": "Point", "coordinates": [ 136.611632769642114, 36.522764621514945 ] } },
{ "type": "Feature", "properties": { "バス停": "矢作三丁目", "事業会社": "北鉄白山バス（株）", "系統": "中宮B線,松任中奥線" }, "geometry": { "type": "Point", "coordinates": [ 136.611632769642114, 36.522764621514945 ] } },
{ "type": "Feature", "properties": { "バス停": "広小路", "事業会社": "白山市", "系統": "めぐーる北ルート,めぐーる東ルート,めぐーる南ルート,めぐーる南西ルート,めぐーる西ルート,めぐーる北西ルート,めぐーる北循環ルート,めぐーる南循環ルート,めぐーる松任美川ルート" }, "geometry": { "type": "Point", "coordinates": [ 136.566696486701176, 36.522753945324155 ] } },
{ "type": "Feature", "properties": { "バス停": "広小路", "事業会社": "北鉄白山バス（株）", "系統": "川北線,白山線,三反田線" }, "geometry": { "type": "Point", "coordinates": [ 136.566696486701176, 36.522753945324155 ] } },
{ "type": "Feature", "properties": { "バス停": "老人福祉センター", "事業会社": "野々市市", "系統": "中央ルート" }, "geometry": { "type": "Point", "coordinates": [ 136.611676655453465, 36.522754345390062 ] } },
{ "type": "Feature", "properties": { "バス停": "中町", "事業会社": "白山市", "系統": "めぐーる北ルート,めぐーる東ルート,めぐーる南西ルート,めぐーる北西ルート,めぐーる北循環ルート,めぐーる南循環ルート,めぐーる松任美川ルート" }, "geometry": { "type": "Point", "coordinates": [ 136.565501876827369, 36.522726974870046 ] } },
{ "type": "Feature", "properties": { "バス停": "中町", "事業会社": "北鉄白山バス（株）", "系統": "鶴来線" }, "geometry": { "type": "Point", "coordinates": [ 136.565501876827369, 36.522726974870046 ] } },
{ "type": "Feature", "properties": { "バス停": "安田", "事業会社": "白山市", "系統": "めぐーる北循環ルート,めぐーる南循環ルート" }, "geometry": { "type": "Point", "coordinates": [ 136.561601966012319, 36.522644389810218 ] } },
{ "type": "Feature", "properties": { "バス停": "千代野西二丁目", "事業会社": "北鉄白山バス（株）・北陸鉄道（株）", "系統": "松任線・金沢寺井線・千代野線" }, "geometry": { "type": "Point", "coordinates": [ 136.537714549368957, 36.522621447900768 ] } },
{ "type": "Feature", "properties": { "バス停": "千代野西二丁目", "事業会社": "北鉄白山バス（株）", "系統": "松任中奥線" }, "geometry": { "type": "Point", "coordinates": [ 136.537714549368957, 36.522621447900768 ] } },
{ "type": "Feature", "properties": { "バス停": "茶屋", "事業会社": "白山市", "系統": "めぐーる北循環ルート,めぐーる南循環ルート" }, "geometry": { "type": "Point", "coordinates": [ 136.559162193136842, 36.522577944443377 ] } },
{ "type": "Feature", "properties": { "バス停": "布市", "事業会社": "白山市", "系統": "めぐーる北循環ルート,めぐーる南循環ルート" }, "geometry": { "type": "Point", "coordinates": [ 136.572303744040596, 36.522489947296883 ] } },
{ "type": "Feature", "properties": { "バス停": "布市町", "事業会社": "北鉄白山バス（株）", "系統": "松任中奥線" }, "geometry": { "type": "Point", "coordinates": [ 136.572363738283059, 36.52248661509433 ] } },
{ "type": "Feature", "properties": { "バス停": "永安町", "事業会社": "北鉄金沢バス（株）", "系統": "犀川線,安原線" }, "geometry": { "type": "Point", "coordinates": [ 136.686924577099006, 36.522431500612669 ] } },
{ "type": "Feature", "properties": { "バス停": "永安町", "事業会社": "北陸鉄道（株）", "系統": "花里線" }, "geometry": { "type": "Point", "coordinates": [ 136.686924577099006, 36.522431500612669 ] } },
{ "type": "Feature", "properties": { "バス停": "永安町", "事業会社": "北鉄金沢バス（株）・北陸鉄道（株）", "系統": "錦町粟崎線,錦町B線" }, "geometry": { "type": "Point", "coordinates": [ 136.686924577099006, 36.522431500612669 ] } },
{ "type": "Feature", "properties": { "バス停": "長竹東", "事業会社": "白山市", "系統": "めぐーる東ルート" }, "geometry": { "type": "Point", "coordinates": [ 136.590557010040754, 36.522281812206387 ] } },
{ "type": "Feature", "properties": { "バス停": "若宮体育館前", "事業会社": "北鉄白山バス（株）", "系統": "松任中奥線" }, "geometry": { "type": "Point", "coordinates": [ 136.575579540981096, 36.522280012274202 ] } },
{ "type": "Feature", "properties": { "バス停": "千代野東三丁目", "事業会社": "北鉄白山バス（株）", "系統": "松任中奥線" }, "geometry": { "type": "Point", "coordinates": [ 136.540625159753091, 36.522248405506446 ] } },
{ "type": "Feature", "properties": { "バス停": "千代野東三丁目", "事業会社": "北鉄白山バス（株）・北陸鉄道（株）", "系統": "松任線・金沢寺井線・千代野線" }, "geometry": { "type": "Point", "coordinates": [ 136.540625159753091, 36.522248405506446 ] } },
{ "type": "Feature", "properties": { "バス停": "千代野東一丁目", "事業会社": "北鉄白山バス（株）・北陸鉄道（株）", "系統": "松任線・金沢寺井線・千代野線" }, "geometry": { "type": "Point", "coordinates": [ 136.543357436373498, 36.522222236047334 ] } },
{ "type": "Feature", "properties": { "バス停": "千代野東一丁目", "事業会社": "北鉄白山バス（株）", "系統": "松任中奥線" }, "geometry": { "type": "Point", "coordinates": [ 136.543357436373498, 36.522222236047334 ] } },
{ "type": "Feature", "properties": { "バス停": "高尾台二丁目", "事業会社": "北陸鉄道（株）", "系統": "三馬線,三馬大野線" }, "geometry": { "type": "Point", "coordinates": [ 136.632795132617304, 36.522199665634638 ] } },
{ "type": "Feature", "properties": { "バス停": "矢作", "事業会社": "野々市市", "系統": "中央ルート" }, "geometry": { "type": "Point", "coordinates": [ 136.614271474215968, 36.522143609956267 ] } },
{ "type": "Feature", "properties": { "バス停": "矢作", "事業会社": "北鉄白山バス（株）", "系統": "鳥越線,白峰線" }, "geometry": { "type": "Point", "coordinates": [ 136.614271474215968, 36.522143609956267 ] } },
{ "type": "Feature", "properties": { "バス停": "徳丸", "事業会社": "白山市", "系統": "めぐーる南循環ルート" }, "geometry": { "type": "Point", "coordinates": [ 136.578103187328651, 36.522123394688506 ] } },
{ "type": "Feature", "properties": { "バス停": "下林会館", "事業会社": "野々市市", "系統": "西部ルート" }, "geometry": { "type": "Point", "coordinates": [ 136.604249738419753, 36.522099944292393 ] } },
{ "type": "Feature", "properties": { "バス停": "三納", "事業会社": "野々市市", "系統": "中央ルート,西部ルート" }, "geometry": { "type": "Point", "coordinates": [ 136.609061859471666, 36.521998306990618 ] } },
{ "type": "Feature", "properties": { "バス停": "矢作北", "事業会社": "北鉄白山バス（株）", "系統": "中宮B線,松任中奥線" }, "geometry": { "type": "Point", "coordinates": [ 136.615180299940477, 36.521930032992493 ] } },
{ "type": "Feature", "properties": { "バス停": "矢作北", "事業会社": "北陸鉄道（株）", "系統": "額住宅線" }, "geometry": { "type": "Point", "coordinates": [ 136.615180299940477, 36.521930032992493 ] } },
{ "type": "Feature", "properties": { "バス停": "北安田南", "事業会社": "北鉄白山バス（株）", "系統": "松任中奥線" }, "geometry": { "type": "Point", "coordinates": [ 136.547406003275313, 36.521905094667808 ] } },
{ "type": "Feature", "properties": { "バス停": "北安田南", "事業会社": "北鉄白山バス（株）・北陸鉄道（株）", "系統": "松任線・金沢寺井線・千代野線" }, "geometry": { "type": "Point", "coordinates": [ 136.547406003275313, 36.521905094667808 ] } },
{ "type": "Feature", "properties": { "バス停": "高尾", "事業会社": "北陸鉄道（株）", "系統": "三馬線,三馬大野線" }, "geometry": { "type": "Point", "coordinates": [ 136.631181090206184, 36.521771638186387 ] } },
{ "type": "Feature", "properties": { "バス停": "扇台小学校前", "事業会社": "北鉄白山バス（株）", "系統": "中宮B線,松任中奥線,市立病院線" }, "geometry": { "type": "Point", "coordinates": [ 136.627619126726387, 36.521617159139531 ] } },
{ "type": "Feature", "properties": { "バス停": "扇台小学校前", "事業会社": "北陸鉄道（株）", "系統": "四十万線,四十万金石線" }, "geometry": { "type": "Point", "coordinates": [ 136.627619126726387, 36.521617159139531 ] } },
{ "type": "Feature", "properties": { "バス停": "扇台小学校前", "事業会社": "北鉄白山バス（株）・北陸鉄道（株）", "系統": "辰口線" }, "geometry": { "type": "Point", "coordinates": [ 136.627619126726387, 36.521617159139531 ] } },
{ "type": "Feature", "properties": { "バス停": "成", "事業会社": "北鉄白山バス（株）・北陸鉄道（株）", "系統": "松任線・金沢寺井線・千代野線" }, "geometry": { "type": "Point", "coordinates": [ 136.558114810618747, 36.521615542730814 ] } },
{ "type": "Feature", "properties": { "バス停": "辰巳丘高校", "事業会社": "北鉄白山バス（株）", "系統": "錦町野々市線,市立病院線" }, "geometry": { "type": "Point", "coordinates": [ 136.691901393616092, 36.521588612169559 ] } },
{ "type": "Feature", "properties": { "バス停": "辰巳丘高校", "事業会社": "北陸鉄道（株）", "系統": "花里線" }, "geometry": { "type": "Point", "coordinates": [ 136.691901393616092, 36.521588612169559 ] } },
{ "type": "Feature", "properties": { "バス停": "辰巳丘高校", "事業会社": "北鉄金沢バス（株）・北陸鉄道（株）", "系統": "錦町B線" }, "geometry": { "type": "Point", "coordinates": [ 136.691901393616092, 36.521588612169559 ] } },
{ "type": "Feature", "properties": { "バス停": "辰巳丘高校", "事業会社": "北鉄白山バス（株）・北陸鉄道（株）", "系統": "辰口線" }, "geometry": { "type": "Point", "coordinates": [ 136.691901393616092, 36.521588612169559 ] } },
{ "type": "Feature", "properties": { "バス停": "小川", "事業会社": "白山市", "系統": "めぐーる北西ルート" }, "geometry": { "type": "Point", "coordinates": [ 136.523007044271793, 36.521445778393513 ] } },
{ "type": "Feature", "properties": { "バス停": "マルエー松任店", "事業会社": "白山市", "系統": "めぐーる南循環ルート" }, "geometry": { "type": "Point", "coordinates": [ 136.558129815377242, 36.521405573758088 ] } },
{ "type": "Feature", "properties": { "バス停": "額新保一丁目", "事業会社": "北鉄白山バス（株）", "系統": "中宮B線,松任中奥線" }, "geometry": { "type": "Point", "coordinates": [ 136.617698737278573, 36.521313463700871 ] } },
{ "type": "Feature", "properties": { "バス停": "額新保一丁目", "事業会社": "北陸鉄道（株）", "系統": "額住宅線" }, "geometry": { "type": "Point", "coordinates": [ 136.617698737278573, 36.521313463700871 ] } },
{ "type": "Feature", "properties": { "バス停": "中村", "事業会社": "北鉄金沢バス（株）", "系統": "湯涌線,北陸大学線" }, "geometry": { "type": "Point", "coordinates": [ 136.704616243126395, 36.521209940511447 ] } },
{ "type": "Feature", "properties": { "バス停": "中村", "事業会社": "北鉄白山バス（株）", "系統": "錦町野々市線" }, "geometry": { "type": "Point", "coordinates": [ 136.704616243126395, 36.521209940511447 ] } },
{ "type": "Feature", "properties": { "バス停": "長竹西", "事業会社": "北鉄白山バス（株）", "系統": "松任中奥線" }, "geometry": { "type": "Point", "coordinates": [ 136.583012722976378, 36.521180510730446 ] } },
{ "type": "Feature", "properties": { "バス停": "松任高校前", "事業会社": "白山市", "系統": "めぐーる北ルート,めぐーる東ルート,めぐーる南西ルート,めぐーる北西ルート,めぐーる松任美川ルート" }, "geometry": { "type": "Point", "coordinates": [ 136.564174816432455, 36.521170486118713 ] } },
{ "type": "Feature", "properties": { "バス停": "松任高校前", "事業会社": "北鉄白山バス（株）", "系統": "松任中奥線" }, "geometry": { "type": "Point", "coordinates": [ 136.564174816432455, 36.521170486118713 ] } },
{ "type": "Feature", "properties": { "バス停": "松任高校前", "事業会社": "北鉄白山バス（株）・北陸鉄道（株）", "系統": "松任線・金沢寺井線・千代野線" }, "geometry": { "type": "Point", "coordinates": [ 136.564174816432455, 36.521170486118713 ] } },
{ "type": "Feature", "properties": { "バス停": "下林西", "事業会社": "野々市市", "系統": "南部ルート" }, "geometry": { "type": "Point", "coordinates": [ 136.600602537384418, 36.521075333743383 ] } },
{ "type": "Feature", "properties": { "バス停": "長竹東", "事業会社": "北鉄白山バス（株）", "系統": "松任中奥線" }, "geometry": { "type": "Point", "coordinates": [ 136.593977821316741, 36.521050031704362 ] } },
{ "type": "Feature", "properties": { "バス停": "下林南", "事業会社": "野々市市", "系統": "南部ルート" }, "geometry": { "type": "Point", "coordinates": [ 136.603477312266421, 36.520957858770721 ] } },
{ "type": "Feature", "properties": { "バス停": "高尾新町", "事業会社": "北陸鉄道（株）", "系統": "光が丘住宅線,額住宅線" }, "geometry": { "type": "Point", "coordinates": [ 136.638497264063716, 36.520949071884466 ] } },
{ "type": "Feature", "properties": { "バス停": "長竹西", "事業会社": "白山市", "系統": "めぐーる東ルート" }, "geometry": { "type": "Point", "coordinates": [ 136.587482309040695, 36.520776979131142 ] } },
{ "type": "Feature", "properties": { "バス停": "三小牛", "事業会社": "北陸鉄道（株）", "系統": "平和町線・野田線・大桑線" }, "geometry": { "type": "Point", "coordinates": [ 136.671687831182709, 36.5206448337456 ] } },
{ "type": "Feature", "properties": { "バス停": "上小川", "事業会社": "白山市", "系統": "めぐーる北西ルート" }, "geometry": { "type": "Point", "coordinates": [ 136.5224493591613, 36.520630584410888 ] } },
{ "type": "Feature", "properties": { "バス停": "藤平田", "事業会社": "野々市市", "系統": "南部ルート" }, "geometry": { "type": "Point", "coordinates": [ 136.60630181616844, 36.520615411348963 ] } },
{ "type": "Feature", "properties": { "バス停": "北陸大学薬学部", "事業会社": "北鉄金沢バス（株）", "系統": "湯涌線,北陸大学線" }, "geometry": { "type": "Point", "coordinates": [ 136.720396935937288, 36.520499640287902 ] } },
{ "type": "Feature", "properties": { "バス停": "北陸大学薬学部", "事業会社": "北鉄白山バス（株）", "系統": "錦町野々市線" }, "geometry": { "type": "Point", "coordinates": [ 136.720396935937288, 36.520499640287902 ] } },
{ "type": "Feature", "properties": { "バス停": "額新町", "事業会社": "北鉄白山バス（株）", "系統": "中宮B線,松任中奥線" }, "geometry": { "type": "Point", "coordinates": [ 136.621890672732349, 36.520312232915899 ] } },
{ "type": "Feature", "properties": { "バス停": "額新町", "事業会社": "北陸鉄道（株）", "系統": "額住宅線" }, "geometry": { "type": "Point", "coordinates": [ 136.621890672732349, 36.520312232915899 ] } },
{ "type": "Feature", "properties": { "バス停": "矢作西", "事業会社": "野々市市", "系統": "南部ルート" }, "geometry": { "type": "Point", "coordinates": [ 136.611402819749401, 36.520297145465577 ] } },
{ "type": "Feature", "properties": { "バス停": "若宮", "事業会社": "白山市", "系統": "めぐーる南ルート,めぐーる西ルート" }, "geometry": { "type": "Point", "coordinates": [ 136.571841051123641, 36.520291880548058 ] } },
{ "type": "Feature", "properties": { "バス停": "若宮町", "事業会社": "北鉄白山バス（株）", "系統": "鶴来線" }, "geometry": { "type": "Point", "coordinates": [ 136.571841051123641, 36.520291880548058 ] } },
{ "type": "Feature", "properties": { "バス停": "野々市市役所", "事業会社": "野々市市", "系統": "中央ルート,南部ルート,西部ルート" }, "geometry": { "type": "Point", "coordinates": [ 136.608842736965045, 36.519853014978196 ] } },
{ "type": "Feature", "properties": { "バス停": "野々市市役所", "事業会社": "北鉄白山バス（株）", "系統": "錦町野々市線,野々市線" }, "geometry": { "type": "Point", "coordinates": [ 136.608842736965045, 36.519853014978196 ] } },
{ "type": "Feature", "properties": { "バス停": "野々市市役所", "事業会社": "北陸鉄道（株）", "系統": "額住宅線" }, "geometry": { "type": "Point", "coordinates": [ 136.608842736965045, 36.519853014978196 ] } },
{ "type": "Feature", "properties": { "バス停": "野々市市役所", "事業会社": "ののいちバス（株）", "系統": "シャトルバスのんキー" }, "geometry": { "type": "Point", "coordinates": [ 136.608842736965045, 36.519853014978196 ] } },
{ "type": "Feature", "properties": { "バス停": "清金団地", "事業会社": "白山市", "系統": "めぐーる東ルート" }, "geometry": { "type": "Point", "coordinates": [ 136.595727673154471, 36.519819632590689 ] } },
{ "type": "Feature", "properties": { "バス停": "清金団地", "事業会社": "野々市市", "系統": "南部ルート" }, "geometry": { "type": "Point", "coordinates": [ 136.595727673154471, 36.519819632590689 ] } },
{ "type": "Feature", "properties": { "バス停": "橋爪団地", "事業会社": "白山市", "系統": "めぐーる東ルート" }, "geometry": { "type": "Point", "coordinates": [ 136.592261603592732, 36.519772955398999 ] } },
{ "type": "Feature", "properties": { "バス停": "矢作南", "事業会社": "野々市市", "系統": "南部ルート" }, "geometry": { "type": "Point", "coordinates": [ 136.612566355821144, 36.519624460240365 ] } },
{ "type": "Feature", "properties": { "バス停": "光が丘口", "事業会社": "北鉄白山バス（株）", "系統": "中宮B線,松任中奥線,市立病院線" }, "geometry": { "type": "Point", "coordinates": [ 136.62687310785364, 36.51950462727099 ] } },
{ "type": "Feature", "properties": { "バス停": "光が丘口", "事業会社": "北陸鉄道（株）", "系統": "光が丘住宅線,額住宅線,四十万線,四十万金石線" }, "geometry": { "type": "Point", "coordinates": [ 136.62687310785364, 36.51950462727099 ] } },
{ "type": "Feature", "properties": { "バス停": "光が丘口", "事業会社": "北鉄白山バス（株）・北陸鉄道（株）", "系統": "辰口線" }, "geometry": { "type": "Point", "coordinates": [ 136.62687310785364, 36.51950462727099 ] } },
{ "type": "Feature", "properties": { "バス停": "イータウン白山アルビス北安田店前", "事業会社": "白山市", "系統": "めぐーる西ルート,めぐーる松任美川ルート" }, "geometry": { "type": "Point", "coordinates": [ 136.548504886826947, 36.519337220835176 ] } },
{ "type": "Feature", "properties": { "バス停": "蕪城通り", "事業会社": "白山市", "系統": "めぐーる南ルート" }, "geometry": { "type": "Point", "coordinates": [ 136.566911821266814, 36.519273017951527 ] } },
{ "type": "Feature", "properties": { "バス停": "蕪城通り", "事業会社": "北鉄白山バス（株）", "系統": "川北線,白山線,三反田線" }, "geometry": { "type": "Point", "coordinates": [ 136.566911821266814, 36.519273017951527 ] } },
{ "type": "Feature", "properties": { "バス停": "北陸学院大学", "事業会社": "北陸鉄道（株）", "系統": "平和町線・野田線・大桑線" }, "geometry": { "type": "Point", "coordinates": [ 136.672198068697242, 36.519237248838088 ] } },
{ "type": "Feature", "properties": { "バス停": "高尾南三丁目", "事業会社": "北陸鉄道（株）", "系統": "光が丘住宅線,額住宅線" }, "geometry": { "type": "Point", "coordinates": [ 136.629248779710707, 36.518961116597161 ] } },
{ "type": "Feature", "properties": { "バス停": "松任税務署", "事業会社": "ののいちバス（株）", "系統": "シャトルバスのんキー" }, "geometry": { "type": "Point", "coordinates": [ 136.565366700108314, 36.518921087365356 ] } },
{ "type": "Feature", "properties": { "バス停": "東橋爪", "事業会社": "白山市", "系統": "めぐーる東ルート" }, "geometry": { "type": "Point", "coordinates": [ 136.586959877206084, 36.518907200805813 ] } },
{ "type": "Feature", "properties": { "バス停": "藤平田南", "事業会社": "野々市市", "系統": "西部ルート" }, "geometry": { "type": "Point", "coordinates": [ 136.605880755028664, 36.518848403866386 ] } },
{ "type": "Feature", "properties": { "バス停": "南松任", "事業会社": "白山市", "系統": "めぐーる南循環ルート" }, "geometry": { "type": "Point", "coordinates": [ 136.561173499023624, 36.518708254206359 ] } },
{ "type": "Feature", "properties": { "バス停": "南松任", "事業会社": "北鉄白山バス（株）", "系統": "松任中奥線" }, "geometry": { "type": "Point", "coordinates": [ 136.561173499023624, 36.518708254206359 ] } },
{ "type": "Feature", "properties": { "バス停": "南松任", "事業会社": "北鉄白山バス（株）・北陸鉄道（株）", "系統": "松任線・金沢寺井線・千代野線" }, "geometry": { "type": "Point", "coordinates": [ 136.561173499023624, 36.518708254206359 ] } },
{ "type": "Feature", "properties": { "バス停": "村井町", "事業会社": "北鉄白山バス（株）", "系統": "松任中奥線" }, "geometry": { "type": "Point", "coordinates": [ 136.5582762710456, 36.518578475450674 ] } },
{ "type": "Feature", "properties": { "バス停": "村井町", "事業会社": "北鉄白山バス（株）・北陸鉄道（株）", "系統": "松任線・金沢寺井線・千代野線" }, "geometry": { "type": "Point", "coordinates": [ 136.5582762710456, 36.518578475450674 ] } },
{ "type": "Feature", "properties": { "バス停": "高尾南一丁目", "事業会社": "北陸鉄道（株）", "系統": "光が丘住宅線,額住宅線" }, "geometry": { "type": "Point", "coordinates": [ 136.635214750186947, 36.5185584763138 ] } },
{ "type": "Feature", "properties": { "バス停": "松任合同庁舎前", "事業会社": "北鉄白山バス（株）", "系統": "川北線,白山線,三反田線" }, "geometry": { "type": "Point", "coordinates": [ 136.56440930842399, 36.518245877726152 ] } },
{ "type": "Feature", "properties": { "バス停": "松任合同庁舎前", "事業会社": "北鉄白山バス（株）・北陸鉄道（株）", "系統": "松任線・金沢寺井線・千代野線" }, "geometry": { "type": "Point", "coordinates": [ 136.56440930842399, 36.518245877726152 ] } },
{ "type": "Feature", "properties": { "バス停": "合同庁舎", "事業会社": "白山市", "系統": "めぐーる北ルート,めぐーる東ルート,めぐーる南西ルート,めぐーる北西ルート,めぐーる松任美川ルート" }, "geometry": { "type": "Point", "coordinates": [ 136.564412086839212, 36.518207549396571 ] } },
{ "type": "Feature", "properties": { "バス停": "袋", "事業会社": "北鉄金沢バス（株）", "系統": "湯涌線" }, "geometry": { "type": "Point", "coordinates": [ 136.707876934682304, 36.51811749628768 ] } },
{ "type": "Feature", "properties": { "バス停": "額住宅駅", "事業会社": "北陸鉄道（株）", "系統": "額住宅線" }, "geometry": { "type": "Point", "coordinates": [ 136.618987027013816, 36.517986658070498 ] } },
{ "type": "Feature", "properties": { "バス停": "松任中学校前", "事業会社": "北鉄白山バス（株）", "系統": "三反田線" }, "geometry": { "type": "Point", "coordinates": [ 136.567908978020654, 36.517808222536758 ] } },
{ "type": "Feature", "properties": { "バス停": "千代野南", "事業会社": "白山市", "系統": "めぐーる西ルート,めぐーる北西ルート" }, "geometry": { "type": "Point", "coordinates": [ 136.542118807570375, 36.517697843235446 ] } },
{ "type": "Feature", "properties": { "バス停": "松任中学校", "事業会社": "白山市", "系統": "めぐーる南ルート" }, "geometry": { "type": "Point", "coordinates": [ 136.568275340856928, 36.517338010707377 ] } },
{ "type": "Feature", "properties": { "バス停": "下清金", "事業会社": "野々市市", "系統": "南部ルート" }, "geometry": { "type": "Point", "coordinates": [ 136.596000435513105, 36.517338267779976 ] } },
{ "type": "Feature", "properties": { "バス停": "末", "事業会社": "北鉄金沢バス（株）", "系統": "犀川線,安原線" }, "geometry": { "type": "Point", "coordinates": [ 136.687652010087476, 36.517042793338796 ] } },
{ "type": "Feature", "properties": { "バス停": "末", "事業会社": "北陸鉄道（株）", "系統": "花里線" }, "geometry": { "type": "Point", "coordinates": [ 136.687652010087476, 36.517042793338796 ] } },
{ "type": "Feature", "properties": { "バス停": "末", "事業会社": "北鉄金沢バス（株）・北陸鉄道（株）", "系統": "錦町粟崎線,錦町B線" }, "geometry": { "type": "Point", "coordinates": [ 136.687652010087476, 36.517042793338796 ] } },
{ "type": "Feature", "properties": { "バス停": "新徳丸", "事業会社": "白山市", "系統": "めぐーる南ルート,めぐーる西ルート" }, "geometry": { "type": "Point", "coordinates": [ 136.574195875427733, 36.516967314146271 ] } },
{ "type": "Feature", "properties": { "バス停": "新徳丸", "事業会社": "北鉄白山バス（株）", "系統": "鶴来線" }, "geometry": { "type": "Point", "coordinates": [ 136.574195875427733, 36.516967314146271 ] } },
{ "type": "Feature", "properties": { "バス停": "法仏", "事業会社": "白山市", "系統": "めぐーる西ルート" }, "geometry": { "type": "Point", "coordinates": [ 136.537794481665486, 36.516877909079675 ] } },
{ "type": "Feature", "properties": { "バス停": "村井団地", "事業会社": "白山市", "系統": "めぐーる南循環ルート" }, "geometry": { "type": "Point", "coordinates": [ 136.561208823359038, 36.516809616904204 ] } },
{ "type": "Feature", "properties": { "バス停": "大額二丁目", "事業会社": "北鉄白山バス（株）", "系統": "市立病院線" }, "geometry": { "type": "Point", "coordinates": [ 136.625794620645109, 36.516449422580763 ] } },
{ "type": "Feature", "properties": { "バス停": "大額二丁目", "事業会社": "北陸鉄道（株）", "系統": "光が丘住宅線,四十万線,四十万金石線" }, "geometry": { "type": "Point", "coordinates": [ 136.625794620645109, 36.516449422580763 ] } },
{ "type": "Feature", "properties": { "バス停": "大額二丁目", "事業会社": "北鉄白山バス（株）・北陸鉄道（株）", "系統": "辰口線" }, "geometry": { "type": "Point", "coordinates": [ 136.625794620645109, 36.516449422580763 ] } },
{ "type": "Feature", "properties": { "バス停": "粟田北", "事業会社": "野々市市", "系統": "南部ルート" }, "geometry": { "type": "Point", "coordinates": [ 136.612430289114712, 36.516291533647738 ] } },
{ "type": "Feature", "properties": { "バス停": "粟田北", "事業会社": "北鉄白山バス（株）", "系統": "鳥越線,白峰線" }, "geometry": { "type": "Point", "coordinates": [ 136.612430289114712, 36.516291533647738 ] } },
{ "type": "Feature", "properties": { "バス停": "三納一丁目", "事業会社": "北鉄白山バス（株）", "系統": "野々市線" }, "geometry": { "type": "Point", "coordinates": [ 136.60911274853575, 36.516181244226296 ] } },
{ "type": "Feature", "properties": { "バス停": "三納一丁目", "事業会社": "北陸鉄道（株）", "系統": "額住宅線" }, "geometry": { "type": "Point", "coordinates": [ 136.60911274853575, 36.516181244226296 ] } },
{ "type": "Feature", "properties": { "バス停": "高尾南二丁目", "事業会社": "北陸鉄道（株）", "系統": "光が丘住宅線" }, "geometry": { "type": "Point", "coordinates": [ 136.631838916620524, 36.51615343146026 ] } },
{ "type": "Feature", "properties": { "バス停": "金沢学院大学", "事業会社": "北陸鉄道（株）", "系統": "花里線" }, "geometry": { "type": "Point", "coordinates": [ 136.697195897619508, 36.516043106182302 ] } },
{ "type": "Feature", "properties": { "バス停": "金沢学院大学", "事業会社": "北鉄金沢バス（株）・北陸鉄道（株）", "系統": "錦町粟崎線,錦町B線" }, "geometry": { "type": "Point", "coordinates": [ 136.697195897619508, 36.516043106182302 ] } },
{ "type": "Feature", "properties": { "バス停": "富樫苑", "事業会社": "野々市市", "系統": "南部ルート" }, "geometry": { "type": "Point", "coordinates": [ 136.599650142688603, 36.5158817947109 ] } },
{ "type": "Feature", "properties": { "バス停": "橋爪", "事業会社": "白山市", "系統": "めぐーる東ルート" }, "geometry": { "type": "Point", "coordinates": [ 136.586182480267667, 36.515690080890685 ] } },
{ "type": "Feature", "properties": { "バス停": "米永新区", "事業会社": "白山市", "系統": "めぐーる松任美川ルート" }, "geometry": { "type": "Point", "coordinates": [ 136.543119055085299, 36.515640148929258 ] } },
{ "type": "Feature", "properties": { "バス停": "青葉台", "事業会社": "白山市", "系統": "めぐーる東ルート" }, "geometry": { "type": "Point", "coordinates": [ 136.582998904256499, 36.515433976121301 ] } },
{ "type": "Feature", "properties": { "バス停": "ときわ病院前", "事業会社": "北鉄白山バス（株）", "系統": "中宮B線" }, "geometry": { "type": "Point", "coordinates": [ 136.599641534161492, 36.51543018293625 ] } },
{ "type": "Feature", "properties": { "バス停": "幸明", "事業会社": "白山市", "系統": "めぐーる東ルート" }, "geometry": { "type": "Point", "coordinates": [ 136.579830612392243, 36.515375618565663 ] } },
{ "type": "Feature", "properties": { "バス停": "都雅野住宅", "事業会社": "北鉄金沢バス（株）", "系統": "犀川線,安原線" }, "geometry": { "type": "Point", "coordinates": [ 136.691390003055858, 36.515358386180452 ] } },
{ "type": "Feature", "properties": { "バス停": "都雅野住宅", "事業会社": "北鉄金沢バス（株）・北陸鉄道（株）", "系統": "錦町粟崎線,錦町B線" }, "geometry": { "type": "Point", "coordinates": [ 136.691390003055858, 36.515358386180452 ] } },
{ "type": "Feature", "properties": { "バス停": "都雅野住宅", "事業会社": "北陸鉄道（株）", "系統": "花里線" }, "geometry": { "type": "Point", "coordinates": [ 136.691390003055858, 36.515358386180452 ] } },
{ "type": "Feature", "properties": { "バス停": "ラスパ白山", "事業会社": "白山市", "系統": "めぐーる北ルート,めぐーる南ルート,めぐーる西ルート,めぐーる北西ルート,めぐーる松任美川ルート" }, "geometry": { "type": "Point", "coordinates": [ 136.567094665613979, 36.515347685451331 ] } },
{ "type": "Feature", "properties": { "バス停": "別所", "事業会社": "北陸鉄道（株）", "系統": "平和町線・野田線・大桑線" }, "geometry": { "type": "Point", "coordinates": [ 136.673755401525739, 36.514932320762121 ] } },
{ "type": "Feature", "properties": { "バス停": "光が丘住宅", "事業会社": "北陸鉄道（株）", "系統": "光が丘住宅線" }, "geometry": { "type": "Point", "coordinates": [ 136.626828181990163, 36.514894623412395 ] } },
{ "type": "Feature", "properties": { "バス停": "フェアモールアピタ松任", "事業会社": "白山市", "系統": "めぐーる東ルート,めぐーる南循環ルート" }, "geometry": { "type": "Point", "coordinates": [ 136.578314661223089, 36.514839001642144 ] } },
{ "type": "Feature", "properties": { "バス停": "倉光", "事業会社": "白山市", "系統": "めぐーる南ルート" }, "geometry": { "type": "Point", "coordinates": [ 136.569457775217472, 36.514773351657098 ] } },
{ "type": "Feature", "properties": { "バス停": "倉光", "事業会社": "北鉄白山バス（株）", "系統": "三反田線" }, "geometry": { "type": "Point", "coordinates": [ 136.569457775217472, 36.514773351657098 ] } },
{ "type": "Feature", "properties": { "バス停": "藤平", "事業会社": "野々市市", "系統": "南部ルート" }, "geometry": { "type": "Point", "coordinates": [ 136.603900936904694, 36.51449670480924 ] } },
{ "type": "Feature", "properties": { "バス停": "明和特別支援学校", "事業会社": "野々市市", "系統": "南部ルート" }, "geometry": { "type": "Point", "coordinates": [ 136.601727490996012, 36.514467809519601 ] } },
{ "type": "Feature", "properties": { "バス停": "栗田五丁目東", "事業会社": "北陸鉄道（株）", "系統": "光が丘住宅線" }, "geometry": { "type": "Point", "coordinates": [ 136.610737927510996, 36.514273989487755 ] } },
{ "type": "Feature", "properties": { "バス停": "白山市役所前", "事業会社": "北鉄白山バス（株）", "系統": "川北線,白山線,三反田線" }, "geometry": { "type": "Point", "coordinates": [ 136.564266085864205, 36.514172512712015 ] } },
{ "type": "Feature", "properties": { "バス停": "白山市役所", "事業会社": "ののいちバス（株）", "系統": "シャトルバスのんキー" }, "geometry": { "type": "Point", "coordinates": [ 136.564266085864205, 36.514172512712015 ] } },
{ "type": "Feature", "properties": { "バス停": "白山市役所", "事業会社": "北鉄白山バス（株）・北陸鉄道（株）", "系統": "松任線・金沢寺井線・千代野線" }, "geometry": { "type": "Point", "coordinates": [ 136.564266085864205, 36.514172512712015 ] } },
{ "type": "Feature", "properties": { "バス停": "白山市役所前", "事業会社": "北鉄白山バス（株）・北陸鉄道（株）", "系統": "松任線・金沢寺井線・千代野線" }, "geometry": { "type": "Point", "coordinates": [ 136.564266085864205, 36.514172512712015 ] } },
{ "type": "Feature", "properties": { "バス停": "市役所", "事業会社": "白山市", "系統": "めぐーる北ルート,めぐーる東ルート,めぐーる南ルート,めぐーる南西ルート,めぐーる西ルート,めぐーる北西ルート,めぐーる南循環ルート,めぐーる松任美川ルート,めぐーる中央病院ルート" }, "geometry": { "type": "Point", "coordinates": [ 136.565949529792363, 36.514091715761865 ] } },
{ "type": "Feature", "properties": { "バス停": "金沢国際ホテル前", "事業会社": "北陸鉄道（株）", "系統": "光が丘住宅線" }, "geometry": { "type": "Point", "coordinates": [ 136.630561540123921, 36.51408282590765 ] } },
{ "type": "Feature", "properties": { "バス停": "七郎", "事業会社": "白山市", "系統": "めぐーる西ルート" }, "geometry": { "type": "Point", "coordinates": [ 136.526665623643112, 36.514076079823383 ] } },
{ "type": "Feature", "properties": { "バス停": "翠星高校", "事業会社": "白山市", "系統": "めぐーる東ルート" }, "geometry": { "type": "Point", "coordinates": [ 136.576263490771112, 36.514069908112255 ] } },
{ "type": "Feature", "properties": { "バス停": "翠星高校", "事業会社": "ののいちバス（株）", "系統": "シャトルバスのんキー" }, "geometry": { "type": "Point", "coordinates": [ 136.576263490771112, 36.514069908112255 ] } },
{ "type": "Feature", "properties": { "バス停": "宮保公民館", "事業会社": "白山市", "系統": "めぐーる西ルート" }, "geometry": { "type": "Point", "coordinates": [ 136.53448347909773, 36.514059477066873 ] } },
{ "type": "Feature", "properties": { "バス停": "翠星高校前", "事業会社": "北鉄白山バス（株）", "系統": "白山線,鶴来線" }, "geometry": { "type": "Point", "coordinates": [ 136.576335985007262, 36.51396519924905 ] } },
{ "type": "Feature", "properties": { "バス停": "東部車庫", "事業会社": "北鉄金沢バス（株）", "系統": "犀川線,安原線" }, "geometry": { "type": "Point", "coordinates": [ 136.694708859663933, 36.513950891061128 ] } },
{ "type": "Feature", "properties": { "バス停": "東部車庫", "事業会社": "北陸鉄道（株）", "系統": "花里線" }, "geometry": { "type": "Point", "coordinates": [ 136.694708859663933, 36.513950891061128 ] } },
{ "type": "Feature", "properties": { "バス停": "東部車庫", "事業会社": "北鉄金沢バス（株）・北陸鉄道（株）", "系統": "錦町粟崎線,錦町B線" }, "geometry": { "type": "Point", "coordinates": [ 136.694708859663933, 36.513950891061128 ] } },
{ "type": "Feature", "properties": { "バス停": "金沢学院大学附属中学校・高校", "事業会社": "北陸鉄道（株）", "系統": "花里線" }, "geometry": { "type": "Point", "coordinates": [ 136.696749791227489, 36.513927324869954 ] } },
{ "type": "Feature", "properties": { "バス停": "金沢学院大学附属中学校・高校", "事業会社": "北鉄金沢バス（株）・北陸鉄道（株）", "系統": "錦町粟崎線,錦町B線" }, "geometry": { "type": "Point", "coordinates": [ 136.696749791227489, 36.513927324869954 ] } },
{ "type": "Feature", "properties": { "バス停": "中村", "事業会社": "北鉄白山バス（株）・北陸鉄道（株）", "系統": "松任線・金沢寺井線・千代野線" }, "geometry": { "type": "Point", "coordinates": [ 136.557841437705235, 36.51382548417353 ] } },
{ "type": "Feature", "properties": { "バス停": "福祉ふれあいセンター", "事業会社": "白山市", "系統": "めぐーる南ルート,めぐーる西ルート,めぐーる南循環ルート,めぐーる松任美川ルート" }, "geometry": { "type": "Point", "coordinates": [ 136.572491377437643, 36.51379157276947 ] } },
{ "type": "Feature", "properties": { "バス停": "上清金", "事業会社": "野々市市", "系統": "南部ルート" }, "geometry": { "type": "Point", "coordinates": [ 136.596613724087177, 36.513514567958119 ] } },
{ "type": "Feature", "properties": { "バス停": "粟田五丁目", "事業会社": "北鉄白山バス（株）", "系統": "野々市線" }, "geometry": { "type": "Point", "coordinates": [ 136.609068331124462, 36.513487407732399 ] } },
{ "type": "Feature", "properties": { "バス停": "栗田五丁目", "事業会社": "北陸鉄道（株）", "系統": "額住宅線" }, "geometry": { "type": "Point", "coordinates": [ 136.609068331124462, 36.513487407732399 ] } },
{ "type": "Feature", "properties": { "バス停": "粟田5丁目", "事業会社": "ののいちバス（株）", "系統": "シャトルバスのんキー" }, "geometry": { "type": "Point", "coordinates": [ 136.609068331124462, 36.513487407732399 ] } },
{ "type": "Feature", "properties": { "バス停": "大額三丁目", "事業会社": "北鉄白山バス（株）", "系統": "市立病院線" }, "geometry": { "type": "Point", "coordinates": [ 136.62464225037192, 36.513322283261481 ] } },
{ "type": "Feature", "properties": { "バス停": "大額三丁目", "事業会社": "北陸鉄道（株）", "系統": "光が丘住宅線,四十万線,四十万金石線" }, "geometry": { "type": "Point", "coordinates": [ 136.62464225037192, 36.513322283261481 ] } },
{ "type": "Feature", "properties": { "バス停": "大額三丁目", "事業会社": "北鉄白山バス（株）・北陸鉄道（株）", "系統": "辰口線" }, "geometry": { "type": "Point", "coordinates": [ 136.62464225037192, 36.513322283261481 ] } },
{ "type": "Feature", "properties": { "バス停": "三幸", "事業会社": "白山市", "系統": "めぐーる東ルート" }, "geometry": { "type": "Point", "coordinates": [ 136.57785056617206, 36.51309670728827 ] } },
{ "type": "Feature", "properties": { "バス停": "粟田中央", "事業会社": "野々市市", "系統": "南部ルート" }, "geometry": { "type": "Point", "coordinates": [ 136.614532677672798, 36.513088886281082 ] } },
{ "type": "Feature", "properties": { "バス停": "黒瀬", "事業会社": "白山市", "系統": "めぐーる西ルート" }, "geometry": { "type": "Point", "coordinates": [ 136.524723637668757, 36.51289166163221 ] } },
{ "type": "Feature", "properties": { "バス停": "額新保三丁目", "事業会社": "北陸鉄道（株）", "系統": "光が丘住宅線" }, "geometry": { "type": "Point", "coordinates": [ 136.61637366685278, 36.512699781295147 ] } },
{ "type": "Feature", "properties": { "バス停": "白山警察署", "事業会社": "白山市", "系統": "めぐーる北ルート" }, "geometry": { "type": "Point", "coordinates": [ 136.573411025778967, 36.512625334503873 ] } },
{ "type": "Feature", "properties": { "バス停": "大額一丁目", "事業会社": "北陸鉄道（株）", "系統": "光が丘住宅線" }, "geometry": { "type": "Point", "coordinates": [ 136.619692606736663, 36.512625649151254 ] } },
{ "type": "Feature", "properties": { "バス停": "スポーツランド", "事業会社": "野々市市", "系統": "南部ルート" }, "geometry": { "type": "Point", "coordinates": [ 136.604958369443267, 36.512609718002423 ] } },
{ "type": "Feature", "properties": { "バス停": "総合運動公園東口", "事業会社": "北鉄白山バス（株）", "系統": "川北線,白山線,三反田線" }, "geometry": { "type": "Point", "coordinates": [ 136.564036983938365, 36.512431345760533 ] } },
{ "type": "Feature", "properties": { "バス停": "大額新町", "事業会社": "北陸鉄道（株）", "系統": "光が丘住宅線" }, "geometry": { "type": "Point", "coordinates": [ 136.629485536188724, 36.512116378871191 ] } },
{ "type": "Feature", "properties": { "バス停": "額谷一丁目", "事業会社": "北鉄白山バス（株）", "系統": "市立病院線" }, "geometry": { "type": "Point", "coordinates": [ 136.626809062417635, 36.511921646061531 ] } },
{ "type": "Feature", "properties": { "バス停": "額谷一丁目", "事業会社": "北陸鉄道（株）", "系統": "光が丘住宅線,四十万線" }, "geometry": { "type": "Point", "coordinates": [ 136.626809062417635, 36.511921646061531 ] } },
{ "type": "Feature", "properties": { "バス停": "石立", "事業会社": "白山市", "系統": "めぐーる松任美川ルート" }, "geometry": { "type": "Point", "coordinates": [ 136.507702797767791, 36.511844309605408 ] } },
{ "type": "Feature", "properties": { "バス停": "犀川小学校前", "事業会社": "北鉄金沢バス（株）", "系統": "犀川線" }, "geometry": { "type": "Point", "coordinates": [ 136.697419402246254, 36.511664104611448 ] } },
{ "type": "Feature", "properties": { "バス停": "犀川小学校前", "事業会社": "北鉄金沢バス（株）・北陸鉄道（株）", "系統": "錦町B線" }, "geometry": { "type": "Point", "coordinates": [ 136.697419402246254, 36.511664104611448 ] } },
{ "type": "Feature", "properties": { "バス停": "野々市スポーツランド前", "事業会社": "北陸鉄道（株）", "系統": "光が丘住宅線" }, "geometry": { "type": "Point", "coordinates": [ 136.60506698009965, 36.511487355684906 ] } },
{ "type": "Feature", "properties": { "バス停": "茅原", "事業会社": "北鉄金沢バス（株）", "系統": "湯涌線" }, "geometry": { "type": "Point", "coordinates": [ 136.714112404798072, 36.511397952338982 ] } },
{ "type": "Feature", "properties": { "バス停": "乙丸駅", "事業会社": "野々市市", "系統": "南部ルート" }, "geometry": { "type": "Point", "coordinates": [ 136.617498885467825, 36.511246078093976 ] } },
{ "type": "Feature", "properties": { "バス停": "松本", "事業会社": "白山市", "系統": "めぐーる松任美川ルート" }, "geometry": { "type": "Point", "coordinates": [ 136.513883127499525, 36.511178536545621 ] } },
{ "type": "Feature", "properties": { "バス停": "宮保", "事業会社": "白山市", "系統": "めぐーる松任美川ルート" }, "geometry": { "type": "Point", "coordinates": [ 136.535998721304708, 36.511018094468234 ] } },
{ "type": "Feature", "properties": { "バス停": "富奥郵便局", "事業会社": "野々市市", "系統": "南部ルート" }, "geometry": { "type": "Point", "coordinates": [ 136.612546726123213, 36.510898027915282 ] } },
{ "type": "Feature", "properties": { "バス停": "粟田", "事業会社": "北鉄白山バス（株）", "系統": "鳥越線,白峰線" }, "geometry": { "type": "Point", "coordinates": [ 136.612541727070095, 36.510839979425761 ] } },
{ "type": "Feature", "properties": { "バス停": "菜の花", "事業会社": "ののいちバス（株）", "系統": "シャトルバスのんキー" }, "geometry": { "type": "Point", "coordinates": [ 136.580546714151808, 36.510634525489721 ] } },
{ "type": "Feature", "properties": { "バス停": "東荒屋", "事業会社": "北鉄金沢バス（株）", "系統": "湯涌線" }, "geometry": { "type": "Point", "coordinates": [ 136.717762191192861, 36.51053574754075 ] } },
{ "type": "Feature", "properties": { "バス停": "公立松任石川中央病院", "事業会社": "白山市", "系統": "めぐーる北ルート,めぐーる東ルート,めぐーる南ルート,めぐーる南西ルート,めぐーる西ルート,めぐーる北西ルート,めぐーる南循環ルート,めぐーる松任美川ルート,めぐーる中央病院ルート" }, "geometry": { "type": "Point", "coordinates": [ 136.565629355521679, 36.510521881351657 ] } },
{ "type": "Feature", "properties": { "バス停": "松任中央病院", "事業会社": "北鉄白山バス（株）", "系統": "川北線,白山線,三反田線" }, "geometry": { "type": "Point", "coordinates": [ 136.565629355521679, 36.510521881351657 ] } },
{ "type": "Feature", "properties": { "バス停": "松任石川中央病院", "事業会社": "ののいちバス（株）", "系統": "シャトルバスのんキー" }, "geometry": { "type": "Point", "coordinates": [ 136.565629355521679, 36.510521881351657 ] } },
{ "type": "Feature", "properties": { "バス停": "鶴寿園", "事業会社": "北鉄白山バス（株）", "系統": "市立病院線" }, "geometry": { "type": "Point", "coordinates": [ 136.629576657461627, 36.510292432513268 ] } },
{ "type": "Feature", "properties": { "バス停": "鶴寿園", "事業会社": "北陸鉄道（株）", "系統": "光が丘住宅線,四十万線" }, "geometry": { "type": "Point", "coordinates": [ 136.629576657461627, 36.510292432513268 ] } },
{ "type": "Feature", "properties": { "バス停": "別所南", "事業会社": "北陸鉄道（株）", "系統": "平和町線・野田線・大桑線" }, "geometry": { "type": "Point", "coordinates": [ 136.675574098719352, 36.510173565040169 ] } },
{ "type": "Feature", "properties": { "バス停": "米永", "事業会社": "白山市", "系統": "めぐーる松任美川ルート" }, "geometry": { "type": "Point", "coordinates": [ 136.542709232708205, 36.510013955030651 ] } },
{ "type": "Feature", "properties": { "バス停": "下辰巳", "事業会社": "北鉄金沢バス（株）・北陸鉄道（株）", "系統": "錦町B線" }, "geometry": { "type": "Point", "coordinates": [ 136.700491792998776, 36.509886747730299 ] } },
{ "type": "Feature", "properties": { "バス停": "下辰巳", "事業会社": "北鉄金沢バス（株）", "系統": "犀川線" }, "geometry": { "type": "Point", "coordinates": [ 136.700491792998776, 36.509886747730299 ] } },
{ "type": "Feature", "properties": { "バス停": "中林丸の内", "事業会社": "野々市市", "系統": "南部ルート" }, "geometry": { "type": "Point", "coordinates": [ 136.603931239935207, 36.509811722130642 ] } },
{ "type": "Feature", "properties": { "バス停": "額中学校前", "事業会社": "北鉄白山バス（株）", "系統": "市立病院線" }, "geometry": { "type": "Point", "coordinates": [ 136.623392379760105, 36.509795748167434 ] } },
{ "type": "Feature", "properties": { "バス停": "額中学校前", "事業会社": "北陸鉄道（株）", "系統": "光が丘住宅線,四十万線,四十万金石線" }, "geometry": { "type": "Point", "coordinates": [ 136.623392379760105, 36.509795748167434 ] } },
{ "type": "Feature", "properties": { "バス停": "額中学校前", "事業会社": "北鉄白山バス（株）・北陸鉄道（株）", "系統": "辰口線" }, "geometry": { "type": "Point", "coordinates": [ 136.623392379760105, 36.509795748167434 ] } },
{ "type": "Feature", "properties": { "バス停": "天祥閣和館", "事業会社": "白山市", "系統": "めぐーる南ルート" }, "geometry": { "type": "Point", "coordinates": [ 136.56871571956512, 36.509614804515614 ] } },
{ "type": "Feature", "properties": { "バス停": "粟田6丁目", "事業会社": "ののいちバス（株）", "系統": "シャトルバスのんキー" }, "geometry": { "type": "Point", "coordinates": [ 136.608317035152311, 36.509521502046184 ] } },
{ "type": "Feature", "properties": { "バス停": "橋爪新町", "事業会社": "ののいちバス（株）", "系統": "シャトルバスのんキー" }, "geometry": { "type": "Point", "coordinates": [ 136.58539901839228, 36.509107802019024 ] } },
{ "type": "Feature", "properties": { "バス停": "三浦", "事業会社": "北鉄白山バス（株）", "系統": "白山線,鶴来線" }, "geometry": { "type": "Point", "coordinates": [ 136.579752099357933, 36.508959158773266 ] } },
{ "type": "Feature", "properties": { "バス停": "中村南", "事業会社": "北鉄白山バス（株）・北陸鉄道（株）", "系統": "松任線・金沢寺井線・千代野線" }, "geometry": { "type": "Point", "coordinates": [ 136.554834563876682, 36.508705209966053 ] } },
{ "type": "Feature", "properties": { "バス停": "末松", "事業会社": "野々市市", "系統": "南部ルート" }, "geometry": { "type": "Point", "coordinates": [ 136.593929552367172, 36.508469328526949 ] } },
{ "type": "Feature", "properties": { "バス停": "中林", "事業会社": "野々市市", "系統": "南部ルート" }, "geometry": { "type": "Point", "coordinates": [ 136.601886114953061, 36.508301618925287 ] } },
{ "type": "Feature", "properties": { "バス停": "中林", "事業会社": "北陸鉄道（株）", "系統": "光が丘住宅線" }, "geometry": { "type": "Point", "coordinates": [ 136.601886114953061, 36.508301618925287 ] } },
{ "type": "Feature", "properties": { "バス停": "中林", "事業会社": "ののいちバス（株）", "系統": "シャトルバスのんキー" }, "geometry": { "type": "Point", "coordinates": [ 136.601886114953061, 36.508301618925287 ] } },
{ "type": "Feature", "properties": { "バス停": "平松", "事業会社": "白山市", "系統": "めぐーる南ルート" }, "geometry": { "type": "Point", "coordinates": [ 136.568525758062236, 36.508208855923598 ] } },
{ "type": "Feature", "properties": { "バス停": "辰巳農協前", "事業会社": "北鉄金沢バス（株）", "系統": "犀川線" }, "geometry": { "type": "Point", "coordinates": [ 136.703332810152148, 36.50801689493224 ] } },
{ "type": "Feature", "properties": { "バス停": "辰巳農協前", "事業会社": "北鉄金沢バス（株）・北陸鉄道（株）", "系統": "錦町B線" }, "geometry": { "type": "Point", "coordinates": [ 136.703332810152148, 36.50801689493224 ] } },
{ "type": "Feature", "properties": { "バス停": "県立大学", "事業会社": "野々市市", "系統": "南部ルート" }, "geometry": { "type": "Point", "coordinates": [ 136.595886853700961, 36.507996900307262 ] } },
{ "type": "Feature", "properties": { "バス停": "石川県立大学", "事業会社": "北陸鉄道（株）", "系統": "光が丘住宅線" }, "geometry": { "type": "Point", "coordinates": [ 136.595886853700961, 36.507996900307262 ] } },
{ "type": "Feature", "properties": { "バス停": "県立大学", "事業会社": "ののいちバス（株）", "系統": "シャトルバスのんキー" }, "geometry": { "type": "Point", "coordinates": [ 136.595886853700961, 36.507996900307262 ] } },
{ "type": "Feature", "properties": { "バス停": "イオン松任", "事業会社": "白山市", "系統": "めぐーる北ルート,めぐーる南西ルート,めぐーる西ルート,めぐーる南循環ルート,めぐーる中央病院ルート" }, "geometry": { "type": "Point", "coordinates": [ 136.563662361981073, 36.507848562323851 ] } },
{ "type": "Feature", "properties": { "バス停": "新庄北", "事業会社": "野々市市", "系統": "南部ルート" }, "geometry": { "type": "Point", "coordinates": [ 136.612235668326463, 36.507848954462119 ] } },
{ "type": "Feature", "properties": { "バス停": "金城大学", "事業会社": "白山市", "系統": "めぐーる西ルート,めぐーる松任美川ルート" }, "geometry": { "type": "Point", "coordinates": [ 136.532028920672161, 36.507578578137654 ] } },
{ "type": "Feature", "properties": { "バス停": "金城大学", "事業会社": "北鉄白山バス（株）・北陸鉄道（株）", "系統": "松任線・金沢寺井線・千代野線" }, "geometry": { "type": "Point", "coordinates": [ 136.532028920672161, 36.507578578137654 ] } },
{ "type": "Feature", "properties": { "バス停": "徳行", "事業会社": "白山市", "系統": "めぐーる南西ルート" }, "geometry": { "type": "Point", "coordinates": [ 136.563322400614766, 36.507403888807545 ] } },
{ "type": "Feature", "properties": { "バス停": "新庄六丁目", "事業会社": "北鉄白山バス（株）", "系統": "野々市線" }, "geometry": { "type": "Point", "coordinates": [ 136.607389622450967, 36.507254275867965 ] } },
{ "type": "Feature", "properties": { "バス停": "新庄六丁目", "事業会社": "北陸鉄道（株）", "系統": "額住宅線" }, "geometry": { "type": "Point", "coordinates": [ 136.607389622450967, 36.507254275867965 ] } },
{ "type": "Feature", "properties": { "バス停": "朝ヶ屋", "事業会社": "北鉄金沢バス（株）", "系統": "湯涌線" }, "geometry": { "type": "Point", "coordinates": [ 136.724147362755559, 36.507120435888318 ] } },
{ "type": "Feature", "properties": { "バス停": "開発", "事業会社": "北鉄白山バス（株）", "系統": "川北線,三反田線" }, "geometry": { "type": "Point", "coordinates": [ 136.56837801058964, 36.507070376589603 ] } },
{ "type": "Feature", "properties": { "バス停": "宮保新", "事業会社": "白山市", "系統": "めぐーる西ルート" }, "geometry": { "type": "Point", "coordinates": [ 136.531816465638514, 36.506723408271206 ] } },
{ "type": "Feature", "properties": { "バス停": "末松", "事業会社": "ののいちバス（株）", "系統": "シャトルバスのんキー" }, "geometry": { "type": "Point", "coordinates": [ 136.592792173710137, 36.506622320408695 ] } },
{ "type": "Feature", "properties": { "バス停": "しじま台", "事業会社": "北陸鉄道（株）", "系統": "光が丘住宅線,四十万線,四十万金石線" }, "geometry": { "type": "Point", "coordinates": [ 136.622214989066578, 36.506488075887745 ] } },
{ "type": "Feature", "properties": { "バス停": "しじま台", "事業会社": "北鉄白山バス（株）・北陸鉄道（株）", "系統": "辰口線" }, "geometry": { "type": "Point", "coordinates": [ 136.622214989066578, 36.506488075887745 ] } },
{ "type": "Feature", "properties": { "バス停": "しじま台", "事業会社": "北鉄白山バス（株）", "系統": "市立病院線" }, "geometry": { "type": "Point", "coordinates": [ 136.622214989066578, 36.506488075887745 ] } },
{ "type": "Feature", "properties": { "バス停": "サニーメイト", "事業会社": "野々市市", "系統": "南部ルート" }, "geometry": { "type": "Point", "coordinates": [ 136.591170678148131, 36.506145420109661 ] } },
{ "type": "Feature", "properties": { "バス停": "上河原・宮原", "事業会社": "白山市", "系統": "めぐーる松任美川ルート" }, "geometry": { "type": "Point", "coordinates": [ 136.536722387966876, 36.506088294250745 ] } },
{ "type": "Feature", "properties": { "バス停": "上林四丁目", "事業会社": "北陸鉄道（株）", "系統": "光が丘住宅線" }, "geometry": { "type": "Point", "coordinates": [ 136.604972020772948, 36.506077185384896 ] } },
{ "type": "Feature", "properties": { "バス停": "中林二丁目", "事業会社": "北鉄白山バス（株）", "系統": "中宮B線" }, "geometry": { "type": "Point", "coordinates": [ 136.60130643914502, 36.505793034000945 ] } },
{ "type": "Feature", "properties": { "バス停": "中林二丁目", "事業会社": "北陸鉄道（株）", "系統": "光が丘住宅線" }, "geometry": { "type": "Point", "coordinates": [ 136.60130643914502, 36.505793034000945 ] } },
{ "type": "Feature", "properties": { "バス停": "新庄三丁目", "事業会社": "北陸鉄道（株）", "系統": "光が丘住宅線" }, "geometry": { "type": "Point", "coordinates": [ 136.610314157221126, 36.505786417008586 ] } },
{ "type": "Feature", "properties": { "バス停": "中辰巳", "事業会社": "北鉄金沢バス（株）", "系統": "犀川線" }, "geometry": { "type": "Point", "coordinates": [ 136.706820947339452, 36.50568436929202 ] } },
{ "type": "Feature", "properties": { "バス停": "中辰巳", "事業会社": "北鉄金沢バス（株）・北陸鉄道（株）", "系統": "錦町B線" }, "geometry": { "type": "Point", "coordinates": [ 136.706820947339452, 36.50568436929202 ] } },
{ "type": "Feature", "properties": { "バス停": "宮丸", "事業会社": "白山市", "系統": "めぐーる西ルート,めぐーる中央病院ルート" }, "geometry": { "type": "Point", "coordinates": [ 136.552195939283592, 36.505553867069224 ] } },
{ "type": "Feature", "properties": { "バス停": "宮丸", "事業会社": "北鉄白山バス（株）・北陸鉄道（株）", "系統": "松任線・金沢寺井線・千代野線" }, "geometry": { "type": "Point", "coordinates": [ 136.552195939283592, 36.505553867069224 ] } },
{ "type": "Feature", "properties": { "バス停": "県立大学南口", "事業会社": "北陸鉄道（株）", "系統": "光が丘住宅線" }, "geometry": { "type": "Point", "coordinates": [ 136.597873894655294, 36.50535418036683 ] } },
{ "type": "Feature", "properties": { "バス停": "四十万五丁目", "事業会社": "北陸鉄道（株）", "系統": "光が丘住宅線" }, "geometry": { "type": "Point", "coordinates": [ 136.615260486616279, 36.505034595523711 ] } },
{ "type": "Feature", "properties": { "バス停": "鹿島平", "事業会社": "白山市", "系統": "めぐーる松任美川ルート" }, "geometry": { "type": "Point", "coordinates": [ 136.509141399650133, 36.505020328822205 ] } },
{ "type": "Feature", "properties": { "バス停": "末松二丁目", "事業会社": "北陸鉄道（株）", "系統": "光が丘住宅線" }, "geometry": { "type": "Point", "coordinates": [ 136.593342120885382, 36.504950582045048 ] } },
{ "type": "Feature", "properties": { "バス停": "四十万", "事業会社": "北鉄白山バス（株）", "系統": "市立病院線" }, "geometry": { "type": "Point", "coordinates": [ 136.621487000638723, 36.504441649915819 ] } },
{ "type": "Feature", "properties": { "バス停": "四十万", "事業会社": "北陸鉄道（株）", "系統": "光が丘住宅線,四十万線,四十万金石線" }, "geometry": { "type": "Point", "coordinates": [ 136.621487000638723, 36.504441649915819 ] } },
{ "type": "Feature", "properties": { "バス停": "四十万", "事業会社": "北鉄白山バス（株）・北陸鉄道（株）", "系統": "辰口線" }, "geometry": { "type": "Point", "coordinates": [ 136.621487000638723, 36.504441649915819 ] } },
{ "type": "Feature", "properties": { "バス停": "内川小学校前", "事業会社": "北陸鉄道（株）", "系統": "平和町線・野田線・大桑線" }, "geometry": { "type": "Point", "coordinates": [ 136.675550169029236, 36.504354615862908 ] } },
{ "type": "Feature", "properties": { "バス停": "下新庄", "事業会社": "野々市市", "系統": "南部ルート" }, "geometry": { "type": "Point", "coordinates": [ 136.611555476068617, 36.504256334664596 ] } },
{ "type": "Feature", "properties": { "バス停": "下新庄", "事業会社": "北鉄白山バス（株）", "系統": "鳥越線,白峰線" }, "geometry": { "type": "Point", "coordinates": [ 136.611555476068617, 36.504256334664596 ] } },
{ "type": "Feature", "properties": { "バス停": "市の瀬", "事業会社": "北鉄金沢バス（株）", "系統": "湯涌線" }, "geometry": { "type": "Point", "coordinates": [ 136.729531580985025, 36.504134683619604 ] } },
{ "type": "Feature", "properties": { "バス停": "南部公園", "事業会社": "野々市市", "系統": "南部ルート" }, "geometry": { "type": "Point", "coordinates": [ 136.605818643379507, 36.504127151402763 ] } },
{ "type": "Feature", "properties": { "バス停": "南部公園", "事業会社": "ののいちバス（株）", "系統": "シャトルバスのんキー" }, "geometry": { "type": "Point", "coordinates": [ 136.605818643379507, 36.504127151402763 ] } },
{ "type": "Feature", "properties": { "バス停": "阿弥陀島", "事業会社": "白山市", "系統": "めぐーる西ルート" }, "geometry": { "type": "Point", "coordinates": [ 136.515144509959896, 36.50404934362178 ] } },
{ "type": "Feature", "properties": { "バス停": "上林", "事業会社": "野々市市", "系統": "南部ルート" }, "geometry": { "type": "Point", "coordinates": [ 136.602068615377419, 36.50376578624045 ] } },
{ "type": "Feature", "properties": { "バス停": "加賀笠間駅", "事業会社": "白山市", "系統": "めぐーる西ルート,めぐーる松任美川ルート" }, "geometry": { "type": "Point", "coordinates": [ 136.527477274154336, 36.50337522407105 ] } },
{ "type": "Feature", "properties": { "バス停": "末松ガーデンアイル", "事業会社": "野々市市", "系統": "南部ルート" }, "geometry": { "type": "Point", "coordinates": [ 136.593330459561599, 36.503363273424206 ] } },
{ "type": "Feature", "properties": { "バス停": "平松", "事業会社": "北鉄白山バス（株）", "系統": "川北線,三反田線" }, "geometry": { "type": "Point", "coordinates": [ 136.567775904810901, 36.502849197591956 ] } },
{ "type": "Feature", "properties": { "バス停": "鹿島町西", "事業会社": "白山市", "系統": "めぐーる松任美川ルート" }, "geometry": { "type": "Point", "coordinates": [ 136.501788197942602, 36.502790702022693 ] } },
{ "type": "Feature", "properties": { "バス停": "新庄西", "事業会社": "野々市市", "系統": "南部ルート" }, "geometry": { "type": "Point", "coordinates": [ 136.606751933203981, 36.50267094758626 ] } },
{ "type": "Feature", "properties": { "バス停": "新庄西", "事業会社": "北鉄白山バス（株）", "系統": "野々市線" }, "geometry": { "type": "Point", "coordinates": [ 136.606751933203981, 36.50267094758626 ] } },
{ "type": "Feature", "properties": { "バス停": "新庄西", "事業会社": "北陸鉄道（株）", "系統": "額住宅線" }, "geometry": { "type": "Point", "coordinates": [ 136.606751933203981, 36.50267094758626 ] } },
{ "type": "Feature", "properties": { "バス停": "ファミリーマートAコープ加賀野店前", "事業会社": "白山市", "系統": "めぐーる松任美川ルート" }, "geometry": { "type": "Point", "coordinates": [ 136.532228209174235, 36.50249016675513 ] } },
{ "type": "Feature", "properties": { "バス停": "鹿島町東", "事業会社": "白山市", "系統": "めぐーる松任美川ルート" }, "geometry": { "type": "Point", "coordinates": [ 136.506770162565147, 36.502392101548743 ] } },
{ "type": "Feature", "properties": { "バス停": "西上林", "事業会社": "北鉄白山バス（株）", "系統": "中宮B線" }, "geometry": { "type": "Point", "coordinates": [ 136.599534093146019, 36.502210128684389 ] } },
{ "type": "Feature", "properties": { "バス停": "加賀産新庄", "事業会社": "北陸鉄道（株）", "系統": "四十万線,四十万金石線" }, "geometry": { "type": "Point", "coordinates": [ 136.608090749214369, 36.501979376143282 ] } },
{ "type": "Feature", "properties": { "バス停": "加賀産新庄", "事業会社": "北鉄白山バス（株）・北陸鉄道（株）", "系統": "辰口線" }, "geometry": { "type": "Point", "coordinates": [ 136.608090749214369, 36.501979376143282 ] } },
{ "type": "Feature", "properties": { "バス停": "中四十万", "事業会社": "北陸鉄道（株）", "系統": "四十万線,四十万金石線" }, "geometry": { "type": "Point", "coordinates": [ 136.61983992077964, 36.501627543272122 ] } },
{ "type": "Feature", "properties": { "バス停": "中四十万", "事業会社": "北鉄白山バス（株）・北陸鉄道（株）", "系統": "辰口線" }, "geometry": { "type": "Point", "coordinates": [ 136.61983992077964, 36.501627543272122 ] } },
{ "type": "Feature", "properties": { "バス停": "新庄東", "事業会社": "野々市市", "系統": "南部ルート" }, "geometry": { "type": "Point", "coordinates": [ 136.61104944482463, 36.501328643028671 ] } },
{ "type": "Feature", "properties": { "バス停": "道の駅めぐみ白山", "事業会社": "白山市", "系統": "めぐーる西ルート,めぐーる中央病院ルート" }, "geometry": { "type": "Point", "coordinates": [ 136.548379935610882, 36.501321278138271 ] } },
{ "type": "Feature", "properties": { "バス停": "ショセキ", "事業会社": "白山市", "系統": "めぐーる松任美川ルート" }, "geometry": { "type": "Point", "coordinates": [ 136.504132820239619, 36.501007841417554 ] } },
{ "type": "Feature", "properties": { "バス停": "蓮池町", "事業会社": "白山市", "系統": "めぐーる松任美川ルート" }, "geometry": { "type": "Point", "coordinates": [ 136.498804196833419, 36.50085422426848 ] } },
{ "type": "Feature", "properties": { "バス停": "上辰巳", "事業会社": "北鉄金沢バス（株）", "系統": "犀川線" }, "geometry": { "type": "Point", "coordinates": [ 136.711296635222141, 36.500667025517615 ] } },
{ "type": "Feature", "properties": { "バス停": "上辰巳", "事業会社": "北鉄金沢バス（株）・北陸鉄道（株）", "系統": "錦町B線" }, "geometry": { "type": "Point", "coordinates": [ 136.711296635222141, 36.500667025517615 ] } },
{ "type": "Feature", "properties": { "バス停": "北袋", "事業会社": "北鉄金沢バス（株）", "系統": "湯涌線" }, "geometry": { "type": "Point", "coordinates": [ 136.743532099972754, 36.500056529614092 ] } },
{ "type": "Feature", "properties": { "バス停": "加賀産上林", "事業会社": "北陸鉄道（株）", "系統": "四十万線,四十万金石線" }, "geometry": { "type": "Point", "coordinates": [ 136.598663686589362, 36.499951230640178 ] } },
{ "type": "Feature", "properties": { "バス停": "加賀産上林", "事業会社": "北鉄白山バス（株）・北陸鉄道（株）", "系統": "辰口線" }, "geometry": { "type": "Point", "coordinates": [ 136.598663686589362, 36.499951230640178 ] } },
{ "type": "Feature", "properties": { "バス停": "加賀産上林", "事業会社": "北鉄白山バス（株）", "系統": "野々市線" }, "geometry": { "type": "Point", "coordinates": [ 136.598663686589362, 36.499951230640178 ] } },
{ "type": "Feature", "properties": { "バス停": "上新庄", "事業会社": "野々市市", "系統": "南部ルート" }, "geometry": { "type": "Point", "coordinates": [ 136.610863375466749, 36.499775506206205 ] } },
{ "type": "Feature", "properties": { "バス停": "上新庄", "事業会社": "北鉄白山バス（株）", "系統": "鳥越線,白峰線" }, "geometry": { "type": "Point", "coordinates": [ 136.610863375466749, 36.499775506206205 ] } },
{ "type": "Feature", "properties": { "バス停": "新庄南", "事業会社": "野々市市", "系統": "南部ルート" }, "geometry": { "type": "Point", "coordinates": [ 136.60717087281779, 36.499396362609779 ] } },
{ "type": "Feature", "properties": { "バス停": "上柏野", "事業会社": "白山市", "系統": "めぐーる中央病院ルート" }, "geometry": { "type": "Point", "coordinates": [ 136.544539506084874, 36.499071139896479 ] } },
{ "type": "Feature", "properties": { "バス停": "北島", "事業会社": "白山市", "系統": "めぐーる西ルート" }, "geometry": { "type": "Point", "coordinates": [ 136.514224722170184, 36.49881003037202 ] } },
{ "type": "Feature", "properties": { "バス停": "荒屋柏野", "事業会社": "白山市", "系統": "めぐーる中央病院ルート" }, "geometry": { "type": "Point", "coordinates": [ 136.53841460973274, 36.498728049425701 ] } },
{ "type": "Feature", "properties": { "バス停": "百々鶴荘", "事業会社": "野々市市", "系統": "南部ルート" }, "geometry": { "type": "Point", "coordinates": [ 136.599718659599972, 36.498694724750756 ] } },
{ "type": "Feature", "properties": { "バス停": "荒屋柏野", "事業会社": "北鉄白山バス（株）・北陸鉄道（株）", "系統": "松任線・金沢寺井線・千代野線" }, "geometry": { "type": "Point", "coordinates": [ 136.540403564905603, 36.498663175665087 ] } },
{ "type": "Feature", "properties": { "バス停": "百々鶴荘前", "事業会社": "北鉄白山バス（株）", "系統": "中宮B線" }, "geometry": { "type": "Point", "coordinates": [ 136.599637562687434, 36.498480028026997 ] } },
{ "type": "Feature", "properties": { "バス停": "百々鶴荘前", "事業会社": "北陸鉄道（株）", "系統": "額住宅線" }, "geometry": { "type": "Point", "coordinates": [ 136.599637562687434, 36.498480028026997 ] } },
{ "type": "Feature", "properties": { "バス停": "剣崎", "事業会社": "北鉄白山バス（株）", "系統": "川北線" }, "geometry": { "type": "Point", "coordinates": [ 136.565207340341118, 36.498071094163883 ] } },
{ "type": "Feature", "properties": { "バス停": "木津", "事業会社": "北鉄白山バス（株）", "系統": "白山線,鶴来線" }, "geometry": { "type": "Point", "coordinates": [ 136.587581243109469, 36.497830262637173 ] } },
{ "type": "Feature", "properties": { "バス停": "今平", "事業会社": "白山市", "系統": "めぐーる南ルート" }, "geometry": { "type": "Point", "coordinates": [ 136.578504659713218, 36.497746558595459 ] } },
{ "type": "Feature", "properties": { "バス停": "部入道", "事業会社": "白山市", "系統": "めぐーる蔵山・林ルート" }, "geometry": { "type": "Point", "coordinates": [ 136.605341331134014, 36.497627403110975 ] } },
{ "type": "Feature", "properties": { "バス停": "林中公民館", "事業会社": "白山市", "系統": "めぐーる南ルート" }, "geometry": { "type": "Point", "coordinates": [ 136.575184162472027, 36.497609035426429 ] } },
{ "type": "Feature", "properties": { "バス停": "林中", "事業会社": "北鉄白山バス（株）", "系統": "三反田線" }, "geometry": { "type": "Point", "coordinates": [ 136.571309548028609, 36.497552885723088 ] } },
{ "type": "Feature", "properties": { "バス停": "池田病院", "事業会社": "白山市", "系統": "めぐーる蔵山・林ルート" }, "geometry": { "type": "Point", "coordinates": [ 136.610095421400473, 36.497379973598193 ] } },
{ "type": "Feature", "properties": { "バス停": "南部浄水場", "事業会社": "野々市市", "系統": "南部ルート" }, "geometry": { "type": "Point", "coordinates": [ 136.610430674202661, 36.497368032407387 ] } },
{ "type": "Feature", "properties": { "バス停": "剣崎", "事業会社": "白山市", "系統": "めぐーる南西ルート" }, "geometry": { "type": "Point", "coordinates": [ 136.562207636217522, 36.497313090592456 ] } },
{ "type": "Feature", "properties": { "バス停": "下柏野", "事業会社": "白山市", "系統": "めぐーる中央病院ルート" }, "geometry": { "type": "Point", "coordinates": [ 136.532745807659182, 36.497181518683981 ] } },
{ "type": "Feature", "properties": { "バス停": "みずほ北", "事業会社": "白山市", "系統": "めぐーる南ルート" }, "geometry": { "type": "Point", "coordinates": [ 136.584447969297827, 36.497073373666204 ] } },
{ "type": "Feature", "properties": { "バス停": "部入道口", "事業会社": "北鉄白山バス（株）", "系統": "鳥越線,白峰線" }, "geometry": { "type": "Point", "coordinates": [ 136.610963141026417, 36.496991416393961 ] } },
{ "type": "Feature", "properties": { "バス停": "南部車庫", "事業会社": "北鉄白山バス（株）", "系統": "野々市線" }, "geometry": { "type": "Point", "coordinates": [ 136.590887634099545, 36.496099670052075 ] } },
{ "type": "Feature", "properties": { "バス停": "南部車庫", "事業会社": "北陸鉄道（株）", "系統": "光が丘住宅線,四十万線,四十万金石線" }, "geometry": { "type": "Point", "coordinates": [ 136.590887634099545, 36.496099670052075 ] } },
{ "type": "Feature", "properties": { "バス停": "南部車庫", "事業会社": "北鉄白山バス（株）・北陸鉄道（株）", "系統": "辰口線" }, "geometry": { "type": "Point", "coordinates": [ 136.590887634099545, 36.496099670052075 ] } },
{ "type": "Feature", "properties": { "バス停": "米光", "事業会社": "白山市", "系統": "めぐーる西ルート" }, "geometry": { "type": "Point", "coordinates": [ 136.511167552231569, 36.495716871284195 ] } },
{ "type": "Feature", "properties": { "バス停": "下柏野", "事業会社": "北鉄白山バス（株）・北陸鉄道（株）", "系統": "松任線・金沢寺井線・千代野線" }, "geometry": { "type": "Point", "coordinates": [ 136.533188029578554, 36.495575390443669 ] } },
{ "type": "Feature", "properties": { "バス停": "富光寺住宅", "事業会社": "白山市", "系統": "めぐーる舘畑ルート" }, "geometry": { "type": "Point", "coordinates": [ 136.598324169273667, 36.495530096678984 ] } },
{ "type": "Feature", "properties": { "バス停": "富光寺住宅", "事業会社": "北鉄白山バス（株）", "系統": "中宮B線" }, "geometry": { "type": "Point", "coordinates": [ 136.598324169273667, 36.495530096678984 ] } },
{ "type": "Feature", "properties": { "バス停": "富光寺住宅", "事業会社": "北陸鉄道（株）", "系統": "額住宅線" }, "geometry": { "type": "Point", "coordinates": [ 136.598324169273667, 36.495530096678984 ] } },
{ "type": "Feature", "properties": { "バス停": "乙丸", "事業会社": "北鉄白山バス（株）", "系統": "三反田線" }, "geometry": { "type": "Point", "coordinates": [ 136.573184409323801, 36.495210671398702 ] } },
{ "type": "Feature", "properties": { "バス停": "富光寺東", "事業会社": "白山市", "系統": "めぐーる舘畑ルート" }, "geometry": { "type": "Point", "coordinates": [ 136.602078897117053, 36.494739675144906 ] } },
{ "type": "Feature", "properties": { "バス停": "創作の森前", "事業会社": "北鉄金沢バス（株）", "系統": "湯涌線" }, "geometry": { "type": "Point", "coordinates": [ 136.74651966415945, 36.494419089074903 ] } },
{ "type": "Feature", "properties": { "バス停": "緑寿荘前", "事業会社": "白山市", "系統": "めぐーる美川・湊ルート" }, "geometry": { "type": "Point", "coordinates": [ 136.488805125541006, 36.494039449476581 ] } },
{ "type": "Feature", "properties": { "バス停": "陽羽里駅", "事業会社": "白山市", "系統": "めぐーる蔵山・林ルート" }, "geometry": { "type": "Point", "coordinates": [ 136.61460763964169, 36.493698252908551 ] } },
{ "type": "Feature", "properties": { "バス停": "みずほ南", "事業会社": "白山市", "系統": "めぐーる南ルート" }, "geometry": { "type": "Point", "coordinates": [ 136.584854423604895, 36.493303270069688 ] } },
{ "type": "Feature", "properties": { "バス停": "Aコープ蝶屋店前", "事業会社": "白山市", "系統": "めぐーる西ルート" }, "geometry": { "type": "Point", "coordinates": [ 136.501565328451932, 36.493243340292196 ] } },
{ "type": "Feature", "properties": { "バス停": "熱野", "事業会社": "白山市", "系統": "めぐーる蔵山・林ルート" }, "geometry": { "type": "Point", "coordinates": [ 136.611697050876728, 36.492892236760625 ] } },
{ "type": "Feature", "properties": { "バス停": "熱野", "事業会社": "北鉄白山バス（株）", "系統": "鳥越線,白峰線" }, "geometry": { "type": "Point", "coordinates": [ 136.611697050876728, 36.492892236760625 ] } },
{ "type": "Feature", "properties": { "バス停": "安養寺", "事業会社": "白山市", "系統": "めぐーる舘畑ルート" }, "geometry": { "type": "Point", "coordinates": [ 136.598613979147899, 36.492685453143672 ] } },
{ "type": "Feature", "properties": { "バス停": "芝原", "事業会社": "北鉄金沢バス（株）", "系統": "湯涌線" }, "geometry": { "type": "Point", "coordinates": [ 136.748916985489956, 36.492501847322011 ] } },
{ "type": "Feature", "properties": { "バス停": "平加町", "事業会社": "白山市", "系統": "めぐーる美川・湊ルート" }, "geometry": { "type": "Point", "coordinates": [ 136.489691260768325, 36.492206206393327 ] } },
{ "type": "Feature", "properties": { "バス停": "蝶屋小学校前", "事業会社": "白山市", "系統": "めぐーる西ルート" }, "geometry": { "type": "Point", "coordinates": [ 136.502253440123809, 36.492006447275074 ] } },
{ "type": "Feature", "properties": { "バス停": "福留西", "事業会社": "白山市", "系統": "めぐーる中央病院ルート" }, "geometry": { "type": "Point", "coordinates": [ 136.526768554115336, 36.491857979663124 ] } },
{ "type": "Feature", "properties": { "バス停": "和波町東地区公民館前", "事業会社": "白山市", "系統": "めぐーる美川・湊ルート" }, "geometry": { "type": "Point", "coordinates": [ 136.488202814890286, 36.491669554331132 ] } },
{ "type": "Feature", "properties": { "バス停": "加賀産みずほ台", "事業会社": "北陸鉄道（株）", "系統": "四十万線,四十万金石線" }, "geometry": { "type": "Point", "coordinates": [ 136.585798277990676, 36.491563769424587 ] } },
{ "type": "Feature", "properties": { "バス停": "加賀産みずほ台", "事業会社": "北鉄白山バス（株）・北陸鉄道（株）", "系統": "辰口線" }, "geometry": { "type": "Point", "coordinates": [ 136.585798277990676, 36.491563769424587 ] } },
{ "type": "Feature", "properties": { "バス停": "坊丸・田地", "事業会社": "白山市", "系統": "めぐーる南ルート" }, "geometry": { "type": "Point", "coordinates": [ 136.579240856751284, 36.491442855423522 ] } },
{ "type": "Feature", "properties": { "バス停": "柴木", "事業会社": "白山市", "系統": "めぐーる舘畑ルート" }, "geometry": { "type": "Point", "coordinates": [ 136.602727563126393, 36.491414556710964 ] } },
{ "type": "Feature", "properties": { "バス停": "菅波", "事業会社": "白山市", "系統": "めぐーる南ルート" }, "geometry": { "type": "Point", "coordinates": [ 136.57421912764201, 36.491091153061952 ] } },
{ "type": "Feature", "properties": { "バス停": "菅波", "事業会社": "北鉄白山バス（株）", "系統": "三反田線" }, "geometry": { "type": "Point", "coordinates": [ 136.57421912764201, 36.491091153061952 ] } },
{ "type": "Feature", "properties": { "バス停": "長島", "事業会社": "白山市", "系統": "めぐーる南西ルート" }, "geometry": { "type": "Point", "coordinates": [ 136.556845754212844, 36.490803172316099 ] } },
{ "type": "Feature", "properties": { "バス停": "曽谷東", "事業会社": "白山市", "系統": "めぐーる蔵山・林ルート" }, "geometry": { "type": "Point", "coordinates": [ 136.619237311773929, 36.490600931210331 ] } },
{ "type": "Feature", "properties": { "バス停": "美川中学校前", "事業会社": "白山市", "系統": "めぐーる松任美川ルート,めぐーる美川・湊ルート,めぐーる中央病院ルート" }, "geometry": { "type": "Point", "coordinates": [ 136.492623894179587, 36.4903739309269 ] } },
{ "type": "Feature", "properties": { "バス停": "福留", "事業会社": "白山市", "系統": "めぐーる南西ルート" }, "geometry": { "type": "Point", "coordinates": [ 136.525860097278638, 36.490358422636049 ] } },
{ "type": "Feature", "properties": { "バス停": "福留", "事業会社": "北鉄白山バス（株）・北陸鉄道（株）", "系統": "松任線・金沢寺井線・千代野線" }, "geometry": { "type": "Point", "coordinates": [ 136.525860097278638, 36.490358422636049 ] } },
{ "type": "Feature", "properties": { "バス停": "安養寺", "事業会社": "北鉄白山バス（株）", "系統": "白山線,鶴来線" }, "geometry": { "type": "Point", "coordinates": [ 136.59059259074121, 36.490313980698197 ] } },
{ "type": "Feature", "properties": { "バス停": "井関町", "事業会社": "白山市", "系統": "めぐーる西ルート" }, "geometry": { "type": "Point", "coordinates": [ 136.50808942611846, 36.489800630647053 ] } },
{ "type": "Feature", "properties": { "バス停": "美川小学校前", "事業会社": "白山市", "系統": "めぐーる美川・湊ルート" }, "geometry": { "type": "Point", "coordinates": [ 136.484499624107116, 36.489752989877452 ] } },
{ "type": "Feature", "properties": { "バス停": "和波町", "事業会社": "白山市", "系統": "めぐーる美川・湊ルート" }, "geometry": { "type": "Point", "coordinates": [ 136.486669162526027, 36.489753124188518 ] } },
{ "type": "Feature", "properties": { "バス停": "曽谷", "事業会社": "白山市", "系統": "めぐーる蔵山・林ルート" }, "geometry": { "type": "Point", "coordinates": [ 136.612203185862597, 36.489581859627997 ] } },
{ "type": "Feature", "properties": { "バス停": "曽谷", "事業会社": "北鉄白山バス（株）", "系統": "鳥越線,白峰線" }, "geometry": { "type": "Point", "coordinates": [ 136.612203185862597, 36.489581859627997 ] } },
{ "type": "Feature", "properties": { "バス停": "新荒屋", "事業会社": "白山市", "系統": "めぐーる舘畑ルート,めぐーる蔵山・林ルート" }, "geometry": { "type": "Point", "coordinates": [ 136.605352672933378, 36.489387359512804 ] } },
{ "type": "Feature", "properties": { "バス停": "深瀬新町", "事業会社": "白山市", "系統": "めぐーる舘畑ルート" }, "geometry": { "type": "Point", "coordinates": [ 136.599264346346871, 36.488833169279019 ] } },
{ "type": "Feature", "properties": { "バス停": "深瀬新町", "事業会社": "北鉄白山バス（株）", "系統": "中宮B線" }, "geometry": { "type": "Point", "coordinates": [ 136.599264346346871, 36.488833169279019 ] } },
{ "type": "Feature", "properties": { "バス停": "深瀬新町", "事業会社": "北陸鉄道（株）", "系統": "額住宅線" }, "geometry": { "type": "Point", "coordinates": [ 136.599264346346871, 36.488833169279019 ] } },
{ "type": "Feature", "properties": { "バス停": "永代町", "事業会社": "白山市", "系統": "めぐーる美川・湊ルート" }, "geometry": { "type": "Point", "coordinates": [ 136.482070986456762, 36.488675513936435 ] } },
{ "type": "Feature", "properties": { "バス停": "四ツ屋", "事業会社": "白山市", "系統": "めぐーる南西ルート" }, "geometry": { "type": "Point", "coordinates": [ 136.54018776464585, 36.48866388204344 ] } },
{ "type": "Feature", "properties": { "バス停": "浜町", "事業会社": "白山市", "系統": "めぐーる松任美川ルート,めぐーる美川・湊ルート,めぐーる中央病院ルート" }, "geometry": { "type": "Point", "coordinates": [ 136.488680444046452, 36.488642609717949 ] } },
{ "type": "Feature", "properties": { "バス停": "松葉クリニック前", "事業会社": "白山市", "系統": "めぐーる西ルート,めぐーる美川・湊ルート" }, "geometry": { "type": "Point", "coordinates": [ 136.493691448729578, 36.488263293122039 ] } },
{ "type": "Feature", "properties": { "バス停": "手取町", "事業会社": "白山市", "系統": "めぐーる西ルート" }, "geometry": { "type": "Point", "coordinates": [ 136.504282207355431, 36.488198815596562 ] } },
{ "type": "Feature", "properties": { "バス停": "福留南一丁目", "事業会社": "白山市", "系統": "めぐーる南西ルート" }, "geometry": { "type": "Point", "coordinates": [ 136.528285197104111, 36.488171951930987 ] } },
{ "type": "Feature", "properties": { "バス停": "湯涌温泉", "事業会社": "北鉄金沢バス（株）", "系統": "湯涌線" }, "geometry": { "type": "Point", "coordinates": [ 136.755837312188021, 36.488085509327114 ] } },
{ "type": "Feature", "properties": { "バス停": "福新", "事業会社": "白山市", "系統": "めぐーる南西ルート" }, "geometry": { "type": "Point", "coordinates": [ 136.537638908194793, 36.487881931070802 ] } },
{ "type": "Feature", "properties": { "バス停": "藤波", "事業会社": "白山市", "系統": "めぐーる南ルート" }, "geometry": { "type": "Point", "coordinates": [ 136.576550376508806, 36.487846563038723 ] } },
{ "type": "Feature", "properties": { "バス停": "藤波", "事業会社": "北鉄白山バス（株）", "系統": "三反田線" }, "geometry": { "type": "Point", "coordinates": [ 136.576550376508806, 36.487846563038723 ] } },
{ "type": "Feature", "properties": { "バス停": "源兵島", "事業会社": "白山市", "系統": "めぐーる中央病院ルート" }, "geometry": { "type": "Point", "coordinates": [ 136.524077056565915, 36.487793702728467 ] } },
{ "type": "Feature", "properties": { "バス停": "源兵島", "事業会社": "北鉄白山バス（株）・北陸鉄道（株）", "系統": "松任線・金沢寺井線・千代野線" }, "geometry": { "type": "Point", "coordinates": [ 136.524077056565915, 36.487793702728467 ] } },
{ "type": "Feature", "properties": { "バス停": "御影堂", "事業会社": "白山市", "系統": "めぐーる南西ルート" }, "geometry": { "type": "Point", "coordinates": [ 136.550732534874442, 36.487322930692784 ] } },
{ "type": "Feature", "properties": { "バス停": "内方新保", "事業会社": "白山市", "系統": "めぐーる南西ルート" }, "geometry": { "type": "Point", "coordinates": [ 136.556633365132086, 36.487222140061377 ] } },
{ "type": "Feature", "properties": { "バス停": "美取", "事業会社": "白山市", "系統": "めぐーる西ルート" }, "geometry": { "type": "Point", "coordinates": [ 136.498191508063996, 36.486800340661098 ] } },
{ "type": "Feature", "properties": { "バス停": "中町ほほえみ館", "事業会社": "白山市", "系統": "めぐーる美川・湊ルート,めぐーる中央病院ルート" }, "geometry": { "type": "Point", "coordinates": [ 136.485260829898181, 36.486447738139859 ] } },
{ "type": "Feature", "properties": { "バス停": "美川大橋詰", "事業会社": "白山市", "系統": "めぐーる美川・湊ルート,めぐーる中央病院ルート" }, "geometry": { "type": "Point", "coordinates": [ 136.482817415724639, 36.486420079822913 ] } },
{ "type": "Feature", "properties": { "バス停": "美川駅", "事業会社": "白山市", "系統": "めぐーる西ルート,めぐーる松任美川ルート,めぐーる美川・湊ルート,めぐーる中央病院ルート" }, "geometry": { "type": "Point", "coordinates": [ 136.489194424898216, 36.48633249664806 ] } },
{ "type": "Feature", "properties": { "バス停": "美川大橋詰北", "事業会社": "白山市", "系統": "めぐーる美川・湊ルート" }, "geometry": { "type": "Point", "coordinates": [ 136.482431067187605, 36.486234530083401 ] } },
{ "type": "Feature", "properties": { "バス停": "石川ルーツ交流館前", "事業会社": "白山市", "系統": "めぐーる中央病院ルート" }, "geometry": { "type": "Point", "coordinates": [ 136.483262164772469, 36.485122544809101 ] } },
{ "type": "Feature", "properties": { "バス停": "石川新区中", "事業会社": "白山市", "系統": "めぐーる南西ルート" }, "geometry": { "type": "Point", "coordinates": [ 136.528440019595735, 36.485104074702917 ] } },
{ "type": "Feature", "properties": { "バス停": "行町", "事業会社": "白山市", "系統": "めぐーる舘畑ルート" }, "geometry": { "type": "Point", "coordinates": [ 136.59264871071565, 36.484842187986288 ] } },
{ "type": "Feature", "properties": { "バス停": "行町", "事業会社": "北鉄白山バス（株）", "系統": "白山線,鶴来線" }, "geometry": { "type": "Point", "coordinates": [ 136.59264871071565, 36.484842187986288 ] } },
{ "type": "Feature", "properties": { "バス停": "大阪屋ショップ鶴来店前", "事業会社": "白山市", "系統": "めぐーる舘畑ルート,めぐーる蔵山・林ルート" }, "geometry": { "type": "Point", "coordinates": [ 136.600885736096131, 36.484540421294462 ] } },
{ "type": "Feature", "properties": { "バス停": "クレイン", "事業会社": "白山市", "系統": "めぐーる南ルート,めぐーる舘畑ルート,めぐーる蔵山・林ルート" }, "geometry": { "type": "Point", "coordinates": [ 136.598467363892723, 36.484387889844442 ] } },
{ "type": "Feature", "properties": { "バス停": "安吉", "事業会社": "北鉄白山バス（株）", "系統": "川北線" }, "geometry": { "type": "Point", "coordinates": [ 136.565595095643687, 36.484277027704721 ] } },
{ "type": "Feature", "properties": { "バス停": "坂尻", "事業会社": "白山市", "系統": "めぐーる蔵山・林ルート" }, "geometry": { "type": "Point", "coordinates": [ 136.615575202387646, 36.484215428322145 ] } },
{ "type": "Feature", "properties": { "バス停": "上島田", "事業会社": "白山市", "系統": "めぐーる南西ルート" }, "geometry": { "type": "Point", "coordinates": [ 136.550093808040288, 36.484061887280511 ] } },
{ "type": "Feature", "properties": { "バス停": "道法寺", "事業会社": "北鉄白山バス（株）", "系統": "鳥越線,白峰線" }, "geometry": { "type": "Point", "coordinates": [ 136.612279667873707, 36.483890169927378 ] } },
{ "type": "Feature", "properties": { "バス停": "行町南", "事業会社": "白山市", "系統": "めぐーる南ルート,めぐーる舘畑ルート" }, "geometry": { "type": "Point", "coordinates": [ 136.593592553146777, 36.483795390576581 ] } },
{ "type": "Feature", "properties": { "バス停": "長屋町", "事業会社": "白山市", "系統": "めぐーる中央病院ルート" }, "geometry": { "type": "Point", "coordinates": [ 136.495532995613274, 36.483726792622377 ] } },
{ "type": "Feature", "properties": { "バス停": "藤木", "事業会社": "白山市", "系統": "めぐーる南ルート" }, "geometry": { "type": "Point", "coordinates": [ 136.579321338551125, 36.483717956321925 ] } },
{ "type": "Feature", "properties": { "バス停": "藤の木", "事業会社": "北鉄白山バス（株）", "系統": "三反田線" }, "geometry": { "type": "Point", "coordinates": [ 136.579323839340219, 36.483679627926982 ] } },
{ "type": "Feature", "properties": { "バス停": "本吉町", "事業会社": "白山市", "系統": "めぐーる中央病院ルート" }, "geometry": { "type": "Point", "coordinates": [ 136.489930631243681, 36.483643583280532 ] } },
{ "type": "Feature", "properties": { "バス停": "福永", "事業会社": "白山市", "系統": "めぐーる南西ルート" }, "geometry": { "type": "Point", "coordinates": [ 136.531118674379115, 36.483505279623223 ] } },
{ "type": "Feature", "properties": { "バス停": "中ノ郷", "事業会社": "白山市", "系統": "めぐーる南ルート" }, "geometry": { "type": "Point", "coordinates": [ 136.585699373077745, 36.483498661099887 ] } },
{ "type": "Feature", "properties": { "バス停": "林公民館前", "事業会社": "白山市", "系統": "めぐーる蔵山・林ルート" }, "geometry": { "type": "Point", "coordinates": [ 136.612862955449344, 36.483444686105749 ] } },
{ "type": "Feature", "properties": { "バス停": "島田", "事業会社": "白山市", "系統": "めぐーる南西ルート" }, "geometry": { "type": "Point", "coordinates": [ 136.556629855185349, 36.483397517153989 ] } },
{ "type": "Feature", "properties": { "バス停": "末正町", "事業会社": "白山市", "系統": "めぐーる中央病院ルート" }, "geometry": { "type": "Point", "coordinates": [ 136.504407258049127, 36.483245624068871 ] } },
{ "type": "Feature", "properties": { "バス停": "湊町", "事業会社": "白山市", "系統": "めぐーる美川・湊ルート" }, "geometry": { "type": "Point", "coordinates": [ 136.47788684909213, 36.48323499321512 ] } },
{ "type": "Feature", "properties": { "バス停": "館畑公民館前", "事業会社": "北鉄白山バス（株）", "系統": "白山線,鶴来線" }, "geometry": { "type": "Point", "coordinates": [ 136.593297898868769, 36.4826383134575 ] } },
{ "type": "Feature", "properties": { "バス停": "加賀産藤の木", "事業会社": "北陸鉄道（株）", "系統": "四十万線,四十万金石線" }, "geometry": { "type": "Point", "coordinates": [ 136.582263324617088, 36.482471232844958 ] } },
{ "type": "Feature", "properties": { "バス停": "加賀産藤の木", "事業会社": "北鉄白山バス（株）・北陸鉄道（株）", "系統": "辰口線" }, "geometry": { "type": "Point", "coordinates": [ 136.582263324617088, 36.482471232844958 ] } },
{ "type": "Feature", "properties": { "バス停": "城南橋", "事業会社": "北鉄白山バス（株）", "系統": "川北線" }, "geometry": { "type": "Point", "coordinates": [ 136.565720129122809, 36.482425007899572 ] } },
{ "type": "Feature", "properties": { "バス停": "荒屋", "事業会社": "白山市", "系統": "めぐーる蔵山・林ルート" }, "geometry": { "type": "Point", "coordinates": [ 136.608738651640863, 36.481397992249718 ] } },
{ "type": "Feature", "properties": { "バス停": "知気寺", "事業会社": "白山市", "系統": "めぐーる蔵山・林ルート" }, "geometry": { "type": "Point", "coordinates": [ 136.604341604235572, 36.481203737317372 ] } },
{ "type": "Feature", "properties": { "バス停": "水島公民館", "事業会社": "白山市", "系統": "めぐーる中央病院ルート" }, "geometry": { "type": "Point", "coordinates": [ 136.520281348690133, 36.481163954605812 ] } },
{ "type": "Feature", "properties": { "バス停": "七原町", "事業会社": "白山市", "系統": "めぐーる南ルート,めぐーる舘畑ルート,めぐーる蔵山・林ルート" }, "geometry": { "type": "Point", "coordinates": [ 136.600114550513467, 36.480768960552297 ] } },
{ "type": "Feature", "properties": { "バス停": "七原町", "事業会社": "北鉄白山バス（株）", "系統": "中宮B線" }, "geometry": { "type": "Point", "coordinates": [ 136.600114550513467, 36.480768960552297 ] } },
{ "type": "Feature", "properties": { "バス停": "七原町", "事業会社": "北陸鉄道（株）", "系統": "額住宅線" }, "geometry": { "type": "Point", "coordinates": [ 136.600114550513467, 36.480768960552297 ] } },
{ "type": "Feature", "properties": { "バス停": "番田", "事業会社": "白山市", "系統": "めぐーる南西ルート" }, "geometry": { "type": "Point", "coordinates": [ 136.528041625491142, 36.48075774364866 ] } },
{ "type": "Feature", "properties": { "バス停": "向島", "事業会社": "白山市", "系統": "めぐーる南ルート" }, "geometry": { "type": "Point", "coordinates": [ 136.579480015421865, 36.48070306654018 ] } },
{ "type": "Feature", "properties": { "バス停": "向島", "事業会社": "北鉄白山バス（株）", "系統": "三反田線" }, "geometry": { "type": "Point", "coordinates": [ 136.579480015421865, 36.48070306654018 ] } },
{ "type": "Feature", "properties": { "バス停": "上安田", "事業会社": "白山市", "系統": "めぐーる南西ルート" }, "geometry": { "type": "Point", "coordinates": [ 136.536063232447589, 36.480470906926051 ] } },
{ "type": "Feature", "properties": { "バス停": "水島", "事業会社": "北鉄白山バス（株）・北陸鉄道（株）", "系統": "松任線・金沢寺井線・千代野線" }, "geometry": { "type": "Point", "coordinates": [ 136.51892268284567, 36.479453045925638 ] } },
{ "type": "Feature", "properties": { "バス停": "寄新保", "事業会社": "北鉄白山バス（株）", "系統": "川北線" }, "geometry": { "type": "Point", "coordinates": [ 136.564856679863709, 36.479101722893482 ] } },
{ "type": "Feature", "properties": { "バス停": "呉竹文庫前", "事業会社": "白山市", "系統": "めぐーる美川・湊ルート" }, "geometry": { "type": "Point", "coordinates": [ 136.478429224477651, 36.478886276369096 ] } },
{ "type": "Feature", "properties": { "バス停": "日向", "事業会社": "北鉄白山バス（株）", "系統": "白山線,鶴来線" }, "geometry": { "type": "Point", "coordinates": [ 136.594307693373736, 36.478290828860622 ] } },
{ "type": "Feature", "properties": { "バス停": "こども広場前", "事業会社": "白山市", "系統": "めぐーる美川・湊ルート" }, "geometry": { "type": "Point", "coordinates": [ 136.475114505205823, 36.478207247719546 ] } },
{ "type": "Feature", "properties": { "バス停": "吉田", "事業会社": "白山市", "系統": "めぐーる南ルート" }, "geometry": { "type": "Point", "coordinates": [ 136.571175836480421, 36.477989312556552 ] } },
{ "type": "Feature", "properties": { "バス停": "矢頃島", "事業会社": "白山市", "系統": "めぐーる南ルート" }, "geometry": { "type": "Point", "coordinates": [ 136.579616754357858, 36.477415999991983 ] } },
{ "type": "Feature", "properties": { "バス停": "矢頃島", "事業会社": "北鉄白山バス（株）", "系統": "三反田線" }, "geometry": { "type": "Point", "coordinates": [ 136.579616754357858, 36.477415999991983 ] } },
{ "type": "Feature", "properties": { "バス停": "湊町5区", "事業会社": "白山市", "系統": "めぐーる美川・湊ルート" }, "geometry": { "type": "Point", "coordinates": [ 136.476637210317108, 36.477180019595203 ] } },
{ "type": "Feature", "properties": { "バス停": "明光一丁目", "事業会社": "白山市", "系統": "めぐーる蔵山・林ルート" }, "geometry": { "type": "Point", "coordinates": [ 136.611693156938799, 36.476955932394283 ] } },
{ "type": "Feature", "properties": { "バス停": "中島口", "事業会社": "北鉄白山バス（株）", "系統": "白山線,鶴来線" }, "geometry": { "type": "Point", "coordinates": [ 136.59489905302911, 36.476879944680675 ] } },
{ "type": "Feature", "properties": { "バス停": "明光四丁目", "事業会社": "白山市", "系統": "めぐーる蔵山・林ルート" }, "geometry": { "type": "Point", "coordinates": [ 136.607703566501186, 36.47659340872827 ] } },
{ "type": "Feature", "properties": { "バス停": "湊町3区", "事業会社": "白山市", "系統": "めぐーる美川・湊ルート" }, "geometry": { "type": "Point", "coordinates": [ 136.478388220482827, 36.476433044354366 ] } },
{ "type": "Feature", "properties": { "バス停": "コア前", "事業会社": "白山市", "系統": "めぐーる南ルート,めぐーる舘畑ルート,めぐーる蔵山・林ルート" }, "geometry": { "type": "Point", "coordinates": [ 136.600813471633927, 36.476379061875107 ] } },
{ "type": "Feature", "properties": { "バス停": "井ノ口", "事業会社": "北鉄白山バス（株）", "系統": "鳥越線,白峰線" }, "geometry": { "type": "Point", "coordinates": [ 136.61457815948512, 36.476296905237461 ] } },
{ "type": "Feature", "properties": { "バス停": "小舞子駅", "事業会社": "白山市", "系統": "めぐーる美川・湊ルート" }, "geometry": { "type": "Point", "coordinates": [ 136.475032372353269, 36.476152555881548 ] } },
{ "type": "Feature", "properties": { "バス停": "日向団地", "事業会社": "北陸鉄道（株）", "系統": "額住宅線" }, "geometry": { "type": "Point", "coordinates": [ 136.600909298472175, 36.475954412230152 ] } },
{ "type": "Feature", "properties": { "バス停": "日向団地", "事業会社": "白山市", "系統": "めぐーる舘畑ルート" }, "geometry": { "type": "Point", "coordinates": [ 136.597297739807658, 36.475908474091746 ] } },
{ "type": "Feature", "properties": { "バス停": "日向団地", "事業会社": "北鉄白山バス（株）", "系統": "中宮B線" }, "geometry": { "type": "Point", "coordinates": [ 136.597297739807658, 36.475908474091746 ] } },
{ "type": "Feature", "properties": { "バス停": "出合島", "事業会社": "白山市", "系統": "めぐーる南西ルート" }, "geometry": { "type": "Point", "coordinates": [ 136.532747380348638, 36.475871423384305 ] } },
{ "type": "Feature", "properties": { "バス停": "湊児童館前", "事業会社": "白山市", "系統": "めぐーる美川・湊ルート" }, "geometry": { "type": "Point", "coordinates": [ 136.477497214821398, 36.475487289206932 ] } },
{ "type": "Feature", "properties": { "バス停": "湊小学校前", "事業会社": "白山市", "系統": "めぐーる美川・湊ルート" }, "geometry": { "type": "Point", "coordinates": [ 136.476307056940271, 36.474726482188018 ] } },
{ "type": "Feature", "properties": { "バス停": "明法島", "事業会社": "白山市", "系統": "めぐーる舘畑ルート" }, "geometry": { "type": "Point", "coordinates": [ 136.592115160496519, 36.474066183282581 ] } },
{ "type": "Feature", "properties": { "バス停": "漆島", "事業会社": "白山市", "系統": "めぐーる南ルート" }, "geometry": { "type": "Point", "coordinates": [ 136.579264083794925, 36.473972320507769 ] } },
{ "type": "Feature", "properties": { "バス停": "漆島", "事業会社": "北鉄白山バス（株）", "系統": "三反田線" }, "geometry": { "type": "Point", "coordinates": [ 136.579264083794925, 36.473972320507769 ] } },
{ "type": "Feature", "properties": { "バス停": "湊町10区", "事業会社": "白山市", "系統": "めぐーる美川・湊ルート" }, "geometry": { "type": "Point", "coordinates": [ 136.474947191796872, 36.47389844950775 ] } },
{ "type": "Feature", "properties": { "バス停": "草深", "事業会社": "北鉄白山バス（株）", "系統": "川北線" }, "geometry": { "type": "Point", "coordinates": [ 136.560173352512379, 36.473594591232825 ] } },
{ "type": "Feature", "properties": { "バス停": "よらんかいねぇ広場前", "事業会社": "白山市", "系統": "めぐーる南ルート,めぐーる舘畑ルート,めぐーる蔵山・林ルート" }, "geometry": { "type": "Point", "coordinates": [ 136.602360833787202, 36.4734040411956 ] } },
{ "type": "Feature", "properties": { "バス停": "名鉄森島", "事業会社": "北鉄白山バス（株）", "系統": "白山線,鶴来線" }, "geometry": { "type": "Point", "coordinates": [ 136.597649947420706, 36.472989243230501 ] } },
{ "type": "Feature", "properties": { "バス停": "湊町十区区民会館前", "事業会社": "白山市", "系統": "めぐーる美川・湊ルート" }, "geometry": { "type": "Point", "coordinates": [ 136.474387554943064, 36.47281079486973 ] } },
{ "type": "Feature", "properties": { "バス停": "名鉄森島台", "事業会社": "白山市", "系統": "めぐーる舘畑ルート" }, "geometry": { "type": "Point", "coordinates": [ 136.59802379995989, 36.472584876693666 ] } },
{ "type": "Feature", "properties": { "バス停": "小柳", "事業会社": "白山市", "系統": "めぐーる蔵山・林ルート" }, "geometry": { "type": "Point", "coordinates": [ 136.616283293623553, 36.472576134046975 ] } },
{ "type": "Feature", "properties": { "バス停": "小柳", "事業会社": "北鉄白山バス（株）", "系統": "鳥越線,白峰線" }, "geometry": { "type": "Point", "coordinates": [ 136.616283293623553, 36.472576134046975 ] } },
{ "type": "Feature", "properties": { "バス停": "木呂場", "事業会社": "北鉄白山バス（株）・北陸鉄道（株）", "系統": "松任線・金沢寺井線・千代野線" }, "geometry": { "type": "Point", "coordinates": [ 136.512363880553266, 36.472169284941131 ] } },
{ "type": "Feature", "properties": { "バス停": "大竹", "事業会社": "白山市", "系統": "めぐーる舘畑ルート" }, "geometry": { "type": "Point", "coordinates": [ 136.594047789982227, 36.472047373606081 ] } },
{ "type": "Feature", "properties": { "バス停": "湊町6区", "事業会社": "白山市", "系統": "めぐーる美川・湊ルート" }, "geometry": { "type": "Point", "coordinates": [ 136.475704710887328, 36.472032682130447 ] } },
{ "type": "Feature", "properties": { "バス停": "山島台中央", "事業会社": "北鉄白山バス（株）", "系統": "三反田線" }, "geometry": { "type": "Point", "coordinates": [ 136.578032852823014, 36.471831208208812 ] } },
{ "type": "Feature", "properties": { "バス停": "加賀産山島台ニュータウン", "事業会社": "北鉄白山バス（株）・北陸鉄道（株）", "系統": "辰口線" }, "geometry": { "type": "Point", "coordinates": [ 136.581730298155549, 36.471797141426727 ] } },
{ "type": "Feature", "properties": { "バス停": "山島台", "事業会社": "白山市", "系統": "めぐーる南ルート" }, "geometry": { "type": "Point", "coordinates": [ 136.577997857076639, 36.471781214489674 ] } },
{ "type": "Feature", "properties": { "バス停": "山島台一丁目", "事業会社": "北陸鉄道（株）", "系統": "四十万線,四十万金石線" }, "geometry": { "type": "Point", "coordinates": [ 136.580319040046277, 36.471632406707315 ] } },
{ "type": "Feature", "properties": { "バス停": "草深南", "事業会社": "北陸鉄道（株）", "系統": "四十万線" }, "geometry": { "type": "Point", "coordinates": [ 136.559340976057427, 36.471576286523089 ] } },
{ "type": "Feature", "properties": { "バス停": "日御子", "事業会社": "白山市", "系統": "めぐーる蔵山・林ルート" }, "geometry": { "type": "Point", "coordinates": [ 136.607386154685486, 36.471520056486554 ] } },
{ "type": "Feature", "properties": { "バス停": "川北小学校前", "事業会社": "北鉄白山バス（株）", "系統": "川北線" }, "geometry": { "type": "Point", "coordinates": [ 136.544222577693944, 36.471388988946764 ] } },
{ "type": "Feature", "properties": { "バス停": "川北小学校前", "事業会社": "北陸鉄道（株）", "系統": "四十万線" }, "geometry": { "type": "Point", "coordinates": [ 136.544222577693944, 36.471388988946764 ] } },
{ "type": "Feature", "properties": { "バス停": "下森島", "事業会社": "白山市", "系統": "めぐーる舘畑ルート" }, "geometry": { "type": "Point", "coordinates": [ 136.59937616990112, 36.471038505039736 ] } },
{ "type": "Feature", "properties": { "バス停": "下森島", "事業会社": "北鉄白山バス（株）", "系統": "白山線,鶴来線" }, "geometry": { "type": "Point", "coordinates": [ 136.59937616990112, 36.471038505039736 ] } },
{ "type": "Feature", "properties": { "バス停": "下森島", "事業会社": "北陸鉄道（株）", "系統": "額住宅線" }, "geometry": { "type": "Point", "coordinates": [ 136.59937616990112, 36.471038505039736 ] } },
{ "type": "Feature", "properties": { "バス停": "山島台四丁目", "事業会社": "北陸鉄道（株）", "系統": "四十万線,四十万金石線" }, "geometry": { "type": "Point", "coordinates": [ 136.576910768602318, 36.470159196802008 ] } },
{ "type": "Feature", "properties": { "バス停": "湊健康増進センター前", "事業会社": "白山市", "系統": "めぐーる美川・湊ルート" }, "geometry": { "type": "Point", "coordinates": [ 136.473421082554779, 36.469745076026044 ] } },
{ "type": "Feature", "properties": { "バス停": "湊町7区", "事業会社": "白山市", "系統": "めぐーる美川・湊ルート" }, "geometry": { "type": "Point", "coordinates": [ 136.47512624429018, 36.469181390063106 ] } },
{ "type": "Feature", "properties": { "バス停": "川北温泉", "事業会社": "北鉄白山バス（株）", "系統": "川北線" }, "geometry": { "type": "Point", "coordinates": [ 136.542631438219047, 36.469065949948863 ] } },
{ "type": "Feature", "properties": { "バス停": "川北温泉", "事業会社": "北陸鉄道（株）", "系統": "四十万線" }, "geometry": { "type": "Point", "coordinates": [ 136.542631438219047, 36.469065949948863 ] } },
{ "type": "Feature", "properties": { "バス停": "壱ツ屋", "事業会社": "北鉄白山バス（株）", "系統": "川北線" }, "geometry": { "type": "Point", "coordinates": [ 136.545381411813139, 36.467889238976106 ] } },
{ "type": "Feature", "properties": { "バス停": "三反田", "事業会社": "北鉄白山バス（株）", "系統": "三反田線" }, "geometry": { "type": "Point", "coordinates": [ 136.575911742080024, 36.467686764896918 ] } },
{ "type": "Feature", "properties": { "バス停": "上森島", "事業会社": "白山市", "系統": "めぐーる舘畑ルート" }, "geometry": { "type": "Point", "coordinates": [ 136.602398387988501, 36.467298378761079 ] } },
{ "type": "Feature", "properties": { "バス停": "上森島", "事業会社": "北鉄白山バス（株）", "系統": "白山線,鶴来線" }, "geometry": { "type": "Point", "coordinates": [ 136.602398387988501, 36.467298378761079 ] } },
{ "type": "Feature", "properties": { "バス停": "上森島", "事業会社": "北陸鉄道（株）", "系統": "額住宅線" }, "geometry": { "type": "Point", "coordinates": [ 136.602398387988501, 36.467298378761079 ] } },
{ "type": "Feature", "properties": { "バス停": "山田先出", "事業会社": "北鉄白山バス（株）", "系統": "川北線" }, "geometry": { "type": "Point", "coordinates": [ 136.547528395511222, 36.467204937838623 ] } },
{ "type": "Feature", "properties": { "バス停": "日御子団地", "事業会社": "白山市", "系統": "めぐーる蔵山・林ルート" }, "geometry": { "type": "Point", "coordinates": [ 136.613443354150036, 36.465688071852227 ] } },
{ "type": "Feature", "properties": { "バス停": "西の村", "事業会社": "白山市", "系統": "めぐーる舘畑ルート" }, "geometry": { "type": "Point", "coordinates": [ 136.604194047681204, 36.465576223654544 ] } },
{ "type": "Feature", "properties": { "バス停": "西の村", "事業会社": "北鉄白山バス（株）", "系統": "白山線,鶴来線,中宮B線" }, "geometry": { "type": "Point", "coordinates": [ 136.604194047681204, 36.465576223654544 ] } },
{ "type": "Feature", "properties": { "バス停": "中島小学校前", "事業会社": "北鉄白山バス（株）", "系統": "三反田線" }, "geometry": { "type": "Point", "coordinates": [ 136.586423882550804, 36.46507660915222 ] } },
{ "type": "Feature", "properties": { "バス停": "吉原釜屋", "事業会社": "能美市", "系統": "⑦循環ルート（根上地区）" }, "geometry": { "type": "Point", "coordinates": [ 136.463763394273144, 36.464903067007022 ] } },
{ "type": "Feature", "properties": { "バス停": "小柳新", "事業会社": "白山市", "系統": "めぐーる蔵山・林ルート" }, "geometry": { "type": "Point", "coordinates": [ 136.616624420699509, 36.464872945141813 ] } },
{ "type": "Feature", "properties": { "バス停": "中島", "事業会社": "北鉄白山バス（株）", "系統": "三反田線" }, "geometry": { "type": "Point", "coordinates": [ 136.588024853460553, 36.464298439928996 ] } },
{ "type": "Feature", "properties": { "バス停": "中村", "事業会社": "白山市", "系統": "めぐーる舘畑ルート" }, "geometry": { "type": "Point", "coordinates": [ 136.608500280661588, 36.462595765529827 ] } },
{ "type": "Feature", "properties": { "バス停": "中村", "事業会社": "北鉄白山バス（株）", "系統": "白山線,鶴来線,中宮B線" }, "geometry": { "type": "Point", "coordinates": [ 136.608500280661588, 36.462595765529827 ] } },
{ "type": "Feature", "properties": { "バス停": "吉原町公民館前", "事業会社": "能美市", "系統": "⑦循環ルート（根上地区）" }, "geometry": { "type": "Point", "coordinates": [ 136.472131538517601, 36.462498592853891 ] } },
{ "type": "Feature", "properties": { "バス停": "福島西", "事業会社": "能美市", "系統": "⑦循環ルート（根上地区）" }, "geometry": { "type": "Point", "coordinates": [ 136.466854358647083, 36.461792326522684 ] } },
{ "type": "Feature", "properties": { "バス停": "中島東", "事業会社": "北鉄白山バス（株）", "系統": "三反田線" }, "geometry": { "type": "Point", "coordinates": [ 136.595410292600633, 36.461418826523143 ] } },
{ "type": "Feature", "properties": { "バス停": "月橋", "事業会社": "白山市", "系統": "めぐーる蔵山・林ルート" }, "geometry": { "type": "Point", "coordinates": [ 136.620896508143005, 36.461049677233959 ] } },
{ "type": "Feature", "properties": { "バス停": "月橋", "事業会社": "北鉄白山バス（株）", "系統": "鳥越線,白峰線" }, "geometry": { "type": "Point", "coordinates": [ 136.620896508143005, 36.461049677233959 ] } },
{ "type": "Feature", "properties": { "バス停": "春の木", "事業会社": "白山市", "系統": "めぐーる舘畑ルート" }, "geometry": { "type": "Point", "coordinates": [ 136.611181138567531, 36.460438917426174 ] } },
{ "type": "Feature", "properties": { "バス停": "春の木", "事業会社": "北鉄白山バス（株）", "系統": "白山線,鶴来線,中宮B線" }, "geometry": { "type": "Point", "coordinates": [ 136.611181138567531, 36.460438917426174 ] } },
{ "type": "Feature", "properties": { "バス停": "藤蔵", "事業会社": "北鉄白山バス（株）", "系統": "三反田線" }, "geometry": { "type": "Point", "coordinates": [ 136.600080936435319, 36.46036469711013 ] } },
{ "type": "Feature", "properties": { "バス停": "福島北", "事業会社": "能美市", "系統": "⑦循環ルート（根上地区）" }, "geometry": { "type": "Point", "coordinates": [ 136.467388235459225, 36.459561240635551 ] } },
{ "type": "Feature", "properties": { "バス停": "山の庄", "事業会社": "北鉄白山バス（株）", "系統": "三反田線" }, "geometry": { "type": "Point", "coordinates": [ 136.608271189697177, 36.459323465000203 ] } },
{ "type": "Feature", "properties": { "バス停": "手取川橋", "事業会社": "北鉄白山バス（株）・北陸鉄道（株）", "系統": "松任線・金沢寺井線・千代野線" }, "geometry": { "type": "Point", "coordinates": [ 136.508352101535593, 36.458145073958384 ] } },
{ "type": "Feature", "properties": { "バス停": "明島台", "事業会社": "白山市", "系統": "めぐーる舘畑ルート,めぐーる蔵山・林ルート" }, "geometry": { "type": "Point", "coordinates": [ 136.614488347167537, 36.457662083046017 ] } },
{ "type": "Feature", "properties": { "バス停": "大浜町会館前", "事業会社": "能美市", "系統": "⑦循環ルート（根上地区）" }, "geometry": { "type": "Point", "coordinates": [ 136.457241372796943, 36.457421621402816 ] } },
{ "type": "Feature", "properties": { "バス停": "鶴来高校・蓬莱荘前", "事業会社": "白山市", "系統": "めぐーる白山ルート,めぐーる舘畑ルート,めぐーる蔵山・林ルート" }, "geometry": { "type": "Point", "coordinates": [ 136.620425249153215, 36.456243696069009 ] } },
{ "type": "Feature", "properties": { "バス停": "白山警察署鶴来庁舎前", "事業会社": "白山市", "系統": "めぐーる白山ルート,めぐーる舘畑ルート,めぐーる蔵山・林ルート" }, "geometry": { "type": "Point", "coordinates": [ 136.623260234137831, 36.45623564319795 ] } },
{ "type": "Feature", "properties": { "バス停": "白山警察署鶴来庁舎前", "事業会社": "北鉄白山バス（株）", "系統": "鶴来線,中宮B線,鳥越線,白峰線" }, "geometry": { "type": "Point", "coordinates": [ 136.623260234137831, 36.45623564319795 ] } },
{ "type": "Feature", "properties": { "バス停": "上清水", "事業会社": "能美市", "系統": "②連携ルート（朝夕・北廻り）,⑨循環ルート（辰口地区西部）" }, "geometry": { "type": "Point", "coordinates": [ 136.527202879148177, 36.455714588149561 ] } },
{ "type": "Feature", "properties": { "バス停": "新村病院", "事業会社": "白山市", "系統": "めぐーる白山ルート,めぐーる舘畑ルート,めぐーる蔵山・林ルート" }, "geometry": { "type": "Point", "coordinates": [ 136.618317987725788, 36.455282154921839 ] } },
{ "type": "Feature", "properties": { "バス停": "赤井", "事業会社": "能美市", "系統": "⑦循環ルート（根上地区）" }, "geometry": { "type": "Point", "coordinates": [ 136.484489550120855, 36.45523992632922 ] } },
{ "type": "Feature", "properties": { "バス停": "能美市立病院", "事業会社": "能美市", "系統": "⑦循環ルート（根上地区）" }, "geometry": { "type": "Point", "coordinates": [ 136.460293663778657, 36.455091271647277 ] } },
{ "type": "Feature", "properties": { "バス停": "出口", "事業会社": "能美市", "系統": "⑥連携ルート（日中）" }, "geometry": { "type": "Point", "coordinates": [ 136.544758924294399, 36.455013109958117 ] } },
{ "type": "Feature", "properties": { "バス停": "出口", "事業会社": "北鉄白山バス（株）", "系統": "川北線" }, "geometry": { "type": "Point", "coordinates": [ 136.544758924294399, 36.455013109958117 ] } },
{ "type": "Feature", "properties": { "バス停": "白山郷公園前", "事業会社": "北鉄白山バス（株）", "系統": "白山線,鶴来線,中宮B線" }, "geometry": { "type": "Point", "coordinates": [ 136.617726665989522, 36.455013856013466 ] } },
{ "type": "Feature", "properties": { "バス停": "下清水", "事業会社": "能美市", "系統": "②連携ルート（朝夕・北廻り）,⑨循環ルート（辰口地区西部）" }, "geometry": { "type": "Point", "coordinates": [ 136.521214663707326, 36.454992461246064 ] } },
{ "type": "Feature", "properties": { "バス停": "岩内東", "事業会社": "能美市", "系統": "②連携ルート（朝夕・北廻り）,④連携ルート（朝夕・特急）,⑥連携ルート（日中）" }, "geometry": { "type": "Point", "coordinates": [ 136.570185604115949, 36.454373634329208 ] } },
{ "type": "Feature", "properties": { "バス停": "岩内", "事業会社": "北鉄白山バス（株）・北陸鉄道（株）", "系統": "辰口線" }, "geometry": { "type": "Point", "coordinates": [ 136.570185604115949, 36.454373634329208 ] } },
{ "type": "Feature", "properties": { "バス停": "粟生東口", "事業会社": "北鉄白山バス（株）・北陸鉄道（株）", "系統": "松任線・金沢寺井線・千代野線" }, "geometry": { "type": "Point", "coordinates": [ 136.50787946246399, 36.45430417880312 ] } },
{ "type": "Feature", "properties": { "バス停": "岩内東", "事業会社": "北鉄白山バス（株）・北陸鉄道（株）", "系統": "辰口線" }, "geometry": { "type": "Point", "coordinates": [ 136.572766201373184, 36.454259540879939 ] } },
{ "type": "Feature", "properties": { "バス停": "はまなすの丘前", "事業会社": "能美市", "系統": "⑦循環ルート（根上地区）" }, "geometry": { "type": "Point", "coordinates": [ 136.454077466404499, 36.45419089999664 ] } },
{ "type": "Feature", "properties": { "バス停": "三ツ口", "事業会社": "能美市", "系統": "②連携ルート（朝夕・北廻り）,③連携ルート（朝夕・南廻り）,⑥連携ルート（日中）" }, "geometry": { "type": "Point", "coordinates": [ 136.578287353871218, 36.454151653193691 ] } },
{ "type": "Feature", "properties": { "バス停": "三ツ口", "事業会社": "北鉄白山バス（株）・北陸鉄道（株）", "系統": "辰口線" }, "geometry": { "type": "Point", "coordinates": [ 136.578287353871218, 36.454151653193691 ] } },
{ "type": "Feature", "properties": { "バス停": "宮竹小学校前", "事業会社": "能美市", "系統": "②連携ルート（朝夕・北廻り）,③連携ルート（朝夕・南廻り）,④連携ルート（朝夕・特急）,⑥連携ルート（日中）" }, "geometry": { "type": "Point", "coordinates": [ 136.584099034898912, 36.454022387924191 ] } },
{ "type": "Feature", "properties": { "バス停": "宮竹小学校前", "事業会社": "北鉄白山バス（株）・北陸鉄道（株）", "系統": "辰口線" }, "geometry": { "type": "Point", "coordinates": [ 136.584099034898912, 36.454022387924191 ] } },
{ "type": "Feature", "properties": { "バス停": "新保", "事業会社": "能美市", "系統": "②連携ルート（朝夕・北廻り）,⑧循環ルート（寺井地区）" }, "geometry": { "type": "Point", "coordinates": [ 136.516339857648859, 36.45394618811833 ] } },
{ "type": "Feature", "properties": { "バス停": "宮竹", "事業会社": "能美市", "系統": "②連携ルート（朝夕・北廻り）,③連携ルート（朝夕・南廻り）,⑥連携ルート（日中）,⑩さとやまルート" }, "geometry": { "type": "Point", "coordinates": [ 136.588831356807418, 36.45348788180317 ] } },
{ "type": "Feature", "properties": { "バス停": "宮竹", "事業会社": "北鉄白山バス（株）・北陸鉄道（株）", "系統": "辰口線" }, "geometry": { "type": "Point", "coordinates": [ 136.588831356807418, 36.45348788180317 ] } },
{ "type": "Feature", "properties": { "バス停": "加賀産岩内", "事業会社": "北鉄白山バス（株）・北陸鉄道（株）", "系統": "辰口線" }, "geometry": { "type": "Point", "coordinates": [ 136.572706504649943, 36.453349953535131 ] } },
{ "type": "Feature", "properties": { "バス停": "ファミール大浜", "事業会社": "能美市", "系統": "⑦循環ルート（根上地区）" }, "geometry": { "type": "Point", "coordinates": [ 136.458400189618288, 36.453339070540054 ] } },
{ "type": "Feature", "properties": { "バス停": "粟生中", "事業会社": "能美市", "系統": "⑧循環ルート（寺井地区）" }, "geometry": { "type": "Point", "coordinates": [ 136.505482437143513, 36.453171354138952 ] } },
{ "type": "Feature", "properties": { "バス停": "粟生東", "事業会社": "能美市", "系統": "②連携ルート（朝夕・北廻り）,⑧循環ルート（寺井地区）" }, "geometry": { "type": "Point", "coordinates": [ 136.508624165803013, 36.453121629281455 ] } },
{ "type": "Feature", "properties": { "バス停": "倉重", "事業会社": "北鉄白山バス（株）", "系統": "川北線" }, "geometry": { "type": "Point", "coordinates": [ 136.543529414216579, 36.453067532193153 ] } },
{ "type": "Feature", "properties": { "バス停": "火釜", "事業会社": "能美市", "系統": "②連携ルート（朝夕・北廻り）,⑥連携ルート（日中）" }, "geometry": { "type": "Point", "coordinates": [ 136.560577627970446, 36.45306614512905 ] } },
{ "type": "Feature", "properties": { "バス停": "火釜", "事業会社": "北鉄白山バス（株）・北陸鉄道（株）", "系統": "辰口線" }, "geometry": { "type": "Point", "coordinates": [ 136.560577627970446, 36.45306614512905 ] } },
{ "type": "Feature", "properties": { "バス停": "山田", "事業会社": "能美市", "系統": "②連携ルート（朝夕・北廻り）,⑥連携ルート（日中）" }, "geometry": { "type": "Point", "coordinates": [ 136.553584386665165, 36.453031338931851 ] } },
{ "type": "Feature", "properties": { "バス停": "山田", "事業会社": "北鉄白山バス（株）・北陸鉄道（株）", "系統": "辰口線" }, "geometry": { "type": "Point", "coordinates": [ 136.553584386665165, 36.453031338931851 ] } },
{ "type": "Feature", "properties": { "バス停": "三ツ屋", "事業会社": "能美市", "系統": "②連携ルート（朝夕・北廻り）,⑥連携ルート（日中）" }, "geometry": { "type": "Point", "coordinates": [ 136.549381175166928, 36.452827428954294 ] } },
{ "type": "Feature", "properties": { "バス停": "三ツ屋", "事業会社": "北鉄白山バス（株）・北陸鉄道（株）", "系統": "辰口線" }, "geometry": { "type": "Point", "coordinates": [ 136.549381175166928, 36.452827428954294 ] } },
{ "type": "Feature", "properties": { "バス停": "宮竹東", "事業会社": "能美市", "系統": "②連携ルート（朝夕・北廻り）,③連携ルート（朝夕・南廻り）,⑥連携ルート（日中）" }, "geometry": { "type": "Point", "coordinates": [ 136.594043355619135, 36.452722864743571 ] } },
{ "type": "Feature", "properties": { "バス停": "鶴来支所前", "事業会社": "白山市", "系統": "めぐーる白山ルート,めぐーる舘畑ルート,めぐーる蔵山・林ルート" }, "geometry": { "type": "Point", "coordinates": [ 136.624998727915909, 36.452625042283188 ] } },
{ "type": "Feature", "properties": { "バス停": "鶴来支所前", "事業会社": "北鉄白山バス（株）", "系統": "鳥越線,白峰線" }, "geometry": { "type": "Point", "coordinates": [ 136.624998727915909, 36.452625042283188 ] } },
{ "type": "Feature", "properties": { "バス停": "来丸", "事業会社": "能美市", "系統": "②連携ルート（朝夕・北廻り）,⑥連携ルート（日中）" }, "geometry": { "type": "Point", "coordinates": [ 136.556606624590415, 36.452539498359066 ] } },
{ "type": "Feature", "properties": { "バス停": "来丸", "事業会社": "北鉄白山バス（株）・北陸鉄道（株）", "系統": "辰口線" }, "geometry": { "type": "Point", "coordinates": [ 136.556606624590415, 36.452539498359066 ] } },
{ "type": "Feature", "properties": { "バス停": "鶴来駅", "事業会社": "能美市", "系統": "②連携ルート（朝夕・北廻り）,⑩さとやまルート" }, "geometry": { "type": "Point", "coordinates": [ 136.623936338054108, 36.452521728376169 ] } },
{ "type": "Feature", "properties": { "バス停": "鶴来駅", "事業会社": "北鉄白山バス（株）", "系統": "白山線,鶴来線,中宮B線,鳥越線,白峰線,河原山線" }, "geometry": { "type": "Point", "coordinates": [ 136.623936338054108, 36.452521728376169 ] } },
{ "type": "Feature", "properties": { "バス停": "中町会館前", "事業会社": "能美市", "系統": "⑦循環ルート（根上地区）" }, "geometry": { "type": "Point", "coordinates": [ 136.452677864980757, 36.452482094620102 ] } },
{ "type": "Feature", "properties": { "バス停": "鶴来駅前", "事業会社": "白山市", "系統": "めぐーる白山ルート,めぐーる舘畑ルート,めぐーる蔵山・林ルート,めぐーるつるぎ病院ルート" }, "geometry": { "type": "Point", "coordinates": [ 136.62397605735373, 36.452463958493304 ] } },
{ "type": "Feature", "properties": { "バス停": "能美根上駅", "事業会社": "能美市", "系統": "①観光ルート【土日祝日】,②連携ルート（朝夕・北廻り）,③連携ルート（朝夕・南廻り）,④連携ルート（朝夕・特急）,⑤連携ルート（朝・寺井高校）,⑥連携ルート（日中）,⑦循環ルート（根上地区）" }, "geometry": { "type": "Point", "coordinates": [ 136.459970909664548, 36.452345129138791 ] } },
{ "type": "Feature", "properties": { "バス停": "灯台笹", "事業会社": "能美市", "系統": "②連携ルート（朝夕・北廻り）,⑩さとやまルート" }, "geometry": { "type": "Point", "coordinates": [ 136.603830695035271, 36.452032667369053 ] } },
{ "type": "Feature", "properties": { "バス停": "辰口図書館前", "事業会社": "能美市", "系統": "②連携ルート（朝夕・北廻り）,⑥連携ルート（日中）" }, "geometry": { "type": "Point", "coordinates": [ 136.54421049613606, 36.451781339728079 ] } },
{ "type": "Feature", "properties": { "バス停": "北市", "事業会社": "能美市", "系統": "②連携ルート（朝夕・北廻り）,⑨循環ルート（辰口地区西部）" }, "geometry": { "type": "Point", "coordinates": [ 136.530013849876582, 36.451474477233909 ] } },
{ "type": "Feature", "properties": { "バス停": "莇生", "事業会社": "能美市", "系統": "⑥連携ルート（日中）" }, "geometry": { "type": "Point", "coordinates": [ 136.570822849091257, 36.450966637572911 ] } },
{ "type": "Feature", "properties": { "バス停": "岩本", "事業会社": "能美市", "系統": "②連携ルート（朝夕・北廻り）,⑩さとやまルート" }, "geometry": { "type": "Point", "coordinates": [ 136.609828984406334, 36.450875748860135 ] } },
{ "type": "Feature", "properties": { "バス停": "吉光", "事業会社": "能美市", "系統": "⑧循環ルート（寺井地区）" }, "geometry": { "type": "Point", "coordinates": [ 136.498988771793023, 36.450815582033457 ] } },
{ "type": "Feature", "properties": { "バス停": "根上郵便局", "事業会社": "能美市", "系統": "②連携ルート（朝夕・北廻り）,③連携ルート（朝夕・南廻り）,⑤連携ルート（朝・寺井高校）,⑥連携ルート（日中）,⑦循環ルート（根上地区）" }, "geometry": { "type": "Point", "coordinates": [ 136.461904697794637, 36.450744675939291 ] } },
{ "type": "Feature", "properties": { "バス停": "アルビス辰口店前", "事業会社": "能美市", "系統": "④連携ルート（朝夕・特急）,⑥連携ルート（日中）" }, "geometry": { "type": "Point", "coordinates": [ 136.547562850874954, 36.450744353454198 ] } },
{ "type": "Feature", "properties": { "バス停": "辰口", "事業会社": "北鉄加賀バス（株）", "系統": "佐野線" }, "geometry": { "type": "Point", "coordinates": [ 136.544812967599512, 36.450688450969466 ] } },
{ "type": "Feature", "properties": { "バス停": "辰口", "事業会社": "北鉄白山バス（株）", "系統": "佐野線,川北線" }, "geometry": { "type": "Point", "coordinates": [ 136.544812967599512, 36.450688450969466 ] } },
{ "type": "Feature", "properties": { "バス停": "辰口", "事業会社": "北鉄白山バス（株）・北陸鉄道（株）", "系統": "辰口線" }, "geometry": { "type": "Point", "coordinates": [ 136.544812967599512, 36.450688450969466 ] } },
{ "type": "Feature", "properties": { "バス停": "鶴来本町四丁目", "事業会社": "白山市", "系統": "めぐーる舘畑ルート,めぐーる蔵山・林ルート" }, "geometry": { "type": "Point", "coordinates": [ 136.624373836210992, 36.450300926196249 ] } },
{ "type": "Feature", "properties": { "バス停": "本鶴来", "事業会社": "白山市", "系統": "めぐーる白山ルート" }, "geometry": { "type": "Point", "coordinates": [ 136.623146189521748, 36.450060408734664 ] } },
{ "type": "Feature", "properties": { "バス停": "本鶴来", "事業会社": "北鉄白山バス（株）", "系統": "白山線,鶴来線" }, "geometry": { "type": "Point", "coordinates": [ 136.623146189521748, 36.450060408734664 ] } },
{ "type": "Feature", "properties": { "バス停": "西任田", "事業会社": "能美市", "系統": "⑦循環ルート（根上地区）" }, "geometry": { "type": "Point", "coordinates": [ 136.487023412842404, 36.449765675929591 ] } },
{ "type": "Feature", "properties": { "バス停": "金劔宮前", "事業会社": "白山市", "系統": "めぐーる白山ルート" }, "geometry": { "type": "Point", "coordinates": [ 136.629895781981929, 36.449458525699754 ] } },
{ "type": "Feature", "properties": { "バス停": "徳久", "事業会社": "能美市", "系統": "②連携ルート（朝夕・北廻り）,⑨循環ルート（辰口地区西部）" }, "geometry": { "type": "Point", "coordinates": [ 136.525589379464463, 36.449410670976505 ] } },
{ "type": "Feature", "properties": { "バス停": "根上サービスセンター前", "事業会社": "能美市", "系統": "⑦循環ルート（根上地区）" }, "geometry": { "type": "Point", "coordinates": [ 136.457172234563416, 36.449320226586636 ] } },
{ "type": "Feature", "properties": { "バス停": "根上ショッピングタウン", "事業会社": "能美市", "系統": "②連携ルート（朝夕・北廻り）,③連携ルート（朝夕・南廻り）,⑤連携ルート（朝・寺井高校）,⑥連携ルート（日中）,⑦循環ルート（根上地区）" }, "geometry": { "type": "Point", "coordinates": [ 136.465168153741303, 36.449182727244285 ] } },
{ "type": "Feature", "properties": { "バス停": "東任田", "事業会社": "能美市", "系統": "⑧循環ルート（寺井地区）" }, "geometry": { "type": "Point", "coordinates": [ 136.494806854902691, 36.44897684561122 ] } },
{ "type": "Feature", "properties": { "バス停": "大成東部", "事業会社": "能美市", "系統": "②連携ルート（朝夕・北廻り）,③連携ルート（朝夕・南廻り）,⑤連携ルート（朝・寺井高校）,⑥連携ルート（日中）,⑦循環ルート（根上地区）" }, "geometry": { "type": "Point", "coordinates": [ 136.467694704541685, 36.448636426925553 ] } },
{ "type": "Feature", "properties": { "バス停": "大国町", "事業会社": "白山市", "系統": "めぐーる白山ルート,めぐーる舘畑ルート,めぐーる蔵山・林ルート,めぐーるつるぎ病院ルート" }, "geometry": { "type": "Point", "coordinates": [ 136.624941035516116, 36.448431186354284 ] } },
{ "type": "Feature", "properties": { "バス停": "大国町", "事業会社": "北鉄白山バス（株）", "系統": "白山線,鶴来線,河原山線" }, "geometry": { "type": "Point", "coordinates": [ 136.624941035516116, 36.448431186354284 ] } },
{ "type": "Feature", "properties": { "バス停": "朝日公民館", "事業会社": "白山市", "系統": "めぐーる白山ルート" }, "geometry": { "type": "Point", "coordinates": [ 136.632669400597479, 36.448392558337034 ] } },
{ "type": "Feature", "properties": { "バス停": "上開発", "事業会社": "能美市", "系統": "②連携ルート（朝夕・北廻り）,⑨循環ルート（辰口地区西部）" }, "geometry": { "type": "Point", "coordinates": [ 136.539025381068399, 36.448246941985346 ] } },
{ "type": "Feature", "properties": { "バス停": "福岡", "事業会社": "能美市", "系統": "②連携ルート（朝夕・北廻り）,③連携ルート（朝夕・南廻り）,⑤連携ルート（朝・寺井高校）,⑥連携ルート（日中）" }, "geometry": { "type": "Point", "coordinates": [ 136.473288057618646, 36.448038005330936 ] } },
{ "type": "Feature", "properties": { "バス停": "文化会館", "事業会社": "能美市", "系統": "⑦循環ルート（根上地区）" }, "geometry": { "type": "Point", "coordinates": [ 136.463779613904904, 36.447984082715742 ] } },
{ "type": "Feature", "properties": { "バス停": "鶴来本町", "事業会社": "白山市", "系統": "めぐーるつるぎ病院ルート" }, "geometry": { "type": "Point", "coordinates": [ 136.626851124729001, 36.447893756623365 ] } },
{ "type": "Feature", "properties": { "バス停": "鶴来本町", "事業会社": "能美市", "系統": "⑩さとやまルート" }, "geometry": { "type": "Point", "coordinates": [ 136.626851124729001, 36.447893756623365 ] } },
{ "type": "Feature", "properties": { "バス停": "鶴来本町", "事業会社": "北鉄白山バス（株）", "系統": "白山線,中宮B線,鳥越線,白峰線,河原山線" }, "geometry": { "type": "Point", "coordinates": [ 136.626851124729001, 36.447893756623365 ] } },
{ "type": "Feature", "properties": { "バス停": "つるぎ病院前", "事業会社": "白山市", "系統": "めぐーる白山ルート,めぐーる舘畑ルート,めぐーる蔵山・林ルート,めぐーるつるぎ病院ルート" }, "geometry": { "type": "Point", "coordinates": [ 136.622800158821121, 36.447820722088586 ] } },
{ "type": "Feature", "properties": { "バス停": "つるぎ病院前", "事業会社": "北鉄白山バス（株）", "系統": "白山線,河原山線" }, "geometry": { "type": "Point", "coordinates": [ 136.622800158821121, 36.447820722088586 ] } },
{ "type": "Feature", "properties": { "バス停": "浜小学校前", "事業会社": "能美市", "系統": "⑦循環ルート（根上地区）" }, "geometry": { "type": "Point", "coordinates": [ 136.459422319666686, 36.447662756574232 ] } },
{ "type": "Feature", "properties": { "バス停": "レッツ", "事業会社": "白山市", "系統": "めぐーる白山ルート,めぐーる舘畑ルート,めぐーる蔵山・林ルート" }, "geometry": { "type": "Point", "coordinates": [ 136.627900746596907, 36.447388269795304 ] } },
{ "type": "Feature", "properties": { "バス停": "能美市役所", "事業会社": "能美市", "系統": "⑥連携ルート（日中）" }, "geometry": { "type": "Point", "coordinates": [ 136.553198279611479, 36.447383779196429 ] } },
{ "type": "Feature", "properties": { "バス停": "高座", "事業会社": "能美市", "系統": "⑨循環ルート（辰口地区西部）" }, "geometry": { "type": "Point", "coordinates": [ 136.5208962689413, 36.447271563565025 ] } },
{ "type": "Feature", "properties": { "バス停": "秋常", "事業会社": "能美市", "系統": "⑧循環ルート（寺井地区）" }, "geometry": { "type": "Point", "coordinates": [ 136.516588894738817, 36.446910519010878 ] } },
{ "type": "Feature", "properties": { "バス停": "三道山", "事業会社": "能美市", "系統": "⑧循環ルート（寺井地区）" }, "geometry": { "type": "Point", "coordinates": [ 136.505999501362226, 36.446881462337686 ] } },
{ "type": "Feature", "properties": { "バス停": "浜町公民館", "事業会社": "能美市", "系統": "⑦循環ルート（根上地区）" }, "geometry": { "type": "Point", "coordinates": [ 136.454536357346086, 36.446635062316133 ] } },
{ "type": "Feature", "properties": { "バス停": "寺井高校", "事業会社": "能美市", "系統": "②連携ルート（朝夕・北廻り）,③連携ルート（朝夕・南廻り）,⑤連携ルート（朝・寺井高校）" }, "geometry": { "type": "Point", "coordinates": [ 136.497260375435417, 36.446296639659536 ] } },
{ "type": "Feature", "properties": { "バス停": "下開発", "事業会社": "能美市", "系統": "②連携ルート（朝夕・北廻り）,⑨循環ルート（辰口地区西部）" }, "geometry": { "type": "Point", "coordinates": [ 136.53273468178611, 36.446146186094424 ] } },
{ "type": "Feature", "properties": { "バス停": "福岡南", "事業会社": "能美市", "系統": "⑦循環ルート（根上地区）" }, "geometry": { "type": "Point", "coordinates": [ 136.473104211997907, 36.446056027584682 ] } },
{ "type": "Feature", "properties": { "バス停": "中庄", "事業会社": "能美市", "系統": "②連携ルート（朝夕・北廻り）,③連携ルート（朝夕・南廻り）,⑤連携ルート（朝・寺井高校）,⑥連携ルート（日中）" }, "geometry": { "type": "Point", "coordinates": [ 136.477736484877028, 36.445892974248416 ] } },
{ "type": "Feature", "properties": { "バス停": "白山青年の家前", "事業会社": "白山市", "系統": "めぐーる白山ルート,めぐーるつるぎ病院ルート" }, "geometry": { "type": "Point", "coordinates": [ 136.629111758452012, 36.44579266011376 ] } },
{ "type": "Feature", "properties": { "バス停": "白山青年の家前", "事業会社": "北鉄白山バス（株）", "系統": "白山線,中宮B線,鳥越線,白峰線,河原山線" }, "geometry": { "type": "Point", "coordinates": [ 136.629111758452012, 36.44579266011376 ] } },
{ "type": "Feature", "properties": { "バス停": "緑町", "事業会社": "能美市", "系統": "⑧循環ルート（寺井地区）" }, "geometry": { "type": "Point", "coordinates": [ 136.495818252404689, 36.445760464445016 ] } },
{ "type": "Feature", "properties": { "バス停": "大学院口", "事業会社": "北鉄白山バス（株）・北陸鉄道（株）", "系統": "辰口線" }, "geometry": { "type": "Point", "coordinates": [ 136.591887062443476, 36.445751278818761 ] } },
{ "type": "Feature", "properties": { "バス停": "九谷町", "事業会社": "能美市", "系統": "⑧循環ルート（寺井地区）" }, "geometry": { "type": "Point", "coordinates": [ 136.502005072646909, 36.445730733258465 ] } },
{ "type": "Feature", "properties": { "バス停": "末寺", "事業会社": "能美市", "系統": "⑧循環ルート（寺井地区）" }, "geometry": { "type": "Point", "coordinates": [ 136.511260805785327, 36.445622878522002 ] } },
{ "type": "Feature", "properties": { "バス停": "長滝", "事業会社": "能美市", "系統": "⑩さとやまルート" }, "geometry": { "type": "Point", "coordinates": [ 136.580158219087139, 36.445564320408756 ] } },
{ "type": "Feature", "properties": { "バス停": "西二口", "事業会社": "能美市", "系統": "⑦循環ルート（根上地区）" }, "geometry": { "type": "Point", "coordinates": [ 136.46971687183472, 36.445535395908863 ] } },
{ "type": "Feature", "properties": { "バス停": "中庄公民館", "事業会社": "能美市", "系統": "⑦循環ルート（根上地区）" }, "geometry": { "type": "Point", "coordinates": [ 136.478058705685584, 36.445141170933582 ] } },
{ "type": "Feature", "properties": { "バス停": "浜開発", "事業会社": "能美市", "系統": "⑦循環ルート（根上地区）" }, "geometry": { "type": "Point", "coordinates": [ 136.457410272424255, 36.445137332005864 ] } },
{ "type": "Feature", "properties": { "バス停": "辰口温泉", "事業会社": "北鉄加賀バス（株）", "系統": "佐野線" }, "geometry": { "type": "Point", "coordinates": [ 136.5454695824954, 36.445047841992817 ] } },
{ "type": "Feature", "properties": { "バス停": "辰口温泉", "事業会社": "北鉄白山バス（株）", "系統": "佐野線,川北線" }, "geometry": { "type": "Point", "coordinates": [ 136.5454695824954, 36.445047841992817 ] } },
{ "type": "Feature", "properties": { "バス停": "辰口温泉", "事業会社": "北鉄白山バス（株）・北陸鉄道（株）", "系統": "辰口線" }, "geometry": { "type": "Point", "coordinates": [ 136.5454695824954, 36.445047841992817 ] } },
{ "type": "Feature", "properties": { "バス停": "緑ケ丘1丁目", "事業会社": "北鉄加賀バス（株）", "系統": "佐野線" }, "geometry": { "type": "Point", "coordinates": [ 136.542132332476342, 36.444745568475781 ] } },
{ "type": "Feature", "properties": { "バス停": "緑が丘1丁目", "事業会社": "能美市", "系統": "③連携ルート（朝夕・南廻り）,⑥連携ルート（日中）" }, "geometry": { "type": "Point", "coordinates": [ 136.542132332476342, 36.444745568475781 ] } },
{ "type": "Feature", "properties": { "バス停": "緑が丘一丁目", "事業会社": "北鉄白山バス（株）・北陸鉄道（株）", "系統": "辰口線" }, "geometry": { "type": "Point", "coordinates": [ 136.542132332476342, 36.444745568475781 ] } },
{ "type": "Feature", "properties": { "バス停": "緑が丘一丁目", "事業会社": "北鉄白山バス（株）", "系統": "佐野線,川北線" }, "geometry": { "type": "Point", "coordinates": [ 136.542328692123476, 36.444718633002985 ] } },
{ "type": "Feature", "properties": { "バス停": "能美警察署前", "事業会社": "能美市", "系統": "⑧循環ルート（寺井地区）" }, "geometry": { "type": "Point", "coordinates": [ 136.506104825219893, 36.444705948247709 ] } },
{ "type": "Feature", "properties": { "バス停": "荒屋", "事業会社": "能美市", "系統": "②連携ルート（朝夕・北廻り）,⑨循環ルート（辰口地区西部）" }, "geometry": { "type": "Point", "coordinates": [ 136.526077820322058, 36.44469829225114 ] } },
{ "type": "Feature", "properties": { "バス停": "辰口福祉会館", "事業会社": "能美市", "系統": "⑥連携ルート（日中）,⑨循環ルート（辰口地区西部）,⑩さとやまルート" }, "geometry": { "type": "Point", "coordinates": [ 136.54815395888312, 36.4446990623955 ] } },
{ "type": "Feature", "properties": { "バス停": "寺井史跡公園前", "事業会社": "北鉄加賀バス（株）", "系統": "小杉線,寺井長田線" }, "geometry": { "type": "Point", "coordinates": [ 136.505432091921307, 36.444678117524163 ] } },
{ "type": "Feature", "properties": { "バス停": "寺井史跡公園前", "事業会社": "能美市", "系統": "②連携ルート（朝夕・北廻り）,④連携ルート（朝夕・特急）" }, "geometry": { "type": "Point", "coordinates": [ 136.505432091921307, 36.444678117524163 ] } },
{ "type": "Feature", "properties": { "バス停": "寺井史跡公園前", "事業会社": "北鉄白山バス（株）・北陸鉄道（株）", "系統": "松任線・金沢寺井線・千代野線" }, "geometry": { "type": "Point", "coordinates": [ 136.505432091921307, 36.444678117524163 ] } },
{ "type": "Feature", "properties": { "バス停": "石川県ふれあい昆虫館前", "事業会社": "白山市", "系統": "めぐーる白山ルート" }, "geometry": { "type": "Point", "coordinates": [ 136.633602693446221, 36.444628929813248 ] } },
{ "type": "Feature", "properties": { "バス停": "浜町南", "事業会社": "能美市", "系統": "⑦循環ルート（根上地区）" }, "geometry": { "type": "Point", "coordinates": [ 136.450245928852553, 36.444511160030849 ] } },
{ "type": "Feature", "properties": { "バス停": "寺井鉄工団地", "事業会社": "能美市", "系統": "②連携ルート（朝夕・北廻り）" }, "geometry": { "type": "Point", "coordinates": [ 136.498273126767998, 36.444205081705071 ] } },
{ "type": "Feature", "properties": { "バス停": "寺井北口", "事業会社": "北鉄加賀バス（株）", "系統": "寺井長田線" }, "geometry": { "type": "Point", "coordinates": [ 136.495206934161587, 36.44400871287835 ] } },
{ "type": "Feature", "properties": { "バス停": "ブックメイト・フルールとくひさ", "事業会社": "能美市", "系統": "②連携ルート（朝夕・北廻り）,③連携ルート（朝夕・南廻り）,⑤連携ルート（朝・寺井高校）,⑥連携ルート（日中）,⑧循環ルート（寺井地区）" }, "geometry": { "type": "Point", "coordinates": [ 136.494250326527492, 36.443945849150808 ] } },
{ "type": "Feature", "properties": { "バス停": "能美ふるさとミュージアム", "事業会社": "能美市", "系統": "①観光ルート【土日祝日】,⑥連携ルート（日中）" }, "geometry": { "type": "Point", "coordinates": [ 136.506454802271094, 36.443928584628992 ] } },
{ "type": "Feature", "properties": { "バス停": "先端大学前", "事業会社": "能美市", "系統": "⑩さとやまルート" }, "geometry": { "type": "Point", "coordinates": [ 136.590873874246881, 36.443757352669124 ] } },
{ "type": "Feature", "properties": { "バス停": "マリータウン", "事業会社": "能美市", "系統": "②連携ルート（朝夕・北廻り）,③連携ルート（朝夕・南廻り）,⑤連携ルート（朝・寺井高校）,⑥連携ルート（日中）,⑧循環ルート（寺井地区）" }, "geometry": { "type": "Point", "coordinates": [ 136.490159469325903, 36.443658540832246 ] } },
{ "type": "Feature", "properties": { "バス停": "北陸先端科学技術大学院大学", "事業会社": "北鉄白山バス（株）・北陸鉄道（株）", "系統": "辰口線" }, "geometry": { "type": "Point", "coordinates": [ 136.590978313502404, 36.443488222935834 ] } },
{ "type": "Feature", "properties": { "バス停": "五間堂", "事業会社": "能美市", "系統": "②連携ルート（朝夕・北廻り）,③連携ルート（朝夕・南廻り）,⑤連携ルート（朝・寺井高校）,⑥連携ルート（日中）,⑦循環ルート（根上地区）" }, "geometry": { "type": "Point", "coordinates": [ 136.485864736453721, 36.44341759566359 ] } },
{ "type": "Feature", "properties": { "バス停": "緑が丘3丁目", "事業会社": "能美市", "系統": "③連携ルート（朝夕・南廻り）,⑥連携ルート（日中）" }, "geometry": { "type": "Point", "coordinates": [ 136.539359145707721, 36.44339705497346 ] } },
{ "type": "Feature", "properties": { "バス停": "辰口福祉会館下", "事業会社": "能美市", "系統": "⑥連携ルート（日中）,⑨循環ルート（辰口地区西部）,⑩さとやまルート" }, "geometry": { "type": "Point", "coordinates": [ 136.547540455549807, 36.443356448778701 ] } },
{ "type": "Feature", "properties": { "バス停": "下ノ江北", "事業会社": "能美市", "系統": "⑦循環ルート（根上地区）" }, "geometry": { "type": "Point", "coordinates": [ 136.455650219089705, 36.443034218656116 ] } },
{ "type": "Feature", "properties": { "バス停": "先端大学", "事業会社": "能美市", "系統": "②連携ルート（朝夕・北廻り）,③連携ルート（朝夕・南廻り）,⑥連携ルート（日中）" }, "geometry": { "type": "Point", "coordinates": [ 136.591325787380185, 36.443040511264023 ] } },
{ "type": "Feature", "properties": { "バス停": "緑ケ丘4丁目", "事業会社": "北鉄加賀バス（株）", "系統": "佐野線" }, "geometry": { "type": "Point", "coordinates": [ 136.537894080287543, 36.442689605453765 ] } },
{ "type": "Feature", "properties": { "バス停": "緑が丘四丁目", "事業会社": "北鉄白山バス（株）", "系統": "佐野線,川北線" }, "geometry": { "type": "Point", "coordinates": [ 136.537894080287543, 36.442689605453765 ] } },
{ "type": "Feature", "properties": { "バス停": "緑が丘四丁目", "事業会社": "北鉄白山バス（株）・北陸鉄道（株）", "系統": "辰口線" }, "geometry": { "type": "Point", "coordinates": [ 136.537894080287543, 36.442689605453765 ] } },
{ "type": "Feature", "properties": { "バス停": "辰口丘陵公園口", "事業会社": "北鉄白山バス（株）・北陸鉄道（株）", "系統": "辰口線" }, "geometry": { "type": "Point", "coordinates": [ 136.544866125428342, 36.442646194034623 ] } },
{ "type": "Feature", "properties": { "バス停": "辰口丘陵公園口", "事業会社": "北鉄白山バス（株）", "系統": "佐野線,川北線" }, "geometry": { "type": "Point", "coordinates": [ 136.544866125428342, 36.442646194034623 ] } },
{ "type": "Feature", "properties": { "バス停": "辰口丘陵公園口", "事業会社": "北鉄加賀バス（株）", "系統": "佐野線" }, "geometry": { "type": "Point", "coordinates": [ 136.544866125428342, 36.442646194034623 ] } },
{ "type": "Feature", "properties": { "バス停": "辰口温泉口", "事業会社": "北鉄白山バス（株）・北陸鉄道（株）", "系統": "辰口線" }, "geometry": { "type": "Point", "coordinates": [ 136.545551861860417, 36.442542059978635 ] } },
{ "type": "Feature", "properties": { "バス停": "辰口温泉口", "事業会社": "能美市", "系統": "①観光ルート【土日祝日】,③連携ルート（朝夕・南廻り）,④連携ルート（朝夕・特急）,⑥連携ルート（日中）,⑨循環ルート（辰口地区西部）" }, "geometry": { "type": "Point", "coordinates": [ 136.545551861860417, 36.442542059978635 ] } },
{ "type": "Feature", "properties": { "バス停": "緑が丘コミュニティセンター", "事業会社": "能美市", "系統": "③連携ルート（朝夕・南廻り）,④連携ルート（朝夕・特急）,⑥連携ルート（日中）,⑨循環ルート（辰口地区西部）" }, "geometry": { "type": "Point", "coordinates": [ 136.537445532745693, 36.442492118393233 ] } },
{ "type": "Feature", "properties": { "バス停": "湯屋", "事業会社": "能美市", "系統": "⑨循環ルート（辰口地区西部）" }, "geometry": { "type": "Point", "coordinates": [ 136.552972100138021, 36.442365283574667 ] } },
{ "type": "Feature", "properties": { "バス停": "今町", "事業会社": "白山市", "系統": "めぐーる白山ルート,めぐーるつるぎ病院ルート" }, "geometry": { "type": "Point", "coordinates": [ 136.630704163460706, 36.442360904010158 ] } },
{ "type": "Feature", "properties": { "バス停": "今町", "事業会社": "北鉄白山バス（株）", "系統": "白山線,中宮B線,鳥越線,白峰線,河原山線" }, "geometry": { "type": "Point", "coordinates": [ 136.630704163460706, 36.442360904010158 ] } },
{ "type": "Feature", "properties": { "バス停": "辰口ショッピング前", "事業会社": "能美市", "系統": "③連携ルート（朝夕・南廻り）,⑨循環ルート（辰口地区西部）" }, "geometry": { "type": "Point", "coordinates": [ 136.546767802519526, 36.442356562405571 ] } },
{ "type": "Feature", "properties": { "バス停": "芳珠記念病院", "事業会社": "能美市", "系統": "⑥連携ルート（日中）,⑨循環ルート（辰口地区西部）" }, "geometry": { "type": "Point", "coordinates": [ 136.536541767650959, 36.441892725861713 ] } },
{ "type": "Feature", "properties": { "バス停": "道林", "事業会社": "能美市", "系統": "⑦循環ルート（根上地区）" }, "geometry": { "type": "Point", "coordinates": [ 136.446261083406569, 36.441831025832052 ] } },
{ "type": "Feature", "properties": { "バス停": "G-Hills前", "事業会社": "能美市", "系統": "③連携ルート（朝夕・南廻り）,⑥連携ルート（日中）,⑨循環ルート（辰口地区西部）" }, "geometry": { "type": "Point", "coordinates": [ 136.53410013920066, 36.441541027525219 ] } },
{ "type": "Feature", "properties": { "バス停": "下ノ江作業場前", "事業会社": "能美市", "系統": "⑦循環ルート（根上地区）" }, "geometry": { "type": "Point", "coordinates": [ 136.454195417356146, 36.441099439088113 ] } },
{ "type": "Feature", "properties": { "バス停": "辰口ハイタウン", "事業会社": "北鉄加賀バス（株）", "系統": "佐野線" }, "geometry": { "type": "Point", "coordinates": [ 136.539201389147507, 36.440865988154911 ] } },
{ "type": "Feature", "properties": { "バス停": "辰口ハイタウン", "事業会社": "北鉄白山バス（株）", "系統": "佐野線,川北線" }, "geometry": { "type": "Point", "coordinates": [ 136.539201389147507, 36.440865988154911 ] } },
{ "type": "Feature", "properties": { "バス停": "辰口ハイタウン", "事業会社": "北鉄白山バス（株）・北陸鉄道（株）", "系統": "辰口線" }, "geometry": { "type": "Point", "coordinates": [ 136.539201389147507, 36.440865988154911 ] } },
{ "type": "Feature", "properties": { "バス停": "寺井", "事業会社": "北鉄加賀バス（株）", "系統": "寺井長田線" }, "geometry": { "type": "Point", "coordinates": [ 136.493391825047752, 36.440735405958137 ] } },
{ "type": "Feature", "properties": { "バス停": "寺井", "事業会社": "能美市", "系統": "③連携ルート（朝夕・南廻り）,⑤連携ルート（朝・寺井高校）,⑥連携ルート（日中）,⑧循環ルート（寺井地区）" }, "geometry": { "type": "Point", "coordinates": [ 136.493391825047752, 36.440735405958137 ] } },
{ "type": "Feature", "properties": { "バス停": "パークゴルフ場前", "事業会社": "能美市", "系統": "⑦循環ルート（根上地区）" }, "geometry": { "type": "Point", "coordinates": [ 136.442738943768262, 36.440593487697477 ] } },
{ "type": "Feature", "properties": { "バス停": "健康福祉センター・サンテ", "事業会社": "能美市", "系統": "⑧循環ルート（寺井地区）" }, "geometry": { "type": "Point", "coordinates": [ 136.500807991999096, 36.440400558537043 ] } },
{ "type": "Feature", "properties": { "バス停": "緑が丘7丁目", "事業会社": "能美市", "系統": "⑨循環ルート（辰口地区西部）" }, "geometry": { "type": "Point", "coordinates": [ 136.539136674855911, 36.439933328842301 ] } },
{ "type": "Feature", "properties": { "バス停": "松が岡1丁目", "事業会社": "北鉄加賀バス（株）", "系統": "佐野線" }, "geometry": { "type": "Point", "coordinates": [ 136.52888391636489, 36.439735463331353 ] } },
{ "type": "Feature", "properties": { "バス停": "松が岡1丁目", "事業会社": "能美市", "系統": "③連携ルート（朝夕・南廻り）,⑥連携ルート（日中）" }, "geometry": { "type": "Point", "coordinates": [ 136.52888391636489, 36.439735463331353 ] } },
{ "type": "Feature", "properties": { "バス停": "松が岡一丁目", "事業会社": "北鉄白山バス（株）", "系統": "佐野線" }, "geometry": { "type": "Point", "coordinates": [ 136.52888391636489, 36.439735463331353 ] } },
{ "type": "Feature", "properties": { "バス停": "八幡町", "事業会社": "白山市", "系統": "めぐーる白山ルート" }, "geometry": { "type": "Point", "coordinates": [ 136.636981640147951, 36.439590966340539 ] } },
{ "type": "Feature", "properties": { "バス停": "アーティスト村", "事業会社": "能美市", "系統": "⑨循環ルート（辰口地区西部）" }, "geometry": { "type": "Point", "coordinates": [ 136.551562618562372, 36.43950424384149 ] } },
{ "type": "Feature", "properties": { "バス停": "ふるさと交流センター・さらい", "事業会社": "能美市", "系統": "⑥連携ルート（日中）" }, "geometry": { "type": "Point", "coordinates": [ 136.507492226050658, 36.439402344989794 ] } },
{ "type": "Feature", "properties": { "バス停": "町民センター", "事業会社": "能美市", "系統": "⑧循環ルート（寺井地区）" }, "geometry": { "type": "Point", "coordinates": [ 136.491510591422696, 36.438863557998602 ] } },
{ "type": "Feature", "properties": { "バス停": "緑ケ丘9丁目", "事業会社": "北鉄加賀バス（株）", "系統": "佐野線" }, "geometry": { "type": "Point", "coordinates": [ 136.53677198158698, 36.438824793645601 ] } },
{ "type": "Feature", "properties": { "バス停": "寺井西口", "事業会社": "北鉄加賀バス（株）", "系統": "寺井長田線" }, "geometry": { "type": "Point", "coordinates": [ 136.491080620351966, 36.438807136233017 ] } },
{ "type": "Feature", "properties": { "バス停": "緑が丘九丁目", "事業会社": "北鉄白山バス（株）", "系統": "佐野線,川北線" }, "geometry": { "type": "Point", "coordinates": [ 136.536525901206574, 36.438706468553157 ] } },
{ "type": "Feature", "properties": { "バス停": "緑が丘九丁目", "事業会社": "北鉄白山バス（株）・北陸鉄道（株）", "系統": "辰口線" }, "geometry": { "type": "Point", "coordinates": [ 136.536525901206574, 36.438706468553157 ] } },
{ "type": "Feature", "properties": { "バス停": "高坂・根上", "事業会社": "能美市", "系統": "⑦循環ルート（根上地区）" }, "geometry": { "type": "Point", "coordinates": [ 136.446889999555424, 36.438515970037692 ] } },
{ "type": "Feature", "properties": { "バス停": "和佐谷", "事業会社": "能美市", "系統": "⑩さとやまルート" }, "geometry": { "type": "Point", "coordinates": [ 136.62878224322958, 36.438405318857598 ] } },
{ "type": "Feature", "properties": { "バス停": "寺井東口", "事業会社": "能美市", "系統": "③連携ルート（朝夕・南廻り）" }, "geometry": { "type": "Point", "coordinates": [ 136.500486369725991, 36.438218066196242 ] } },
{ "type": "Feature", "properties": { "バス停": "石子", "事業会社": "能美市", "系統": "⑥連携ルート（日中）" }, "geometry": { "type": "Point", "coordinates": [ 136.510675852613815, 36.437981933600938 ] } },
{ "type": "Feature", "properties": { "バス停": "高坂", "事業会社": "能美市", "系統": "⑦循環ルート（根上地区）" }, "geometry": { "type": "Point", "coordinates": [ 136.452570944587563, 36.43783039440995 ] } },
{ "type": "Feature", "properties": { "バス停": "一の宮", "事業会社": "白山市", "系統": "めぐーる白山ルート,めぐーるつるぎ病院ルート" }, "geometry": { "type": "Point", "coordinates": [ 136.63312317041192, 36.437822073297113 ] } },
{ "type": "Feature", "properties": { "バス停": "一の宮", "事業会社": "北鉄白山バス（株）", "系統": "白山線,中宮B線,鳥越線,白峰線,河原山線" }, "geometry": { "type": "Point", "coordinates": [ 136.63312317041192, 36.437822073297113 ] } },
{ "type": "Feature", "properties": { "バス停": "緑が丘10丁目", "事業会社": "能美市", "系統": "⑨循環ルート（辰口地区西部）" }, "geometry": { "type": "Point", "coordinates": [ 136.535202446884568, 36.437782660768185 ] } },
{ "type": "Feature", "properties": { "バス停": "石子西", "事業会社": "能美市", "系統": "③連携ルート（朝夕・南廻り）" }, "geometry": { "type": "Point", "coordinates": [ 136.508680742582129, 36.43753158213525 ] } },
{ "type": "Feature", "properties": { "バス停": "大口", "事業会社": "能美市", "系統": "⑩さとやまルート" }, "geometry": { "type": "Point", "coordinates": [ 136.594944427733878, 36.437404946434107 ] } },
{ "type": "Feature", "properties": { "バス停": "寺井図書館前", "事業会社": "能美市", "系統": "⑧循環ルート（寺井地区）" }, "geometry": { "type": "Point", "coordinates": [ 136.492520833889728, 36.437251394836359 ] } },
{ "type": "Feature", "properties": { "バス停": "中ノ江", "事業会社": "能美市", "系統": "⑦循環ルート（根上地区）" }, "geometry": { "type": "Point", "coordinates": [ 136.469137141203419, 36.43718829767036 ] } },
{ "type": "Feature", "properties": { "バス停": "松が岡2丁目", "事業会社": "北鉄加賀バス（株）", "系統": "佐野線" }, "geometry": { "type": "Point", "coordinates": [ 136.528122848925562, 36.437174374200424 ] } },
{ "type": "Feature", "properties": { "バス停": "松が岡2丁目", "事業会社": "能美市", "系統": "③連携ルート（朝夕・南廻り）,⑥連携ルート（日中）" }, "geometry": { "type": "Point", "coordinates": [ 136.528122848925562, 36.437174374200424 ] } },
{ "type": "Feature", "properties": { "バス停": "松が岡二丁目", "事業会社": "北鉄白山バス（株）", "系統": "佐野線" }, "geometry": { "type": "Point", "coordinates": [ 136.5281267370367, 36.437133824122625 ] } },
{ "type": "Feature", "properties": { "バス停": "寺井中央", "事業会社": "能美市", "系統": "③連携ルート（朝夕・南廻り）,④連携ルート（朝夕・特急）,⑤連携ルート（朝・寺井高校）,⑥連携ルート（日中）,⑧循環ルート（寺井地区）" }, "geometry": { "type": "Point", "coordinates": [ 136.495739234908314, 36.437111998871259 ] } },
{ "type": "Feature", "properties": { "バス停": "石子農村公園", "事業会社": "能美市", "系統": "③連携ルート（朝夕・南廻り）" }, "geometry": { "type": "Point", "coordinates": [ 136.513066741807251, 36.437021647744515 ] } },
{ "type": "Feature", "properties": { "バス停": "サンタウン前", "事業会社": "能美市", "系統": "⑦循環ルート（根上地区）" }, "geometry": { "type": "Point", "coordinates": [ 136.454994119446837, 36.436820747873135 ] } },
{ "type": "Feature", "properties": { "バス停": "高堂", "事業会社": "北鉄加賀バス（株）", "系統": "寺井長田線" }, "geometry": { "type": "Point", "coordinates": [ 136.480479079549298, 36.436695806812544 ] } },
{ "type": "Feature", "properties": { "バス停": "緑が丘十丁目", "事業会社": "北鉄白山バス（株）", "系統": "佐野線,川北線" }, "geometry": { "type": "Point", "coordinates": [ 136.534338639102458, 36.436643334373599 ] } },
{ "type": "Feature", "properties": { "バス停": "緑が丘十丁目", "事業会社": "北鉄白山バス（株）・北陸鉄道（株）", "系統": "辰口線" }, "geometry": { "type": "Point", "coordinates": [ 136.534338639102458, 36.436643334373599 ] } },
{ "type": "Feature", "properties": { "バス停": "緑ケ丘10丁目", "事業会社": "北鉄加賀バス（株）", "系統": "佐野線" }, "geometry": { "type": "Point", "coordinates": [ 136.534189763082111, 36.436569448280714 ] } },
{ "type": "Feature", "properties": { "バス停": "寺井中央", "事業会社": "北鉄加賀バス（株）", "系統": "小杉線,佐野線" }, "geometry": { "type": "Point", "coordinates": [ 136.495784240813407, 36.43655791766659 ] } },
{ "type": "Feature", "properties": { "バス停": "寺井中央", "事業会社": "北鉄白山バス（株）", "系統": "佐野線" }, "geometry": { "type": "Point", "coordinates": [ 136.495784240813407, 36.43655791766659 ] } },
{ "type": "Feature", "properties": { "バス停": "寺井中央", "事業会社": "北鉄白山バス（株）・北陸鉄道（株）", "系統": "松任線・金沢寺井線・千代野線" }, "geometry": { "type": "Point", "coordinates": [ 136.495784240813407, 36.43655791766659 ] } },
{ "type": "Feature", "properties": { "バス停": "三宮町", "事業会社": "白山市", "系統": "めぐーる白山ルート" }, "geometry": { "type": "Point", "coordinates": [ 136.636975051993858, 36.435618175081132 ] } },
{ "type": "Feature", "properties": { "バス停": "寺井南", "事業会社": "能美市", "系統": "⑧循環ルート（寺井地区）" }, "geometry": { "type": "Point", "coordinates": [ 136.4940182655115, 36.43547791414111 ] } },
{ "type": "Feature", "properties": { "バス停": "湯谷", "事業会社": "北鉄加賀バス（株）", "系統": "佐野線" }, "geometry": { "type": "Point", "coordinates": [ 136.516431696575808, 36.435207921394181 ] } },
{ "type": "Feature", "properties": { "バス停": "湯谷", "事業会社": "能美市", "系統": "③連携ルート（朝夕・南廻り）,⑥連携ルート（日中）,⑧循環ルート（寺井地区）" }, "geometry": { "type": "Point", "coordinates": [ 136.516431696575808, 36.435207921394181 ] } },
{ "type": "Feature", "properties": { "バス停": "湯谷", "事業会社": "北鉄白山バス（株）", "系統": "佐野線" }, "geometry": { "type": "Point", "coordinates": [ 136.516431696575808, 36.435207921394181 ] } },
{ "type": "Feature", "properties": { "バス停": "湯野小学校前", "事業会社": "能美市", "系統": "④連携ルート（朝夕・特急）" }, "geometry": { "type": "Point", "coordinates": [ 136.514374108141226, 36.435189470866 ] } },
{ "type": "Feature", "properties": { "バス停": "亀齢荘前", "事業会社": "能美市", "系統": "③連携ルート（朝夕・南廻り）" }, "geometry": { "type": "Point", "coordinates": [ 136.520181348796683, 36.435059825726562 ] } },
{ "type": "Feature", "properties": { "バス停": "いしかわ動物園", "事業会社": "北鉄加賀バス（株）", "系統": "佐野線" }, "geometry": { "type": "Point", "coordinates": [ 136.545620899298399, 36.435043033338431 ] } },
{ "type": "Feature", "properties": { "バス停": "いしかわ動物園", "事業会社": "能美市", "系統": "①観光ルート【土日祝日】,⑨循環ルート（辰口地区西部）" }, "geometry": { "type": "Point", "coordinates": [ 136.545620899298399, 36.435043033338431 ] } },
{ "type": "Feature", "properties": { "バス停": "いしかわ動物園", "事業会社": "北鉄白山バス（株）", "系統": "佐野線,川北線" }, "geometry": { "type": "Point", "coordinates": [ 136.545620899298399, 36.435043033338431 ] } },
{ "type": "Feature", "properties": { "バス停": "いしかわ動物園", "事業会社": "北鉄白山バス（株）・北陸鉄道（株）", "系統": "辰口線" }, "geometry": { "type": "Point", "coordinates": [ 136.545620899298399, 36.435043033338431 ] } },
{ "type": "Feature", "properties": { "バス停": "九谷温泉", "事業会社": "北鉄加賀バス（株）", "系統": "佐野線" }, "geometry": { "type": "Point", "coordinates": [ 136.5190886712831, 36.435023100444226 ] } },
{ "type": "Feature", "properties": { "バス停": "九谷温泉", "事業会社": "北鉄白山バス（株）", "系統": "佐野線" }, "geometry": { "type": "Point", "coordinates": [ 136.5190886712831, 36.435023100444226 ] } },
{ "type": "Feature", "properties": { "バス停": "加賀さの", "事業会社": "能美市", "系統": "⑥連携ルート（日中）" }, "geometry": { "type": "Point", "coordinates": [ 136.511522147385534, 36.43501349557642 ] } },
{ "type": "Feature", "properties": { "バス停": "亀齢荘", "事業会社": "能美市", "系統": "⑥連携ルート（日中）,⑧循環ルート（寺井地区）" }, "geometry": { "type": "Point", "coordinates": [ 136.520728241243006, 36.434967369697148 ] } },
{ "type": "Feature", "properties": { "バス停": "荒屋", "事業会社": "北鉄加賀バス（株）", "系統": "寺井長田線" }, "geometry": { "type": "Point", "coordinates": [ 136.477250689638737, 36.43483740918613 ] } },
{ "type": "Feature", "properties": { "バス停": "下徳山", "事業会社": "能美市", "系統": "⑩さとやまルート" }, "geometry": { "type": "Point", "coordinates": [ 136.540041832611678, 36.434598209484619 ] } },
{ "type": "Feature", "properties": { "バス停": "山口", "事業会社": "能美市", "系統": "⑦循環ルート（根上地区）" }, "geometry": { "type": "Point", "coordinates": [ 136.439163314715699, 36.434562132847496 ] } },
{ "type": "Feature", "properties": { "バス停": "末信", "事業会社": "北鉄加賀バス（株）", "系統": "佐野線" }, "geometry": { "type": "Point", "coordinates": [ 136.500295027659547, 36.434568020164086 ] } },
{ "type": "Feature", "properties": { "バス停": "末信", "事業会社": "能美市", "系統": "⑧循環ルート（寺井地区）" }, "geometry": { "type": "Point", "coordinates": [ 136.500295027659547, 36.434568020164086 ] } },
{ "type": "Feature", "properties": { "バス停": "末信", "事業会社": "北鉄白山バス（株）", "系統": "佐野線" }, "geometry": { "type": "Point", "coordinates": [ 136.500295027659547, 36.434568020164086 ] } },
{ "type": "Feature", "properties": { "バス停": "上徳山", "事業会社": "能美市", "系統": "⑨循環ルート（辰口地区西部）" }, "geometry": { "type": "Point", "coordinates": [ 136.550210392746891, 36.434024096483761 ] } },
{ "type": "Feature", "properties": { "バス停": "泉台東", "事業会社": "能美市", "系統": "⑥連携ルート（日中）,⑧循環ルート（寺井地区）" }, "geometry": { "type": "Point", "coordinates": [ 136.524985584057617, 36.433133373482896 ] } },
{ "type": "Feature", "properties": { "バス停": "クアハウス九谷", "事業会社": "北鉄加賀バス（株）", "系統": "佐野線" }, "geometry": { "type": "Point", "coordinates": [ 136.525039188493309, 36.433044498615132 ] } },
{ "type": "Feature", "properties": { "バス停": "小長野", "事業会社": "北鉄加賀バス（株）", "系統": "佐野線" }, "geometry": { "type": "Point", "coordinates": [ 136.489853608203788, 36.432909877574623 ] } },
{ "type": "Feature", "properties": { "バス停": "小長野", "事業会社": "北鉄白山バス（株）", "系統": "佐野線" }, "geometry": { "type": "Point", "coordinates": [ 136.489853608203788, 36.432909877574623 ] } },
{ "type": "Feature", "properties": { "バス停": "小長野", "事業会社": "能美市", "系統": "⑧循環ルート（寺井地区）" }, "geometry": { "type": "Point", "coordinates": [ 136.491353502721694, 36.432798639766048 ] } },
{ "type": "Feature", "properties": { "バス停": "荒屋小学校前", "事業会社": "北鉄加賀バス（株）", "系統": "寺井長田線" }, "geometry": { "type": "Point", "coordinates": [ 136.472978474393045, 36.432767824876784 ] } },
{ "type": "Feature", "properties": { "バス停": "クアハウス九谷前", "事業会社": "北鉄白山バス（株）", "系統": "佐野線" }, "geometry": { "type": "Point", "coordinates": [ 136.525281936086998, 36.432643728538174 ] } },
{ "type": "Feature", "properties": { "バス停": "泉台コミュニティセンター", "事業会社": "能美市", "系統": "⑥連携ルート（日中）" }, "geometry": { "type": "Point", "coordinates": [ 136.522507192414622, 36.432194497649817 ] } },
{ "type": "Feature", "properties": { "バス停": "白山町", "事業会社": "白山市", "系統": "めぐーる白山ルート,めぐーるつるぎ病院ルート" }, "geometry": { "type": "Point", "coordinates": [ 136.633981537130495, 36.432004518875438 ] } },
{ "type": "Feature", "properties": { "バス停": "白山町", "事業会社": "北鉄白山バス（株）", "系統": "白山線,中宮B線,鳥越線,白峰線,河原山線" }, "geometry": { "type": "Point", "coordinates": [ 136.633981537130495, 36.432004518875438 ] } },
{ "type": "Feature", "properties": { "バス停": "泉台", "事業会社": "北鉄加賀バス（株）", "系統": "佐野線" }, "geometry": { "type": "Point", "coordinates": [ 136.521202035313138, 36.431986956406028 ] } },
{ "type": "Feature", "properties": { "バス停": "泉台", "事業会社": "北鉄白山バス（株）", "系統": "佐野線" }, "geometry": { "type": "Point", "coordinates": [ 136.521202035313138, 36.431986956406028 ] } },
{ "type": "Feature", "properties": { "バス停": "牛島", "事業会社": "北鉄加賀バス（株）", "系統": "佐野線" }, "geometry": { "type": "Point", "coordinates": [ 136.502136279891516, 36.431892153132139 ] } },
{ "type": "Feature", "properties": { "バス停": "牛島", "事業会社": "能美市", "系統": "⑧循環ルート（寺井地区）" }, "geometry": { "type": "Point", "coordinates": [ 136.502136279891516, 36.431892153132139 ] } },
{ "type": "Feature", "properties": { "バス停": "牛島", "事業会社": "北鉄白山バス（株）", "系統": "佐野線" }, "geometry": { "type": "Point", "coordinates": [ 136.502136279891516, 36.431892153132139 ] } },
{ "type": "Feature", "properties": { "バス停": "大長野", "事業会社": "北鉄加賀バス（株）", "系統": "小杉線" }, "geometry": { "type": "Point", "coordinates": [ 136.491558784551501, 36.431882411815351 ] } },
{ "type": "Feature", "properties": { "バス停": "佐野公民館前", "事業会社": "北鉄加賀バス（株）", "系統": "佐野線" }, "geometry": { "type": "Point", "coordinates": [ 136.512214280580679, 36.431883959969802 ] } },
{ "type": "Feature", "properties": { "バス停": "佐野公民館", "事業会社": "能美市", "系統": "⑧循環ルート（寺井地区）" }, "geometry": { "type": "Point", "coordinates": [ 136.512214280580679, 36.431883959969802 ] } },
{ "type": "Feature", "properties": { "バス停": "佐野公民館前", "事業会社": "北鉄白山バス（株）", "系統": "佐野線" }, "geometry": { "type": "Point", "coordinates": [ 136.512214280580679, 36.431883959969802 ] } },
{ "type": "Feature", "properties": { "バス停": "佐野", "事業会社": "北鉄加賀バス（株）", "系統": "佐野線" }, "geometry": { "type": "Point", "coordinates": [ 136.509998103182284, 36.431865503400239 ] } },
{ "type": "Feature", "properties": { "バス停": "佐野", "事業会社": "北鉄白山バス（株）", "系統": "佐野線" }, "geometry": { "type": "Point", "coordinates": [ 136.509998103182284, 36.431865503400239 ] } },
{ "type": "Feature", "properties": { "バス停": "松井秀喜ベースボールミュージアム", "事業会社": "能美市", "系統": "①観光ルート【土日祝日】" }, "geometry": { "type": "Point", "coordinates": [ 136.435641241752649, 36.430275528394823 ] } },
{ "type": "Feature", "properties": { "バス停": "九谷陶芸村前", "事業会社": "能美市", "系統": "⑧循環ルート（寺井地区）" }, "geometry": { "type": "Point", "coordinates": [ 136.521406985902672, 36.430264694722972 ] } },
{ "type": "Feature", "properties": { "バス停": "大島町", "事業会社": "小松市", "系統": "市内循環線（ブルーこまち・北コース）" }, "geometry": { "type": "Point", "coordinates": [ 136.450231370594111, 36.430249208442078 ] } },
{ "type": "Feature", "properties": { "バス停": "金剛寺", "事業会社": "能美市", "系統": "⑩さとやまルート" }, "geometry": { "type": "Point", "coordinates": [ 136.569676202236053, 36.430228235165828 ] } },
{ "type": "Feature", "properties": { "バス停": "長野保育所前", "事業会社": "北鉄加賀バス（株）", "系統": "小杉線" }, "geometry": { "type": "Point", "coordinates": [ 136.490864712635414, 36.42985489109396 ] } },
{ "type": "Feature", "properties": { "バス停": "城北町", "事業会社": "小松市", "系統": "市内循環線（ブルーこまち・北コース）" }, "geometry": { "type": "Point", "coordinates": [ 136.456037068491952, 36.429740943637931 ] } },
{ "type": "Feature", "properties": { "バス停": "蛭川町", "事業会社": "小松市", "系統": "市内循環線（ブルーこまち・北コース）" }, "geometry": { "type": "Point", "coordinates": [ 136.45876659126202, 36.429679542258413 ] } },
{ "type": "Feature", "properties": { "バス停": "坪野", "事業会社": "能美市", "系統": "⑩さとやまルート" }, "geometry": { "type": "Point", "coordinates": [ 136.585037221401279, 36.429377264635697 ] } },
{ "type": "Feature", "properties": { "バス停": "白山町中", "事業会社": "白山市", "系統": "めぐーる白山ルート,めぐーるつるぎ病院ルート" }, "geometry": { "type": "Point", "coordinates": [ 136.633645808418777, 36.428970753376703 ] } },
{ "type": "Feature", "properties": { "バス停": "白山町中", "事業会社": "北鉄白山バス（株）", "系統": "白山線,中宮B線,鳥越線,白峰線,河原山線" }, "geometry": { "type": "Point", "coordinates": [ 136.633645808418777, 36.428970753376703 ] } },
{ "type": "Feature", "properties": { "バス停": "九谷陶芸村", "事業会社": "能美市", "系統": "①観光ルート【土日祝日】" }, "geometry": { "type": "Point", "coordinates": [ 136.520005989195198, 36.428904240511841 ] } },
{ "type": "Feature", "properties": { "バス停": "一ノ宮公民館", "事業会社": "白山市", "系統": "めぐーる白山ルート" }, "geometry": { "type": "Point", "coordinates": [ 136.634998166313693, 36.428841603874794 ] } },
{ "type": "Feature", "properties": { "バス停": "大長野公民館", "事業会社": "能美市", "系統": "⑧循環ルート（寺井地区）" }, "geometry": { "type": "Point", "coordinates": [ 136.492721256695376, 36.428828817076656 ] } },
{ "type": "Feature", "properties": { "バス停": "上舘", "事業会社": "能美市", "系統": "⑩さとやまルート" }, "geometry": { "type": "Point", "coordinates": [ 136.561743968882951, 36.427951473495263 ] } },
{ "type": "Feature", "properties": { "バス停": "長田", "事業会社": "北鉄加賀バス（株）", "系統": "寺井長田線" }, "geometry": { "type": "Point", "coordinates": [ 136.465863770136224, 36.427244367370896 ] } },
{ "type": "Feature", "properties": { "バス停": "犬丸会館前", "事業会社": "小松市", "系統": "市内循環線（ブルーこまち・北コース）" }, "geometry": { "type": "Point", "coordinates": [ 136.459419135118338, 36.42719727384474 ] } },
{ "type": "Feature", "properties": { "バス停": "大長野体育館", "事業会社": "能美市", "系統": "⑧循環ルート（寺井地区）" }, "geometry": { "type": "Point", "coordinates": [ 136.489853733744383, 36.427173833976482 ] } },
{ "type": "Feature", "properties": { "バス停": "辰口和光台", "事業会社": "北鉄白山バス（株）・北陸鉄道（株）", "系統": "辰口線" }, "geometry": { "type": "Point", "coordinates": [ 136.543632556187674, 36.426578511254881 ] } },
{ "type": "Feature", "properties": { "バス停": "長崎", "事業会社": "北鉄加賀バス（株）", "系統": "安宅線" }, "geometry": { "type": "Point", "coordinates": [ 136.437527279940582, 36.426526231986728 ] } },
{ "type": "Feature", "properties": { "バス停": "和光台", "事業会社": "能美市", "系統": "⑨循環ルート（辰口地区西部）" }, "geometry": { "type": "Point", "coordinates": [ 136.544620791434653, 36.426302464049392 ] } },
{ "type": "Feature", "properties": { "バス停": "長崎会館前", "事業会社": "北鉄加賀バス（株）", "系統": "安宅線" }, "geometry": { "type": "Point", "coordinates": [ 136.434811419353338, 36.426128569282675 ] } },
{ "type": "Feature", "properties": { "バス停": "下和気", "事業会社": "能美市", "系統": "⑩さとやまルート" }, "geometry": { "type": "Point", "coordinates": [ 136.537724532449886, 36.425877323540981 ] } },
{ "type": "Feature", "properties": { "バス停": "中和気", "事業会社": "能美市", "系統": "⑩さとやまルート" }, "geometry": { "type": "Point", "coordinates": [ 136.540700069377976, 36.425219437554851 ] } },
{ "type": "Feature", "properties": { "バス停": "石川県浄水場口", "事業会社": "白山市", "系統": "めぐーるつるぎ病院ルート" }, "geometry": { "type": "Point", "coordinates": [ 136.632067198942821, 36.424757681443175 ] } },
{ "type": "Feature", "properties": { "バス停": "石川県浄水場口", "事業会社": "北鉄白山バス（株）", "系統": "白山線,中宮B線,鳥越線,白峰線,河原山線" }, "geometry": { "type": "Point", "coordinates": [ 136.632067198942821, 36.424757681443175 ] } },
{ "type": "Feature", "properties": { "バス停": "大島町南", "事業会社": "小松市", "系統": "市内循環線（ブルーこまち・北コース）" }, "geometry": { "type": "Point", "coordinates": [ 136.450128779175628, 36.42444435495117 ] } },
{ "type": "Feature", "properties": { "バス停": "長崎口", "事業会社": "北鉄加賀バス（株）", "系統": "安宅線" }, "geometry": { "type": "Point", "coordinates": [ 136.430233306018664, 36.424202142163956 ] } },
{ "type": "Feature", "properties": { "バス停": "上和気", "事業会社": "能美市", "系統": "⑩さとやまルート" }, "geometry": { "type": "Point", "coordinates": [ 136.544307494719845, 36.42412051791505 ] } },
{ "type": "Feature", "properties": { "バス停": "市民センター", "事業会社": "小松市", "系統": "市内循環線（ブルーこまち・北コース）" }, "geometry": { "type": "Point", "coordinates": [ 136.447746747133294, 36.423720908888008 ] } },
{ "type": "Feature", "properties": { "バス停": "小杉公民館", "事業会社": "能美市", "系統": "⑧循環ルート（寺井地区）" }, "geometry": { "type": "Point", "coordinates": [ 136.488883869827788, 36.423361273710086 ] } },
{ "type": "Feature", "properties": { "バス停": "下舘", "事業会社": "能美市", "系統": "⑩さとやまルート" }, "geometry": { "type": "Point", "coordinates": [ 136.55530385865913, 36.423089765701391 ] } },
{ "type": "Feature", "properties": { "バス停": "寺畠", "事業会社": "能美市", "系統": "⑩さとやまルート" }, "geometry": { "type": "Point", "coordinates": [ 136.548836767461211, 36.422998276582589 ] } },
{ "type": "Feature", "properties": { "バス停": "板津中学校前", "事業会社": "北鉄加賀バス（株）", "系統": "寺井長田線" }, "geometry": { "type": "Point", "coordinates": [ 136.46194580280681, 36.422973323751798 ] } },
{ "type": "Feature", "properties": { "バス停": "小杉", "事業会社": "北鉄加賀バス（株）", "系統": "小杉線" }, "geometry": { "type": "Point", "coordinates": [ 136.487920066119898, 36.422871826149681 ] } },
{ "type": "Feature", "properties": { "バス停": "あけぼの町", "事業会社": "北鉄加賀バス（株）", "系統": "佐野線" }, "geometry": { "type": "Point", "coordinates": [ 136.477527134143855, 36.422805564609916 ] } },
{ "type": "Feature", "properties": { "バス停": "あけぼの町", "事業会社": "北鉄白山バス（株）", "系統": "佐野線" }, "geometry": { "type": "Point", "coordinates": [ 136.477527134143855, 36.422805564609916 ] } },
{ "type": "Feature", "properties": { "バス停": "鍋谷八幡神社", "事業会社": "能美市", "系統": "⑩さとやまルート" }, "geometry": { "type": "Point", "coordinates": [ 136.567493754986771, 36.422119493430174 ] } },
{ "type": "Feature", "properties": { "バス停": "北陸小松", "事業会社": "北鉄加賀バス（株）", "系統": "安宅線" }, "geometry": { "type": "Point", "coordinates": [ 136.432798113137238, 36.421858245732786 ] } },
{ "type": "Feature", "properties": { "バス停": "上八里", "事業会社": "北鉄加賀バス（株）", "系統": "国府線" }, "geometry": { "type": "Point", "coordinates": [ 136.525807788570432, 36.421857387175152 ] } },
{ "type": "Feature", "properties": { "バス停": "中鍋谷", "事業会社": "能美市", "系統": "⑩さとやまルート" }, "geometry": { "type": "Point", "coordinates": [ 136.564429063421983, 36.421375108763364 ] } },
{ "type": "Feature", "properties": { "バス停": "めぐみの里前", "事業会社": "小松市", "系統": "市内循環線（ブルーこまち・北コース）" }, "geometry": { "type": "Point", "coordinates": [ 136.46805884282972, 36.421224017513701 ] } },
{ "type": "Feature", "properties": { "バス停": "安宅出町", "事業会社": "北鉄加賀バス（株）", "系統": "安宅線" }, "geometry": { "type": "Point", "coordinates": [ 136.427436996797269, 36.420906257642528 ] } },
{ "type": "Feature", "properties": { "バス停": "中八里", "事業会社": "北鉄加賀バス（株）", "系統": "国府線" }, "geometry": { "type": "Point", "coordinates": [ 136.523201601557389, 36.420895186453357 ] } },
{ "type": "Feature", "properties": { "バス停": "下八里", "事業会社": "北鉄加賀バス（株）", "系統": "国府線" }, "geometry": { "type": "Point", "coordinates": [ 136.519385612992124, 36.420805013505685 ] } },
{ "type": "Feature", "properties": { "バス停": "島田", "事業会社": "北鉄加賀バス（株）", "系統": "寺井長田線" }, "geometry": { "type": "Point", "coordinates": [ 136.459923220055686, 36.42070491201217 ] } },
{ "type": "Feature", "properties": { "バス停": "安宅", "事業会社": "北鉄加賀バス（株）", "系統": "安宅線" }, "geometry": { "type": "Point", "coordinates": [ 136.423142703674216, 36.420590920785294 ] } },
{ "type": "Feature", "properties": { "バス停": "南白山町", "事業会社": "白山市", "系統": "めぐーるつるぎ病院ルート" }, "geometry": { "type": "Point", "coordinates": [ 136.631379602691567, 36.420589323483107 ] } },
{ "type": "Feature", "properties": { "バス停": "南白山町", "事業会社": "北鉄白山バス（株）", "系統": "白山線,中宮B線,鳥越線,白峰線,河原山線" }, "geometry": { "type": "Point", "coordinates": [ 136.631379602691567, 36.420589323483107 ] } },
{ "type": "Feature", "properties": { "バス停": "上鍋谷", "事業会社": "能美市", "系統": "⑩さとやまルート" }, "geometry": { "type": "Point", "coordinates": [ 136.574935562572165, 36.42045199903469 ] } },
{ "type": "Feature", "properties": { "バス停": "口鍋谷", "事業会社": "能美市", "系統": "⑩さとやまルート" }, "geometry": { "type": "Point", "coordinates": [ 136.560289202514809, 36.420267149027936 ] } },
{ "type": "Feature", "properties": { "バス停": "上河田", "事業会社": "北鉄加賀バス（株）", "系統": "国府線" }, "geometry": { "type": "Point", "coordinates": [ 136.513998723120721, 36.419459639176274 ] } },
{ "type": "Feature", "properties": { "バス停": "安宅漁港", "事業会社": "北鉄加賀バス（株）", "系統": "安宅線" }, "geometry": { "type": "Point", "coordinates": [ 136.426176055698932, 36.419192805909098 ] } },
{ "type": "Feature", "properties": { "バス停": "岩崎", "事業会社": "能美市", "系統": "⑩さとやまルート" }, "geometry": { "type": "Point", "coordinates": [ 136.550722981169827, 36.419183801239924 ] } },
{ "type": "Feature", "properties": { "バス停": "梅田町", "事業会社": "北鉄加賀バス（株）", "系統": "寺井長田線" }, "geometry": { "type": "Point", "coordinates": [ 136.454799745031494, 36.418697529655887 ] } },
{ "type": "Feature", "properties": { "バス停": "天神町", "事業会社": "小松市", "系統": "市内循環線（ブルーこまち・北コース）" }, "geometry": { "type": "Point", "coordinates": [ 136.450186727900956, 36.418602893357345 ] } },
{ "type": "Feature", "properties": { "バス停": "奥鍋谷", "事業会社": "能美市", "系統": "⑩さとやまルート" }, "geometry": { "type": "Point", "coordinates": [ 136.576680425208821, 36.418521422527228 ] } },
{ "type": "Feature", "properties": { "バス停": "ショッピングセンター", "事業会社": "小松市", "系統": "市内循環線（ブルーこまち・北コース）" }, "geometry": { "type": "Point", "coordinates": [ 136.473013916787266, 36.418438361500911 ] } },
{ "type": "Feature", "properties": { "バス停": "安宅の関前", "事業会社": "北鉄加賀バス（株）", "系統": "安宅線" }, "geometry": { "type": "Point", "coordinates": [ 136.421165475619915, 36.418387087046604 ] } },
{ "type": "Feature", "properties": { "バス停": "梯", "事業会社": "北鉄加賀バス（株）", "系統": "寺井長田線" }, "geometry": { "type": "Point", "coordinates": [ 136.45162859781567, 36.417787919855876 ] } },
{ "type": "Feature", "properties": { "バス停": "安宅住吉神社", "事業会社": "小松市", "系統": "空港連絡線（EV）" }, "geometry": { "type": "Point", "coordinates": [ 136.418724663333677, 36.41762979952518 ] } },
{ "type": "Feature", "properties": { "バス停": "河田", "事業会社": "北鉄加賀バス（株）", "系統": "国府線" }, "geometry": { "type": "Point", "coordinates": [ 136.510566931748116, 36.417219218810416 ] } },
{ "type": "Feature", "properties": { "バス停": "平面", "事業会社": "北鉄加賀バス（株）", "系統": "佐野線" }, "geometry": { "type": "Point", "coordinates": [ 136.471524899139581, 36.416568827979823 ] } },
{ "type": "Feature", "properties": { "バス停": "平面", "事業会社": "北鉄白山バス（株）", "系統": "佐野線" }, "geometry": { "type": "Point", "coordinates": [ 136.471524899139581, 36.416568827979823 ] } },
{ "type": "Feature", "properties": { "バス停": "一針西", "事業会社": "小松市", "系統": "市内循環線（ブルーこまち・北コース）" }, "geometry": { "type": "Point", "coordinates": [ 136.478628347833052, 36.416278427038321 ] } },
{ "type": "Feature", "properties": { "バス停": "一針", "事業会社": "北鉄加賀バス（株）", "系統": "小杉線" }, "geometry": { "type": "Point", "coordinates": [ 136.479991044464299, 36.416069698059829 ] } },
{ "type": "Feature", "properties": { "バス停": "木曽町", "事業会社": "北鉄加賀バス（株）", "系統": "安宅線" }, "geometry": { "type": "Point", "coordinates": [ 136.42312399631308, 36.414886028866256 ] } },
{ "type": "Feature", "properties": { "バス停": "大川町", "事業会社": "北鉄加賀バス（株）", "系統": "寺井長田線" }, "geometry": { "type": "Point", "coordinates": [ 136.450459319002476, 36.414677537532008 ] } },
{ "type": "Feature", "properties": { "バス停": "大川町", "事業会社": "小松市", "系統": "市内循環線（ブルーこまち・北コース）" }, "geometry": { "type": "Point", "coordinates": [ 136.450459319002476, 36.414677537532008 ] } },
{ "type": "Feature", "properties": { "バス停": "本河田", "事業会社": "北鉄加賀バス（株）", "系統": "国府線" }, "geometry": { "type": "Point", "coordinates": [ 136.507135944258579, 36.414525509493842 ] } },
{ "type": "Feature", "properties": { "バス停": "国府台", "事業会社": "北鉄加賀バス（株）", "系統": "国府線" }, "geometry": { "type": "Point", "coordinates": [ 136.517338698293116, 36.414339668366559 ] } },
{ "type": "Feature", "properties": { "バス停": "川辺団地", "事業会社": "小松市", "系統": "市内循環線（ブルーこまち・北コース）" }, "geometry": { "type": "Point", "coordinates": [ 136.475188630643487, 36.414082380861032 ] } },
{ "type": "Feature", "properties": { "バス停": "小野", "事業会社": "北鉄加賀バス（株）", "系統": "国府線" }, "geometry": { "type": "Point", "coordinates": [ 136.503091656515409, 36.413330437556382 ] } },
{ "type": "Feature", "properties": { "バス停": "中島", "事業会社": "白山市", "系統": "めぐーるつるぎ病院ルート" }, "geometry": { "type": "Point", "coordinates": [ 136.632077479730071, 36.412334589076679 ] } },
{ "type": "Feature", "properties": { "バス停": "中島", "事業会社": "北鉄白山バス（株）", "系統": "白山線,中宮B線,鳥越線,白峰線,河原山線" }, "geometry": { "type": "Point", "coordinates": [ 136.632077479730071, 36.412334589076679 ] } },
{ "type": "Feature", "properties": { "バス停": "川辺町", "事業会社": "北鉄加賀バス（株）", "系統": "小杉線" }, "geometry": { "type": "Point", "coordinates": [ 136.477274671749598, 36.41174518526563 ] } },
{ "type": "Feature", "properties": { "バス停": "川辺町", "事業会社": "小松市", "系統": "市内循環線（ブルーこまち・北コース）" }, "geometry": { "type": "Point", "coordinates": [ 136.477274671749598, 36.41174518526563 ] } },
{ "type": "Feature", "properties": { "バス停": "小松高校前", "事業会社": "北鉄加賀バス（株）", "系統": "寺井長田線" }, "geometry": { "type": "Point", "coordinates": [ 136.450651617757302, 36.411501758209653 ] } },
{ "type": "Feature", "properties": { "バス停": "小松高校前", "事業会社": "小松市", "系統": "市内循環線（ブルーこまち・北コース）" }, "geometry": { "type": "Point", "coordinates": [ 136.450651617757302, 36.411501758209653 ] } },
{ "type": "Feature", "properties": { "バス停": "古府", "事業会社": "北鉄加賀バス（株）", "系統": "国府線" }, "geometry": { "type": "Point", "coordinates": [ 136.498478556191117, 36.411488767516396 ] } },
{ "type": "Feature", "properties": { "バス停": "広瀬", "事業会社": "白山市", "系統": "めぐーる河内ルート（千丈温泉）,めぐーる河内ルート（吉岡）" }, "geometry": { "type": "Point", "coordinates": [ 136.63032769281034, 36.411093059829369 ] } },
{ "type": "Feature", "properties": { "バス停": "広瀬", "事業会社": "北鉄白山バス（株）", "系統": "中宮B線,河原山線" }, "geometry": { "type": "Point", "coordinates": [ 136.63032769281034, 36.411093059829369 ] } },
{ "type": "Feature", "properties": { "バス停": "鶴ヶ島", "事業会社": "北鉄加賀バス（株）", "系統": "安宅線" }, "geometry": { "type": "Point", "coordinates": [ 136.424960073639454, 36.410426615973485 ] } },
{ "type": "Feature", "properties": { "バス停": "南加賀保健福祉センター前", "事業会社": "北鉄加賀バス（株）", "系統": "国府線,小杉線,佐野線" }, "geometry": { "type": "Point", "coordinates": [ 136.465617116266088, 36.410430217300451 ] } },
{ "type": "Feature", "properties": { "バス停": "南加賀保健福祉センター前", "事業会社": "北鉄白山バス（株）", "系統": "佐野線" }, "geometry": { "type": "Point", "coordinates": [ 136.465617116266088, 36.410430217300451 ] } },
{ "type": "Feature", "properties": { "バス停": "南加賀保健福祉センター前", "事業会社": "小松市", "系統": "市内循環線（ブルーこまち・北コース）" }, "geometry": { "type": "Point", "coordinates": [ 136.465617116266088, 36.410430217300451 ] } },
{ "type": "Feature", "properties": { "バス停": "草野町", "事業会社": "小松市", "系統": "空港連絡線（EV）" }, "geometry": { "type": "Point", "coordinates": [ 136.411238242431125, 36.410399653582232 ] } },
{ "type": "Feature", "properties": { "バス停": "千代東口", "事業会社": "北鉄加賀バス（株）", "系統": "国府線" }, "geometry": { "type": "Point", "coordinates": [ 136.493410151451229, 36.410404144122126 ] } },
{ "type": "Feature", "properties": { "バス停": "国府小学校前", "事業会社": "北鉄加賀バス（株）", "系統": "国府線" }, "geometry": { "type": "Point", "coordinates": [ 136.514181907694109, 36.410137037292941 ] } },
{ "type": "Feature", "properties": { "バス停": "一針口", "事業会社": "北鉄加賀バス（株）", "系統": "国府線" }, "geometry": { "type": "Point", "coordinates": [ 136.477934678949055, 36.410088855755006 ] } },
{ "type": "Feature", "properties": { "バス停": "千代", "事業会社": "北鉄加賀バス（株）", "系統": "国府線" }, "geometry": { "type": "Point", "coordinates": [ 136.490086285159862, 36.409679854826848 ] } },
{ "type": "Feature", "properties": { "バス停": "仏大寺", "事業会社": "能美市", "系統": "⑩さとやまルート" }, "geometry": { "type": "Point", "coordinates": [ 136.554569024765016, 36.409572251097998 ] } },
{ "type": "Feature", "properties": { "バス停": "能美口", "事業会社": "北鉄加賀バス（株）", "系統": "国府線" }, "geometry": { "type": "Point", "coordinates": [ 136.482899367938643, 36.409431871293926 ] } },
{ "type": "Feature", "properties": { "バス停": "白江", "事業会社": "北鉄加賀バス（株）", "系統": "国府線,小杉線" }, "geometry": { "type": "Point", "coordinates": [ 136.474366606310554, 36.40938479658243 ] } },
{ "type": "Feature", "properties": { "バス停": "白江", "事業会社": "小松市", "系統": "市内循環線（ブルーこまち・北コース）" }, "geometry": { "type": "Point", "coordinates": [ 136.474366606310554, 36.40938479658243 ] } },
{ "type": "Feature", "properties": { "バス停": "能美", "事業会社": "北鉄加賀バス（株）", "系統": "国府線" }, "geometry": { "type": "Point", "coordinates": [ 136.48608163075599, 36.409376288515638 ] } },
{ "type": "Feature", "properties": { "バス停": "松任町", "事業会社": "北鉄加賀バス（株）", "系統": "寺井長田線" }, "geometry": { "type": "Point", "coordinates": [ 136.450867795483362, 36.409354750495424 ] } },
{ "type": "Feature", "properties": { "バス停": "松任町", "事業会社": "小松市", "系統": "市内循環線（ブルーこまち・北コース）" }, "geometry": { "type": "Point", "coordinates": [ 136.450867795483362, 36.409354750495424 ] } },
{ "type": "Feature", "properties": { "バス停": "横町", "事業会社": "北鉄加賀バス（株）", "系統": "国府線,小杉線,佐野線" }, "geometry": { "type": "Point", "coordinates": [ 136.451571674710635, 36.408428920020107 ] } },
{ "type": "Feature", "properties": { "バス停": "横町", "事業会社": "北鉄白山バス（株）", "系統": "佐野線" }, "geometry": { "type": "Point", "coordinates": [ 136.451571674710635, 36.408428920020107 ] } },
{ "type": "Feature", "properties": { "バス停": "横町", "事業会社": "小松市", "系統": "市内循環線（ブルーこまち・北コース）" }, "geometry": { "type": "Point", "coordinates": [ 136.451571674710635, 36.408428920020107 ] } },
{ "type": "Feature", "properties": { "バス停": "小寺町", "事業会社": "北鉄加賀バス（株）", "系統": "国府線,小杉線,佐野線" }, "geometry": { "type": "Point", "coordinates": [ 136.454367886014666, 36.408429227597672 ] } },
{ "type": "Feature", "properties": { "バス停": "小寺町", "事業会社": "北鉄白山バス（株）", "系統": "佐野線" }, "geometry": { "type": "Point", "coordinates": [ 136.454367886014666, 36.408429227597672 ] } },
{ "type": "Feature", "properties": { "バス停": "小寺町", "事業会社": "小松市", "系統": "市内循環線（ブルーこまち・北コース）" }, "geometry": { "type": "Point", "coordinates": [ 136.454367886014666, 36.408429227597672 ] } },
{ "type": "Feature", "properties": { "バス停": "市役所前", "事業会社": "小松市", "系統": "市内循環線（ブルーこまち・北コース）" }, "geometry": { "type": "Point", "coordinates": [ 136.445913451503429, 36.408419443300566 ] } },
{ "type": "Feature", "properties": { "バス停": "京町", "事業会社": "北鉄加賀バス（株）", "系統": "国府線,小杉線,寺井長田線,佐野線" }, "geometry": { "type": "Point", "coordinates": [ 136.448765747095166, 36.408289753310093 ] } },
{ "type": "Feature", "properties": { "バス停": "京町", "事業会社": "北鉄白山バス（株）", "系統": "佐野線" }, "geometry": { "type": "Point", "coordinates": [ 136.448765747095166, 36.408289753310093 ] } },
{ "type": "Feature", "properties": { "バス停": "浮柳", "事業会社": "北鉄加賀バス（株）", "系統": "空港連絡線,安宅線" }, "geometry": { "type": "Point", "coordinates": [ 136.427086341993004, 36.407843714169005 ] } },
{ "type": "Feature", "properties": { "バス停": "浮柳西", "事業会社": "北鉄加賀バス（株）", "系統": "空港連絡線" }, "geometry": { "type": "Point", "coordinates": [ 136.420904768336044, 36.407612313237017 ] } },
{ "type": "Feature", "properties": { "バス停": "園町", "事業会社": "北鉄加賀バス（株）", "系統": "国府線,小杉線,佐野線" }, "geometry": { "type": "Point", "coordinates": [ 136.460026169631391, 36.407587792291579 ] } },
{ "type": "Feature", "properties": { "バス停": "園町", "事業会社": "北鉄白山バス（株）", "系統": "佐野線" }, "geometry": { "type": "Point", "coordinates": [ 136.460026169631391, 36.407587792291579 ] } },
{ "type": "Feature", "properties": { "バス停": "園町", "事業会社": "小松市", "系統": "市内循環線（ブルーこまち・北コース）" }, "geometry": { "type": "Point", "coordinates": [ 136.460026169631391, 36.407587792291579 ] } },
{ "type": "Feature", "properties": { "バス停": "絵本館前", "事業会社": "小松市", "系統": "市内循環線（ブルーこまち・北コース）" }, "geometry": { "type": "Point", "coordinates": [ 136.447821948978202, 36.407483996076841 ] } },
{ "type": "Feature", "properties": { "バス停": "城南町", "事業会社": "北鉄加賀バス（株）", "系統": "空港連絡線,安宅線" }, "geometry": { "type": "Point", "coordinates": [ 136.436221843467649, 36.407279735585327 ] } },
{ "type": "Feature", "properties": { "バス停": "桜木町", "事業会社": "北鉄加賀バス（株）", "系統": "空港連絡線,安宅線" }, "geometry": { "type": "Point", "coordinates": [ 136.441277544008898, 36.406382016461251 ] } },
{ "type": "Feature", "properties": { "バス停": "浜田町", "事業会社": "北鉄加賀バス（株）", "系統": "空港連絡線,安宅線" }, "geometry": { "type": "Point", "coordinates": [ 136.445312193561165, 36.40634541295745 ] } },
{ "type": "Feature", "properties": { "バス停": "西町", "事業会社": "北鉄加賀バス（株）", "系統": "空港連絡線,安宅線,国府線,小杉線,寺井長田線,佐野線" }, "geometry": { "type": "Point", "coordinates": [ 136.448947215799819, 36.405892249392579 ] } },
{ "type": "Feature", "properties": { "バス停": "西町", "事業会社": "北鉄白山バス（株）", "系統": "佐野線" }, "geometry": { "type": "Point", "coordinates": [ 136.448947215799819, 36.405892249392579 ] } },
{ "type": "Feature", "properties": { "バス停": "西町", "事業会社": "小松市", "系統": "市内循環線（ブルーこまち・北コース）" }, "geometry": { "type": "Point", "coordinates": [ 136.448947215799819, 36.405892249392579 ] } },
{ "type": "Feature", "properties": { "バス停": "小松郵便局前", "事業会社": "北鉄加賀バス（株）", "系統": "麦口線,大杉線" }, "geometry": { "type": "Point", "coordinates": [ 136.458776335697422, 36.405208166802119 ] } },
{ "type": "Feature", "properties": { "バス停": "小松郵便局前", "事業会社": "小松市", "系統": "市内循環線（オレンジこまち・南コース）" }, "geometry": { "type": "Point", "coordinates": [ 136.458776335697422, 36.405208166802119 ] } },
{ "type": "Feature", "properties": { "バス停": "ファミール鳥越", "事業会社": "北鉄白山バス（株）", "系統": "中宮B線,河原山線" }, "geometry": { "type": "Point", "coordinates": [ 136.628085541529771, 36.405196316879049 ] } },
{ "type": "Feature", "properties": { "バス停": "昭和通り", "事業会社": "北鉄加賀バス（株）", "系統": "麦口線,大杉線" }, "geometry": { "type": "Point", "coordinates": [ 136.451434310849464, 36.40505547632592 ] } },
{ "type": "Feature", "properties": { "バス停": "昭和通り", "事業会社": "小松市", "系統": "市内循環線（ブルーこまち・北コース）,市内循環線（オレンジこまち・南コース）" }, "geometry": { "type": "Point", "coordinates": [ 136.451434310849464, 36.40505547632592 ] } },
{ "type": "Feature", "properties": { "バス停": "商工会議所前", "事業会社": "北鉄加賀バス（株）", "系統": "麦口線" }, "geometry": { "type": "Point", "coordinates": [ 136.462265029739115, 36.404551097584978 ] } },
{ "type": "Feature", "properties": { "バス停": "商工会議所前", "事業会社": "小松市", "系統": "市内循環線（オレンジこまち・南コース）" }, "geometry": { "type": "Point", "coordinates": [ 136.462265029739115, 36.404551097584978 ] } },
{ "type": "Feature", "properties": { "バス停": "口直海", "事業会社": "白山市", "系統": "めぐーる河内ルート（千丈温泉）,めぐーる河内ルート（吉岡）,めぐーるつるぎ病院ルート" }, "geometry": { "type": "Point", "coordinates": [ 136.632976482478824, 36.403798787861973 ] } },
{ "type": "Feature", "properties": { "バス停": "口直海", "事業会社": "北鉄白山バス（株）", "系統": "白山線,中宮B線,鳥越線,白峰線" }, "geometry": { "type": "Point", "coordinates": [ 136.632976482478824, 36.403798787861973 ] } },
{ "type": "Feature", "properties": { "バス停": "航空プラザ前", "事業会社": "小松市", "系統": "空港連絡線（EV）" }, "geometry": { "type": "Point", "coordinates": [ 136.411519279558576, 36.403779648120093 ] } },
{ "type": "Feature", "properties": { "バス停": "第一コミュニティセンター", "事業会社": "小松市", "系統": "市内循環線（オレンジこまち・南コース）" }, "geometry": { "type": "Point", "coordinates": [ 136.479632556778199, 36.40326708399369 ] } },
{ "type": "Feature", "properties": { "バス停": "河内小学校前", "事業会社": "白山市", "系統": "めぐーる河内ルート（千丈温泉）,めぐーる河内ルート（吉岡）,めぐーるつるぎ病院ルート" }, "geometry": { "type": "Point", "coordinates": [ 136.631577745506661, 36.403094974988889 ] } },
{ "type": "Feature", "properties": { "バス停": "河内小学校前", "事業会社": "北鉄白山バス（株）", "系統": "白山線,中宮B線,鳥越線,白峰線" }, "geometry": { "type": "Point", "coordinates": [ 136.631577745506661, 36.403094974988889 ] } },
{ "type": "Feature", "properties": { "バス停": "第一小学校前", "事業会社": "小松市", "系統": "市内循環線（オレンジこまち・南コース）" }, "geometry": { "type": "Point", "coordinates": [ 136.474935118212841, 36.402664622064712 ] } },
{ "type": "Feature", "properties": { "バス停": "糸町", "事業会社": "北鉄加賀バス（株）", "系統": "麦口線" }, "geometry": { "type": "Point", "coordinates": [ 136.469548531270647, 36.402533973835546 ] } },
{ "type": "Feature", "properties": { "バス停": "糸町", "事業会社": "小松市", "系統": "市内循環線（オレンジこまち・南コース）" }, "geometry": { "type": "Point", "coordinates": [ 136.469548531270647, 36.402533973835546 ] } },
{ "type": "Feature", "properties": { "バス停": "小松空港", "事業会社": "北鉄加賀バス（株）", "系統": "空港連絡線" }, "geometry": { "type": "Point", "coordinates": [ 136.412951980806696, 36.402168025217954 ] } },
{ "type": "Feature", "properties": { "バス停": "小松空港", "事業会社": "小松市", "系統": "空港連絡線（EV）" }, "geometry": { "type": "Point", "coordinates": [ 136.412951980806696, 36.402168025217954 ] } },
{ "type": "Feature", "properties": { "バス停": "小松空港", "事業会社": "京福リムジンバス（株）", "系統": "小松空港連絡バス" }, "geometry": { "type": "Point", "coordinates": [ 136.412951980806696, 36.402168025217954 ] } },
{ "type": "Feature", "properties": { "バス停": "竜助町", "事業会社": "北鉄加賀バス（株）", "系統": "安宅線,粟津線,月津線,佐美線,国府線,小杉線,寺井長田線,佐野線" }, "geometry": { "type": "Point", "coordinates": [ 136.448732092588756, 36.402068618543936 ] } },
{ "type": "Feature", "properties": { "バス停": "竜助町", "事業会社": "北鉄白山バス（株）", "系統": "佐野線" }, "geometry": { "type": "Point", "coordinates": [ 136.448732092588756, 36.402068618543936 ] } },
{ "type": "Feature", "properties": { "バス停": "竜助町", "事業会社": "小松市", "系統": "市内循環線（ブルーこまち・北コース）" }, "geometry": { "type": "Point", "coordinates": [ 136.448732092588756, 36.402068618543936 ] } },
{ "type": "Feature", "properties": { "バス停": "鵜川遊泉寺", "事業会社": "北鉄加賀バス（株）", "系統": "ハニベ線" }, "geometry": { "type": "Point", "coordinates": [ 136.518771253089909, 36.402055008616763 ] } },
{ "type": "Feature", "properties": { "バス停": "瀬木野", "事業会社": "北鉄白山バス（株）", "系統": "中宮B線,河原山線" }, "geometry": { "type": "Point", "coordinates": [ 136.622046466548085, 36.401872519618358 ] } },
{ "type": "Feature", "properties": { "バス停": "小松駅", "事業会社": "北鉄加賀バス（株）", "系統": "木場潟線,空港連絡線,安宅線,粟津線,月津線,佐美線,麦口線,尾小屋線,大杉線,ハニベ線,国府線,小杉線,寺井長田線,佐野線" }, "geometry": { "type": "Point", "coordinates": [ 136.452243270464351, 36.401616007205654 ] } },
{ "type": "Feature", "properties": { "バス停": "小松駅", "事業会社": "北鉄白山バス（株）", "系統": "佐野線" }, "geometry": { "type": "Point", "coordinates": [ 136.452243270464351, 36.401616007205654 ] } },
{ "type": "Feature", "properties": { "バス停": "小松駅", "事業会社": "小松市", "系統": "市内循環線（ブルーこまち・北コース）,市内循環線（オレンジこまち・南コース）,空港連絡線（EV）" }, "geometry": { "type": "Point", "coordinates": [ 136.452243270464351, 36.401616007205654 ] } },
{ "type": "Feature", "properties": { "バス停": "ハニベ前", "事業会社": "北鉄加賀バス（株）", "系統": "ハニベ線" }, "geometry": { "type": "Point", "coordinates": [ 136.525679095783715, 36.401342847594428 ] } },
{ "type": "Feature", "properties": { "バス停": "サイエンスヒルズこまつ", "事業会社": "小松市", "系統": "空港連絡線（EV）" }, "geometry": { "type": "Point", "coordinates": [ 136.455203934711477, 36.400953650720552 ] } },
{ "type": "Feature", "properties": { "バス停": "佐々木", "事業会社": "北鉄加賀バス（株）", "系統": "麦口線,尾小屋線,ハニベ線" }, "geometry": { "type": "Point", "coordinates": [ 136.497728964993939, 36.400684227475331 ] } },
{ "type": "Feature", "properties": { "バス停": "軽海団地前", "事業会社": "北鉄加賀バス（株）", "系統": "麦口線,尾小屋線,ハニベ線" }, "geometry": { "type": "Point", "coordinates": [ 136.500239525039348, 36.400554374115892 ] } },
{ "type": "Feature", "properties": { "バス停": "末広運動公園", "事業会社": "小松市", "系統": "市内循環線（ブルーこまち・北コース）" }, "geometry": { "type": "Point", "coordinates": [ 136.44456719245315, 36.400368331723321 ] } },
{ "type": "Feature", "properties": { "バス停": "市立高校前", "事業会社": "北鉄加賀バス（株）", "系統": "麦口線,尾小屋線,ハニベ線" }, "geometry": { "type": "Point", "coordinates": [ 136.493647674223809, 36.400290706733664 ] } },
{ "type": "Feature", "properties": { "バス停": "ふじが丘", "事業会社": "白山市", "系統": "めぐーる河内ルート（吉岡）,めぐーるつるぎ病院ルート" }, "geometry": { "type": "Point", "coordinates": [ 136.626329436752542, 36.40006697565866 ] } },
{ "type": "Feature", "properties": { "バス停": "ふじが丘", "事業会社": "北鉄白山バス（株）", "系統": "白山線,中宮B線,鳥越線,白峰線" }, "geometry": { "type": "Point", "coordinates": [ 136.626329436752542, 36.40006697565866 ] } },
{ "type": "Feature", "properties": { "バス停": "軽海", "事業会社": "北鉄加賀バス（株）", "系統": "麦口線,ハニベ線" }, "geometry": { "type": "Point", "coordinates": [ 136.511272193763233, 36.399878898808929 ] } },
{ "type": "Feature", "properties": { "バス停": "八幡", "事業会社": "北鉄加賀バス（株）", "系統": "麦口線,尾小屋線,ハニベ線" }, "geometry": { "type": "Point", "coordinates": [ 136.48764958241577, 36.399840404247847 ] } },
{ "type": "Feature", "properties": { "バス停": "工業高校東口", "事業会社": "北鉄加賀バス（株）", "系統": "麦口線" }, "geometry": { "type": "Point", "coordinates": [ 136.475616835674089, 36.39979376619543 ] } },
{ "type": "Feature", "properties": { "バス停": "あらきクリニック前", "事業会社": "小松市", "系統": "市内循環線（オレンジこまち・南コース）" }, "geometry": { "type": "Point", "coordinates": [ 136.479124101979238, 36.399699303106487 ] } },
{ "type": "Feature", "properties": { "バス停": "日の出町", "事業会社": "北鉄加賀バス（株）", "系統": "麦口線,尾小屋線,ハニベ線" }, "geometry": { "type": "Point", "coordinates": [ 136.455908103685545, 36.39948122051166 ] } },
{ "type": "Feature", "properties": { "バス停": "服部", "事業会社": "北鉄白山バス（株）", "系統": "中宮B線,河原山線" }, "geometry": { "type": "Point", "coordinates": [ 136.618186635424337, 36.399323574343583 ] } },
{ "type": "Feature", "properties": { "バス停": "市民病院", "事業会社": "北鉄加賀バス（株）", "系統": "安宅線,粟津線,大杉線,小杉線" }, "geometry": { "type": "Point", "coordinates": [ 136.439947911445188, 36.398967146486143 ] } },
{ "type": "Feature", "properties": { "バス停": "市民病院", "事業会社": "小松市", "系統": "市内循環線（ブルーこまち・北コース）,市内循環線（オレンジこまち・南コース）" }, "geometry": { "type": "Point", "coordinates": [ 136.439947911445188, 36.398967146486143 ] } },
{ "type": "Feature", "properties": { "バス停": "錦町", "事業会社": "北鉄加賀バス（株）", "系統": "粟津線,大杉線,小杉線" }, "geometry": { "type": "Point", "coordinates": [ 136.445517175796397, 36.398423273039128 ] } },
{ "type": "Feature", "properties": { "バス停": "錦町", "事業会社": "小松市", "系統": "市内循環線（ブルーこまち・北コース）" }, "geometry": { "type": "Point", "coordinates": [ 136.445517175796397, 36.398423273039128 ] } },
{ "type": "Feature", "properties": { "バス停": "若杉", "事業会社": "北鉄加賀バス（株）", "系統": "麦口線,尾小屋線,ハニベ線" }, "geometry": { "type": "Point", "coordinates": [ 136.481661475087208, 36.398414410149378 ] } },
{ "type": "Feature", "properties": { "バス停": "小松工業高校前", "事業会社": "北鉄加賀バス（株）", "系統": "麦口線,尾小屋線,大杉線,ハニベ線" }, "geometry": { "type": "Point", "coordinates": [ 136.471499380912519, 36.398361781059918 ] } },
{ "type": "Feature", "properties": { "バス停": "本折町", "事業会社": "北鉄加賀バス（株）", "系統": "粟津線,月津線,佐美線,大杉線,小杉線" }, "geometry": { "type": "Point", "coordinates": [ 136.44862944734129, 36.398273849408611 ] } },
{ "type": "Feature", "properties": { "バス停": "本折町", "事業会社": "小松市", "系統": "市内循環線（ブルーこまち・北コース）" }, "geometry": { "type": "Point", "coordinates": [ 136.44862944734129, 36.398273849408611 ] } },
{ "type": "Feature", "properties": { "バス停": "打越", "事業会社": "北鉄加賀バス（株）", "系統": "麦口線,尾小屋線,大杉線,ハニベ線" }, "geometry": { "type": "Point", "coordinates": [ 136.476570434223589, 36.398266310585456 ] } },
{ "type": "Feature", "properties": { "バス停": "沖", "事業会社": "北鉄加賀バス（株）", "系統": "麦口線,尾小屋線,大杉線,ハニベ線" }, "geometry": { "type": "Point", "coordinates": [ 136.463401002475763, 36.39820067597541 ] } },
{ "type": "Feature", "properties": { "バス停": "希望ヶ丘", "事業会社": "北鉄加賀バス（株）", "系統": "麦口線,尾小屋線,大杉線,ハニベ線" }, "geometry": { "type": "Point", "coordinates": [ 136.497421334160975, 36.397814640750504 ] } },
{ "type": "Feature", "properties": { "バス停": "土居原町", "事業会社": "北鉄加賀バス（株）", "系統": "木場潟線,安宅線" }, "geometry": { "type": "Point", "coordinates": [ 136.451603169510832, 36.397488719824572 ] } },
{ "type": "Feature", "properties": { "バス停": "土居原町", "事業会社": "小松市", "系統": "市内循環線（オレンジこまち・南コース）" }, "geometry": { "type": "Point", "coordinates": [ 136.451603169510832, 36.397488719824572 ] } },
{ "type": "Feature", "properties": { "バス停": "かわちこども園", "事業会社": "白山市", "系統": "めぐーる河内ルート（吉岡）" }, "geometry": { "type": "Point", "coordinates": [ 136.620375343456345, 36.397456667180386 ] } },
{ "type": "Feature", "properties": { "バス停": "西軽海", "事業会社": "北鉄加賀バス（株）", "系統": "麦口線,尾小屋線,ハニベ線" }, "geometry": { "type": "Point", "coordinates": [ 136.49992719168813, 36.396979053831181 ] } },
{ "type": "Feature", "properties": { "バス停": "下福岡", "事業会社": "白山市", "系統": "めぐーる河内ルート（吉岡）,めぐーるつるぎ病院ルート" }, "geometry": { "type": "Point", "coordinates": [ 136.622319055689104, 36.396900399845912 ] } },
{ "type": "Feature", "properties": { "バス停": "下福岡", "事業会社": "北鉄白山バス（株）", "系統": "白山線,中宮B線,鳥越線,白峰線" }, "geometry": { "type": "Point", "coordinates": [ 136.622319055689104, 36.396900399845912 ] } },
{ "type": "Feature", "properties": { "バス停": "西軽海三丁目", "事業会社": "北鉄加賀バス（株）", "系統": "麦口線,尾小屋線,ハニベ線" }, "geometry": { "type": "Point", "coordinates": [ 136.49777411040813, 36.396827027658688 ] } },
{ "type": "Feature", "properties": { "バス停": "若杉東", "事業会社": "小松市", "系統": "市内循環線（オレンジこまち・南コース）" }, "geometry": { "type": "Point", "coordinates": [ 136.478799225844824, 36.396723106091052 ] } },
{ "type": "Feature", "properties": { "バス停": "松寿園前", "事業会社": "小松市", "系統": "市内循環線（オレンジこまち・南コース）" }, "geometry": { "type": "Point", "coordinates": [ 136.440464338394833, 36.396462734767404 ] } },
{ "type": "Feature", "properties": { "バス停": "中海こども園前", "事業会社": "北鉄加賀バス（株）", "系統": "麦口線" }, "geometry": { "type": "Point", "coordinates": [ 136.514121932181382, 36.396429769062543 ] } },
{ "type": "Feature", "properties": { "バス停": "イオンモール新小松", "事業会社": "小松市", "系統": "市内循環線（オレンジこまち・南コース）" }, "geometry": { "type": "Point", "coordinates": [ 136.466696137206782, 36.396294300084143 ] } },
{ "type": "Feature", "properties": { "バス停": "イオンモール新小松", "事業会社": "北鉄加賀バス（株）", "系統": "木場潟線" }, "geometry": { "type": "Point", "coordinates": [ 136.466696137206782, 36.396294300084143 ] } },
{ "type": "Feature", "properties": { "バス停": "小松ソフィア病院前", "事業会社": "小松市", "系統": "市内循環線（オレンジこまち・南コース）" }, "geometry": { "type": "Point", "coordinates": [ 136.463614947050161, 36.396072178561184 ] } },
{ "type": "Feature", "properties": { "バス停": "小松ソフィア病院前", "事業会社": "北鉄加賀バス（株）", "系統": "木場潟線" }, "geometry": { "type": "Point", "coordinates": [ 136.463614947050161, 36.396072178561184 ] } },
{ "type": "Feature", "properties": { "バス停": "新吉竹", "事業会社": "小松市", "系統": "市内循環線（オレンジこまち・南コース）" }, "geometry": { "type": "Point", "coordinates": [ 136.4763269672315, 36.394491648016562 ] } },
{ "type": "Feature", "properties": { "バス停": "加賀河合", "事業会社": "北鉄白山バス（株）", "系統": "中宮B線,河原山線" }, "geometry": { "type": "Point", "coordinates": [ 136.610876032688452, 36.394398800572588 ] } },
{ "type": "Feature", "properties": { "バス停": "向本折西", "事業会社": "北鉄加賀バス（株）", "系統": "粟津線" }, "geometry": { "type": "Point", "coordinates": [ 136.442414238723188, 36.394385005358991 ] } },
{ "type": "Feature", "properties": { "バス停": "向本折西", "事業会社": "小松市", "系統": "市内循環線（オレンジこまち・南コース）" }, "geometry": { "type": "Point", "coordinates": [ 136.442414238723188, 36.394385005358991 ] } },
{ "type": "Feature", "properties": { "バス停": "中海郵便局前", "事業会社": "北鉄加賀バス（株）", "系統": "麦口線" }, "geometry": { "type": "Point", "coordinates": [ 136.515889537188855, 36.394368175001247 ] } },
{ "type": "Feature", "properties": { "バス停": "上本折", "事業会社": "北鉄加賀バス（株）", "系統": "粟津線,月津線,佐美線" }, "geometry": { "type": "Point", "coordinates": [ 136.447391326646255, 36.394227651225847 ] } },
{ "type": "Feature", "properties": { "バス停": "若杉中", "事業会社": "小松市", "系統": "市内循環線（オレンジこまち・南コース）" }, "geometry": { "type": "Point", "coordinates": [ 136.483810087712811, 36.394178288731318 ] } },
{ "type": "Feature", "properties": { "バス停": "清六町", "事業会社": "小松市", "系統": "市内循環線（オレンジこまち・南コース）" }, "geometry": { "type": "Point", "coordinates": [ 136.461708739667898, 36.394108780594486 ] } },
{ "type": "Feature", "properties": { "バス停": "清六町", "事業会社": "北鉄加賀バス（株）", "系統": "木場潟線" }, "geometry": { "type": "Point", "coordinates": [ 136.461708739667898, 36.394108780594486 ] } },
{ "type": "Feature", "properties": { "バス停": "上福岡", "事業会社": "白山市", "系統": "めぐーる河内ルート（吉岡）,めぐーるつるぎ病院ルート" }, "geometry": { "type": "Point", "coordinates": [ 136.619489119542578, 36.393994049236042 ] } },
{ "type": "Feature", "properties": { "バス停": "上福岡", "事業会社": "北鉄白山バス（株）", "系統": "白山線,中宮B線,鳥越線,白峰線" }, "geometry": { "type": "Point", "coordinates": [ 136.619489119542578, 36.393994049236042 ] } },
{ "type": "Feature", "properties": { "バス停": "中", "事業会社": "北鉄加賀バス（株）", "系統": "麦口線" }, "geometry": { "type": "Point", "coordinates": [ 136.518456468285791, 36.392999565177234 ] } },
{ "type": "Feature", "properties": { "バス停": "向本折中", "事業会社": "北鉄加賀バス（株）", "系統": "粟津線" }, "geometry": { "type": "Point", "coordinates": [ 136.445207654712704, 36.392879977664791 ] } },
{ "type": "Feature", "properties": { "バス停": "向本折中", "事業会社": "小松市", "系統": "市内循環線（オレンジこまち・南コース）" }, "geometry": { "type": "Point", "coordinates": [ 136.445207654712704, 36.392879977664791 ] } },
{ "type": "Feature", "properties": { "バス停": "北吉竹", "事業会社": "北鉄加賀バス（株）", "系統": "大杉線" }, "geometry": { "type": "Point", "coordinates": [ 136.476251769118335, 36.392206733582583 ] } },
{ "type": "Feature", "properties": { "バス停": "八幡温泉", "事業会社": "小松市", "系統": "市内循環線（オレンジこまち・南コース）" }, "geometry": { "type": "Point", "coordinates": [ 136.490293538149587, 36.392192860210812 ] } },
{ "type": "Feature", "properties": { "バス停": "八幡町", "事業会社": "小松市", "系統": "市内循環線（オレンジこまち・南コース）" }, "geometry": { "type": "Point", "coordinates": [ 136.448312715685461, 36.392153693777821 ] } },
{ "type": "Feature", "properties": { "バス停": "向本折", "事業会社": "北鉄加賀バス（株）", "系統": "粟津線,月津線,佐美線" }, "geometry": { "type": "Point", "coordinates": [ 136.444742454370186, 36.391522165008098 ] } },
{ "type": "Feature", "properties": { "バス停": "幸町", "事業会社": "小松市", "系統": "市内循環線（オレンジこまち・南コース）" }, "geometry": { "type": "Point", "coordinates": [ 136.451408650509251, 36.391365465839748 ] } },
{ "type": "Feature", "properties": { "バス停": "中田島前", "事業会社": "北鉄加賀バス（株）", "系統": "麦口線" }, "geometry": { "type": "Point", "coordinates": [ 136.520928694107937, 36.391207950659968 ] } },
{ "type": "Feature", "properties": { "バス停": "上河合", "事業会社": "北鉄白山バス（株）", "系統": "中宮B線,河原山線" }, "geometry": { "type": "Point", "coordinates": [ 136.607295360635277, 36.391191894044226 ] } },
{ "type": "Feature", "properties": { "バス停": "やわたメディカルセンター", "事業会社": "北鉄加賀バス（株）", "系統": "木場潟線,尾小屋線" }, "geometry": { "type": "Point", "coordinates": [ 136.491632376307507, 36.390833977660193 ] } },
{ "type": "Feature", "properties": { "バス停": "やわたメディカルセンター", "事業会社": "小松市", "系統": "市内循環線（オレンジこまち・南コース）" }, "geometry": { "type": "Point", "coordinates": [ 136.491632376307507, 36.390833977660193 ] } },
{ "type": "Feature", "properties": { "バス停": "きりの里", "事業会社": "白山市", "系統": "めぐーる河内ルート（吉岡）,めぐーるつるぎ病院ルート" }, "geometry": { "type": "Point", "coordinates": [ 136.615750695190712, 36.390151399984234 ] } },
{ "type": "Feature", "properties": { "バス停": "きりの里", "事業会社": "北鉄白山バス（株）", "系統": "白山線,中宮B線,鳥越線,白峰線" }, "geometry": { "type": "Point", "coordinates": [ 136.615750695190712, 36.390151399984234 ] } },
{ "type": "Feature", "properties": { "バス停": "吉竹", "事業会社": "北鉄加賀バス（株）", "系統": "大杉線" }, "geometry": { "type": "Point", "coordinates": [ 136.475912142164418, 36.389989570197173 ] } },
{ "type": "Feature", "properties": { "バス停": "岩渕", "事業会社": "北鉄加賀バス（株）", "系統": "麦口線" }, "geometry": { "type": "Point", "coordinates": [ 136.52426719263687, 36.389951265328534 ] } },
{ "type": "Feature", "properties": { "バス停": "北浅井町", "事業会社": "小松市", "系統": "市内循環線（オレンジこまち・南コース）" }, "geometry": { "type": "Point", "coordinates": [ 136.459876787828307, 36.389158413413348 ] } },
{ "type": "Feature", "properties": { "バス停": "北浅井町", "事業会社": "北鉄加賀バス（株）", "系統": "木場潟線" }, "geometry": { "type": "Point", "coordinates": [ 136.459876787828307, 36.389158413413348 ] } },
{ "type": "Feature", "properties": { "バス停": "奥池", "事業会社": "白山市", "系統": "めぐーる河内ルート（千丈温泉）" }, "geometry": { "type": "Point", "coordinates": [ 136.636302701097065, 36.389061861930635 ] } },
{ "type": "Feature", "properties": { "バス停": "大日川", "事業会社": "北鉄白山バス（株）", "系統": "中宮B線,鳥越線,河原山線" }, "geometry": { "type": "Point", "coordinates": [ 136.605325622390609, 36.388963783913631 ] } },
{ "type": "Feature", "properties": { "バス停": "須天", "事業会社": "北鉄加賀バス（株）", "系統": "粟津線,月津線,佐美線" }, "geometry": { "type": "Point", "coordinates": [ 136.442300254940221, 36.3880618685318 ] } },
{ "type": "Feature", "properties": { "バス停": "大領", "事業会社": "小松市", "系統": "市内循環線（オレンジこまち・南コース）" }, "geometry": { "type": "Point", "coordinates": [ 136.449686385779984, 36.387113677201569 ] } },
{ "type": "Feature", "properties": { "バス停": "江津", "事業会社": "白山市", "系統": "めぐーる河内ルート（吉岡）,めぐーるつるぎ病院ルート" }, "geometry": { "type": "Point", "coordinates": [ 136.612659957816504, 36.386735111252825 ] } },
{ "type": "Feature", "properties": { "バス停": "江津", "事業会社": "北鉄白山バス（株）", "系統": "白山線,中宮B線,鳥越線,白峰線" }, "geometry": { "type": "Point", "coordinates": [ 136.612659957816504, 36.386735111252825 ] } },
{ "type": "Feature", "properties": { "バス停": "桂", "事業会社": "北鉄加賀バス（株）", "系統": "麦口線" }, "geometry": { "type": "Point", "coordinates": [ 136.528430603892161, 36.386242406862898 ] } },
{ "type": "Feature", "properties": { "バス停": "久保", "事業会社": "白山市", "系統": "めぐーる河内ルート（千丈温泉）" }, "geometry": { "type": "Point", "coordinates": [ 136.636726633344523, 36.386115861190682 ] } },
{ "type": "Feature", "properties": { "バス停": "千松閣", "事業会社": "北鉄加賀バス（株）", "系統": "木場潟線,尾小屋線" }, "geometry": { "type": "Point", "coordinates": [ 136.496804402125491, 36.38577586145842 ] } },
{ "type": "Feature", "properties": { "バス停": "千松閣", "事業会社": "小松市", "系統": "市内循環線（オレンジこまち・南コース）" }, "geometry": { "type": "Point", "coordinates": [ 136.496804402125491, 36.38577586145842 ] } },
{ "type": "Feature", "properties": { "バス停": "南浅井町", "事業会社": "小松市", "系統": "市内循環線（オレンジこまち・南コース）" }, "geometry": { "type": "Point", "coordinates": [ 136.458969461675707, 36.385460108895295 ] } },
{ "type": "Feature", "properties": { "バス停": "大領中央", "事業会社": "小松市", "系統": "市内循環線（オレンジこまち・南コース）" }, "geometry": { "type": "Point", "coordinates": [ 136.452162395887939, 36.38530249696759 ] } },
{ "type": "Feature", "properties": { "バス停": "今江町北", "事業会社": "北鉄加賀バス（株）", "系統": "粟津線,月津線,佐美線" }, "geometry": { "type": "Point", "coordinates": [ 136.438655902846449, 36.385264698841816 ] } },
{ "type": "Feature", "properties": { "バス停": "千木野団地", "事業会社": "北鉄加賀バス（株）", "系統": "大杉線" }, "geometry": { "type": "Point", "coordinates": [ 136.480616969772569, 36.385253093890761 ] } },
{ "type": "Feature", "properties": { "バス停": "千木野", "事業会社": "北鉄加賀バス（株）", "系統": "大杉線" }, "geometry": { "type": "Point", "coordinates": [ 136.475197064808356, 36.385220844970753 ] } },
{ "type": "Feature", "properties": { "バス停": "千木野町中", "事業会社": "北鉄加賀バス（株）", "系統": "大杉線" }, "geometry": { "type": "Point", "coordinates": [ 136.476628101932931, 36.384361335662547 ] } },
{ "type": "Feature", "properties": { "バス停": "原永田前", "事業会社": "北鉄加賀バス（株）", "系統": "麦口線" }, "geometry": { "type": "Point", "coordinates": [ 136.532678473950995, 36.384225292070653 ] } },
{ "type": "Feature", "properties": { "バス停": "満天星", "事業会社": "白山市", "系統": "めぐーる河内ルート（吉岡）,めぐーるつるぎ病院ルート" }, "geometry": { "type": "Point", "coordinates": [ 136.613208611520889, 36.383154183806653 ] } },
{ "type": "Feature", "properties": { "バス停": "原", "事業会社": "北鉄加賀バス（株）", "系統": "麦口線" }, "geometry": { "type": "Point", "coordinates": [ 136.536325658010099, 36.382613664690865 ] } },
{ "type": "Feature", "properties": { "バス停": "日末", "事業会社": "北鉄加賀バス（株）", "系統": "佐美線" }, "geometry": { "type": "Point", "coordinates": [ 136.406963823124613, 36.38204137737614 ] } },
{ "type": "Feature", "properties": { "バス停": "今江", "事業会社": "北鉄加賀バス（株）", "系統": "粟津線,月津線,佐美線" }, "geometry": { "type": "Point", "coordinates": [ 136.436505858977512, 36.381785581492743 ] } },
{ "type": "Feature", "properties": { "バス停": "若原", "事業会社": "北鉄白山バス（株）", "系統": "中宮B線,鳥越線,河原山線" }, "geometry": { "type": "Point", "coordinates": [ 136.601593983269453, 36.38171677972484 ] } },
{ "type": "Feature", "properties": { "バス停": "原", "事業会社": "北鉄加賀バス（株）", "系統": "麦口線" }, "geometry": { "type": "Point", "coordinates": [ 136.534162290810457, 36.381650427282729 ] } },
{ "type": "Feature", "properties": { "バス停": "下野", "事業会社": "北鉄白山バス（株）", "系統": "中宮B線,鳥越線,河原山線" }, "geometry": { "type": "Point", "coordinates": [ 136.603365763289929, 36.38081861855278 ] } },
{ "type": "Feature", "properties": { "バス停": "日末小学校前", "事業会社": "北鉄加賀バス（株）", "系統": "佐美線" }, "geometry": { "type": "Point", "coordinates": [ 136.400606173746013, 36.380460766212686 ] } },
{ "type": "Feature", "properties": { "バス停": "花坂", "事業会社": "北鉄加賀バス（株）", "系統": "尾小屋線" }, "geometry": { "type": "Point", "coordinates": [ 136.497166844960475, 36.379765592008305 ] } },
{ "type": "Feature", "properties": { "バス停": "原番谷", "事業会社": "北鉄加賀バス（株）", "系統": "麦口線" }, "geometry": { "type": "Point", "coordinates": [ 136.537246819323911, 36.379558567784656 ] } },
{ "type": "Feature", "properties": { "バス停": "本江町東", "事業会社": "北鉄加賀バス（株）", "系統": "大杉線" }, "geometry": { "type": "Point", "coordinates": [ 136.477242362633632, 36.379417400588082 ] } },
{ "type": "Feature", "properties": { "バス停": "佐美口", "事業会社": "北鉄加賀バス（株）", "系統": "佐美線" }, "geometry": { "type": "Point", "coordinates": [ 136.39662567915326, 36.37911579767507 ] } },
{ "type": "Feature", "properties": { "バス停": "吉岡", "事業会社": "白山市", "系統": "めぐーる河内ルート（吉岡）,めぐーるつるぎ病院ルート" }, "geometry": { "type": "Point", "coordinates": [ 136.615557400658361, 36.378888944800977 ] } },
{ "type": "Feature", "properties": { "バス停": "吉岡", "事業会社": "北鉄白山バス（株）", "系統": "白山線,中宮B線,白峰線" }, "geometry": { "type": "Point", "coordinates": [ 136.615557400658361, 36.378888944800977 ] } },
{ "type": "Feature", "properties": { "バス停": "本江西", "事業会社": "北鉄加賀バス（株）", "系統": "木場潟線" }, "geometry": { "type": "Point", "coordinates": [ 136.47186777578986, 36.378843596759715 ] } },
{ "type": "Feature", "properties": { "バス停": "吹上", "事業会社": "白山市", "系統": "めぐーる河内ルート（千丈温泉）" }, "geometry": { "type": "Point", "coordinates": [ 136.642862075346102, 36.378283636867927 ] } },
{ "type": "Feature", "properties": { "バス停": "板尾", "事業会社": "白山市", "系統": "めぐーる河内ルート（千丈温泉）" }, "geometry": { "type": "Point", "coordinates": [ 136.644918269707119, 36.377885122596815 ] } },
{ "type": "Feature", "properties": { "バス停": "今江町南", "事業会社": "北鉄加賀バス（株）", "系統": "粟津線,月津線,佐美線" }, "geometry": { "type": "Point", "coordinates": [ 136.432212007157233, 36.377683750153885 ] } },
{ "type": "Feature", "properties": { "バス停": "佐美", "事業会社": "北鉄加賀バス（株）", "系統": "佐美線" }, "geometry": { "type": "Point", "coordinates": [ 136.393489984860366, 36.376995527652994 ] } },
{ "type": "Feature", "properties": { "バス停": "松崎", "事業会社": "北鉄加賀バス（株）", "系統": "佐美線" }, "geometry": { "type": "Point", "coordinates": [ 136.410374074590521, 36.375848040514391 ] } },
{ "type": "Feature", "properties": { "バス停": "東山", "事業会社": "北鉄加賀バス（株）", "系統": "大杉線" }, "geometry": { "type": "Point", "coordinates": [ 136.479320914760166, 36.375297549103593 ] } },
{ "type": "Feature", "properties": { "バス停": "蓮代寺町", "事業会社": "北鉄加賀バス（株）", "系統": "木場潟線" }, "geometry": { "type": "Point", "coordinates": [ 136.467209563930055, 36.375213882794561 ] } },
{ "type": "Feature", "properties": { "バス停": "麦口", "事業会社": "北鉄加賀バス（株）", "系統": "麦口線" }, "geometry": { "type": "Point", "coordinates": [ 136.544301911806883, 36.374762398100835 ] } },
{ "type": "Feature", "properties": { "バス停": "嵐", "事業会社": "北鉄加賀バス（株）", "系統": "麦口線" }, "geometry": { "type": "Point", "coordinates": [ 136.567887022058471, 36.374610231687619 ] } },
{ "type": "Feature", "properties": { "バス停": "串茶屋", "事業会社": "北鉄加賀バス（株）", "系統": "粟津線,月津線,佐美線" }, "geometry": { "type": "Point", "coordinates": [ 136.425985684139931, 36.374340944329866 ] } },
{ "type": "Feature", "properties": { "バス停": "上野", "事業会社": "白山市", "系統": "めぐーる上野・阿手ルート" }, "geometry": { "type": "Point", "coordinates": [ 136.603456185289502, 36.373996687328571 ] } },
{ "type": "Feature", "properties": { "バス停": "上野", "事業会社": "北鉄白山バス（株）", "系統": "中宮B線,鳥越線,河原山線" }, "geometry": { "type": "Point", "coordinates": [ 136.603456185289502, 36.373996687328571 ] } },
{ "type": "Feature", "properties": { "バス停": "中ノ峠", "事業会社": "北鉄加賀バス（株）", "系統": "麦口線" }, "geometry": { "type": "Point", "coordinates": [ 136.570869019588059, 36.373485693603151 ] } },
{ "type": "Feature", "properties": { "バス停": "村松", "事業会社": "北鉄加賀バス（株）", "系統": "佐美線" }, "geometry": { "type": "Point", "coordinates": [ 136.416338061897335, 36.373228978731191 ] } },
{ "type": "Feature", "properties": { "バス停": "上麦口", "事業会社": "北鉄加賀バス（株）", "系統": "麦口線" }, "geometry": { "type": "Point", "coordinates": [ 136.552165674816564, 36.37278193534047 ] } },
{ "type": "Feature", "properties": { "バス停": "三谷町", "事業会社": "北鉄加賀バス（株）", "系統": "木場潟線" }, "geometry": { "type": "Point", "coordinates": [ 136.457948823983742, 36.372253552867825 ] } },
{ "type": "Feature", "properties": { "バス停": "串", "事業会社": "北鉄加賀バス（株）", "系統": "粟津線,月津線,佐美線" }, "geometry": { "type": "Point", "coordinates": [ 136.421962275728077, 36.371914242582918 ] } },
{ "type": "Feature", "properties": { "バス停": "西大野", "事業会社": "北鉄加賀バス（株）", "系統": "尾小屋線" }, "geometry": { "type": "Point", "coordinates": [ 136.497862887560615, 36.371624195164486 ] } },
{ "type": "Feature", "properties": { "バス停": "鳥越小学校前", "事業会社": "白山市", "系統": "めぐーる上野・阿手ルート" }, "geometry": { "type": "Point", "coordinates": [ 136.604479751435804, 36.37096653580501 ] } },
{ "type": "Feature", "properties": { "バス停": "鳥越小学校前", "事業会社": "北鉄白山バス（株）", "系統": "中宮B線,河原山線" }, "geometry": { "type": "Point", "coordinates": [ 136.604479751435804, 36.37096653580501 ] } },
{ "type": "Feature", "properties": { "バス停": "道の駅こまつ木場潟", "事業会社": "北鉄加賀バス（株）", "系統": "木場潟線" }, "geometry": { "type": "Point", "coordinates": [ 136.462652186778115, 36.370936778206215 ] } },
{ "type": "Feature", "properties": { "バス停": "とりごえ保育園", "事業会社": "白山市", "系統": "めぐーる上野・阿手ルート" }, "geometry": { "type": "Point", "coordinates": [ 136.604831124440722, 36.369986665268932 ] } },
{ "type": "Feature", "properties": { "バス停": "レイクサイド木場", "事業会社": "北鉄加賀バス（株）", "系統": "木場潟線" }, "geometry": { "type": "Point", "coordinates": [ 136.454458888786661, 36.368761105822813 ] } },
{ "type": "Feature", "properties": { "バス停": "串東口", "事業会社": "北鉄加賀バス（株）", "系統": "粟津線" }, "geometry": { "type": "Point", "coordinates": [ 136.423142628488392, 36.36743356448909 ] } },
{ "type": "Feature", "properties": { "バス停": "木場潟中央園地", "事業会社": "北鉄加賀バス（株）", "系統": "木場潟線" }, "geometry": { "type": "Point", "coordinates": [ 136.453938165952792, 36.366140053590691 ] } },
{ "type": "Feature", "properties": { "バス停": "鳥越中学校", "事業会社": "白山市", "系統": "めぐーる河内ルート（吉岡）,めぐーる上野・阿手ルート" }, "geometry": { "type": "Point", "coordinates": [ 136.608888343363503, 36.364173545951481 ] } },
{ "type": "Feature", "properties": { "バス停": "三坂", "事業会社": "白山市", "系統": "めぐーる上野・阿手ルート" }, "geometry": { "type": "Point", "coordinates": [ 136.592560313606754, 36.364097902461715 ] } },
{ "type": "Feature", "properties": { "バス停": "三坂", "事業会社": "北鉄加賀バス（株）", "系統": "麦口線" }, "geometry": { "type": "Point", "coordinates": [ 136.592560313606754, 36.364097902461715 ] } },
{ "type": "Feature", "properties": { "バス停": "大野町南", "事業会社": "北鉄加賀バス（株）", "系統": "尾小屋線" }, "geometry": { "type": "Point", "coordinates": [ 136.495024593563159, 36.363966709869246 ] } },
{ "type": "Feature", "properties": { "バス停": "青路町", "事業会社": "北鉄加賀バス（株）", "系統": "粟津線" }, "geometry": { "type": "Point", "coordinates": [ 136.425316382536039, 36.363777110015661 ] } },
{ "type": "Feature", "properties": { "バス停": "黄門橋", "事業会社": "白山市", "系統": "めぐーるつるぎ病院ルート" }, "geometry": { "type": "Point", "coordinates": [ 136.615939869019229, 36.363387915776308 ] } },
{ "type": "Feature", "properties": { "バス停": "黄門橋", "事業会社": "北鉄白山バス（株）", "系統": "白山線,中宮B線,白峰線" }, "geometry": { "type": "Point", "coordinates": [ 136.615939869019229, 36.363387915776308 ] } },
{ "type": "Feature", "properties": { "バス停": "釜清水", "事業会社": "白山市", "系統": "めぐーる上野・阿手ルート,めぐーるつるぎ病院ルート" }, "geometry": { "type": "Point", "coordinates": [ 136.610389328896503, 36.362955378494121 ] } },
{ "type": "Feature", "properties": { "バス停": "釜清水", "事業会社": "北鉄白山バス（株）", "系統": "中宮B線,河原山線" }, "geometry": { "type": "Point", "coordinates": [ 136.610389328896503, 36.362955378494121 ] } },
{ "type": "Feature", "properties": { "バス停": "JA白山手取支店", "事業会社": "白山市", "系統": "めぐーる河内ルート（吉岡）,めぐーる上野・阿手ルート" }, "geometry": { "type": "Point", "coordinates": [ 136.617035319039388, 36.362923819574398 ] } },
{ "type": "Feature", "properties": { "バス停": "野立町", "事業会社": "北鉄加賀バス（株）", "系統": "月津線" }, "geometry": { "type": "Point", "coordinates": [ 136.418433640723094, 36.362664532200604 ] } },
{ "type": "Feature", "properties": { "バス停": "中金間", "事業会社": "白山市", "系統": "めぐーる河内ルート（千丈温泉）" }, "geometry": { "type": "Point", "coordinates": [ 136.655377653347642, 36.362381241640158 ] } },
{ "type": "Feature", "properties": { "バス停": "下出合", "事業会社": "白山市", "系統": "めぐーる上野・阿手ルート" }, "geometry": { "type": "Point", "coordinates": [ 136.597911749185585, 36.362006645432686 ] } },
{ "type": "Feature", "properties": { "バス停": "吉野工芸の里", "事業会社": "北鉄白山バス（株）", "系統": "白山線,中宮B線,白峰線" }, "geometry": { "type": "Point", "coordinates": [ 136.618887360780349, 36.361960626111923 ] } },
{ "type": "Feature", "properties": { "バス停": "野立西", "事業会社": "北鉄加賀バス（株）", "系統": "月津線" }, "geometry": { "type": "Point", "coordinates": [ 136.417425268735258, 36.361511151404358 ] } },
{ "type": "Feature", "properties": { "バス停": "出合", "事業会社": "北鉄加賀バス（株）", "系統": "麦口線" }, "geometry": { "type": "Point", "coordinates": [ 136.59968827102108, 36.360723779557219 ] } },
{ "type": "Feature", "properties": { "バス停": "木場温泉", "事業会社": "北鉄加賀バス（株）", "系統": "木場潟線" }, "geometry": { "type": "Point", "coordinates": [ 136.449813641898345, 36.360557556496452 ] } },
{ "type": "Feature", "properties": { "バス停": "下吉野", "事業会社": "北鉄白山バス（株）", "系統": "白山線,中宮B線,白峰線" }, "geometry": { "type": "Point", "coordinates": [ 136.621278521826383, 36.360231963731138 ] } },
{ "type": "Feature", "properties": { "バス停": "上出合", "事業会社": "白山市", "系統": "めぐーる上野・阿手ルート" }, "geometry": { "type": "Point", "coordinates": [ 136.600831792417097, 36.359895289721138 ] } },
{ "type": "Feature", "properties": { "バス停": "別宮", "事業会社": "白山市", "系統": "めぐーる上野・阿手ルート" }, "geometry": { "type": "Point", "coordinates": [ 136.603344336148638, 36.359098763503425 ] } },
{ "type": "Feature", "properties": { "バス停": "別宮", "事業会社": "北鉄加賀バス（株）", "系統": "麦口線" }, "geometry": { "type": "Point", "coordinates": [ 136.603344336148638, 36.359098763503425 ] } },
{ "type": "Feature", "properties": { "バス停": "木場", "事業会社": "北鉄加賀バス（株）", "系統": "木場潟線" }, "geometry": { "type": "Point", "coordinates": [ 136.44707389839445, 36.359010970991058 ] } },
{ "type": "Feature", "properties": { "バス停": "ほのぼの松東", "事業会社": "北鉄加賀バス（株）", "系統": "尾小屋線" }, "geometry": { "type": "Point", "coordinates": [ 136.493002034567894, 36.358541464841181 ] } },
{ "type": "Feature", "properties": { "バス停": "江指", "事業会社": "北鉄加賀バス（株）", "系統": "大杉線" }, "geometry": { "type": "Point", "coordinates": [ 136.486075196567299, 36.357304123733925 ] } },
{ "type": "Feature", "properties": { "バス停": "四丁町", "事業会社": "北鉄加賀バス（株）", "系統": "月津線" }, "geometry": { "type": "Point", "coordinates": [ 136.414453259818771, 36.357193005386975 ] } },
{ "type": "Feature", "properties": { "バス停": "金野町", "事業会社": "北鉄加賀バス（株）", "系統": "尾小屋線" }, "geometry": { "type": "Point", "coordinates": [ 136.495354873486917, 36.357068957764284 ] } },
{ "type": "Feature", "properties": { "バス停": "金平", "事業会社": "北鉄加賀バス（株）", "系統": "尾小屋線" }, "geometry": { "type": "Point", "coordinates": [ 136.504091254175677, 36.35631963014346 ] } },
{ "type": "Feature", "properties": { "バス停": "石川病院", "事業会社": "北鉄加賀バス（株）", "系統": "温泉片山津" }, "geometry": { "type": "Point", "coordinates": [ 136.357747479993549, 36.35615041330292 ] } },
{ "type": "Feature", "properties": { "バス停": "小松特別支援学校", "事業会社": "北鉄加賀バス（株）", "系統": "尾小屋線" }, "geometry": { "type": "Point", "coordinates": [ 136.507955603439996, 36.356060902036262 ] } },
{ "type": "Feature", "properties": { "バス停": "粟津駅口", "事業会社": "北鉄加賀バス（株）", "系統": "粟津線" }, "geometry": { "type": "Point", "coordinates": [ 136.427701300803619, 36.3556761843736 ] } },
{ "type": "Feature", "properties": { "バス停": "粟津駅前", "事業会社": "北鉄加賀バス（株）", "系統": "木場潟線,粟津線" }, "geometry": { "type": "Point", "coordinates": [ 136.425339135712193, 36.355481746268985 ] } },
{ "type": "Feature", "properties": { "バス停": "月津東", "事業会社": "北鉄加賀バス（株）", "系統": "月津線" }, "geometry": { "type": "Point", "coordinates": [ 136.410656036420676, 36.354993307382799 ] } },
{ "type": "Feature", "properties": { "バス停": "別宮出", "事業会社": "白山市", "系統": "めぐーる上野・阿手ルート" }, "geometry": { "type": "Point", "coordinates": [ 136.603207840125719, 36.35447931879294 ] } },
{ "type": "Feature", "properties": { "バス停": "新島", "事業会社": "北鉄加賀バス（株）", "系統": "木場潟線,粟津線" }, "geometry": { "type": "Point", "coordinates": [ 136.427611095432155, 36.353306563333462 ] } },
{ "type": "Feature", "properties": { "バス停": "雪の科学館前", "事業会社": "北鉄加賀バス（株）", "系統": "温泉片山津" }, "geometry": { "type": "Point", "coordinates": [ 136.359902539225459, 36.35321252233139 ] } },
{ "type": "Feature", "properties": { "バス停": "尼御前岬", "事業会社": "日本海観光バス（株）", "系統": "加賀周遊バス「キャンバス」　海まわり線" }, "geometry": { "type": "Point", "coordinates": [ 136.322452224181006, 36.352902711919292 ] } },
{ "type": "Feature", "properties": { "バス停": "中谷宇吉郎雪の科学館", "事業会社": "日本海観光バス（株）", "系統": "加賀周遊バス「キャンバス」　海まわり線" }, "geometry": { "type": "Point", "coordinates": [ 136.361708451390086, 36.352685065440319 ] } },
{ "type": "Feature", "properties": { "バス停": "橋立漁港", "事業会社": "日本海観光バス（株）", "系統": "加賀周遊バス「キャンバス」　海まわり線" }, "geometry": { "type": "Point", "coordinates": [ 136.31756765909364, 36.352664920343116 ] } },
{ "type": "Feature", "properties": { "バス停": "月津", "事業会社": "北鉄加賀バス（株）", "系統": "月津線" }, "geometry": { "type": "Point", "coordinates": [ 136.405194369049269, 36.352304928695538 ] } },
{ "type": "Feature", "properties": { "バス停": "長谷", "事業会社": "北鉄加賀バス（株）", "系統": "大杉線" }, "geometry": { "type": "Point", "coordinates": [ 136.485325852517235, 36.351813928630456 ] } },
{ "type": "Feature", "properties": { "バス停": "木場台", "事業会社": "北鉄加賀バス（株）", "系統": "木場潟線" }, "geometry": { "type": "Point", "coordinates": [ 136.445585085764407, 36.351058986883039 ] } },
{ "type": "Feature", "properties": { "バス停": "北前船の里資料館", "事業会社": "日本海観光バス（株）", "系統": "加賀周遊バス「キャンバス」　海まわり線" }, "geometry": { "type": "Point", "coordinates": [ 136.311149946540638, 36.350533494185719 ] } },
{ "type": "Feature", "properties": { "バス停": "下折", "事業会社": "白山市", "系統": "めぐーる河内ルート（千丈温泉）" }, "geometry": { "type": "Point", "coordinates": [ 136.668966419870998, 36.350197839712173 ] } },
{ "type": "Feature", "properties": { "バス停": "島", "事業会社": "北鉄加賀バス（株）", "系統": "木場潟線,粟津線" }, "geometry": { "type": "Point", "coordinates": [ 136.431704464840976, 36.349991005310429 ] } },
{ "type": "Feature", "properties": { "バス停": "片山津西口", "事業会社": "北鉄加賀バス（株）", "系統": "温泉片山津" }, "geometry": { "type": "Point", "coordinates": [ 136.361702333162469, 36.348879838751117 ] } },
{ "type": "Feature", "properties": { "バス停": "北前船主屋敷蔵六園", "事業会社": "日本海観光バス（株）", "系統": "加賀周遊バス「キャンバス」　海まわり線" }, "geometry": { "type": "Point", "coordinates": [ 136.310640046262307, 36.348490721705851 ] } },
{ "type": "Feature", "properties": { "バス停": "潮津", "事業会社": "北鉄加賀バス（株）", "系統": "温泉片山津" }, "geometry": { "type": "Point", "coordinates": [ 136.360028348424606, 36.348229694215355 ] } },
{ "type": "Feature", "properties": { "バス停": "杉森", "事業会社": "白山市", "系統": "めぐーる上野・阿手ルート" }, "geometry": { "type": "Point", "coordinates": [ 136.603775485624453, 36.348017981394349 ] } },
{ "type": "Feature", "properties": { "バス停": "小松大谷高校前", "事業会社": "北鉄加賀バス（株）", "系統": "木場潟線" }, "geometry": { "type": "Point", "coordinates": [ 136.443734231910526, 36.347799651019784 ] } },
{ "type": "Feature", "properties": { "バス停": "上吉野", "事業会社": "北鉄白山バス（株）", "系統": "白山線,中宮B線,白峰線" }, "geometry": { "type": "Point", "coordinates": [ 136.627297152128648, 36.347518645044104 ] } },
{ "type": "Feature", "properties": { "バス停": "千丈温泉", "事業会社": "白山市", "系統": "めぐーる河内ルート（千丈温泉）" }, "geometry": { "type": "Point", "coordinates": [ 136.678098403524984, 36.347351671711934 ] } },
{ "type": "Feature", "properties": { "バス停": "片山津温泉西口", "事業会社": "日本海観光バス（株）", "系統": "加賀周遊バス「キャンバス」　海まわり線" }, "geometry": { "type": "Point", "coordinates": [ 136.363107176264833, 36.347148702632076 ] } },
{ "type": "Feature", "properties": { "バス停": "片山津温泉西口", "事業会社": "京福リムジンバス（株）", "系統": "永平寺おでかけ号" }, "geometry": { "type": "Point", "coordinates": [ 136.363107176264833, 36.347148702632076 ] } },
{ "type": "Feature", "properties": { "バス停": "神子清水", "事業会社": "白山市", "系統": "めぐーる上野・阿手ルート" }, "geometry": { "type": "Point", "coordinates": [ 136.605605623744594, 36.346083007442324 ] } },
{ "type": "Feature", "properties": { "バス停": "片山津5区", "事業会社": "北鉄加賀バス（株）", "系統": "温泉片山津" }, "geometry": { "type": "Point", "coordinates": [ 136.364901979140285, 36.346065238523146 ] } },
{ "type": "Feature", "properties": { "バス停": "片山津温泉（湯の元公園）", "事業会社": "日本海観光バス（株）", "系統": "加賀周遊バス「キャンバス」　海まわり線" }, "geometry": { "type": "Point", "coordinates": [ 136.366697617027029, 36.346056601428039 ] } },
{ "type": "Feature", "properties": { "バス停": "下粟津（粟津A線）", "事業会社": "北鉄加賀バス（株）", "系統": "木場潟線,粟津線" }, "geometry": { "type": "Point", "coordinates": [ 136.4337003653647, 36.346003616997002 ] } },
{ "type": "Feature", "properties": { "バス停": "片山津温泉総湯前", "事業会社": "北鉄加賀バス（株）", "系統": "温泉片山津" }, "geometry": { "type": "Point", "coordinates": [ 136.367853879913099, 36.345431687706338 ] } },
{ "type": "Feature", "properties": { "バス停": "片山津温泉総湯", "事業会社": "日本海観光バス（株）", "系統": "加賀周遊バス「キャンバス」　海まわり線" }, "geometry": { "type": "Point", "coordinates": [ 136.367930260483973, 36.345348922587029 ] } },
{ "type": "Feature", "properties": { "バス停": "片山津温泉総湯", "事業会社": "京福リムジンバス（株）", "系統": "永平寺おでかけ号" }, "geometry": { "type": "Point", "coordinates": [ 136.367930260483973, 36.345348922587029 ] } },
{ "type": "Feature", "properties": { "バス停": "矢田", "事業会社": "北鉄加賀バス（株）", "系統": "月津線" }, "geometry": { "type": "Point", "coordinates": [ 136.403625532662687, 36.345065460341822 ] } },
{ "type": "Feature", "properties": { "バス停": "波佐谷", "事業会社": "北鉄加賀バス（株）", "系統": "大杉線" }, "geometry": { "type": "Point", "coordinates": [ 136.481822353488894, 36.34488850315919 ] } },
{ "type": "Feature", "properties": { "バス停": "不老峡", "事業会社": "北鉄白山バス（株）", "系統": "白山線,中宮B線,白峰線" }, "geometry": { "type": "Point", "coordinates": [ 136.6313751730234, 36.344870200006277 ] } },
{ "type": "Feature", "properties": { "バス停": "津波倉", "事業会社": "北鉄加賀バス（株）", "系統": "木場潟線,粟津線" }, "geometry": { "type": "Point", "coordinates": [ 136.440336038572866, 36.344779067815381 ] } },
{ "type": "Feature", "properties": { "バス停": "片山津温泉", "事業会社": "北鉄加賀バス（株）", "系統": "温泉片山津" }, "geometry": { "type": "Point", "coordinates": [ 136.367401703493471, 36.344168569033059 ] } },
{ "type": "Feature", "properties": { "バス停": "湯の谷橋", "事業会社": "北鉄加賀バス（株）", "系統": "温泉片山津" }, "geometry": { "type": "Point", "coordinates": [ 136.361338457110293, 36.343523471988398 ] } },
{ "type": "Feature", "properties": { "バス停": "下吉谷", "事業会社": "北鉄白山バス（株）", "系統": "中宮B線,河原山線" }, "geometry": { "type": "Point", "coordinates": [ 136.63000064531721, 36.343267901052435 ] } },
{ "type": "Feature", "properties": { "バス停": "片山津温泉1区", "事業会社": "京福リムジンバス（株）", "系統": "永平寺おでかけ号" }, "geometry": { "type": "Point", "coordinates": [ 136.370377215790597, 36.342651283030726 ] } },
{ "type": "Feature", "properties": { "バス停": "片山津温泉一区", "事業会社": "日本海観光バス（株）", "系統": "加賀周遊バス「キャンバス」　海まわり線" }, "geometry": { "type": "Point", "coordinates": [ 136.370468872815678, 36.342646282816816 ] } },
{ "type": "Feature", "properties": { "バス停": "片山津町", "事業会社": "北鉄加賀バス（株）", "系統": "温泉片山津" }, "geometry": { "type": "Point", "coordinates": [ 136.367345027151828, 36.341270432248848 ] } },
{ "type": "Feature", "properties": { "バス停": "湖城団地口", "事業会社": "北鉄加賀バス（株）", "系統": "温泉片山津" }, "geometry": { "type": "Point", "coordinates": [ 136.367435281747589, 36.338650026485958 ] } },
{ "type": "Feature", "properties": { "バス停": "湖城団地", "事業会社": "北鉄加賀バス（株）", "系統": "温泉片山津" }, "geometry": { "type": "Point", "coordinates": [ 136.362439383576088, 36.338407877273369 ] } },
{ "type": "Feature", "properties": { "バス停": "渡津", "事業会社": "白山市", "系統": "めぐーる上野・阿手ルート" }, "geometry": { "type": "Point", "coordinates": [ 136.608590601052981, 36.338393613958445 ] } },
{ "type": "Feature", "properties": { "バス停": "波佐谷町南", "事業会社": "北鉄加賀バス（株）", "系統": "大杉線" }, "geometry": { "type": "Point", "coordinates": [ 136.480128740176212, 36.33831172173609 ] } },
{ "type": "Feature", "properties": { "バス停": "片山津本町", "事業会社": "北鉄加賀バス（株）", "系統": "温泉片山津" }, "geometry": { "type": "Point", "coordinates": [ 136.369094006155876, 36.336116265037482 ] } },
{ "type": "Feature", "properties": { "バス停": "粟津小学校前", "事業会社": "北鉄加賀バス（株）", "系統": "粟津線" }, "geometry": { "type": "Point", "coordinates": [ 136.447165421215175, 36.335617181103132 ] } },
{ "type": "Feature", "properties": { "バス停": "上吉谷", "事業会社": "北鉄白山バス（株）", "系統": "中宮B線,河原山線" }, "geometry": { "type": "Point", "coordinates": [ 136.635828995169561, 36.334223694936959 ] } },
{ "type": "Feature", "properties": { "バス停": "瀬領", "事業会社": "北鉄加賀バス（株）", "系統": "大杉線" }, "geometry": { "type": "Point", "coordinates": [ 136.483257200820645, 36.333378473106855 ] } },
{ "type": "Feature", "properties": { "バス停": "日本自動車博物館", "事業会社": "日本海観光バス（株）", "系統": "加賀周遊バス「キャンバス」　山まわり線" }, "geometry": { "type": "Point", "coordinates": [ 136.431700752682787, 36.33307902703568 ] } },
{ "type": "Feature", "properties": { "バス停": "粟津温泉北口", "事業会社": "北鉄加賀バス（株）", "系統": "粟津線" }, "geometry": { "type": "Point", "coordinates": [ 136.447051858561508, 36.332549340606498 ] } },
{ "type": "Feature", "properties": { "バス停": "せせらぎの郷", "事業会社": "北鉄加賀バス（株）", "系統": "大杉線" }, "geometry": { "type": "Point", "coordinates": [ 136.486117257805006, 36.331654827696731 ] } },
{ "type": "Feature", "properties": { "バス停": "粟津温泉", "事業会社": "北鉄加賀バス（株）", "系統": "粟津線" }, "geometry": { "type": "Point", "coordinates": [ 136.44517709039431, 36.330386227084141 ] } },
{ "type": "Feature", "properties": { "バス停": "粟津温泉", "事業会社": "日本海観光バス（株）", "系統": "加賀周遊バス「キャンバス」　山まわり線" }, "geometry": { "type": "Point", "coordinates": [ 136.44517709039431, 36.330386227084141 ] } },
{ "type": "Feature", "properties": { "バス停": "佐良", "事業会社": "北鉄白山バス（株）", "系統": "白山線,中宮B線,白峰線" }, "geometry": { "type": "Point", "coordinates": [ 136.64327203673156, 36.330085429947914 ] } },
{ "type": "Feature", "properties": { "バス停": "西佐良", "事業会社": "北鉄白山バス（株）", "系統": "中宮B線,河原山線" }, "geometry": { "type": "Point", "coordinates": [ 136.638522817325594, 36.32942743399812 ] } },
{ "type": "Feature", "properties": { "バス停": "湯上", "事業会社": "北鉄加賀バス（株）", "系統": "粟津線" }, "geometry": { "type": "Point", "coordinates": [ 136.441035920273379, 36.327913805331406 ] } },
{ "type": "Feature", "properties": { "バス停": "大日盛橋本酒造（酒蔵資料館）", "事業会社": "日本海観光バス（株）", "系統": "加賀周遊バス「キャンバス」　海まわり線" }, "geometry": { "type": "Point", "coordinates": [ 136.38671809424676, 36.327745582784459 ] } },
{ "type": "Feature", "properties": { "バス停": "加賀フルーツランド", "事業会社": "日本海観光バス（株）", "系統": "加賀周遊バス「キャンバス」　海まわり線" }, "geometry": { "type": "Point", "coordinates": [ 136.304896827191698, 36.327114239677528 ] } },
{ "type": "Feature", "properties": { "バス停": "冨塚", "事業会社": "北鉄加賀バス（株）", "系統": "温泉片山津" }, "geometry": { "type": "Point", "coordinates": [ 136.363197075516297, 36.326318577086489 ] } },
{ "type": "Feature", "properties": { "バス停": "加賀ゆめのゆ/箱宮", "事業会社": "日本海観光バス（株）", "系統": "加賀周遊バス「キャンバス」　山まわり線" }, "geometry": { "type": "Point", "coordinates": [ 136.409339525151978, 36.325458503276558 ] } },
{ "type": "Feature", "properties": { "バス停": "上荒屋", "事業会社": "北鉄加賀バス（株）", "系統": "粟津線" }, "geometry": { "type": "Point", "coordinates": [ 136.436871751025393, 36.325395453459357 ] } },
{ "type": "Feature", "properties": { "バス停": "ときわ台", "事業会社": "北鉄加賀バス（株）", "系統": "温泉片山津" }, "geometry": { "type": "Point", "coordinates": [ 136.359470020516852, 36.325319519334663 ] } },
{ "type": "Feature", "properties": { "バス停": "松が丘二丁目", "事業会社": "北鉄加賀バス（株）", "系統": "温泉大聖寺" }, "geometry": { "type": "Point", "coordinates": [ 136.338350304419635, 36.324774137977506 ] } },
{ "type": "Feature", "properties": { "バス停": "松が丘一丁目", "事業会社": "北鉄加賀バス（株）", "系統": "温泉大聖寺" }, "geometry": { "type": "Point", "coordinates": [ 136.343528349773067, 36.324457081662032 ] } },
{ "type": "Feature", "properties": { "バス停": "加賀伝統工芸村ゆのくにの森", "事業会社": "日本海観光バス（株）", "系統": "加賀周遊バス「キャンバス」　山まわり線" }, "geometry": { "type": "Point", "coordinates": [ 136.434961710467377, 36.324422665422262 ] } },
{ "type": "Feature", "properties": { "バス停": "中央公園口", "事業会社": "北鉄加賀バス（株）", "系統": "温泉大聖寺" }, "geometry": { "type": "Point", "coordinates": [ 136.333705803845618, 36.324353803643781 ] } },
{ "type": "Feature", "properties": { "バス停": "作見", "事業会社": "北鉄加賀バス（株）", "系統": "温泉大聖寺" }, "geometry": { "type": "Point", "coordinates": [ 136.356946477916665, 36.324189628531599 ] } },
{ "type": "Feature", "properties": { "バス停": "馬場", "事業会社": "北鉄加賀バス（株）", "系統": "粟津線" }, "geometry": { "type": "Point", "coordinates": [ 136.43375324709686, 36.323824603306441 ] } },
{ "type": "Feature", "properties": { "バス停": "瀬波橋", "事業会社": "北鉄白山バス（株）", "系統": "白山線,中宮B線,白峰線" }, "geometry": { "type": "Point", "coordinates": [ 136.648724547228539, 36.323239224057318 ] } },
{ "type": "Feature", "properties": { "バス停": "白山台", "事業会社": "北鉄加賀バス（株）", "系統": "温泉大聖寺" }, "geometry": { "type": "Point", "coordinates": [ 136.347767629269129, 36.323003764677573 ] } },
{ "type": "Feature", "properties": { "バス停": "動橋（実生）", "事業会社": "日本海観光バス（株）", "系統": "加賀周遊バス「キャンバス」　海まわり線" }, "geometry": { "type": "Point", "coordinates": [ 136.38442231425401, 36.322558880307177 ] } },
{ "type": "Feature", "properties": { "バス停": "鴨池観察館", "事業会社": "日本海観光バス（株）", "系統": "加賀周遊バス「キャンバス」　海まわり線" }, "geometry": { "type": "Point", "coordinates": [ 136.2945809156206, 36.322243832355078 ] } },
{ "type": "Feature", "properties": { "バス停": "温泉駅北口", "事業会社": "北鉄加賀バス（株）", "系統": "温泉大聖寺" }, "geometry": { "type": "Point", "coordinates": [ 136.350671194331397, 36.321869814424097 ] } },
{ "type": "Feature", "properties": { "バス停": "三ツ屋野", "事業会社": "北鉄白山バス（株）", "系統": "中宮B線,河原山線" }, "geometry": { "type": "Point", "coordinates": [ 136.642943545690116, 36.321604398646819 ] } },
{ "type": "Feature", "properties": { "バス停": "日用苔の里", "事業会社": "北鉄加賀バス（株）", "系統": "粟津線" }, "geometry": { "type": "Point", "coordinates": [ 136.467152664223875, 36.320008931463718 ] } },
{ "type": "Feature", "properties": { "バス停": "JR加賀温泉駅", "事業会社": "京福リムジンバス（株）", "系統": "永平寺おでかけ号" }, "geometry": { "type": "Point", "coordinates": [ 136.350573766655884, 36.31955095920577 ] } },
{ "type": "Feature", "properties": { "バス停": "加賀温泉駅", "事業会社": "北鉄加賀バス（株）", "系統": "温泉大聖寺,吉崎,温泉山中,温泉片山津" }, "geometry": { "type": "Point", "coordinates": [ 136.350721260081542, 36.319236281529953 ] } },
{ "type": "Feature", "properties": { "バス停": "JR加賀温泉駅前・アビオシティ加賀", "事業会社": "日本海観光バス（株）", "系統": "加賀周遊バス「キャンバス」　山まわり線,加賀周遊バス「キャンバス」　海まわり線" }, "geometry": { "type": "Point", "coordinates": [ 136.350835413545042, 36.319226563382479 ] } },
{ "type": "Feature", "properties": { "バス停": "市原", "事業会社": "北鉄白山バス（株）", "系統": "白山線,中宮B線,白峰線" }, "geometry": { "type": "Point", "coordinates": [ 136.648177002404708, 36.319154240079754 ] } },
{ "type": "Feature", "properties": { "バス停": "作見南", "事業会社": "北鉄加賀バス（株）", "系統": "温泉大聖寺,温泉山中,温泉片山津" }, "geometry": { "type": "Point", "coordinates": [ 136.356485862836848, 36.318988123954192 ] } },
{ "type": "Feature", "properties": { "バス停": "春日町", "事業会社": "北鉄加賀バス（株）", "系統": "温泉大聖寺" }, "geometry": { "type": "Point", "coordinates": [ 136.332859583917156, 36.318754754290239 ] } },
{ "type": "Feature", "properties": { "バス停": "加賀市医療センター", "事業会社": "北鉄加賀バス（株）", "系統": "温泉大聖寺,吉崎,温泉山中,温泉片山津" }, "geometry": { "type": "Point", "coordinates": [ 136.35126624822334, 36.317718437952117 ] } },
{ "type": "Feature", "properties": { "バス停": "加賀市医療センター", "事業会社": "日本海観光バス（株）", "系統": "加賀周遊バス「キャンバス」　海まわり線" }, "geometry": { "type": "Point", "coordinates": [ 136.35126624822334, 36.317718437952117 ] } },
{ "type": "Feature", "properties": { "バス停": "那谷町", "事業会社": "北鉄加賀バス（株）", "系統": "粟津線" }, "geometry": { "type": "Point", "coordinates": [ 136.421143389630686, 36.316994196162213 ] } },
{ "type": "Feature", "properties": { "バス停": "JA加賀前", "事業会社": "北鉄加賀バス（株）", "系統": "温泉山中" }, "geometry": { "type": "Point", "coordinates": [ 136.358494596479034, 36.316652943207863 ] } },
{ "type": "Feature", "properties": { "バス停": "左礫", "事業会社": "白山市", "系統": "めぐーる上野・阿手ルート" }, "geometry": { "type": "Point", "coordinates": [ 136.613355782843882, 36.316568738721195 ] } },
{ "type": "Feature", "properties": { "バス停": "小菅波町", "事業会社": "北鉄加賀バス（株）", "系統": "吉崎" }, "geometry": { "type": "Point", "coordinates": [ 136.347688386543268, 36.316328519862061 ] } },
{ "type": "Feature", "properties": { "バス停": "北鉄加賀バス前", "事業会社": "北鉄加賀バス（株）", "系統": "温泉山中" }, "geometry": { "type": "Point", "coordinates": [ 136.358753266158402, 36.314144966604147 ] } },
{ "type": "Feature", "properties": { "バス停": "那谷寺", "事業会社": "北鉄加賀バス（株）", "系統": "粟津線" }, "geometry": { "type": "Point", "coordinates": [ 136.419941171546867, 36.313766505874497 ] } },
{ "type": "Feature", "properties": { "バス停": "那谷寺", "事業会社": "日本海観光バス（株）", "系統": "加賀周遊バス「キャンバス」　山まわり線" }, "geometry": { "type": "Point", "coordinates": [ 136.419941171546867, 36.313766505874497 ] } },
{ "type": "Feature", "properties": { "バス停": "岡町", "事業会社": "北鉄加賀バス（株）", "系統": "温泉大聖寺" }, "geometry": { "type": "Point", "coordinates": [ 136.317409848830238, 36.313087615196729 ] } },
{ "type": "Feature", "properties": { "バス停": "河原山", "事業会社": "北鉄白山バス（株）", "系統": "中宮B線,河原山線" }, "geometry": { "type": "Point", "coordinates": [ 136.641903382309323, 36.311157147309309 ] } },
{ "type": "Feature", "properties": { "バス停": "下木滑", "事業会社": "北鉄白山バス（株）", "系統": "白山線,中宮B線,白峰線" }, "geometry": { "type": "Point", "coordinates": [ 136.645681846870389, 36.311116115329526 ] } },
{ "type": "Feature", "properties": { "バス停": "白山下", "事業会社": "北鉄白山バス（株）", "系統": "中宮B線,河原山線" }, "geometry": { "type": "Point", "coordinates": [ 136.641905702738029, 36.309352943767898 ] } },
{ "type": "Feature", "properties": { "バス停": "加茂", "事業会社": "北鉄加賀バス（株）", "系統": "温泉山中" }, "geometry": { "type": "Point", "coordinates": [ 136.357690798543643, 36.309126953363915 ] } },
{ "type": "Feature", "properties": { "バス停": "耳聞山", "事業会社": "北鉄加賀バス（株）", "系統": "温泉大聖寺" }, "geometry": { "type": "Point", "coordinates": [ 136.316202665519427, 36.308745600501041 ] } },
{ "type": "Feature", "properties": { "バス停": "河崎上神社前", "事業会社": "北鉄加賀バス（株）", "系統": "吉崎" }, "geometry": { "type": "Point", "coordinates": [ 136.340326720043862, 36.308284010636072 ] } },
{ "type": "Feature", "properties": { "バス停": "御菓子城加賀藩", "事業会社": "日本海観光バス（株）", "系統": "加賀周遊バス「キャンバス」　山まわり線" }, "geometry": { "type": "Point", "coordinates": [ 136.364664183482773, 36.307840007973446 ] } },
{ "type": "Feature", "properties": { "バス停": "舟と久弥と長流亭", "事業会社": "日本海観光バス（株）", "系統": "加賀周遊バス「キャンバス」　海まわり線" }, "geometry": { "type": "Point", "coordinates": [ 136.310249954817664, 36.30752396375398 ] } },
{ "type": "Feature", "properties": { "バス停": "かが交流プラザさくら", "事業会社": "北鉄加賀バス（株）", "系統": "温泉大聖寺,吉崎,山代大聖寺" }, "geometry": { "type": "Point", "coordinates": [ 136.310249954817664, 36.30752396375398 ] } },
{ "type": "Feature", "properties": { "バス停": "イオン加賀の里前", "事業会社": "北鉄加賀バス（株）", "系統": "吉崎" }, "geometry": { "type": "Point", "coordinates": [ 136.348170896334182, 36.307262420909105 ] } },
{ "type": "Feature", "properties": { "バス停": "上河崎", "事業会社": "北鉄加賀バス（株）", "系統": "吉崎,山代大聖寺" }, "geometry": { "type": "Point", "coordinates": [ 136.335522576347643, 36.307200105859316 ] } },
{ "type": "Feature", "properties": { "バス停": "菅生町", "事業会社": "北鉄加賀バス（株）", "系統": "吉崎,山代大聖寺" }, "geometry": { "type": "Point", "coordinates": [ 136.319197473303092, 36.306919197039477 ] } },
{ "type": "Feature", "properties": { "バス停": "上木滑", "事業会社": "北鉄白山バス（株）", "系統": "白山線,中宮B線,白峰線,河原山線" }, "geometry": { "type": "Point", "coordinates": [ 136.642512194594758, 36.306255033070101 ] } },
{ "type": "Feature", "properties": { "バス停": "下河崎", "事業会社": "北鉄加賀バス（株）", "系統": "吉崎,山代大聖寺" }, "geometry": { "type": "Point", "coordinates": [ 136.331975201568582, 36.306128473364431 ] } },
{ "type": "Feature", "properties": { "バス停": "九谷満月", "事業会社": "日本海観光バス（株）", "系統": "加賀周遊バス「キャンバス」　海まわり線" }, "geometry": { "type": "Point", "coordinates": [ 136.351756903558964, 36.306117384851618 ] } },
{ "type": "Feature", "properties": { "バス停": "法華坊", "事業会社": "北鉄加賀バス（株）", "系統": "温泉大聖寺" }, "geometry": { "type": "Point", "coordinates": [ 136.313756917320347, 36.306011697423394 ] } },
{ "type": "Feature", "properties": { "バス停": "加茂南", "事業会社": "北鉄加賀バス（株）", "系統": "温泉山中" }, "geometry": { "type": "Point", "coordinates": [ 136.358123656825938, 36.305679569598787 ] } },
{ "type": "Feature", "properties": { "バス停": "弓町", "事業会社": "北鉄加賀バス（株）", "系統": "吉崎,山代大聖寺" }, "geometry": { "type": "Point", "coordinates": [ 136.315954530649691, 36.305172390281662 ] } },
{ "type": "Feature", "properties": { "バス停": "南郷", "事業会社": "北鉄加賀バス（株）", "系統": "吉崎,山代大聖寺" }, "geometry": { "type": "Point", "coordinates": [ 136.328800837528519, 36.304979919466845 ] } },
{ "type": "Feature", "properties": { "バス停": "関町", "事業会社": "北鉄加賀バス（株）", "系統": "吉崎" }, "geometry": { "type": "Point", "coordinates": [ 136.305556616059789, 36.304847499817676 ] } },
{ "type": "Feature", "properties": { "バス停": "南郷公民館前", "事業会社": "北鉄加賀バス（株）", "系統": "吉崎,山代大聖寺" }, "geometry": { "type": "Point", "coordinates": [ 136.323453859546504, 36.304644828172805 ] } },
{ "type": "Feature", "properties": { "バス停": "越前町", "事業会社": "北鉄加賀バス（株）", "系統": "温泉大聖寺,吉崎,山代大聖寺" }, "geometry": { "type": "Point", "coordinates": [ 136.308454984398679, 36.304357331990197 ] } },
{ "type": "Feature", "properties": { "バス停": "三ツ瀬", "事業会社": "白山市", "系統": "めぐーる上野・阿手ルート" }, "geometry": { "type": "Point", "coordinates": [ 136.597020543327346, 36.303959762687455 ] } },
{ "type": "Feature", "properties": { "バス停": "錦町", "事業会社": "北鉄加賀バス（株）", "系統": "吉崎" }, "geometry": { "type": "Point", "coordinates": [ 136.300652116138622, 36.303622529920858 ] } },
{ "type": "Feature", "properties": { "バス停": "南町", "事業会社": "北鉄加賀バス（株）", "系統": "温泉大聖寺,吉崎,山代大聖寺" }, "geometry": { "type": "Point", "coordinates": [ 136.313214882112788, 36.30311701069197 ] } },
{ "type": "Feature", "properties": { "バス停": "三ツ", "事業会社": "北鉄加賀バス（株）", "系統": "吉崎" }, "geometry": { "type": "Point", "coordinates": [ 136.289439588662049, 36.302631583288061 ] } },
{ "type": "Feature", "properties": { "バス停": "山ノ下寺院群/石川県九谷焼美術館", "事業会社": "日本海観光バス（株）", "系統": "加賀周遊バス「キャンバス」　海まわり線" }, "geometry": { "type": "Point", "coordinates": [ 136.311151227414882, 36.302230121995855 ] } },
{ "type": "Feature", "properties": { "バス停": "数瀬", "事業会社": "白山市", "系統": "めぐーる上野・阿手ルート" }, "geometry": { "type": "Point", "coordinates": [ 136.590448947889115, 36.301961273816637 ] } },
{ "type": "Feature", "properties": { "バス停": "JR大聖寺駅口・加賀市役所", "事業会社": "日本海観光バス（株）", "系統": "加賀周遊バス「キャンバス」　海まわり線" }, "geometry": { "type": "Point", "coordinates": [ 136.31278332850664, 36.301691328307903 ] } },
{ "type": "Feature", "properties": { "バス停": "錦城ケ丘", "事業会社": "北鉄加賀バス（株）", "系統": "吉崎" }, "geometry": { "type": "Point", "coordinates": [ 136.294046707536978, 36.301497062655685 ] } },
{ "type": "Feature", "properties": { "バス停": "大聖寺駅前", "事業会社": "北鉄加賀バス（株）", "系統": "温泉大聖寺,吉崎,山代大聖寺" }, "geometry": { "type": "Point", "coordinates": [ 136.313839920584712, 36.301274731364799 ] } },
{ "type": "Feature", "properties": { "バス停": "七ツ堀", "事業会社": "北鉄加賀バス（株）", "系統": "温泉山中" }, "geometry": { "type": "Point", "coordinates": [ 136.358820134470932, 36.301151753979013 ] } },
{ "type": "Feature", "properties": { "バス停": "木滑新", "事業会社": "北鉄白山バス（株）", "系統": "白山線,中宮B線,白峰線,河原山線" }, "geometry": { "type": "Point", "coordinates": [ 136.640126424553557, 36.300005546366897 ] } },
{ "type": "Feature", "properties": { "バス停": "黒瀬西", "事業会社": "北鉄加賀バス（株）", "系統": "吉崎,山代大聖寺" }, "geometry": { "type": "Point", "coordinates": [ 136.340422415957875, 36.299631685181481 ] } },
{ "type": "Feature", "properties": { "バス停": "三木", "事業会社": "北鉄加賀バス（株）", "系統": "吉崎" }, "geometry": { "type": "Point", "coordinates": [ 136.279707951537745, 36.299088995571275 ] } },
{ "type": "Feature", "properties": { "バス停": "黒瀬", "事業会社": "北鉄加賀バス（株）", "系統": "吉崎,山代大聖寺" }, "geometry": { "type": "Point", "coordinates": [ 136.34396069803725, 36.297983366992916 ] } },
{ "type": "Feature", "properties": { "バス停": "文化会館前", "事業会社": "北鉄加賀バス（株）", "系統": "温泉山中" }, "geometry": { "type": "Point", "coordinates": [ 136.359283812221605, 36.297893512310004 ] } },
{ "type": "Feature", "properties": { "バス停": "大聖寺実業高校前", "事業会社": "北鉄加賀バス（株）", "系統": "山代大聖寺" }, "geometry": { "type": "Point", "coordinates": [ 136.306386646211223, 36.296876715346166 ] } },
{ "type": "Feature", "properties": { "バス停": "保賀西", "事業会社": "北鉄加賀バス（株）", "系統": "吉崎" }, "geometry": { "type": "Point", "coordinates": [ 136.347724198505915, 36.296683901604744 ] } },
{ "type": "Feature", "properties": { "バス停": "阿手", "事業会社": "白山市", "系統": "めぐーる上野・阿手ルート" }, "geometry": { "type": "Point", "coordinates": [ 136.575836331571878, 36.296060355525405 ] } },
{ "type": "Feature", "properties": { "バス停": "竹の浦館", "事業会社": "日本海観光バス（株）", "系統": "加賀周遊バス「キャンバス」　海まわり線" }, "geometry": { "type": "Point", "coordinates": [ 136.265424440532399, 36.29603361165853 ] } },
{ "type": "Feature", "properties": { "バス停": "北部二丁目", "事業会社": "北鉄加賀バス（株）", "系統": "温泉山中" }, "geometry": { "type": "Point", "coordinates": [ 136.359577464811963, 36.295820691158148 ] } },
{ "type": "Feature", "properties": { "バス停": "月うさぎの里", "事業会社": "日本海観光バス（株）", "系統": "加賀周遊バス「キャンバス」　海まわり線" }, "geometry": { "type": "Point", "coordinates": [ 136.275800756272361, 36.295367384809779 ] } },
{ "type": "Feature", "properties": { "バス停": "保賀", "事業会社": "北鉄加賀バス（株）", "系統": "山代大聖寺" }, "geometry": { "type": "Point", "coordinates": [ 136.349748457482775, 36.295139683984416 ] } },
{ "type": "Feature", "properties": { "バス停": "瀬戸野", "事業会社": "北鉄白山バス（株）", "系統": "白山線,中宮B線,白峰線,河原山線" }, "geometry": { "type": "Point", "coordinates": [ 136.643237477511605, 36.295115672545265 ] } },
{ "type": "Feature", "properties": { "バス停": "市の瀬神社前", "事業会社": "北鉄加賀バス（株）", "系統": "温泉山中" }, "geometry": { "type": "Point", "coordinates": [ 136.36376698168641, 36.295035867021234 ] } },
{ "type": "Feature", "properties": { "バス停": "塩屋", "事業会社": "北鉄加賀バス（株）", "系統": "吉崎" }, "geometry": { "type": "Point", "coordinates": [ 136.251653620299891, 36.294894182487127 ] } },
{ "type": "Feature", "properties": { "バス停": "九谷焼窯跡展示館", "事業会社": "日本海観光バス（株）", "系統": "加賀周遊バス「キャンバス」　山まわり線" }, "geometry": { "type": "Point", "coordinates": [ 136.367252681425441, 36.294614877201951 ] } },
{ "type": "Feature", "properties": { "バス停": "永井新", "事業会社": "北鉄加賀バス（株）", "系統": "吉崎" }, "geometry": { "type": "Point", "coordinates": [ 136.274048556584802, 36.292811243462765 ] } },
{ "type": "Feature", "properties": { "バス停": "山代温泉東口", "事業会社": "北鉄加賀バス（株）", "系統": "温泉山中,山代大聖寺" }, "geometry": { "type": "Point", "coordinates": [ 136.363131062069669, 36.292016741015281 ] } },
{ "type": "Feature", "properties": { "バス停": "山代温泉東口", "事業会社": "日本海観光バス（株）", "系統": "加賀周遊バス「キャンバス」　山まわり線" }, "geometry": { "type": "Point", "coordinates": [ 136.363131062069669, 36.292016741015281 ] } },
{ "type": "Feature", "properties": { "バス停": "山代温泉東口", "事業会社": "京福リムジンバス（株）", "系統": "永平寺おでかけ号" }, "geometry": { "type": "Point", "coordinates": [ 136.363131062069669, 36.292016741015281 ] } },
{ "type": "Feature", "properties": { "バス停": "幸町", "事業会社": "北鉄加賀バス（株）", "系統": "温泉山中,山代大聖寺" }, "geometry": { "type": "Point", "coordinates": [ 136.359551257592756, 36.291183983674031 ] } },
{ "type": "Feature", "properties": { "バス停": "吉崎", "事業会社": "北鉄加賀バス（株）", "系統": "吉崎" }, "geometry": { "type": "Point", "coordinates": [ 136.255051183262026, 36.291098258883487 ] } },
{ "type": "Feature", "properties": { "バス停": "山代小学校前", "事業会社": "北鉄加賀バス（株）", "系統": "温泉山中,山代大聖寺" }, "geometry": { "type": "Point", "coordinates": [ 136.356926611478315, 36.290712028250432 ] } },
{ "type": "Feature", "properties": { "バス停": "山代温泉", "事業会社": "北鉄加賀バス（株）", "系統": "温泉山中,山代大聖寺" }, "geometry": { "type": "Point", "coordinates": [ 136.36154770343154, 36.290511875607514 ] } },
{ "type": "Feature", "properties": { "バス停": "九谷美陶園", "事業会社": "日本海観光バス（株）", "系統": "加賀周遊バス「キャンバス」　山まわり線" }, "geometry": { "type": "Point", "coordinates": [ 136.355515724675399, 36.28960517413752 ] } },
{ "type": "Feature", "properties": { "バス停": "瀬越口", "事業会社": "北鉄加賀バス（株）", "系統": "吉崎" }, "geometry": { "type": "Point", "coordinates": [ 136.259233504424287, 36.289579840354762 ] } },
{ "type": "Feature", "properties": { "バス停": "永井", "事業会社": "北鉄加賀バス（株）", "系統": "吉崎" }, "geometry": { "type": "Point", "coordinates": [ 136.267275051379556, 36.28934962675762 ] } },
{ "type": "Feature", "properties": { "バス停": "山代温泉総湯・古総湯", "事業会社": "日本海観光バス（株）", "系統": "加賀周遊バス「キャンバス」　山まわり線" }, "geometry": { "type": "Point", "coordinates": [ 136.361752167676684, 36.289329232669196 ] } },
{ "type": "Feature", "properties": { "バス停": "山代温泉総湯・古総湯", "事業会社": "京福リムジンバス（株）", "系統": "永平寺おでかけ号" }, "geometry": { "type": "Point", "coordinates": [ 136.361752167676684, 36.289329232669196 ] } },
{ "type": "Feature", "properties": { "バス停": "山代温泉西口", "事業会社": "北鉄加賀バス（株）", "系統": "温泉山中,山代大聖寺" }, "geometry": { "type": "Point", "coordinates": [ 136.357831839099987, 36.28903473816645 ] } },
{ "type": "Feature", "properties": { "バス停": "永井西口", "事業会社": "北鉄加賀バス（株）", "系統": "吉崎" }, "geometry": { "type": "Point", "coordinates": [ 136.263426358651714, 36.288982981775568 ] } },
{ "type": "Feature", "properties": { "バス停": "万松園通・魯山人寓居跡いろは草庵", "事業会社": "日本海観光バス（株）", "系統": "加賀周遊バス「キャンバス」　山まわり線" }, "geometry": { "type": "Point", "coordinates": [ 136.359857739731126, 36.287787424311368 ] } },
{ "type": "Feature", "properties": { "バス停": "瀬女", "事業会社": "北鉄白山バス（株）", "系統": "白山線,中宮B線,白峰線,河原山線" }, "geometry": { "type": "Point", "coordinates": [ 136.65159248285795, 36.287433923936192 ] } },
{ "type": "Feature", "properties": { "バス停": "山代温泉桔梗ヶ丘", "事業会社": "日本海観光バス（株）", "系統": "加賀周遊バス「キャンバス」　山まわり線" }, "geometry": { "type": "Point", "coordinates": [ 136.354972023494128, 36.286638273095896 ] } },
{ "type": "Feature", "properties": { "バス停": "山代温泉桔梗ヶ丘", "事業会社": "京福リムジンバス（株）", "系統": "永平寺おでかけ号" }, "geometry": { "type": "Point", "coordinates": [ 136.354972023494128, 36.286638273095896 ] } },
{ "type": "Feature", "properties": { "バス停": "山代温泉南口", "事業会社": "北鉄加賀バス（株）", "系統": "温泉山中,山代大聖寺" }, "geometry": { "type": "Point", "coordinates": [ 136.357302078688065, 36.284537183992811 ] } },
{ "type": "Feature", "properties": { "バス停": "女原口", "事業会社": "北鉄白山バス（株）", "系統": "白山線,白峰線" }, "geometry": { "type": "Point", "coordinates": [ 136.649005493362807, 36.281596823876583 ] } },
{ "type": "Feature", "properties": { "バス停": "河南", "事業会社": "北鉄加賀バス（株）", "系統": "温泉山中,山代大聖寺" }, "geometry": { "type": "Point", "coordinates": [ 136.351118036301955, 36.279473187923919 ] } },
{ "type": "Feature", "properties": { "バス停": "漆器団地", "事業会社": "北鉄加賀バス（株）", "系統": "温泉山中" }, "geometry": { "type": "Point", "coordinates": [ 136.356121054573805, 36.278592853241236 ] } },
{ "type": "Feature", "properties": { "バス停": "淀町", "事業会社": "北鉄加賀バス（株）", "系統": "温泉山中,山代大聖寺" }, "geometry": { "type": "Point", "coordinates": [ 136.353768916129155, 36.276370844845765 ] } },
{ "type": "Feature", "properties": { "バス停": "二天", "事業会社": "北鉄加賀バス（株）", "系統": "温泉山中,山代大聖寺" }, "geometry": { "type": "Point", "coordinates": [ 136.35474665416757, 36.27374119251472 ] } },
{ "type": "Feature", "properties": { "バス停": "東二口", "事業会社": "北鉄白山バス（株）", "系統": "白山線,白峰線" }, "geometry": { "type": "Point", "coordinates": [ 136.643979637365589, 36.273352628214028 ] } },
{ "type": "Feature", "properties": { "バス停": "別所町", "事業会社": "北鉄加賀バス（株）", "系統": "温泉山中" }, "geometry": { "type": "Point", "coordinates": [ 136.358693133447503, 36.273296353347305 ] } },
{ "type": "Feature", "properties": { "バス停": "見晴台", "事業会社": "北鉄加賀バス（株）", "系統": "温泉山中" }, "geometry": { "type": "Point", "coordinates": [ 136.361154627702007, 36.270103758406201 ] } },
{ "type": "Feature", "properties": { "バス停": "中田", "事業会社": "北鉄加賀バス（株）", "系統": "温泉山中,山代大聖寺" }, "geometry": { "type": "Point", "coordinates": [ 136.356098549664097, 36.27006585068073 ] } },
{ "type": "Feature", "properties": { "バス停": "手取ダム前", "事業会社": "北鉄白山バス（株）", "系統": "白山線,白峰線" }, "geometry": { "type": "Point", "coordinates": [ 136.637323030546156, 36.265906460909235 ] } },
{ "type": "Feature", "properties": { "バス停": "長谷田", "事業会社": "北鉄加賀バス（株）", "系統": "温泉山中,山代大聖寺" }, "geometry": { "type": "Point", "coordinates": [ 136.358393414423318, 36.265863407160211 ] } },
{ "type": "Feature", "properties": { "バス停": "旭町", "事業会社": "北鉄加賀バス（株）", "系統": "温泉山中,山代大聖寺" }, "geometry": { "type": "Point", "coordinates": [ 136.359746382698148, 36.263863425031005 ] } },
{ "type": "Feature", "properties": { "バス停": "上原町", "事業会社": "北鉄加賀バス（株）", "系統": "温泉山中" }, "geometry": { "type": "Point", "coordinates": [ 136.365721601577775, 36.263822147726252 ] } },
{ "type": "Feature", "properties": { "バス停": "上原", "事業会社": "北鉄加賀バス（株）", "系統": "温泉山中,山代大聖寺" }, "geometry": { "type": "Point", "coordinates": [ 136.364210779091451, 36.260308131428005 ] } },
{ "type": "Feature", "properties": { "バス停": "塚谷", "事業会社": "北鉄加賀バス（株）", "系統": "温泉山中,山代大聖寺" }, "geometry": { "type": "Point", "coordinates": [ 136.369051776806543, 36.257781341781687 ] } },
{ "type": "Feature", "properties": { "バス停": "山中うるし座・山中漆器伝統産業会館", "事業会社": "日本海観光バス（株）", "系統": "加賀周遊バス「キャンバス」　山まわり線" }, "geometry": { "type": "Point", "coordinates": [ 136.371358831863972, 36.256124395248868 ] } },
{ "type": "Feature", "properties": { "バス停": "桂木町", "事業会社": "北鉄加賀バス（株）", "系統": "温泉山中,山代大聖寺" }, "geometry": { "type": "Point", "coordinates": [ 136.373290399863492, 36.253948354962468 ] } },
{ "type": "Feature", "properties": { "バス停": "緑ヶ丘", "事業会社": "北鉄加賀バス（株）", "系統": "温泉山中" }, "geometry": { "type": "Point", "coordinates": [ 136.371176715832235, 36.253836655644491 ] } },
{ "type": "Feature", "properties": { "バス停": "ぬくもり診療所前", "事業会社": "北鉄加賀バス（株）", "系統": "温泉山中" }, "geometry": { "type": "Point", "coordinates": [ 136.370210740280669, 36.252828717532935 ] } },
{ "type": "Feature", "properties": { "バス停": "西桂木町", "事業会社": "北鉄加賀バス（株）", "系統": "温泉山中" }, "geometry": { "type": "Point", "coordinates": [ 136.373897655571341, 36.251866427654214 ] } },
{ "type": "Feature", "properties": { "バス停": "山中温泉しらさぎ大橋", "事業会社": "京福リムジンバス（株）", "系統": "永平寺おでかけ号" }, "geometry": { "type": "Point", "coordinates": [ 136.374675100677194, 36.25152398993437 ] } },
{ "type": "Feature", "properties": { "バス停": "山中温泉", "事業会社": "北鉄加賀バス（株）", "系統": "温泉山中,山代大聖寺" }, "geometry": { "type": "Point", "coordinates": [ 136.374996523923159, 36.25010723951403 ] } },
{ "type": "Feature", "properties": { "バス停": "山中本町", "事業会社": "北鉄加賀バス（株）", "系統": "温泉山中" }, "geometry": { "type": "Point", "coordinates": [ 136.374563045752893, 36.247995287375979 ] } },
{ "type": "Feature", "properties": { "バス停": "山中温泉菊の湯・山中座", "事業会社": "日本海観光バス（株）", "系統": "加賀周遊バス「キャンバス」　山まわり線" }, "geometry": { "type": "Point", "coordinates": [ 136.373473181480762, 36.247116215416582 ] } },
{ "type": "Feature", "properties": { "バス停": "山中座", "事業会社": "京福リムジンバス（株）", "系統": "永平寺おでかけ号" }, "geometry": { "type": "Point", "coordinates": [ 136.373397917029507, 36.246965400616652 ] } },
{ "type": "Feature", "properties": { "バス停": "菊の湯前", "事業会社": "北鉄加賀バス（株）", "系統": "温泉山中" }, "geometry": { "type": "Point", "coordinates": [ 136.37402897463673, 36.246911809020737 ] } },
{ "type": "Feature", "properties": { "バス停": "ゆげ街道", "事業会社": "北鉄加賀バス（株）", "系統": "温泉山中" }, "geometry": { "type": "Point", "coordinates": [ 136.372844126914742, 36.245833873538437 ] } },
{ "type": "Feature", "properties": { "バス停": "こおろぎ橋", "事業会社": "北鉄加賀バス（株）", "系統": "温泉山中" }, "geometry": { "type": "Point", "coordinates": [ 136.3721892876342, 36.243688299479743 ] } },
{ "type": "Feature", "properties": { "バス停": "こおろぎ町", "事業会社": "北鉄加賀バス（株）", "系統": "温泉山中" }, "geometry": { "type": "Point", "coordinates": [ 136.370893122713852, 36.241682122905857 ] } },
{ "type": "Feature", "properties": { "バス停": "高瀬大橋", "事業会社": "北鉄加賀バス（株）", "系統": "温泉山中" }, "geometry": { "type": "Point", "coordinates": [ 136.371454627810181, 36.238455578903881 ] } },
{ "type": "Feature", "properties": { "バス停": "ゆ〜ゆ〜館前", "事業会社": "北鉄加賀バス（株）", "系統": "温泉山中" }, "geometry": { "type": "Point", "coordinates": [ 136.367362782997674, 36.238330507540184 ] } },
{ "type": "Feature", "properties": { "バス停": "下谷町", "事業会社": "北鉄加賀バス（株）", "系統": "温泉山中" }, "geometry": { "type": "Point", "coordinates": [ 136.36973126352666, 36.236690200192477 ] } },
{ "type": "Feature", "properties": { "バス停": "山中温泉もみじ谷", "事業会社": "京福リムジンバス（株）", "系統": "永平寺おでかけ号" }, "geometry": { "type": "Point", "coordinates": [ 136.3691003300288, 36.234215478662477 ] } },
{ "type": "Feature", "properties": { "バス停": "もみじ谷", "事業会社": "北鉄加賀バス（株）", "系統": "温泉山中" }, "geometry": { "type": "Point", "coordinates": [ 136.369095059910279, 36.234067440379484 ] } },
{ "type": "Feature", "properties": { "バス停": "日和台", "事業会社": "北鉄加賀バス（株）", "系統": "温泉山中" }, "geometry": { "type": "Point", "coordinates": [ 136.368132998087674, 36.232498439904369 ] } },
{ "type": "Feature", "properties": { "バス停": "深瀬", "事業会社": "北鉄白山バス（株）", "系統": "白山線,白峰線" }, "geometry": { "type": "Point", "coordinates": [ 136.634082146706419, 36.23213347192862 ] } },
{ "type": "Feature", "properties": { "バス停": "平岩橋", "事業会社": "北鉄加賀バス（株）", "系統": "温泉山中" }, "geometry": { "type": "Point", "coordinates": [ 136.364224226365309, 36.23133989436964 ] } },
{ "type": "Feature", "properties": { "バス停": "菅谷", "事業会社": "北鉄加賀バス（株）", "系統": "温泉山中" }, "geometry": { "type": "Point", "coordinates": [ 136.366008273688493, 36.2305805724774 ] } },
{ "type": "Feature", "properties": { "バス停": "栢野", "事業会社": "北鉄加賀バス（株）", "系統": "温泉山中" }, "geometry": { "type": "Point", "coordinates": [ 136.359931139130055, 36.227875511626642 ] } },
{ "type": "Feature", "properties": { "バス停": "桑島", "事業会社": "北鉄白山バス（株）", "系統": "白山線,白峰線" }, "geometry": { "type": "Point", "coordinates": [ 136.626284043681295, 36.196074993877971 ] } },
{ "type": "Feature", "properties": { "バス停": "桑島温泉", "事業会社": "北鉄白山バス（株）", "系統": "白山線,白峰線" }, "geometry": { "type": "Point", "coordinates": [ 136.627151802880547, 36.193405916802988 ] } },
{ "type": "Feature", "properties": { "バス停": "白峰北口", "事業会社": "北鉄白山バス（株）", "系統": "白山線,白峰線" }, "geometry": { "type": "Point", "coordinates": [ 136.625321158964624, 36.176329980687022 ] } },
{ "type": "Feature", "properties": { "バス停": "白峰", "事業会社": "北鉄白山バス（株）", "系統": "白山線,白峰線" }, "geometry": { "type": "Point", "coordinates": [ 136.625790987889133, 36.173703378636858 ] } },
{ "type": "Feature", "properties": { "バス停": "白峰車庫", "事業会社": "北鉄白山バス（株）", "系統": "白山線,白峰線" }, "geometry": { "type": "Point", "coordinates": [ 136.628310185945509, 36.169543428485632 ] } },
{ "type": "Feature", "properties": { "バス停": "白山体験村", "事業会社": "北鉄白山バス（株）", "系統": "白山線,白峰線" }, "geometry": { "type": "Point", "coordinates": [ 136.633527509382219, 36.16633511163964 ] } }
]
}
