{
"type": "FeatureCollection",
"name": "R7石川熊",
"crs": { "type": "name", "properties": { "name": "urn:ogc:def:crs:OGC:1.3:CRS84" } },
"features": [
{ "type": "Feature", "properties": { "id": null, "Name": "1月", "description": "緯度経度: 36.2919441747481, 136.3650943103666<br>時間: 10時30分頃<br>市町名: 加賀市<br>場所: 山代温泉地内<br>備考: 山代グラウンド付近でクマ1頭を目撃<br>頭数: 1頭<br>番号: 1<br>出没日: 2025.1.9", "timestamp": null, "begin": null, "end": null, "altitudeMode": null, "tessellate": -1, "extrude": 0, "visibility": -1, "drawOrder": null, "icon": null, "____________": "36.2919441747481, 136.3650943103666", "______": "1.0", "_________": "2025.1.9" }, "geometry": { "type": "Point", "coordinates": [ 136.365094310366999, 36.291944174748103, 0.0 ] } },
{ "type": "Feature", "properties": { "id": null, "Name": "1月", "description": "緯度経度: 36.29290837231044, 136.36516404780002<br>時間: 13時30分頃<br>市町名: 加賀市<br>場所: 山代温泉地内<br>備考: あづま酒店裏のがけにクマ1頭を目撃<br>頭数: 1頭<br>番号: 2<br>出没日: 2025.1.10", "timestamp": null, "begin": null, "end": null, "altitudeMode": null, "tessellate": -1, "extrude": 0, "visibility": -1, "drawOrder": null, "icon": null, "____________": "36.29290837231044, 136.36516404780002", "______": "2.0", "_________": "2025.1.10" }, "geometry": { "type": "Point", "coordinates": [ 136.365164047799993, 36.2929083723104, 0.0 ] } },
{ "type": "Feature", "properties": { "id": null, "Name": "1月", "description": "緯度経度: 36.836615, 136.771845<br>時間: 8時10分頃<br>市町名: 宝達志水町<br>場所: 宿地内<br>備考: 押水直売所から末森城高架橋の間あたり<br>頭数: 1頭<br>番号: 3<br>出没日: 2025.1.14", "timestamp": null, "begin": null, "end": null, "altitudeMode": null, "tessellate": -1, "extrude": 0, "visibility": -1, "drawOrder": null, "icon": null, "____________": "36.836615, 136.771845", "______": "3.0", "_________": "2025.1.14" }, "geometry": { "type": "Point", "coordinates": [ 136.771845, 36.836615, 0.0 ] } },
{ "type": "Feature", "properties": { "id": null, "Name": "1月", "description": "緯度経度: 36.430000,136.548139<br>時間: 7時00分頃<br>市町名: 能美市<br>場所: 徳山町地内<br>備考: 上徳山交差点から和光台方面に500ｍほどいった市道上で東側の山林方面に向かうクマ１頭の目撃<br>頭数: 1頭<br>番号: 4<br>出没日: 2025.1.16", "timestamp": null, "begin": null, "end": null, "altitudeMode": null, "tessellate": -1, "extrude": 0, "visibility": -1, "drawOrder": null, "icon": null, "____________": "36.430000,136.548139", "______": "4.0", "_________": "2025.1.16" }, "geometry": { "type": "Point", "coordinates": [ 136.548139, 36.43, 0.0 ] } },
{ "type": "Feature", "properties": { "id": null, "Name": "2月", "description": "緯度経度: 36.330922130582444, 136.3213939672409<br>時間: 17時40分頃<br>市町名: 加賀市<br>場所: 高尾町地内<br>備考: 高尾町地内の林にクマ1頭が座っているのを目撃。<br>頭数: 1頭<br>番号: 5<br>出没日: 2025.2.7", "timestamp": null, "begin": null, "end": null, "altitudeMode": null, "tessellate": -1, "extrude": 0, "visibility": -1, "drawOrder": null, "icon": null, "____________": "36.330922130582444, 136.3213939672409", "______": "5.0", "_________": "2025.2.7" }, "geometry": { "type": "Point", "coordinates": [ 136.321393967240994, 36.330922130582401, 0.0 ] } },
{ "type": "Feature", "properties": { "id": null, "Name": "3月", "description": "緯度経度: 36.4356667,136.5243889<br>時間: 17時20分頃<br>市町名: 能美市<br>場所: 湯谷町地内<br>備考: 湯寿園前の市道で、体長1ｍほどのクマ１頭の目撃<br>頭数: 1頭<br>番号: 6<br>出没日: 2025.3.26", "timestamp": null, "begin": null, "end": null, "altitudeMode": null, "tessellate": -1, "extrude": 0, "visibility": -1, "drawOrder": null, "icon": null, "____________": "36.4356667,136.5243889", "______": "6.0", "_________": "2025.3.26" }, "geometry": { "type": "Point", "coordinates": [ 136.5243889, 36.4356667, 0.0 ] } },
{ "type": "Feature", "properties": { "id": null, "Name": "3月", "description": "緯度経度: 36.4354722,136.549722<br>時間: 6時10分頃<br>市町名: 能美市<br>場所: 徳山町地内<br>備考: 上徳山交差点付近の市道に、体長1ｍほどのクマ1頭の目撃<br>頭数: 1頭<br>番号: 7<br>出没日: 2025.3.27", "timestamp": null, "begin": null, "end": null, "altitudeMode": null, "tessellate": -1, "extrude": 0, "visibility": -1, "drawOrder": null, "icon": null, "____________": "36.4354722,136.549722", "______": "7.0", "_________": "2025.3.27" }, "geometry": { "type": "Point", "coordinates": [ 136.549722, 36.4354722, 0.0 ] } },
{ "type": "Feature", "properties": { "id": null, "Name": "3月", "description": "緯度経度: 36.4505539, 136.596903<br>時間: 11時頃<br>市町名: 能美市<br>場所: 宮竹町地内<br>備考: 北陸先端大学前の県道で、山林へ向かうクマ1頭の目撃<br>頭数: 1頭<br>番号: 8<br>出没日: 2025.3.27", "timestamp": null, "begin": null, "end": null, "altitudeMode": null, "tessellate": -1, "extrude": 0, "visibility": -1, "drawOrder": null, "icon": null, "____________": "36.4505539, 136.596903", "______": "8.0", "_________": "2025.3.27" }, "geometry": { "type": "Point", "coordinates": [ 136.596903, 36.4505539, 0.0 ] } },
{ "type": "Feature", "properties": { "id": null, "Name": "4月", "description": "緯度経度: 36.343761,136.440102<br>時間: 0.7118055556<br>市町名: 小松市<br>場所: 津波倉町<br>備考: 津波倉神社付近の道路を横断<br>頭数: 2頭<br>番号: 9<br>出没日: 2025.4.7", "timestamp": null, "begin": null, "end": null, "altitudeMode": null, "tessellate": -1, "extrude": 0, "visibility": -1, "drawOrder": null, "icon": null, "____________": "36.343761,136.440102", "______": "9.0", "_________": "2025.4.7" }, "geometry": { "type": "Point", "coordinates": [ 136.440102, 36.343761, 0.0 ] } },
{ "type": "Feature", "properties": { "id": null, "Name": "4月", "description": "緯度経度: 36.350978,136.503709<br>時間: 0.7013888889<br>市町名: 小松市<br>場所: 金平町<br>備考: 会社敷地より山方向へ移動<br>頭数: 3頭<br>番号: 10<br>出没日: 2025.4.11", "timestamp": null, "begin": null, "end": null, "altitudeMode": null, "tessellate": -1, "extrude": 0, "visibility": -1, "drawOrder": null, "icon": null, "____________": "36.350978,136.503709", "______": "10.0", "_________": "2025.4.11" }, "geometry": { "type": "Point", "coordinates": [ 136.503709, 36.350978, 0.0 ] } },
{ "type": "Feature", "properties": { "id": null, "Name": "4月", "description": "緯度経度: 36.396866,136.517736<br>時間: 0.1041666667<br>市町名: 小松市<br>場所: 中海町<br>備考: ロードパークなかうみの里付近を北方面へ移動<br>頭数: 1頭<br>番号: 11<br>出没日: 2025.4.13", "timestamp": null, "begin": null, "end": null, "altitudeMode": null, "tessellate": -1, "extrude": 0, "visibility": -1, "drawOrder": null, "icon": null, "____________": "36.396866,136.517736", "______": "11.0", "_________": "2025.4.13" }, "geometry": { "type": "Point", "coordinates": [ 136.517736, 36.396866, 0.0 ] } },
{ "type": "Feature", "properties": { "id": null, "Name": "4月", "description": "緯度経度: 36.264998261362976, 136.35905559386995<br>時間: 21時00分頃<br>市町名: 加賀市<br>場所: 山中温泉旭町地内<br>備考: 通行人がクマ１頭を目撃<br>頭数: 1頭<br>番号: 12<br>出没日: 2025.4.14", "timestamp": null, "begin": null, "end": null, "altitudeMode": null, "tessellate": -1, "extrude": 0, "visibility": -1, "drawOrder": null, "icon": null, "____________": "36.264998261362976, 136.35905559386995", "______": "12.0", "_________": "2025.4.14" }, "geometry": { "type": "Point", "coordinates": [ 136.359055593870011, 36.264998261362997, 0.0 ] } },
{ "type": "Feature", "properties": { "id": null, "Name": "4月", "description": "緯度経度: 36.449975, 136.550354<br>時間: 16時頃<br>市町名: 能美市<br>場所: 来丸町<br>備考: 物見山運動公園内にて、木に登るクマらしき動物を目撃<br>頭数: 1頭<br>番号: 13<br>出没日: 2025.4.16", "timestamp": null, "begin": null, "end": null, "altitudeMode": null, "tessellate": -1, "extrude": 0, "visibility": -1, "drawOrder": null, "icon": null, "____________": "36.449975, 136.550354", "______": "13.0", "_________": "2025.4.16" }, "geometry": { "type": "Point", "coordinates": [ 136.550354, 36.449975, 0.0 ] } },
{ "type": "Feature", "properties": { "id": null, "Name": "4月", "description": "緯度経度: 36.449964, 136.603624<br>時間: 18時頃<br>市町名: 能美市<br>場所: 灯台笹町<br>備考: 灯台笹町から旭台方面へ向かう山道にて、子グマを目撃<br>頭数: 1頭<br>番号: 14<br>出没日: 2025.4.18", "timestamp": null, "begin": null, "end": null, "altitudeMode": null, "tessellate": -1, "extrude": 0, "visibility": -1, "drawOrder": null, "icon": null, "____________": "36.449964, 136.603624", "______": "14.0", "_________": "2025.4.18" }, "geometry": { "type": "Point", "coordinates": [ 136.603624, 36.449964, 0.0 ] } },
{ "type": "Feature", "properties": { "id": null, "Name": "4月", "description": "緯度経度: 36.434882, 136.549400<br>時間: 11時30分頃<br>市町名: 能美市<br>場所: 上徳山町<br>備考: 上徳山交差点から東側へ向かう体長1mほどのクマを目撃<br>頭数: 1頭<br>番号: 15<br>出没日: 2025.4.19", "timestamp": null, "begin": null, "end": null, "altitudeMode": null, "tessellate": -1, "extrude": 0, "visibility": -1, "drawOrder": null, "icon": null, "____________": "36.434882, 136.549400", "______": "15.0", "_________": "2025.4.19" }, "geometry": { "type": "Point", "coordinates": [ 136.5494, 36.434882, 0.0 ] } },
{ "type": "Feature", "properties": { "id": null, "Name": "4月", "description": "緯度経度: 36.4260597, 136.5431503<br>時間: 13時10分頃<br>市町名: 能美市<br>場所: 和光台<br>備考: 和光台1号公園から西側へ向かう体長1mほどのクマを目撃<br>頭数: 1頭<br>番号: 16<br>出没日: 2025.4.28", "timestamp": null, "begin": null, "end": null, "altitudeMode": null, "tessellate": -1, "extrude": 0, "visibility": -1, "drawOrder": null, "icon": null, "____________": "36.4260597, 136.5431503", "______": "16.0", "_________": "2025.4.28" }, "geometry": { "type": "Point", "coordinates": [ 136.5431503, 36.4260597, 0.0 ] } },
{ "type": "Feature", "properties": { "id": null, "Name": "4月", "description": "緯度経度: 36.29244712379702, 136.2977895691375<br>時間: 22時30分頃<br>市町名: 加賀市<br>場所: 熊坂町地内<br>備考: 通行人がクマ1頭を目撃<br>頭数: 1頭<br>番号: 17<br>出没日: 2025.4.30", "timestamp": null, "begin": null, "end": null, "altitudeMode": null, "tessellate": -1, "extrude": 0, "visibility": -1, "drawOrder": null, "icon": null, "____________": "36.29244712379702, 136.2977895691375", "______": "17.0", "_________": "2025.4.30" }, "geometry": { "type": "Point", "coordinates": [ 136.29778956913799, 36.292447123796997, 0.0 ] } },
{ "type": "Feature", "properties": { "id": null, "Name": "5月", "description": "緯度経度: 36.26537996597288, 136.354996070542<br>時間: 18時00分頃<br>市町名: 加賀市<br>場所: 山中温泉中田町地内<br>備考: 山中温泉日の出団地でクマ1頭を目撃<br>頭数: 1頭<br>番号: 18<br>出没日: 2025.5.3", "timestamp": null, "begin": null, "end": null, "altitudeMode": null, "tessellate": -1, "extrude": 0, "visibility": -1, "drawOrder": null, "icon": null, "____________": "36.26537996597288, 136.354996070542", "______": "18.0", "_________": "2025.5.3" }, "geometry": { "type": "Point", "coordinates": [ 136.354996070542001, 36.265379965972897, 0.0 ] } },
{ "type": "Feature", "properties": { "id": null, "Name": "5月", "description": "緯度経度: 36.674095, 136.812047<br>時間: 16時45分頃<br>市町名: 津幡町<br>場所: 九折地内<br>備考: 九折地内にて北側の山へ向かって走る成獣のクマ１頭を目撃<br>頭数: 1頭<br>番号: 19<br>出没日: 2025.5.3", "timestamp": null, "begin": null, "end": null, "altitudeMode": null, "tessellate": -1, "extrude": 0, "visibility": -1, "drawOrder": null, "icon": null, "____________": "36.674095, 136.812047", "______": "19.0", "_________": "2025.5.3" }, "geometry": { "type": "Point", "coordinates": [ 136.812047, 36.674095, 0.0 ] } },
{ "type": "Feature", "properties": { "id": null, "Name": "5月", "description": "緯度経度: 36.528491, 136.661331<br>時間: 10時10分頃<br>市町名: 金沢市<br>場所: 長坂町地内<br>備考: 運転中クマらしき動物を目撃,現地調査で熊の痕跡有<br>頭数: 1頭<br>番号: 20<br>出没日: 2025.5.3", "timestamp": null, "begin": null, "end": null, "altitudeMode": null, "tessellate": -1, "extrude": 0, "visibility": -1, "drawOrder": null, "icon": null, "____________": "36.528491, 136.661331", "______": "20.0", "_________": "2025.5.3" }, "geometry": { "type": "Point", "coordinates": [ 136.661331, 36.528491, 0.0 ] } },
{ "type": "Feature", "properties": { "id": null, "Name": "5月", "description": "緯度経度: 36.686701, 136.759556<br>時間: 12時20分頃<br>市町名: 津幡町<br>場所: 石川森林公園<br>備考: 石川森林公園の駐車場(P13)付近にて、道路を横断する子クマ１頭を目撃。約30分後に、「緑化の広場」と「木育施設」との間でも目撃<br>頭数: 1頭<br>番号: 21<br>出没日: 2025.5.5", "timestamp": null, "begin": null, "end": null, "altitudeMode": null, "tessellate": -1, "extrude": 0, "visibility": -1, "drawOrder": null, "icon": null, "____________": "36.686701, 136.759556", "______": "21.0", "_________": "2025.5.5" }, "geometry": { "type": "Point", "coordinates": [ 136.759556, 36.686701, 0.0 ] } },
{ "type": "Feature", "properties": { "id": null, "Name": "5月", "description": "緯度経度: 36.694326,136.774471<br>時間: 18時20分頃<br>市町名: 津幡町<br>場所: 山北地内<br>備考: 吉倉地内から笠野小学校に向かっている途中に左側の草むらの中にいるクマらしきもの1頭を目撃<br>頭数: 1頭<br>番号: 22<br>出没日: 2025.5.8", "timestamp": null, "begin": null, "end": null, "altitudeMode": null, "tessellate": -1, "extrude": 0, "visibility": -1, "drawOrder": null, "icon": null, "____________": "36.694326,136.774471", "______": "22.0", "_________": "2025.5.8" }, "geometry": { "type": "Point", "coordinates": [ 136.774471, 36.694326, 0.0 ] } },
{ "type": "Feature", "properties": { "id": null, "Name": "5月", "description": "緯度経度: 36.79555555, 136.76563888<br>時間: 19時00分頃<br>市町名: 宝達志水町<br>場所: 紺屋町区<br>備考: 紺屋町区高野橋付近(子熊１頭を目撃）<br>頭数: 1頭<br>番号: 23<br>出没日: 2025.5.8", "timestamp": null, "begin": null, "end": null, "altitudeMode": null, "tessellate": -1, "extrude": 0, "visibility": -1, "drawOrder": null, "icon": null, "____________": "36.79555555, 136.76563888", "______": "23.0", "_________": "2025.5.8" }, "geometry": { "type": "Point", "coordinates": [ 136.765638880000012, 36.79555555, 0.0 ] } },
{ "type": "Feature", "properties": { "id": null, "Name": "5月", "description": "緯度経度: 36.447495, 136.552651<br>時間: 7時30分頃<br>市町名: 能美市<br>場所: 来丸町<br>備考: 能美市役所本庁舎前交差点から北側の山へ向かう子グマを目撃<br>頭数: 1頭<br>番号: 24<br>出没日: 2025.5.9", "timestamp": null, "begin": null, "end": null, "altitudeMode": null, "tessellate": -1, "extrude": 0, "visibility": -1, "drawOrder": null, "icon": null, "____________": "36.447495, 136.552651", "______": "24.0", "_________": "2025.5.9" }, "geometry": { "type": "Point", "coordinates": [ 136.552651, 36.447495, 0.0 ] } },
{ "type": "Feature", "properties": { "id": null, "Name": "5月", "description": "緯度経度: 37.416334, 137.044266<br>時間: 12時00分頃<br>市町名: 輪島市<br>場所: 西院内町<br>備考: 公費解体中の蔵で業者が子グマらしきものを目撃<br>頭数: 1頭<br>番号: 25<br>出没日: 2025.5.9", "timestamp": null, "begin": null, "end": null, "altitudeMode": null, "tessellate": -1, "extrude": 0, "visibility": -1, "drawOrder": null, "icon": null, "____________": "37.416334, 137.044266", "______": "25.0", "_________": "2025.5.9" }, "geometry": { "type": "Point", "coordinates": [ 137.044266, 37.416334, 0.0 ] } },
{ "type": "Feature", "properties": { "id": null, "Name": "5月", "description": "緯度経度: 36.28867847176885, 136.3070155802799<br>時間: 15時00分頃<br>市町名: 加賀市<br>場所: 細坪町地内<br>備考: 細坪町地内でクマ１頭を目撃<br>頭数: 1頭<br>番号: 26<br>出没日: 2025.5.10", "timestamp": null, "begin": null, "end": null, "altitudeMode": null, "tessellate": -1, "extrude": 0, "visibility": -1, "drawOrder": null, "icon": null, "____________": "36.28867847176885, 136.3070155802799", "______": "26.0", "_________": "2025.5.10" }, "geometry": { "type": "Point", "coordinates": [ 136.307015580279995, 36.288678471768797, 0.0 ] } },
{ "type": "Feature", "properties": { "id": null, "Name": "5月", "description": "緯度経度: 36.30016348004355, 136.41040916694996<br>時間: 19時00分頃<br>市町名: 加賀市<br>場所: 宇谷町地内<br>備考: 宇谷町地内でクマ１頭を目撃<br>頭数: 1頭<br>番号: 27<br>出没日: 2025.5.14", "timestamp": null, "begin": null, "end": null, "altitudeMode": null, "tessellate": -1, "extrude": 0, "visibility": -1, "drawOrder": null, "icon": null, "____________": "36.30016348004355, 136.41040916694996", "______": "27.0", "_________": "2025.5.14" }, "geometry": { "type": "Point", "coordinates": [ 136.410409166949989, 36.300163480043601, 0.0 ] } },
{ "type": "Feature", "properties": { "id": null, "Name": "5月", "description": "緯度経度: 36.757094, 136.729065<br>時間: 11時50分頃<br>市町名: かほく市<br>場所: 高松地内<br>備考: 主要地方道高松津幡線かほく市第2学校給食センター付近にて西側の森林へ向かうクマ1頭を目撃<br>頭数: 1頭<br>番号: 28<br>出没日: 2025.5.19", "timestamp": null, "begin": null, "end": null, "altitudeMode": null, "tessellate": -1, "extrude": 0, "visibility": -1, "drawOrder": null, "icon": null, "____________": "36.757094, 136.729065", "______": "28.0", "_________": "2025.5.19" }, "geometry": { "type": "Point", "coordinates": [ 136.729065, 36.757094, 0.0 ] } },
{ "type": "Feature", "properties": { "id": null, "Name": "5月", "description": "緯度経度: 36.360603,136.492525<br>時間: 4時53分<br>市町名: 小松市<br>場所: 江指町<br>備考: 道路を南東方向へ横断<br>頭数: 1頭<br>番号: 29<br>出没日: 2025.5.19", "timestamp": null, "begin": null, "end": null, "altitudeMode": null, "tessellate": -1, "extrude": 0, "visibility": -1, "drawOrder": null, "icon": null, "____________": "36.360603,136.492525", "______": "29.0", "_________": "2025.5.19" }, "geometry": { "type": "Point", "coordinates": [ 136.492525, 36.360603, 0.0 ] } },
{ "type": "Feature", "properties": { "id": null, "Name": "5月", "description": "緯度経度: 36.5217213,136.7071795<br>時間: 0.8055555556<br>市町名: 金沢市<br>場所: 天池町<br>備考: 川沿いの竹ヤブ付近でクマを目撃<br>頭数: 1頭<br>番号: 30<br>出没日: 2025.5.20", "timestamp": null, "begin": null, "end": null, "altitudeMode": null, "tessellate": -1, "extrude": 0, "visibility": -1, "drawOrder": null, "icon": null, "____________": "36.5217213,136.7071795", "______": "30.0", "_________": "2025.5.20" }, "geometry": { "type": "Point", "coordinates": [ 136.7071795, 36.5217213, 0.0 ] } },
{ "type": "Feature", "properties": { "id": null, "Name": "5月", "description": "緯度経度: 36.320872560219414, 136.40077890219735<br>時間: 16時20分頃<br>市町名: 加賀市<br>場所: 分校町地内<br>備考: 通行人が子グマ1頭を目撃<br>頭数: 1頭<br>番号: 31<br>出没日: 2025.5.23", "timestamp": null, "begin": null, "end": null, "altitudeMode": null, "tessellate": -1, "extrude": 0, "visibility": -1, "drawOrder": null, "icon": null, "____________": "36.320872560219414, 136.40077890219735", "______": "31.0", "_________": "2025.5.23" }, "geometry": { "type": "Point", "coordinates": [ 136.400778902197004, 36.320872560219399, 0.0 ] } },
{ "type": "Feature", "properties": { "id": null, "Name": "5月", "description": "緯度経度: 36.28542701866311, 136.36426836015607<br>時間: 17時00分頃<br>市町名: 加賀市<br>場所: 山代温泉地内<br>備考: 大和町へ抜ける峠道で子グマ1頭を目撃<br>頭数: 1頭<br>番号: 32<br>出没日: 2025.5.23", "timestamp": null, "begin": null, "end": null, "altitudeMode": null, "tessellate": -1, "extrude": 0, "visibility": -1, "drawOrder": null, "icon": null, "____________": "36.28542701866311, 136.36426836015607", "______": "32.0", "_________": "2025.5.23" }, "geometry": { "type": "Point", "coordinates": [ 136.36426836015599, 36.2854270186631, 0.0 ] } },
{ "type": "Feature", "properties": { "id": null, "Name": "5月", "description": "緯度経度: 36.4304477,136.5481724<br>時間: 17時30分頃<br>市町名: 能美市<br>場所: 徳山町いしかわ動物園の裏手の山<br>備考: 徳山町地内から道路を横断していしかわ動物園の裏手の山へ向かう体長約1mほどのクマらしき動物の目撃情報。<br>頭数: 1頭<br>番号: 33<br>出没日: 2025.5.23", "timestamp": null, "begin": null, "end": null, "altitudeMode": null, "tessellate": -1, "extrude": 0, "visibility": -1, "drawOrder": null, "icon": null, "____________": "36.4304477,136.5481724", "______": "33.0", "_________": "2025.5.23" }, "geometry": { "type": "Point", "coordinates": [ 136.5481724, 36.4304477, 0.0 ] } },
{ "type": "Feature", "properties": { "id": null, "Name": "5月", "description": "緯度経度: 36.41073,136.526717<br>時間: 0.53125<br>市町名: 小松市<br>場所: 里川町<br>備考: ゴルフ場内を移動<br>頭数: 1頭<br>番号: 34<br>出没日: 2025.5.24", "timestamp": null, "begin": null, "end": null, "altitudeMode": null, "tessellate": -1, "extrude": 0, "visibility": -1, "drawOrder": null, "icon": null, "____________": "36.41073,136.526717", "______": "34.0", "_________": "2025.5.24" }, "geometry": { "type": "Point", "coordinates": [ 136.526717, 36.41073, 0.0 ] } },
{ "type": "Feature", "properties": { "id": null, "Name": "5月", "description": "緯度経度: 36.3986618, 136.6204318<br>時間: 0.3263888889<br>市町名: 白山市<br>場所: 河内町福岡<br>備考: 河内町福岡地内（河内保健センター付近）でクマの目撃<br>頭数: 1頭<br>番号: 35<br>出没日: 2025.5.24", "timestamp": null, "begin": null, "end": null, "altitudeMode": null, "tessellate": -1, "extrude": 0, "visibility": -1, "drawOrder": null, "icon": null, "____________": "36.3986618, 136.6204318", "______": "35.0", "_________": "2025.5.24" }, "geometry": { "type": "Point", "coordinates": [ 136.6204318, 36.3986618, 0.0 ] } },
{ "type": "Feature", "properties": { "id": null, "Name": "5月", "description": "緯度経度: 36.436250,136.629472<br>時間: 8時30分頃<br>市町名: 能美市<br>場所: 和佐谷町道の駅しらやまさん付近<br>備考: 道の駅しらやまさんから国道157号線を横断し、和佐谷町地内の山の中へ向かうクマの目撃情報<br>頭数: 1頭<br>番号: 36<br>出没日: 2025.5.25", "timestamp": null, "begin": null, "end": null, "altitudeMode": null, "tessellate": -1, "extrude": 0, "visibility": -1, "drawOrder": null, "icon": null, "____________": "36.436250,136.629472", "______": "36.0", "_________": "2025.5.25" }, "geometry": { "type": "Point", "coordinates": [ 136.629472, 36.43625, 0.0 ] } },
{ "type": "Feature", "properties": { "id": null, "Name": "5月", "description": "緯度経度: 37.2699427,136.9172785<br>時間: 0.8125<br>市町名: 穴水町<br>場所: 北七海<br>備考: 町営ゴルフセンターの客が１００ヤード付近でクマらしきものを目撃<br>頭数: 1頭<br>番号: 37<br>出没日: 2025.5.25", "timestamp": null, "begin": null, "end": null, "altitudeMode": null, "tessellate": -1, "extrude": 0, "visibility": -1, "drawOrder": null, "icon": null, "____________": "37.2699427,136.9172785", "______": "37.0", "_________": "2025.5.25" }, "geometry": { "type": "Point", "coordinates": [ 136.9172785, 37.2699427, 0.0 ] } },
{ "type": "Feature", "properties": { "id": null, "Name": "5月", "description": "緯度経度: 36.5283984,136.7262239<br>時間: 0.6527777778<br>市町名: 金沢市<br>場所: 小豆沢町<br>備考: 農道上を車で移動中に目撃<br>頭数: 1頭<br>番号: 38<br>出没日: 2025.5.26", "timestamp": null, "begin": null, "end": null, "altitudeMode": null, "tessellate": -1, "extrude": 0, "visibility": -1, "drawOrder": null, "icon": null, "____________": "36.5283984,136.7262239", "______": "38.0", "_________": "2025.5.26" }, "geometry": { "type": "Point", "coordinates": [ 136.7262239, 36.5283984, 0.0 ] } },
{ "type": "Feature", "properties": { "id": null, "Name": "5月", "description": "緯度経度: 36.283529916306655, 136.34536857258718<br>時間: 16時30分頃<br>市町名: 加賀市<br>場所: 荒木町地内<br>備考: 荒木町地内でクマ1頭を目撃<br>頭数: 1頭<br>番号: 39<br>出没日: 2025.5.27", "timestamp": null, "begin": null, "end": null, "altitudeMode": null, "tessellate": -1, "extrude": 0, "visibility": -1, "drawOrder": null, "icon": null, "____________": "36.283529916306655, 136.34536857258718", "______": "39.0", "_________": "2025.5.27" }, "geometry": { "type": "Point", "coordinates": [ 136.345368572587006, 36.283529916306698, 0.0 ] } },
{ "type": "Feature", "properties": { "id": null, "Name": "5月", "description": "緯度経度: 36.39650801910051, 136.62447463527482<br>時間: 0.1875<br>市町名: 白山市<br>場所: 河内町福岡<br>備考: 河内町福岡地内で子グマの目撃<br>頭数: 1頭<br>番号: 40<br>出没日: 2025.5.28", "timestamp": null, "begin": null, "end": null, "altitudeMode": null, "tessellate": -1, "extrude": 0, "visibility": -1, "drawOrder": null, "icon": null, "____________": "36.39650801910051, 136.62447463527482", "______": "40.0", "_________": "2025.5.28" }, "geometry": { "type": "Point", "coordinates": [ 136.624474635274993, 36.396508019100501, 0.0 ] } },
{ "type": "Feature", "properties": { "id": null, "Name": "5月", "description": "緯度経度: 36.30034517417951, 136.29194086186948<br>時間: 16時00分頃<br>市町名: 加賀市<br>場所: 大聖寺三ツ町地内<br>備考: 大聖寺三ツ町地内でクマ１頭を目撃<br>頭数: 1頭<br>番号: 41<br>出没日: 2025.5.28", "timestamp": null, "begin": null, "end": null, "altitudeMode": null, "tessellate": -1, "extrude": 0, "visibility": -1, "drawOrder": null, "icon": null, "____________": "36.30034517417951, 136.29194086186948", "______": "41.0", "_________": "2025.5.28" }, "geometry": { "type": "Point", "coordinates": [ 136.291940861868994, 36.300345174179498, 0.0 ] } },
{ "type": "Feature", "properties": { "id": null, "Name": "5月", "description": "緯度経度: 36.677232,136.780530<br>時間: 18時20分頃<br>市町名: 津幡町<br>場所: 吉倉地内<br>備考: 一般県道興津・刈安線を車で走行していた目撃者がクマらしきもの1頭が川を渡り山の方へ逃げていくのを目撃<br>頭数: 1頭<br>番号: 42<br>出没日: 2025.5.28", "timestamp": null, "begin": null, "end": null, "altitudeMode": null, "tessellate": -1, "extrude": 0, "visibility": -1, "drawOrder": null, "icon": null, "____________": "36.677232,136.780530", "______": "42.0", "_________": "2025.5.28" }, "geometry": { "type": "Point", "coordinates": [ 136.78053, 36.677232, 0.0 ] } },
{ "type": "Feature", "properties": { "id": null, "Name": "5月", "description": "緯度経度: 36.80241666, 136.77033333<br>時間: 18時30分頃<br>市町名: 宝達志水町<br>場所: 三日町区<br>備考: 三日町区(頭数等不明）<br>頭数: -<br>番号: 43<br>出没日: 2025.5.28", "timestamp": null, "begin": null, "end": null, "altitudeMode": null, "tessellate": -1, "extrude": 0, "visibility": -1, "drawOrder": null, "icon": null, "____________": "36.80241666, 136.77033333", "______": "43.0", "_________": "2025.5.28" }, "geometry": { "type": "Point", "coordinates": [ 136.77033333, 36.80241666, 0.0 ] } },
{ "type": "Feature", "properties": { "id": null, "Name": "5月", "description": "緯度経度: 36.33690821514368, 136.36484504735552<br>時間: 4時50分頃<br>市町名: 加賀市<br>場所: 片山津町地内<br>備考: 市営片山津住宅付近で子グマ1頭を目撃<br>頭数: 1頭<br>番号: 44<br>出没日: 2025.5.29", "timestamp": null, "begin": null, "end": null, "altitudeMode": null, "tessellate": -1, "extrude": 0, "visibility": -1, "drawOrder": null, "icon": null, "____________": "36.33690821514368, 136.36484504735552", "______": "44.0", "_________": "2025.5.29" }, "geometry": { "type": "Point", "coordinates": [ 136.364845047355999, 36.336908215143701, 0.0 ] } },
{ "type": "Feature", "properties": { "id": null, "Name": "5月", "description": "緯度経度: 36.30483932706059, 136.3024664574939<br>時間: 18時55分頃<br>市町名: 加賀市<br>場所: 大聖寺錦町地内<br>備考: 大聖寺錦町地内で子グマ１頭を目撃<br>頭数: 1頭<br>番号: 45<br>出没日: 2025.5.29", "timestamp": null, "begin": null, "end": null, "altitudeMode": null, "tessellate": -1, "extrude": 0, "visibility": -1, "drawOrder": null, "icon": null, "____________": "36.30483932706059, 136.3024664574939", "______": "45.0", "_________": "2025.5.29" }, "geometry": { "type": "Point", "coordinates": [ 136.302466457494006, 36.304839327060598, 0.0 ] } },
{ "type": "Feature", "properties": { "id": null, "Name": "5月", "description": "緯度経度: 36.86008333, 136.80033333<br>時間: 8時45分頃<br>市町名: 宝達志水町<br>場所: 子浦区<br>備考: 吉野屋橋付近(中型犬サイズのクマを目撃)<br>頭数: 1頭<br>番号: 46<br>出没日: 2025.5.30", "timestamp": null, "begin": null, "end": null, "altitudeMode": null, "tessellate": -1, "extrude": 0, "visibility": -1, "drawOrder": null, "icon": null, "____________": "36.86008333, 136.80033333", "______": "46.0", "_________": "2025.5.30" }, "geometry": { "type": "Point", "coordinates": [ 136.80033333, 36.86008333, 0.0 ] } },
{ "type": "Feature", "properties": { "id": null, "Name": "5月", "description": "緯度経度: 36.29191291293134, 136.3650036285501<br>時間: 19時40分頃<br>市町名: 加賀市<br>場所: 山代温泉地内<br>備考: 山代グラウンド付近で子グマ1頭を目撃<br>頭数: 1頭<br>番号: 47<br>出没日: 2025.5.30", "timestamp": null, "begin": null, "end": null, "altitudeMode": null, "tessellate": -1, "extrude": 0, "visibility": -1, "drawOrder": null, "icon": null, "____________": "36.29191291293134, 136.3650036285501", "______": "47.0", "_________": "2025.5.30" }, "geometry": { "type": "Point", "coordinates": [ 136.365003628549999, 36.291912912931302, 0.0 ] } },
{ "type": "Feature", "properties": { "id": null, "Name": "6月", "description": "緯度経度: 36.83105555, 136.77122222<br>時間: 11時30分頃<br>市町名: 宝達志水町<br>場所: 竹生野地区<br>備考: 末森城跡付近、国道１５９号線沿い<br>頭数: 1頭<br>番号: 48<br>出没日: 2025.6.1", "timestamp": null, "begin": null, "end": null, "altitudeMode": null, "tessellate": -1, "extrude": 0, "visibility": -1, "drawOrder": null, "icon": null, "____________": "36.83105555, 136.77122222", "______": "48.0", "_________": "2025.6.1" }, "geometry": { "type": "Point", "coordinates": [ 136.77122222, 36.83105555, 0.0 ] } },
{ "type": "Feature", "properties": { "id": null, "Name": "6月", "description": "緯度経度: 36.40201,136.48462<br>時間: 12時30分頃<br>市町名: 津幡町<br>場所: 九折地内<br>備考: 県道を倶利伽羅方面から九折方面に歩いているクマ１頭（約1.5m）を目撃。<br>頭数: 1頭<br>番号: 49<br>出没日: 2025.6.1", "timestamp": null, "begin": null, "end": null, "altitudeMode": null, "tessellate": -1, "extrude": 0, "visibility": -1, "drawOrder": null, "icon": null, "____________": "36.40201,136.48462", "______": "49.0", "_________": "2025.6.1" }, "geometry": { "type": "Point", "coordinates": [ 136.48462, 36.40201, 0.0 ] } },
{ "type": "Feature", "properties": { "id": null, "Name": "6月", "description": "緯度経度: 36.3824484, 136.6082649<br>時間: 0.75<br>市町名: 白山市<br>場所: 下野町<br>備考: 下野町（白山ろくテーマパーク　河合・下野園地）で子熊の目撃<br>頭数: 1頭<br>番号: 50<br>出没日: 2025.6.2", "timestamp": null, "begin": null, "end": null, "altitudeMode": null, "tessellate": -1, "extrude": 0, "visibility": -1, "drawOrder": null, "icon": null, "____________": "36.3824484, 136.6082649", "______": "50.0", "_________": "2025.6.2" }, "geometry": { "type": "Point", "coordinates": [ 136.6082649, 36.3824484, 0.0 ] } },
{ "type": "Feature", "properties": { "id": null, "Name": "6月", "description": "緯度経度: 36.1946404, 136.6250375<br>時間: 18時30分<br>市町名: 白山市<br>場所: 桑島<br>備考: 桑島（国道１５７号線白峰トンネル前桑島側）で熊の目撃<br>頭数: 1頭<br>番号: 51<br>出没日: 2025.6.2", "timestamp": null, "begin": null, "end": null, "altitudeMode": null, "tessellate": -1, "extrude": 0, "visibility": -1, "drawOrder": null, "icon": null, "____________": "36.1946404, 136.6250375", "______": "51.0", "_________": "2025.6.2" }, "geometry": { "type": "Point", "coordinates": [ 136.6250375, 36.1946404, 0.0 ] } },
{ "type": "Feature", "properties": { "id": null, "Name": "6月", "description": "緯度経度: 36.331114,136.429403<br>時間: 0.8125<br>市町名: 小松市<br>場所: 二ツ梨町<br>備考: 広域農道を横断<br>周辺を確認し痕跡なし<br>頭数: 1頭<br>番号: 52<br>出没日: 2025.6.2", "timestamp": null, "begin": null, "end": null, "altitudeMode": null, "tessellate": -1, "extrude": 0, "visibility": -1, "drawOrder": null, "icon": null, "____________": "36.331114,136.429403", "______": "52.0", "_________": "2025.6.2" }, "geometry": { "type": "Point", "coordinates": [ 136.429403, 36.331114, 0.0 ] } },
{ "type": "Feature", "properties": { "id": null, "Name": "6月", "description": "緯度経度: 36.32687504251355, 136.3327936607075<br>時間: 19時10分頃<br>市町名: 加賀市<br>場所: 山田町地内<br>備考: 加賀市中央公園 陸上競技場付近で親子のクマを目撃<br>頭数: 2頭<br>番号: 53<br>出没日: 2025.6.3", "timestamp": null, "begin": null, "end": null, "altitudeMode": null, "tessellate": -1, "extrude": 0, "visibility": -1, "drawOrder": null, "icon": null, "____________": "36.32687504251355, 136.3327936607075", "______": "53.0", "_________": "2025.6.3" }, "geometry": { "type": "Point", "coordinates": [ 136.332793660707011, 36.3268750425135, 0.0 ] } },
{ "type": "Feature", "properties": { "id": null, "Name": "6月", "description": "緯度経度: 36.4069003, 136.6317638<br>時間: 11時18分<br>市町名: 白山市<br>場所: 瀬木野町<br>備考: 瀬木野町（瀬木野町ヴィラ瀬音の手取川沿い）でクマの目撃<br>頭数: 1頭<br>番号: 54<br>出没日: 2025.6.4", "timestamp": null, "begin": null, "end": null, "altitudeMode": null, "tessellate": -1, "extrude": 0, "visibility": -1, "drawOrder": null, "icon": null, "____________": "36.4069003, 136.6317638", "______": "54.0", "_________": "2025.6.4" }, "geometry": { "type": "Point", "coordinates": [ 136.631763799999987, 36.4069003, 0.0 ] } },
{ "type": "Feature", "properties": { "id": null, "Name": "6月", "description": "緯度経度: 36.4213424, 136.6282796<br>時間: 17時40分<br>市町名: 白山市<br>場所: 広瀬町<br>備考: 広瀬町（県道４４号線河野地区終末処理場付近）でクマの目撃<br>頭数: 1頭<br>番号: 55<br>出没日: 2025.6.4", "timestamp": null, "begin": null, "end": null, "altitudeMode": null, "tessellate": -1, "extrude": 0, "visibility": -1, "drawOrder": null, "icon": null, "____________": "36.4213424, 136.6282796", "______": "55.0", "_________": "2025.6.4" }, "geometry": { "type": "Point", "coordinates": [ 136.628279600000013, 36.4213424, 0.0 ] } },
{ "type": "Feature", "properties": { "id": null, "Name": "6月", "description": "緯度経度: 36.322246837114825, 136.33671470373798<br>時間: 20時15分頃<br>市町名: 加賀市<br>場所: 松が丘地内<br>備考: 松が丘3丁目地内で子グマ1頭を目撃<br>頭数: 1頭<br>番号: 56<br>出没日: 2025.6.4", "timestamp": null, "begin": null, "end": null, "altitudeMode": null, "tessellate": -1, "extrude": 0, "visibility": -1, "drawOrder": null, "icon": null, "____________": "36.322246837114825, 136.33671470373798", "______": "56.0", "_________": "2025.6.4" }, "geometry": { "type": "Point", "coordinates": [ 136.336714703738011, 36.322246837114797, 0.0 ] } },
{ "type": "Feature", "properties": { "id": null, "Name": "6月", "description": "緯度経度: 36.790408, 136.760542<br>時間: 18時頃<br>市町名: 宝達志水町<br>場所: 森本・坪山境目<br>備考: 広域農道沿い<br>頭数: 1頭<br>番号: 57<br>出没日: 2025.6.5", "timestamp": null, "begin": null, "end": null, "altitudeMode": null, "tessellate": -1, "extrude": 0, "visibility": -1, "drawOrder": null, "icon": null, "____________": "36.790408, 136.760542", "______": "57.0", "_________": "2025.6.5" }, "geometry": { "type": "Point", "coordinates": [ 136.760542, 36.790408, 0.0 ] } },
{ "type": "Feature", "properties": { "id": null, "Name": "6月", "description": "緯度経度: 36.3915456, 136.6358565<br>時間: 10時45分<br>市町名: 白山市<br>場所: 河内町中直海<br>備考: 河内町中直海地内（河内ノミレイク付近）でクマの目撃<br>頭数: 1頭<br>番号: 58<br>出没日: 2025.6.5", "timestamp": null, "begin": null, "end": null, "altitudeMode": null, "tessellate": -1, "extrude": 0, "visibility": -1, "drawOrder": null, "icon": null, "____________": "36.3915456, 136.6358565", "______": "58.0", "_________": "2025.6.5" }, "geometry": { "type": "Point", "coordinates": [ 136.635856499999989, 36.3915456, 0.0 ] } },
{ "type": "Feature", "properties": { "id": null, "Name": "6月", "description": "緯度経度: 36.4010017, 136.6263765<br>時間: 6時15分<br>市町名: 白山市<br>場所: 河内町ふじが丘<br>備考: 河内町ふじが丘地内（河内町ふじが丘５付近）でクマの目撃<br>頭数: 1頭<br>番号: 59<br>出没日: 2025.6.6", "timestamp": null, "begin": null, "end": null, "altitudeMode": null, "tessellate": -1, "extrude": 0, "visibility": -1, "drawOrder": null, "icon": null, "____________": "36.4010017, 136.6263765", "______": "59.0", "_________": "2025.6.6" }, "geometry": { "type": "Point", "coordinates": [ 136.6263765, 36.4010017, 0.0 ] } },
{ "type": "Feature", "properties": { "id": null, "Name": "6月", "description": "緯度経度: 36.29501000608091, 136.64395903775127<br>時間: 12時30分<br>市町名: 白山市<br>場所: 瀬戸<br>備考: 瀬戸地内（尾口駐在所裏）でクマの目撃<br>頭数: 1頭<br>番号: 60<br>出没日: 2025.6.6", "timestamp": null, "begin": null, "end": null, "altitudeMode": null, "tessellate": -1, "extrude": 0, "visibility": -1, "drawOrder": null, "icon": null, "____________": "36.29501000608091, 136.64395903775127", "______": "60.0", "_________": "2025.6.6" }, "geometry": { "type": "Point", "coordinates": [ 136.643959037750989, 36.295010006080901, 0.0 ] } },
{ "type": "Feature", "properties": { "id": null, "Name": "6月", "description": "緯度経度: 36.434083,136.549131<br>時間: 17時35分頃<br>市町名: 能美市<br>場所: 上徳山町上徳山交差点<br>備考: 能美市上徳山町の交差点から南側へ向かう体長１mほどのクマ１頭の目撃情報<br>頭数: 1頭<br>番号: 61<br>出没日: 2025.6.6", "timestamp": null, "begin": null, "end": null, "altitudeMode": null, "tessellate": -1, "extrude": 0, "visibility": -1, "drawOrder": null, "icon": null, "____________": "36.434083,136.549131", "______": "61.0", "_________": "2025.6.6" }, "geometry": { "type": "Point", "coordinates": [ 136.549131, 36.434083, 0.0 ] } },
{ "type": "Feature", "properties": { "id": null, "Name": "6月", "description": "緯度経度: 36.430173,136.534359<br>時間: 19時15分頃<br>市町名: 能美市<br>場所: 和気町和気交差点<br>備考: 能美市和気町の和気交差点(加賀産業道路沿い)で南側へ向かう体長１mほどのクマ１頭の目撃情報<br>頭数: 1頭<br>番号: 62<br>出没日: 2025.6.6", "timestamp": null, "begin": null, "end": null, "altitudeMode": null, "tessellate": -1, "extrude": 0, "visibility": -1, "drawOrder": null, "icon": null, "____________": "36.430173,136.534359", "______": "62.0", "_________": "2025.6.6" }, "geometry": { "type": "Point", "coordinates": [ 136.534359, 36.430173, 0.0 ] } },
{ "type": "Feature", "properties": { "id": null, "Name": "6月", "description": "緯度経度: 36.32780380722116, 136.3398523404861<br>時間: 14時00分頃<br>市町名: 加賀市<br>場所: 松が丘地内<br>備考: 松が丘1丁目地内でクマ1頭を目撃<br>頭数: 1頭<br>番号: 63<br>出没日: 2025.6.7", "timestamp": null, "begin": null, "end": null, "altitudeMode": null, "tessellate": -1, "extrude": 0, "visibility": -1, "drawOrder": null, "icon": null, "____________": "36.32780380722116, 136.3398523404861", "______": "63.0", "_________": "2025.6.7" }, "geometry": { "type": "Point", "coordinates": [ 136.339852340486004, 36.327803807221201, 0.0 ] } },
{ "type": "Feature", "properties": { "id": null, "Name": "6月", "description": "緯度経度: 36.6849161,136.7774707<br>時間: 7時51分頃<br>市町名: 津幡町<br>場所: 田屋地内<br>備考: 津幡警察署からクマの目撃情報の連絡あり。目撃者に聞き取り。目撃場所は田屋地内の県道わきのがけ崩れの工事現場、補強コンクリートの上にいた。現地は工事中で急斜面でもあり危険があるため立会は不可と判断。目撃した動物の色が真っ黒だったとのことからクマの可能性が高いと判断。<br>頭数: 1頭<br>番号: 64<br>出没日: 2025.6.8", "timestamp": null, "begin": null, "end": null, "altitudeMode": null, "tessellate": -1, "extrude": 0, "visibility": -1, "drawOrder": null, "icon": null, "____________": "36.6849161,136.7774707", "______": "64.0", "_________": "2025.6.8" }, "geometry": { "type": "Point", "coordinates": [ 136.7774707, 36.6849161, 0.0 ] } },
{ "type": "Feature", "properties": { "id": null, "Name": "6月", "description": "緯度経度: 36.3094238, 136.6421942<br>時間: 14時20分<br>市町名: 白山市<br>場所: 河原山町<br>備考: 河原山町地内（手取キャニオンロードサイクルステーション付近）でクマの目撃<br>頭数: 1頭<br>番号: 65<br>出没日: 2025.6.8", "timestamp": null, "begin": null, "end": null, "altitudeMode": null, "tessellate": -1, "extrude": 0, "visibility": -1, "drawOrder": null, "icon": null, "____________": "36.3094238, 136.6421942", "______": "65.0", "_________": "2025.6.8" }, "geometry": { "type": "Point", "coordinates": [ 136.6421942, 36.3094238, 0.0 ] } },
{ "type": "Feature", "properties": { "id": null, "Name": "6月", "description": "緯度経度: 36.427958,136.546239<br>時間: 14時40分頃<br>市町名: 能美市<br>場所: 和光台三丁目の公園の脇道<br>備考: 能美市和光台3丁目の公園の脇道から和光台4丁目の山側方面へ向かう体長1.5mほどのクマ１頭の目撃情報<br>頭数: 1頭<br>番号: 66<br>出没日: 2025.6.8", "timestamp": null, "begin": null, "end": null, "altitudeMode": null, "tessellate": -1, "extrude": 0, "visibility": -1, "drawOrder": null, "icon": null, "____________": "36.427958,136.546239", "______": "66.0", "_________": "2025.6.8" }, "geometry": { "type": "Point", "coordinates": [ 136.546239, 36.427958, 0.0 ] } },
{ "type": "Feature", "properties": { "id": null, "Name": "6月", "description": "緯度経度: 36.4069003, 136.6317638<br>時間: 18時30分<br>市町名: 白山市<br>場所: 瀬木野町<br>備考: 瀬木野町（瀬木野町ヴィラ瀬音の手取川沿い）でクマの目撃<br>頭数: 1頭<br>番号: 67<br>出没日: 2025.6.8", "timestamp": null, "begin": null, "end": null, "altitudeMode": null, "tessellate": -1, "extrude": 0, "visibility": -1, "drawOrder": null, "icon": null, "____________": "36.4069003, 136.6317638", "______": "67.0", "_________": "2025.6.8" }, "geometry": { "type": "Point", "coordinates": [ 136.631763799999987, 36.4069003, 0.0 ] } },
{ "type": "Feature", "properties": { "id": null, "Name": "6月", "description": "緯度経度: 36.39867, 136.61545<br>時間: 8時00分<br>市町名: 白山市<br>場所: 河合町<br>備考: 河合町地内（キャニオンロード上）で子グマの目撃<br>頭数: 1頭<br>番号: 68<br>出没日: 2025.6.9", "timestamp": null, "begin": null, "end": null, "altitudeMode": null, "tessellate": -1, "extrude": 0, "visibility": -1, "drawOrder": null, "icon": null, "____________": "36.39867, 136.61545", "______": "68.0", "_________": "2025.6.9" }, "geometry": { "type": "Point", "coordinates": [ 136.61545, 36.39867, 0.0 ] } },
{ "type": "Feature", "properties": { "id": null, "Name": "6月", "description": "緯度経度: 36.30559, 136.64273<br>時間: 8時00分<br>市町名: 白山市<br>場所: 木滑<br>備考: 木滑地内（レストラン手取川辺りから東側に向かっていった）で子グマの目撃<br>頭数: 1頭<br>番号: 69<br>出没日: 2025.6.9", "timestamp": null, "begin": null, "end": null, "altitudeMode": null, "tessellate": -1, "extrude": 0, "visibility": -1, "drawOrder": null, "icon": null, "____________": "36.30559, 136.64273", "______": "69.0", "_________": "2025.6.9" }, "geometry": { "type": "Point", "coordinates": [ 136.64273, 36.30559, 0.0 ] } },
{ "type": "Feature", "properties": { "id": null, "Name": "6月", "description": "緯度経度: 36.694768, 136.772302<br>時間: 15時25分頃<br>市町名: 津幡町<br>場所: 吉倉地内<br>備考: 目撃者(A)から体長1m以上のクマらしきもの1頭を目撃した旨連絡有り。(15:30)<br>頭数: 1頭<br>番号: 70<br>出没日: 2025.6.9", "timestamp": null, "begin": null, "end": null, "altitudeMode": null, "tessellate": -1, "extrude": 0, "visibility": -1, "drawOrder": null, "icon": null, "____________": "36.694768, 136.772302", "______": "70.0", "_________": "2025.6.9" }, "geometry": { "type": "Point", "coordinates": [ 136.772302, 36.694768, 0.0 ] } },
{ "type": "Feature", "properties": { "id": null, "Name": "6月", "description": "緯度経度: 36.694768, 136.772302<br>時間: 15時23分頃<br>市町名: 津幡町<br>場所: 吉倉地内から森林公園方面へ<br>備考: 目撃者(B)から目撃地付近で森林公園側に逃げていく熊を目撃した旨聞き取り。(16:40)<br>頭数: 1頭<br>番号: 71<br>出没日: 2025.6.9", "timestamp": null, "begin": null, "end": null, "altitudeMode": null, "tessellate": -1, "extrude": 0, "visibility": -1, "drawOrder": null, "icon": null, "____________": "36.694768, 136.772302", "______": "71.0", "_________": "2025.6.9" }, "geometry": { "type": "Point", "coordinates": [ 136.772302, 36.694768, 0.0 ] } },
{ "type": "Feature", "properties": { "id": null, "Name": "6月", "description": "緯度経度: 36.689021, 136.777752<br>時間: 16時30分頃<br>市町名: 津幡町<br>場所: 鳥越の県道と旧県道の交差点付近<br>備考: 笠野公民館により、目撃者（C）がクマを目撃した旨連絡有り。(16:40)<br>頭数: 1頭<br>番号: 72<br>出没日: 2025.6.9", "timestamp": null, "begin": null, "end": null, "altitudeMode": null, "tessellate": -1, "extrude": 0, "visibility": -1, "drawOrder": null, "icon": null, "____________": "36.689021, 136.777752", "______": "72.0", "_________": "2025.6.9" }, "geometry": { "type": "Point", "coordinates": [ 136.777752, 36.689021, 0.0 ] } },
{ "type": "Feature", "properties": { "id": null, "Name": "6月", "description": "緯度経度: 36.686345, 136.778342<br>時間: 16時43分頃<br>市町名: 津幡町<br>場所: 広瀬製材作業場裏の田<br>備考: 目撃者(D)より、田屋の山の方面に入っていくクマを目撃した旨連絡有り。(16:43)<br>頭数: 1頭<br>番号: 73<br>出没日: 2025.6.9", "timestamp": null, "begin": null, "end": null, "altitudeMode": null, "tessellate": -1, "extrude": 0, "visibility": -1, "drawOrder": null, "icon": null, "____________": "36.686345, 136.778342", "______": "73.0", "_________": "2025.6.9" }, "geometry": { "type": "Point", "coordinates": [ 136.778342, 36.686345, 0.0 ] } },
{ "type": "Feature", "properties": { "id": null, "Name": "6月", "description": "緯度経度: 36.30395871733618, 136.64315918529584<br>時間: 16時50分<br>市町名: 白山市<br>場所: 木滑<br>備考: 木滑地内（レストラン手取川付近）で子グマの目撃<br>頭数: 1頭<br>番号: 74<br>出没日: 2025.6.9", "timestamp": null, "begin": null, "end": null, "altitudeMode": null, "tessellate": -1, "extrude": 0, "visibility": -1, "drawOrder": null, "icon": null, "____________": "36.30395871733618, 136.64315918529584", "______": "74.0", "_________": "2025.6.9" }, "geometry": { "type": "Point", "coordinates": [ 136.643159185296014, 36.303958717336201, 0.0 ] } },
{ "type": "Feature", "properties": { "id": null, "Name": "6月", "description": "緯度経度: 36.682121, 136.786929<br>時間: 17時30分～19時頃<br>市町名: 津幡町<br>場所: 宮田地内のため池付近<br>備考: 目撃者(E)より、刈安方面に向かったとの情報あり。猟友会（F）が宮田の山中にてクマを目撃。山の奥に逃げて行った。<br>頭数: 1頭<br>番号: 75<br>出没日: 2025.6.9", "timestamp": null, "begin": null, "end": null, "altitudeMode": null, "tessellate": -1, "extrude": 0, "visibility": -1, "drawOrder": null, "icon": null, "____________": "36.682121, 136.786929", "______": "75.0", "_________": "2025.6.9" }, "geometry": { "type": "Point", "coordinates": [ 136.786929, 36.682121, 0.0 ] } },
{ "type": "Feature", "properties": { "id": null, "Name": "6月", "description": "緯度経度: 36.434426,136.528050<br>時間: 12時20分頃<br>市町名: 能美市<br>場所: 湯谷町湯谷墓苑<br>備考: 能美市湯谷町の湯谷墓苑周辺にて、体長１mほどのクマ１頭の目撃情報<br>頭数: 1頭<br>番号: 76<br>出没日: 2025.6.9", "timestamp": null, "begin": null, "end": null, "altitudeMode": null, "tessellate": -1, "extrude": 0, "visibility": -1, "drawOrder": null, "icon": null, "____________": "36.434426,136.528050", "______": "76.0", "_________": "2025.6.9" }, "geometry": { "type": "Point", "coordinates": [ 136.52805, 36.434426, 0.0 ] } },
{ "type": "Feature", "properties": { "id": null, "Name": "6月", "description": "緯度経度: 36.435629,136.524960<br>時間: 17時頃<br>市町名: 能美市<br>場所: 湯谷町湯寿園職員駐車場<br>備考: 能美市湯谷町の湯寿園駐車場周辺にて、体長80cmほどの子グマ１頭の目撃情報<br>頭数: 1頭<br>番号: 77<br>出没日: 2025.6.9", "timestamp": null, "begin": null, "end": null, "altitudeMode": null, "tessellate": -1, "extrude": 0, "visibility": -1, "drawOrder": null, "icon": null, "____________": "36.435629,136.524960", "______": "77.0", "_________": "2025.6.9" }, "geometry": { "type": "Point", "coordinates": [ 136.52496, 36.435629, 0.0 ] } },
{ "type": "Feature", "properties": { "id": null, "Name": "6月", "description": "緯度経度: 36.26971861609814, 136.33343513374254<br>時間: 17時35分頃<br>市町名: 加賀市<br>場所: 日谷町地内<br>備考: 日谷町地内でクマ1頭を目撃<br>頭数: 1頭<br>番号: 78<br>出没日: 2025.6.9", "timestamp": null, "begin": null, "end": null, "altitudeMode": null, "tessellate": -1, "extrude": 0, "visibility": -1, "drawOrder": null, "icon": null, "____________": "36.26971861609814, 136.33343513374254", "______": "78.0", "_________": "2025.6.9" }, "geometry": { "type": "Point", "coordinates": [ 136.333435133742995, 36.269718616098103, 0.0 ] } },
{ "type": "Feature", "properties": { "id": null, "Name": "6月", "description": "緯度経度: 36.28148, 136.64547<br>時間: 9時30分<br>市町名: 白山市<br>場所: 東二口町<br>備考: 東二口町地内（電源開発手取川第一発電所付近）で子グマの目撃<br>頭数: 1頭<br>番号: 79<br>出没日: 2025.6.10", "timestamp": null, "begin": null, "end": null, "altitudeMode": null, "tessellate": -1, "extrude": 0, "visibility": -1, "drawOrder": null, "icon": null, "____________": "36.28148, 136.64547", "______": "79.0", "_________": "2025.6.10" }, "geometry": { "type": "Point", "coordinates": [ 136.64547, 36.28148, 0.0 ] } },
{ "type": "Feature", "properties": { "id": null, "Name": "6月", "description": "緯度経度: 36.435025,136.515120<br>時間: 14時40分頃<br>市町名: 能美市<br>場所: 湯谷町湯野小学校付近<br>備考: 能美市湯谷町の湯野小学校付近で体長１mほどのクマ１頭の目撃情報<br>頭数: 1頭<br>番号: 80<br>出没日: 2025.6.10", "timestamp": null, "begin": null, "end": null, "altitudeMode": null, "tessellate": -1, "extrude": 0, "visibility": -1, "drawOrder": null, "icon": null, "____________": "36.435025,136.515120", "______": "80.0", "_________": "2025.6.10" }, "geometry": { "type": "Point", "coordinates": [ 136.51512, 36.435025, 0.0 ] } },
{ "type": "Feature", "properties": { "id": null, "Name": "6月", "description": "緯度経度: 36.297019399465604, 136.3070833571879<br>時間: 18時20分頃<br>市町名: 加賀市<br>場所: 熊坂町地内<br>備考: 熊坂町地内で子グマ1頭を目撃<br>頭数: 1頭<br>番号: 81<br>出没日: 2025.6.10", "timestamp": null, "begin": null, "end": null, "altitudeMode": null, "tessellate": -1, "extrude": 0, "visibility": -1, "drawOrder": null, "icon": null, "____________": "36.297019399465604, 136.3070833571879", "______": "81.0", "_________": "2025.6.10" }, "geometry": { "type": "Point", "coordinates": [ 136.307083357187992, 36.297019399465597, 0.0 ] } },
{ "type": "Feature", "properties": { "id": null, "Name": "6月", "description": "緯度経度: 36.32669149200634, 136.33351732441176<br>時間: 10時20分頃<br>市町名: 加賀市<br>場所: 山田町地内<br>備考: 山田町地内で子グマ1頭を目撃<br>頭数: 1頭<br>番号: 82<br>出没日: 2025.6.11", "timestamp": null, "begin": null, "end": null, "altitudeMode": null, "tessellate": -1, "extrude": 0, "visibility": -1, "drawOrder": null, "icon": null, "____________": "36.32669149200634, 136.33351732441176", "______": "82.0", "_________": "2025.6.11" }, "geometry": { "type": "Point", "coordinates": [ 136.333517324412014, 36.326691492006297, 0.0 ] } },
{ "type": "Feature", "properties": { "id": null, "Name": "6月", "description": "緯度経度: 36.28574817566194, 136.309914842723<br>時間: 20時00分頃<br>市町名: 加賀市<br>場所: 細坪町地内<br>備考: 細坪大橋付近でクマ1頭を目撃<br>頭数: 1頭<br>番号: 83<br>出没日: 2025.6.11", "timestamp": null, "begin": null, "end": null, "altitudeMode": null, "tessellate": -1, "extrude": 0, "visibility": -1, "drawOrder": null, "icon": null, "____________": "36.28574817566194, 136.309914842723", "______": "83.0", "_________": "2025.6.11" }, "geometry": { "type": "Point", "coordinates": [ 136.309914842723003, 36.285748175661901, 0.0 ] } },
{ "type": "Feature", "properties": { "id": null, "Name": "6月", "description": "緯度経度: 36.4368611,136.5303889<br>時間: 10時頃<br>市町名: 能美市<br>場所: 松が岡4丁目金大研修センター前<br>備考: 能美市松が岡４丁目付近（住宅地）で体長１m未満のクマ１頭の目撃情報<br>頭数: 1頭<br>番号: 84<br>出没日: 2025.6.12", "timestamp": null, "begin": null, "end": null, "altitudeMode": null, "tessellate": -1, "extrude": 0, "visibility": -1, "drawOrder": null, "icon": null, "____________": "36.4368611,136.5303889", "______": "84.0", "_________": "2025.6.12" }, "geometry": { "type": "Point", "coordinates": [ 136.5303889, 36.4368611, 0.0 ] } },
{ "type": "Feature", "properties": { "id": null, "Name": "6月", "description": "緯度経度: 36.441667,136.5364722<br>時間: 11時20分頃<br>市町名: 能美市<br>場所: 緑が丘9丁目水道山<br>備考: 能美市緑が丘11丁目の芳珠記念病院駐車場で、緑が丘9丁目方面の山中に向かう体長１m未満のクマ１頭の目撃情報<br>頭数: 1頭<br>番号: 85<br>出没日: 2025.6.12", "timestamp": null, "begin": null, "end": null, "altitudeMode": null, "tessellate": -1, "extrude": 0, "visibility": -1, "drawOrder": null, "icon": null, "____________": "36.441667,136.5364722", "______": "85.0", "_________": "2025.6.12" }, "geometry": { "type": "Point", "coordinates": [ 136.5364722, 36.441667, 0.0 ] } },
{ "type": "Feature", "properties": { "id": null, "Name": "6月", "description": "緯度経度: 36.4456389,136.5422500<br>時間: 17時40分頃<br>市町名: 能美市<br>場所: 緑が丘1丁目緑が丘第一公園<br>備考: 能美市緑が丘1丁目の緑が丘1号公園付近で、体長１m未満のクマ１頭の目撃情報<br>頭数: 1頭<br>番号: 86<br>出没日: 2025.6.12", "timestamp": null, "begin": null, "end": null, "altitudeMode": null, "tessellate": -1, "extrude": 0, "visibility": -1, "drawOrder": null, "icon": null, "____________": "36.4456389,136.5422500", "______": "86.0", "_________": "2025.6.12" }, "geometry": { "type": "Point", "coordinates": [ 136.54225, 36.4456389, 0.0 ] } },
{ "type": "Feature", "properties": { "id": null, "Name": "6月", "description": "緯度経度: 36.505141, 136.675861<br>時間: 0.75<br>市町名: 金沢市<br>場所: 三小牛町<br>備考: 車で移動中に目撃<br>頭数: 1頭<br>番号: 87<br>出没日: 2025.6.13", "timestamp": null, "begin": null, "end": null, "altitudeMode": null, "tessellate": -1, "extrude": 0, "visibility": -1, "drawOrder": null, "icon": null, "____________": "36.505141, 136.675861", "______": "87.0", "_________": "2025.6.13" }, "geometry": { "type": "Point", "coordinates": [ 136.675861, 36.505141, 0.0 ] } },
{ "type": "Feature", "properties": { "id": null, "Name": "6月", "description": "緯度経度: 36.37210835131302, 136.60074272850915<br>時間: 0.6527777778<br>市町名: 白山市<br>場所: 上野町<br>備考: 上野町地内（細川建設事務所後ろ付近）でクマの目撃<br>頭数: 1頭<br>番号: 88<br>出没日: 2025.6.13", "timestamp": null, "begin": null, "end": null, "altitudeMode": null, "tessellate": -1, "extrude": 0, "visibility": -1, "drawOrder": null, "icon": null, "____________": "36.37210835131302, 136.60074272850915", "______": "88.0", "_________": "2025.6.13" }, "geometry": { "type": "Point", "coordinates": [ 136.600742728509005, 36.372108351313003, 0.0 ] } },
{ "type": "Feature", "properties": { "id": null, "Name": "6月", "description": "緯度経度: 36.40725438101583, 136.6296811819357<br>時間: 0.6666666667<br>市町名: 白山市<br>場所: 広瀬町<br>備考: 広瀬町地内（ヴィラ瀬音近くのサイクリングロード付近）でクマの目撃<br>頭数: 1頭<br>番号: 89<br>出没日: 2025.6.13", "timestamp": null, "begin": null, "end": null, "altitudeMode": null, "tessellate": -1, "extrude": 0, "visibility": -1, "drawOrder": null, "icon": null, "____________": "36.40725438101583, 136.6296811819357", "______": "89.0", "_________": "2025.6.13" }, "geometry": { "type": "Point", "coordinates": [ 136.629681181936007, 36.407254381015797, 0.0 ] } },
{ "type": "Feature", "properties": { "id": null, "Name": "6月", "description": "緯度経度: 36.274259797915576, 136.6439856289935<br>時間: 0.6909722222<br>市町名: 白山市<br>場所: 東二口町<br>備考: 東二口地内(尾口東二口バス停付近）でクマの目撃<br>頭数: 1頭<br>番号: 90<br>出没日: 2025.6.13", "timestamp": null, "begin": null, "end": null, "altitudeMode": null, "tessellate": -1, "extrude": 0, "visibility": -1, "drawOrder": null, "icon": null, "____________": "36.274259797915576, 136.6439856289935", "______": "90.0", "_________": "2025.6.13" }, "geometry": { "type": "Point", "coordinates": [ 136.643985628993988, 36.274259797915597, 0.0 ] } },
{ "type": "Feature", "properties": { "id": null, "Name": "6月", "description": "緯度経度: 36.4457222,136.5410278<br>時間: 15時46分頃<br>市町名: 能美市<br>場所: 緑が丘1丁目緑が丘第一公園<br>備考: 能美市緑が丘一丁目付近にて、クマ１頭の目撃情報<br>頭数: 1頭<br>番号: 91<br>出没日: 2025.6.13", "timestamp": null, "begin": null, "end": null, "altitudeMode": null, "tessellate": -1, "extrude": 0, "visibility": -1, "drawOrder": null, "icon": null, "____________": "36.4457222,136.5410278", "______": "91.0", "_________": "2025.6.13" }, "geometry": { "type": "Point", "coordinates": [ 136.5410278, 36.4457222, 0.0 ] } },
{ "type": "Feature", "properties": { "id": null, "Name": "6月", "description": "緯度経度: 36.4361389,136.5687222<br>時間: 18時20分頃<br>市町名: 能美市<br>場所: 岩内町辰口放牧場<br>備考: 岩内町地内にある辰口放牧場の周辺にて、体長1メートル未満のクマ１頭の目撃情報<br>頭数: 1頭<br>番号: 92<br>出没日: 2025.6.13", "timestamp": null, "begin": null, "end": null, "altitudeMode": null, "tessellate": -1, "extrude": 0, "visibility": -1, "drawOrder": null, "icon": null, "____________": "36.4361389,136.5687222", "______": "92.0", "_________": "2025.6.13" }, "geometry": { "type": "Point", "coordinates": [ 136.5687222, 36.4361389, 0.0 ] } },
{ "type": "Feature", "properties": { "id": null, "Name": "6月", "description": "緯度経度: 36.30329763375017, 136.32964096757757<br>時間: 15時00分頃<br>市町名: 加賀市<br>場所: 南郷町地内<br>備考: 南郷町地内で子グマ１頭を目撃<br>頭数: 1頭<br>番号: 93<br>出没日: 2025.6.14", "timestamp": null, "begin": null, "end": null, "altitudeMode": null, "tessellate": -1, "extrude": 0, "visibility": -1, "drawOrder": null, "icon": null, "____________": "36.30329763375017, 136.32964096757757", "______": "93.0", "_________": "2025.6.14" }, "geometry": { "type": "Point", "coordinates": [ 136.329640967578001, 36.303297633750198, 0.0 ] } },
{ "type": "Feature", "properties": { "id": null, "Name": "6月", "description": "緯度経度: 36.839827, 136.772196<br>時間: 7時10分頃<br>市町名: 宝達志水町<br>場所: 竹生野地区<br>備考: 押水特産直売所付近<br>頭数: 1頭<br>番号: 94<br>出没日: 2025.6.14", "timestamp": null, "begin": null, "end": null, "altitudeMode": null, "tessellate": -1, "extrude": 0, "visibility": -1, "drawOrder": null, "icon": null, "____________": "36.839827, 136.772196", "______": "94.0", "_________": "2025.6.14" }, "geometry": { "type": "Point", "coordinates": [ 136.772196, 36.839827, 0.0 ] } },
{ "type": "Feature", "properties": { "id": null, "Name": "6月", "description": "緯度経度: 36.4444444,136.538606<br>時間: 5時10分頃<br>市町名: 能美市<br>場所: 緑が丘5丁目東レ社宅付近<br>備考: 能美市緑が丘5丁目の東レ社宅付近で、北の方面に向かう体長50cmくらいの子クマ１頭の目撃情報<br>頭数: 1頭<br>番号: 95<br>出没日: 2025.6.14", "timestamp": null, "begin": null, "end": null, "altitudeMode": null, "tessellate": -1, "extrude": 0, "visibility": -1, "drawOrder": null, "icon": null, "____________": "36.4444444,136.538606", "______": "95.0", "_________": "2025.6.14" }, "geometry": { "type": "Point", "coordinates": [ 136.538606, 36.4444444, 0.0 ] } },
{ "type": "Feature", "properties": { "id": null, "Name": "6月", "description": "緯度経度: 36.436417,136.629694<br>時間: 15時30分頃<br>市町名: 能美市<br>場所: 和佐谷町道の駅しらやまさん付近<br>備考: 能美市和佐谷町 道の駅しらやまさん前の道路から西側の山へ向かう体長１ｍほどの熊１頭の目撃情報<br>頭数: 1頭<br>番号: 96<br>出没日: 2025.6.14", "timestamp": null, "begin": null, "end": null, "altitudeMode": null, "tessellate": -1, "extrude": 0, "visibility": -1, "drawOrder": null, "icon": null, "____________": "36.436417,136.629694", "______": "96.0", "_________": "2025.6.14" }, "geometry": { "type": "Point", "coordinates": [ 136.629694, 36.436417, 0.0 ] } },
{ "type": "Feature", "properties": { "id": null, "Name": "6月", "description": "緯度経度: 36.6723505,136.8058368<br>時間: 17時45分頃<br>市町名: 津幡町<br>場所: 河内八幡神社<br>備考: 河内区長から町当直へクマの目撃情報あり<br>頭数: 1頭<br>番号: 97<br>出没日: 2025.6.15", "timestamp": null, "begin": null, "end": null, "altitudeMode": null, "tessellate": -1, "extrude": 0, "visibility": -1, "drawOrder": null, "icon": null, "____________": "36.6723505,136.8058368", "______": "97.0", "_________": "2025.6.15" }, "geometry": { "type": "Point", "coordinates": [ 136.8058368, 36.6723505, 0.0 ] } },
{ "type": "Feature", "properties": { "id": null, "Name": "6月", "description": "緯度経度: 36.2944231, 136.6441635<br>時間: 0.5048611111<br>市町名: 白山市<br>場所: 瀬戸<br>備考: 瀬戸地内（瀬戸交差点）で子クマの目撃<br>頭数: 1頭<br>番号: 98<br>出没日: 2025.6.15", "timestamp": null, "begin": null, "end": null, "altitudeMode": null, "tessellate": -1, "extrude": 0, "visibility": -1, "drawOrder": null, "icon": null, "____________": "36.2944231, 136.6441635", "______": "98.0", "_________": "2025.6.15" }, "geometry": { "type": "Point", "coordinates": [ 136.6441635, 36.2944231, 0.0 ] } },
{ "type": "Feature", "properties": { "id": null, "Name": "6月", "description": "緯度経度: 36.440905,136.532790<br>時間: 13時頃<br>市町名: 能美市<br>場所: 緑が丘11丁目<br>備考: 緑が丘11丁目にある辰口キリスト協会の駐車場から北側の山へ向かう体長50cmほどのコグマ１頭の目撃情報<br>頭数: 1頭<br>番号: 99<br>出没日: 2025.6.15", "timestamp": null, "begin": null, "end": null, "altitudeMode": null, "tessellate": -1, "extrude": 0, "visibility": -1, "drawOrder": null, "icon": null, "____________": "36.440905,136.532790", "______": "99.0", "_________": "2025.6.15" }, "geometry": { "type": "Point", "coordinates": [ 136.53279, 36.440905, 0.0 ] } },
{ "type": "Feature", "properties": { "id": null, "Name": "6月", "description": "緯度経度: 36.440189,136.531884<br>時間: 8時30分頃<br>市町名: 能美市<br>場所: 松が岡<br>備考: 松が岡交差点から南側へ向かう体長50cmほどのコグマ１頭の目撃情報<br>頭数: 1頭<br>番号: 100<br>出没日: 2025.6.16", "timestamp": null, "begin": null, "end": null, "altitudeMode": null, "tessellate": -1, "extrude": 0, "visibility": -1, "drawOrder": null, "icon": null, "____________": "36.440189,136.531884", "______": "100.0", "_________": "2025.6.16" }, "geometry": { "type": "Point", "coordinates": [ 136.531884, 36.440189, 0.0 ] } },
{ "type": "Feature", "properties": { "id": null, "Name": "6月", "description": "緯度経度: 36.441591,136.534691<br>時間: 0.6354166667<br>市町名: 能美市<br>場所: 芳珠記念病院駐車場<br>備考: 芳珠記念病院付近にて、西に向かう子グマ1頭の目撃情報<br>頭数: 1頭<br>番号: 101<br>出没日: 2025.6.16", "timestamp": null, "begin": null, "end": null, "altitudeMode": null, "tessellate": -1, "extrude": 0, "visibility": -1, "drawOrder": null, "icon": null, "____________": "36.441591,136.534691", "______": "101.0", "_________": "2025.6.16" }, "geometry": { "type": "Point", "coordinates": [ 136.534691, 36.441591, 0.0 ] } },
{ "type": "Feature", "properties": { "id": null, "Name": "6月", "description": "緯度経度: 36.4408889,136.5343889<br>時間: 0.7569444444<br>市町名: 能美市<br>場所: 緑が丘11丁目<br>備考: 緑が丘11丁目地内にて、芳珠記念病院に向かう子グマ1頭の目撃情報<br>頭数: 1頭<br>番号: 102<br>出没日: 2025.6.16", "timestamp": null, "begin": null, "end": null, "altitudeMode": null, "tessellate": -1, "extrude": 0, "visibility": -1, "drawOrder": null, "icon": null, "____________": "36.4408889,136.5343889", "______": "102.0", "_________": "2025.6.16" }, "geometry": { "type": "Point", "coordinates": [ 136.53438890000001, 36.4408889, 0.0 ] } },
{ "type": "Feature", "properties": { "id": null, "Name": "6月", "description": "緯度経度: 36.3124905, 136.6422814<br>時間: 0.375<br>市町名: 白山市<br>場所: 河原山町<br>備考: 河原山地内（河原山ハ３４－１付近）で子クマの目撃<br>頭数: 1頭<br>番号: 103<br>出没日: 2025.6.16", "timestamp": null, "begin": null, "end": null, "altitudeMode": null, "tessellate": -1, "extrude": 0, "visibility": -1, "drawOrder": null, "icon": null, "____________": "36.3124905, 136.6422814", "______": "103.0", "_________": "2025.6.16" }, "geometry": { "type": "Point", "coordinates": [ 136.6422814, 36.3124905, 0.0 ] } },
{ "type": "Feature", "properties": { "id": null, "Name": "6月", "description": "緯度経度: 36.1855500, 136.6228297<br>時間: 0.4375<br>市町名: 白山市<br>場所: 白峰<br>備考: 白峰地内（白峰チ－１０付近）でクマの目撃<br>頭数: 1頭<br>番号: 104<br>出没日: 2025.6.16", "timestamp": null, "begin": null, "end": null, "altitudeMode": null, "tessellate": -1, "extrude": 0, "visibility": -1, "drawOrder": null, "icon": null, "____________": "36.1855500, 136.6228297", "______": "104.0", "_________": "2025.6.16" }, "geometry": { "type": "Point", "coordinates": [ 136.622829700000011, 36.18555, 0.0 ] } },
{ "type": "Feature", "properties": { "id": null, "Name": "6月", "description": "緯度経度: 36.34433, 136.63101<br>時間: 0.6597222222<br>市町名: 白山市<br>場所: 吉野<br>備考: 吉野地内（不老橋付近）でクマの目撃<br>頭数: 1頭<br>番号: 105<br>出没日: 2025.6.17", "timestamp": null, "begin": null, "end": null, "altitudeMode": null, "tessellate": -1, "extrude": 0, "visibility": -1, "drawOrder": null, "icon": null, "____________": "36.34433, 136.63101", "______": "105.0", "_________": "2025.6.17" }, "geometry": { "type": "Point", "coordinates": [ 136.63101, 36.34433, 0.0 ] } },
{ "type": "Feature", "properties": { "id": null, "Name": "6月", "description": "緯度経度: 36.434475,136.525278<br>時間: 0.5<br>市町名: 能美市<br>場所: クアハウスN9駐車場付近<br>備考: 能美市泉台町のクアハウスN9駐車場付近で、北側に向かう子グマ1頭の目撃情報<br>頭数: 1頭<br>番号: 106<br>出没日: 2025.6.17", "timestamp": null, "begin": null, "end": null, "altitudeMode": null, "tessellate": -1, "extrude": 0, "visibility": -1, "drawOrder": null, "icon": null, "____________": "36.434475,136.525278", "______": "106.0", "_________": "2025.6.17" }, "geometry": { "type": "Point", "coordinates": [ 136.525278, 36.434475, 0.0 ] } },
{ "type": "Feature", "properties": { "id": null, "Name": "6月", "description": "緯度経度: 36.447611,136.574083<br>時間: 0.7708333333<br>市町名: 能美市<br>場所: 莇生町地内<br>備考: 能美市莇生町地内で、岩内工業団地方面の山へ向かう体長1mほどのクマ1頭の目撃情報<br>頭数: 1頭<br>番号: 107<br>出没日: 2025.6.17", "timestamp": null, "begin": null, "end": null, "altitudeMode": null, "tessellate": -1, "extrude": 0, "visibility": -1, "drawOrder": null, "icon": null, "____________": "36.447611,136.574083", "______": "107.0", "_________": "2025.6.17" }, "geometry": { "type": "Point", "coordinates": [ 136.574083, 36.447611, 0.0 ] } },
{ "type": "Feature", "properties": { "id": null, "Name": "6月", "description": "緯度経度: 36.680671,136.784441<br>時間: 16時00分頃<br>市町名: 津幡町<br>場所: 田屋地内<br>備考: 目撃者が梨谷内池の上の畑から集落へ車で降りようとした際に山へ逃げるクマ1頭（60～70cm）を目撃<br>頭数: 1頭<br>番号: 108<br>出没日: 2025.6.18", "timestamp": null, "begin": null, "end": null, "altitudeMode": null, "tessellate": -1, "extrude": 0, "visibility": -1, "drawOrder": null, "icon": null, "____________": "36.680671,136.784441", "______": "108.0", "_________": "2025.6.18" }, "geometry": { "type": "Point", "coordinates": [ 136.784441, 36.680671, 0.0 ] } },
{ "type": "Feature", "properties": { "id": null, "Name": "6月", "description": "緯度経度: 36.29318205326853, 136.32553125883453<br>時間: 18時45分頃<br>市町名: 加賀市<br>場所: 南郷町地内<br>備考: 南郷町地内で子グマ1頭を目撃<br>頭数: 1頭<br>番号: 109<br>出没日: 2025.6.18", "timestamp": null, "begin": null, "end": null, "altitudeMode": null, "tessellate": -1, "extrude": 0, "visibility": -1, "drawOrder": null, "icon": null, "____________": "36.29318205326853, 136.32553125883453", "______": "109.0", "_________": "2025.6.18" }, "geometry": { "type": "Point", "coordinates": [ 136.325531258835014, 36.293182053268502, 0.0 ] } },
{ "type": "Feature", "properties": { "id": null, "Name": "6月", "description": "緯度経度: 36.532454, 136.734428<br>時間: 0.5416666667<br>市町名: 金沢市<br>場所: 湯谷原町<br>備考: 親グマ1頭、子グマ２頭を目撃<br>頭数: 3頭<br>番号: 110<br>出没日: 2025.6.19", "timestamp": null, "begin": null, "end": null, "altitudeMode": null, "tessellate": -1, "extrude": 0, "visibility": -1, "drawOrder": null, "icon": null, "____________": "36.532454, 136.734428", "______": "110.0", "_________": "2025.6.19" }, "geometry": { "type": "Point", "coordinates": [ 136.734428, 36.532454, 0.0 ] } },
{ "type": "Feature", "properties": { "id": null, "Name": "6月", "description": "緯度経度: 36.351131,136.504462<br>時間: 0.6805555556<br>市町名: 小松市<br>場所: 金平町<br>備考: 国道416号線を東から西へ横断<br>頭数: 1頭<br>番号: 111<br>出没日: 2025.6.19", "timestamp": null, "begin": null, "end": null, "altitudeMode": null, "tessellate": -1, "extrude": 0, "visibility": -1, "drawOrder": null, "icon": null, "____________": "36.351131,136.504462", "______": "111.0", "_________": "2025.6.19" }, "geometry": { "type": "Point", "coordinates": [ 136.504462, 36.351131, 0.0 ] } },
{ "type": "Feature", "properties": { "id": null, "Name": "6月", "description": "緯度経度: 36.16998, 136.62708<br>時間: 0.3611111111<br>市町名: 白山市<br>場所: 白峰<br>備考: 白峰地内（白峰イ－１３６－１付近）でクマの目撃<br>頭数: 1頭<br>番号: 112<br>出没日: 2025.6.20", "timestamp": null, "begin": null, "end": null, "altitudeMode": null, "tessellate": -1, "extrude": 0, "visibility": -1, "drawOrder": null, "icon": null, "____________": "36.16998, 136.62708", "______": "112.0", "_________": "2025.6.20" }, "geometry": { "type": "Point", "coordinates": [ 136.62708, 36.16998, 0.0 ] } },
{ "type": "Feature", "properties": { "id": null, "Name": "6月", "description": "緯度経度: 36.2821, 136.64803<br>時間: 0.6666666667<br>市町名: 白山市<br>場所: 女原<br>備考: 女原地内（交差点信号付近）でクマの目撃<br>頭数: 1頭<br>番号: 113<br>出没日: 2025.6.20", "timestamp": null, "begin": null, "end": null, "altitudeMode": null, "tessellate": -1, "extrude": 0, "visibility": -1, "drawOrder": null, "icon": null, "____________": "36.2821, 136.64803", "______": "113.0", "_________": "2025.6.20" }, "geometry": { "type": "Point", "coordinates": [ 136.64803, 36.2821, 0.0 ] } },
{ "type": "Feature", "properties": { "id": null, "Name": "6月", "description": "緯度経度: 36.30560970890658, 136.33820120702185<br>時間: 12時00分頃<br>市町名: 加賀市<br>場所: 上河崎町地内<br>備考: 南郷小学校前信号付近で子グマ１頭を目撃<br>頭数: 1頭<br>番号: 114<br>出没日: 2025.6.20", "timestamp": null, "begin": null, "end": null, "altitudeMode": null, "tessellate": -1, "extrude": 0, "visibility": -1, "drawOrder": null, "icon": null, "____________": "36.30560970890658, 136.33820120702185", "______": "114.0", "_________": "2025.6.20" }, "geometry": { "type": "Point", "coordinates": [ 136.338201207021996, 36.305609708906601, 0.0 ] } },
{ "type": "Feature", "properties": { "id": null, "Name": "6月", "description": "緯度経度: 36.30714436773979, 136.33662943256232<br>時間: 13時08分頃<br>市町名: 加賀市<br>場所: 上河崎町地内<br>備考: 上河崎橋詰交差点付近でクマ１頭を目撃<br>頭数: 1頭<br>番号: 115<br>出没日: 2025.6.20", "timestamp": null, "begin": null, "end": null, "altitudeMode": null, "tessellate": -1, "extrude": 0, "visibility": -1, "drawOrder": null, "icon": null, "____________": "36.30714436773979, 136.33662943256232", "______": "115.0", "_________": "2025.6.20" }, "geometry": { "type": "Point", "coordinates": [ 136.336629432562006, 36.307144367739802, 0.0 ] } },
{ "type": "Feature", "properties": { "id": null, "Name": "6月", "description": "緯度経度: 36.428982,136.546666<br>時間: 0.3125<br>市町名: 能美市<br>場所: 和光台4丁目<br>備考: 能美市和光台4丁目地内で、いしかわ動物園裏手の山へ向かう体長1mほどのクマ1頭の目撃情報<br>頭数: 1頭<br>番号: 116<br>出没日: 2025.6.20", "timestamp": null, "begin": null, "end": null, "altitudeMode": null, "tessellate": -1, "extrude": 0, "visibility": -1, "drawOrder": null, "icon": null, "____________": "36.428982,136.546666", "______": "116.0", "_________": "2025.6.20" }, "geometry": { "type": "Point", "coordinates": [ 136.546666, 36.428982, 0.0 ] } },
{ "type": "Feature", "properties": { "id": null, "Name": "6月", "description": "緯度経度: 36.4359620,136.5281974<br>時間: 0.3506944444<br>市町名: 能美市<br>場所: 松が岡4丁目<br>備考: 能美市松が岡のよしだ小児科付近で、東側に向かう体長1mほどのクマ1頭の目撃情報<br>頭数: 1頭<br>番号: 117<br>出没日: 2025.6.20", "timestamp": null, "begin": null, "end": null, "altitudeMode": null, "tessellate": -1, "extrude": 0, "visibility": -1, "drawOrder": null, "icon": null, "____________": "36.4359620,136.5281974", "______": "117.0", "_________": "2025.6.20" }, "geometry": { "type": "Point", "coordinates": [ 136.52819740000001, 36.435962, 0.0 ] } },
{ "type": "Feature", "properties": { "id": null, "Name": "6月", "description": "緯度経度: 36.4313889,136.5245833<br>時間: 0.4479166667<br>市町名: 能美市<br>場所: 泉台町<br>備考: 泉台町からクアハウスN9へ向かう体長1mほどのクマ1頭の目撃情報<br>頭数: 1頭<br>番号: 118<br>出没日: 2025.6.20", "timestamp": null, "begin": null, "end": null, "altitudeMode": null, "tessellate": -1, "extrude": 0, "visibility": -1, "drawOrder": null, "icon": null, "____________": "36.4313889,136.5245833", "______": "118.0", "_________": "2025.6.20" }, "geometry": { "type": "Point", "coordinates": [ 136.524583299999989, 36.4313889, 0.0 ] } },
{ "type": "Feature", "properties": { "id": null, "Name": "6月", "description": "緯度経度: 36.4368611,136.5309722<br>時間: 0.75<br>市町名: 能美市<br>場所: 松が岡4丁目<br>備考: 能美市松が岡4丁目の金沢大学共同研修センター付近の山林で、体長1mほどのクマ1頭の目撃情報<br>頭数: 1頭<br>番号: 119<br>出没日: 2025.6.20", "timestamp": null, "begin": null, "end": null, "altitudeMode": null, "tessellate": -1, "extrude": 0, "visibility": -1, "drawOrder": null, "icon": null, "____________": "36.4368611,136.5309722", "______": "119.0", "_________": "2025.6.20" }, "geometry": { "type": "Point", "coordinates": [ 136.5309722, 36.4368611, 0.0 ] } },
{ "type": "Feature", "properties": { "id": null, "Name": "6月", "description": "緯度経度: 36.434419,136.527578<br>時間: 0.2916666667<br>市町名: 能美市<br>場所: 湯谷町<br>備考: 能美市湯谷町の湯谷墓苑から北側の山へ向かう子クマ1頭の目撃情報<br>頭数: 1頭<br>番号: 120<br>出没日: 2025.6.21", "timestamp": null, "begin": null, "end": null, "altitudeMode": null, "tessellate": -1, "extrude": 0, "visibility": -1, "drawOrder": null, "icon": null, "____________": "36.434419,136.527578", "______": "120.0", "_________": "2025.6.21" }, "geometry": { "type": "Point", "coordinates": [ 136.527578, 36.434419, 0.0 ] } },
{ "type": "Feature", "properties": { "id": null, "Name": "6月", "description": "緯度経度: 36.427940,136.529915<br>時間: 0.6875<br>市町名: 能美市<br>場所: 和気町<br>備考: 能美市和気町地内で、北側の山の中へ向かう子グマ1頭の目撃情報<br>頭数: 1頭<br>番号: 121<br>出没日: 2025.6.21", "timestamp": null, "begin": null, "end": null, "altitudeMode": null, "tessellate": -1, "extrude": 0, "visibility": -1, "drawOrder": null, "icon": null, "____________": "36.427940,136.529915", "______": "121.0", "_________": "2025.6.21" }, "geometry": { "type": "Point", "coordinates": [ 136.529915, 36.42794, 0.0 ] } },
{ "type": "Feature", "properties": { "id": null, "Name": "6月", "description": "緯度経度: 36.433278,136.520361<br>時間: 0.6458333333<br>市町名: 能美市<br>場所: 泉台町<br>備考: 能美市泉台町地内で、東側へ向かう子グマ1頭の目撃情報<br>頭数: 1頭<br>番号: 122<br>出没日: 2025.6.23", "timestamp": null, "begin": null, "end": null, "altitudeMode": null, "tessellate": -1, "extrude": 0, "visibility": -1, "drawOrder": null, "icon": null, "____________": "36.433278,136.520361", "______": "122.0", "_________": "2025.6.23" }, "geometry": { "type": "Point", "coordinates": [ 136.520361, 36.433278, 0.0 ] } },
{ "type": "Feature", "properties": { "id": null, "Name": "6月", "description": "緯度経度: 36.47180555, 136.61747222<br>時間: 0.8333333333<br>市町名: 白山市<br>場所: 小柳町<br>備考: 小柳町地内（小柳町へ-308-1付近）でクマの目撃<br>頭数: 1頭<br>番号: 123<br>出没日: 2025.6.23", "timestamp": null, "begin": null, "end": null, "altitudeMode": null, "tessellate": -1, "extrude": 0, "visibility": -1, "drawOrder": null, "icon": null, "____________": "36.47180555, 136.61747222", "______": "123.0", "_________": "2025.6.23" }, "geometry": { "type": "Point", "coordinates": [ 136.61747222, 36.47180555, 0.0 ] } },
{ "type": "Feature", "properties": { "id": null, "Name": "6月", "description": "緯度経度: 36.27908333, 136.64849999<br>時間: 0.3125<br>市町名: 白山市<br>場所: 女原地内<br>備考: 女原地内（女原へ-6-3付近）でクマの目撃<br>頭数: 1頭<br>番号: 124<br>出没日: 2025.6.24", "timestamp": null, "begin": null, "end": null, "altitudeMode": null, "tessellate": -1, "extrude": 0, "visibility": -1, "drawOrder": null, "icon": null, "____________": "36.27908333, 136.64849999", "______": "124.0", "_________": "2025.6.24" }, "geometry": { "type": "Point", "coordinates": [ 136.64849999, 36.27908333, 0.0 ] } },
{ "type": "Feature", "properties": { "id": null, "Name": "6月", "description": "緯度経度: 36.17986111, 136.62591666<br>時間: 0.5625<br>市町名: 白山市<br>場所: 白峰地内<br>備考: 白峰地内で子グマの目撃<br>頭数: 1頭<br>番号: 125<br>出没日: 2025.6.24", "timestamp": null, "begin": null, "end": null, "altitudeMode": null, "tessellate": -1, "extrude": 0, "visibility": -1, "drawOrder": null, "icon": null, "____________": "36.17986111, 136.62591666", "______": "125.0", "_________": "2025.6.24" }, "geometry": { "type": "Point", "coordinates": [ 136.62591666, 36.17986111, 0.0 ] } },
{ "type": "Feature", "properties": { "id": null, "Name": "6月", "description": "緯度経度: 36.5338351,136.7193405<br>時間: 0.8055555556<br>市町名: 金沢市<br>場所: 俵町<br>備考: 車で移動中に目撃<br>頭数: 1頭<br>番号: 126<br>出没日: 2025.6.24", "timestamp": null, "begin": null, "end": null, "altitudeMode": null, "tessellate": -1, "extrude": 0, "visibility": -1, "drawOrder": null, "icon": null, "____________": "36.5338351,136.7193405", "______": "126.0", "_________": "2025.6.24" }, "geometry": { "type": "Point", "coordinates": [ 136.719340499999987, 36.5338351, 0.0 ] } },
{ "type": "Feature", "properties": { "id": null, "Name": "6月", "description": "緯度経度: 36.340124,136.517747<br>時間: 19時30分<br>市町名: 小松市<br>場所: 塩原町<br>備考: 市道を横断し山の中へ移動<br>頭数: 1頭<br>番号: 127<br>出没日: 2025.6.25", "timestamp": null, "begin": null, "end": null, "altitudeMode": null, "tessellate": -1, "extrude": 0, "visibility": -1, "drawOrder": null, "icon": null, "____________": "36.340124,136.517747", "______": "127.0", "_________": "2025.6.25" }, "geometry": { "type": "Point", "coordinates": [ 136.517747, 36.340124, 0.0 ] } },
{ "type": "Feature", "properties": { "id": null, "Name": "6月", "description": "緯度経度: 36.5074912,136.7221123<br>時間: 0.6180555556<br>市町名: 金沢市<br>場所: 朝加屋町<br>備考: 運転中クマを目撃,現地調査で熊の痕跡(足跡)有<br>頭数: 1頭<br>番号: 128<br>出没日: 2025.6.25", "timestamp": null, "begin": null, "end": null, "altitudeMode": null, "tessellate": -1, "extrude": 0, "visibility": -1, "drawOrder": null, "icon": null, "____________": "36.5074912,136.7221123", "______": "128.0", "_________": "2025.6.25" }, "geometry": { "type": "Point", "coordinates": [ 136.7221123, 36.5074912, 0.0 ] } },
{ "type": "Feature", "properties": { "id": null, "Name": "6月", "description": "緯度経度: 36.522924, 136.666965<br>時間: 0.2430555556<br>市町名: 金沢市<br>場所: 三小牛町<br>備考: 自動車で通行中、目撃<br>頭数: 1頭<br>番号: 129<br>出没日: 2025.6.26", "timestamp": null, "begin": null, "end": null, "altitudeMode": null, "tessellate": -1, "extrude": 0, "visibility": -1, "drawOrder": null, "icon": null, "____________": "36.522924, 136.666965", "______": "129.0", "_________": "2025.6.26" }, "geometry": { "type": "Point", "coordinates": [ 136.666965, 36.522924, 0.0 ] } },
{ "type": "Feature", "properties": { "id": null, "Name": "6月", "description": "緯度経度: 36.31378, 136.64771<br>時間: 0.2708333333<br>市町名: 白山市<br>場所: 市原、木滑間<br>備考: 市原、木滑間の待機所付近でクマの目撃<br>頭数: 1頭<br>番号: 130<br>出没日: 2025.6.26", "timestamp": null, "begin": null, "end": null, "altitudeMode": null, "tessellate": -1, "extrude": 0, "visibility": -1, "drawOrder": null, "icon": null, "____________": "36.31378, 136.64771", "______": "130.0", "_________": "2025.6.26" }, "geometry": { "type": "Point", "coordinates": [ 136.64771, 36.31378, 0.0 ] } },
{ "type": "Feature", "properties": { "id": null, "Name": "6月", "description": "緯度経度: 36.289873156747824, 136.30327703603544<br>時間: 18時20分頃<br>市町名: 加賀市<br>場所: 熊坂町地内<br>備考: 熊坂町地内で子グマ1頭を目撃<br>頭数: 1頭<br>番号: 131<br>出没日: 2025.6.26", "timestamp": null, "begin": null, "end": null, "altitudeMode": null, "tessellate": -1, "extrude": 0, "visibility": -1, "drawOrder": null, "icon": null, "____________": "36.289873156747824, 136.30327703603544", "______": "131.0", "_________": "2025.6.26" }, "geometry": { "type": "Point", "coordinates": [ 136.303277036035013, 36.289873156747802, 0.0 ] } },
{ "type": "Feature", "properties": { "id": null, "Name": "6月", "description": "緯度経度: 36.30793, 136.64229<br>時間: 0.375<br>市町名: 白山市<br>場所: 木滑<br>備考: 木滑地内（対山橋付近）でクマの目撃<br>頭数: 1頭<br>番号: 132<br>出没日: 2025.6.27", "timestamp": null, "begin": null, "end": null, "altitudeMode": null, "tessellate": -1, "extrude": 0, "visibility": -1, "drawOrder": null, "icon": null, "____________": "36.30793, 136.64229", "______": "132.0", "_________": "2025.6.27" }, "geometry": { "type": "Point", "coordinates": [ 136.64229, 36.30793, 0.0 ] } },
{ "type": "Feature", "properties": { "id": null, "Name": "6月", "description": "緯度経度: 36.254551903106076, 136.37553121796392<br>時間: 13時20分頃<br>市町名: 加賀市<br>場所: 山中温泉東町一丁目地内<br>備考: 山中温泉東町一丁目地内でクマ1頭を目撃<br>頭数: 1頭<br>番号: 133<br>出没日: 2025.6.27", "timestamp": null, "begin": null, "end": null, "altitudeMode": null, "tessellate": -1, "extrude": 0, "visibility": -1, "drawOrder": null, "icon": null, "____________": "36.254551903106076, 136.37553121796392", "______": "133.0", "_________": "2025.6.27" }, "geometry": { "type": "Point", "coordinates": [ 136.37553121796401, 36.254551903106098, 0.0 ] } },
{ "type": "Feature", "properties": { "id": null, "Name": "6月", "description": "緯度経度: 36.428363,136.528311<br>時間: 0.6319444444<br>市町名: 小松市<br>場所: 八里台<br>備考: 八里台方向に道路を横断<br>頭数: 1頭<br>番号: 134<br>出没日: 2025.6.27", "timestamp": null, "begin": null, "end": null, "altitudeMode": null, "tessellate": -1, "extrude": 0, "visibility": -1, "drawOrder": null, "icon": null, "____________": "36.428363,136.528311", "______": "134.0", "_________": "2025.6.27" }, "geometry": { "type": "Point", "coordinates": [ 136.528311, 36.428363, 0.0 ] } },
{ "type": "Feature", "properties": { "id": null, "Name": "6月", "description": "緯度経度: 36.432079,136.531081<br>時間: 8時30分頃<br>市町名: 能美市<br>場所: 和気町垰山墓苑<br>備考: 和気町地内の峠山墓園付近にて、東に向かう子グマ１頭の目撃情報<br>頭数: 1頭<br>番号: 135<br>出没日: 2025.6.27", "timestamp": null, "begin": null, "end": null, "altitudeMode": null, "tessellate": -1, "extrude": 0, "visibility": -1, "drawOrder": null, "icon": null, "____________": "36.432079,136.531081", "______": "135.0", "_________": "2025.6.27" }, "geometry": { "type": "Point", "coordinates": [ 136.531081, 36.432079, 0.0 ] } },
{ "type": "Feature", "properties": { "id": null, "Name": "6月", "description": "緯度経度: 36.430556,136.525411<br>時間: 15時10分頃<br>市町名: 能美市<br>場所: 泉台町泉台地内県道<br>備考: 泉台町地内の県道で、小松市八里台方面に向かう子グマ１頭の目撃情報<br>頭数: 1頭<br>番号: 136<br>出没日: 2025.6.27", "timestamp": null, "begin": null, "end": null, "altitudeMode": null, "tessellate": -1, "extrude": 0, "visibility": -1, "drawOrder": null, "icon": null, "____________": "36.430556,136.525411", "______": "136.0", "_________": "2025.6.27" }, "geometry": { "type": "Point", "coordinates": [ 136.525411, 36.430556, 0.0 ] } },
{ "type": "Feature", "properties": { "id": null, "Name": "6月", "description": "緯度経度: 36.422639,136.555096<br>時間: 17時13分頃<br>市町名: 能美市<br>場所: 舘町下舘町県道<br>備考: 下舘町県道沿いにて、虚空蔵山方面に向かうクマ１頭の目撃情報<br>頭数: 1頭<br>番号: 137<br>出没日: 2025.6.27", "timestamp": null, "begin": null, "end": null, "altitudeMode": null, "tessellate": -1, "extrude": 0, "visibility": -1, "drawOrder": null, "icon": null, "____________": "36.422639,136.555096", "______": "137.0", "_________": "2025.6.27" }, "geometry": { "type": "Point", "coordinates": [ 136.555096, 36.422639, 0.0 ] } },
{ "type": "Feature", "properties": { "id": null, "Name": "6月", "description": "緯度経度: 36.446852,136.525002<br>時間: 20時35分頃<br>市町名: 能美市<br>場所: 徳久町健康ロード<br>備考: 徳久町地内（健康ロード近辺）で、西側へ向かう体長50㎝ほどのクマらしき動物の目撃情報<br>頭数: 1頭<br>番号: 138<br>出没日: 2025.6.27", "timestamp": null, "begin": null, "end": null, "altitudeMode": null, "tessellate": -1, "extrude": 0, "visibility": -1, "drawOrder": null, "icon": null, "____________": "36.446852,136.525002", "______": "138.0", "_________": "2025.6.27" }, "geometry": { "type": "Point", "coordinates": [ 136.525002, 36.446852, 0.0 ] } },
{ "type": "Feature", "properties": { "id": null, "Name": "6月", "description": "緯度経度: 36.40357,136.529962<br>時間: 8時45分頃<br>市町名: 能美市<br>場所: 松が岡1丁目<br>備考: 松が岡１丁目地内にて、北の方面に向かうクマ１頭の目撃情報<br>頭数: 1頭<br>番号: 139<br>出没日: 2025.6.28", "timestamp": null, "begin": null, "end": null, "altitudeMode": null, "tessellate": -1, "extrude": 0, "visibility": -1, "drawOrder": null, "icon": null, "____________": "36.40357,136.529962", "______": "139.0", "_________": "2025.6.28" }, "geometry": { "type": "Point", "coordinates": [ 136.529962, 36.40357, 0.0 ] } },
{ "type": "Feature", "properties": { "id": null, "Name": "6月", "description": "緯度経度: 36.4471276,136.5941203<br>時間: 20時20分頃<br>市町名: 能美市<br>場所: 旭台<br>備考: 旭台1丁目〜2丁目石川サイエンスパーク方面へ向かう体長約１ｍのクマ1頭の目撃情報<br>頭数: 1頭<br>番号: 140<br>出没日: 2025.6.28", "timestamp": null, "begin": null, "end": null, "altitudeMode": null, "tessellate": -1, "extrude": 0, "visibility": -1, "drawOrder": null, "icon": null, "____________": "36.4471276,136.5941203", "______": "140.0", "_________": "2025.6.28" }, "geometry": { "type": "Point", "coordinates": [ 136.594120299999986, 36.4471276, 0.0 ] } },
{ "type": "Feature", "properties": { "id": null, "Name": "6月", "description": "緯度経度: 36.38317, 136.60876<br>時間: 0.5833333333<br>市町名: 白山市<br>場所: 下野町<br>備考: 下野町地内（白山ろくテーマパーク河合・下野園地付近）でクマの目撃<br>頭数: 1頭<br>番号: 141<br>出没日: 2025.6.29", "timestamp": null, "begin": null, "end": null, "altitudeMode": null, "tessellate": -1, "extrude": 0, "visibility": -1, "drawOrder": null, "icon": null, "____________": "36.38317, 136.60876", "______": "141.0", "_________": "2025.6.29" }, "geometry": { "type": "Point", "coordinates": [ 136.60876, 36.38317, 0.0 ] } },
{ "type": "Feature", "properties": { "id": null, "Name": "6月", "description": "緯度経度: 36.289571421093775, 136.31813965987848<br>時間: 18時30分頃<br>市町名: 加賀市<br>場所: 美谷が丘地内<br>備考: 美谷が丘地内で子グマ1頭を目撃<br>頭数: 1頭<br>番号: 142<br>出没日: 2025.6.29", "timestamp": null, "begin": null, "end": null, "altitudeMode": null, "tessellate": -1, "extrude": 0, "visibility": -1, "drawOrder": null, "icon": null, "____________": "36.289571421093775, 136.31813965987848", "______": "142.0", "_________": "2025.6.29" }, "geometry": { "type": "Point", "coordinates": [ 136.318139659878, 36.289571421093797, 0.0 ] } },
{ "type": "Feature", "properties": { "id": null, "Name": "6月", "description": "緯度経度: 36.289571421093775, 136.31813965987848<br>時間: 18時30分頃<br>市町名: 加賀市<br>場所: 美谷が丘地内<br>備考: 美谷が丘地内で子グマ1頭を目撃<br>頭数: 1頭<br>番号: 143<br>出没日: 2025.6.29", "timestamp": null, "begin": null, "end": null, "altitudeMode": null, "tessellate": -1, "extrude": 0, "visibility": -1, "drawOrder": null, "icon": null, "____________": "36.289571421093775, 136.31813965987848", "______": "143.0", "_________": "2025.6.29" }, "geometry": { "type": "Point", "coordinates": [ 136.318139659878, 36.289571421093797, 0.0 ] } },
{ "type": "Feature", "properties": { "id": null, "Name": "6月", "description": "緯度経度: 36.4418823,136.5690427<br>時間: 6時30分頃<br>市町名: 能美市<br>場所: 岩内町加賀東芝エレクトロニクス付近<br>備考: 岩内町の加賀東芝エレクトロニクス付近で、白山カントリー倶楽部方面へ向かう子グマ1頭の目撃情報<br>頭数: 1頭<br>番号: 144<br>出没日: 2025.6.30", "timestamp": null, "begin": null, "end": null, "altitudeMode": null, "tessellate": -1, "extrude": 0, "visibility": -1, "drawOrder": null, "icon": null, "____________": "36.4418823,136.5690427", "______": "144.0", "_________": "2025.6.30" }, "geometry": { "type": "Point", "coordinates": [ 136.569042700000011, 36.4418823, 0.0 ] } },
{ "type": "Feature", "properties": { "id": null, "Name": "6月", "description": "緯度経度: 36.520644,136.7169211<br>時間: 0.5034722222<br>市町名: 金沢市<br>場所: 金川町<br>備考: 自動車で通行中、目撃<br>頭数: 1頭<br>番号: 145<br>出没日: 2025.6.30", "timestamp": null, "begin": null, "end": null, "altitudeMode": null, "tessellate": -1, "extrude": 0, "visibility": -1, "drawOrder": null, "icon": null, "____________": "36.520644,136.7169211", "______": "145.0", "_________": "2025.6.30" }, "geometry": { "type": "Point", "coordinates": [ 136.7169211, 36.520644, 0.0 ] } },
{ "type": "Feature", "properties": { "id": null, "Name": "7月", "description": "緯度経度: 36.286537277068426, 136.33820843947174<br>時間: 18時10分頃<br>市町名: 加賀市<br>場所: 日谷町地内<br>備考: 加賀カントリークラブゴルフ場付近で子グマ1頭を目撃<br>頭数: 1頭<br>番号: 146<br>出没日: 2025.7.1", "timestamp": null, "begin": null, "end": null, "altitudeMode": null, "tessellate": -1, "extrude": 0, "visibility": -1, "drawOrder": null, "icon": null, "____________": "36.286537277068426, 136.33820843947174", "______": "146.0", "_________": "2025.7.1" }, "geometry": { "type": "Point", "coordinates": [ 136.338208439471998, 36.286537277068398, 0.0 ] } },
{ "type": "Feature", "properties": { "id": null, "Name": "7月", "description": "緯度経度: 36.448776,136.548273<br>時間: 23時10分頃<br>市町名: 能美市<br>場所: 辰口町辰口中学校前<br>備考: 辰口町の辰口中学校付近で、体長1mほどのクマ1頭の目撃情報<br>頭数: 1頭<br>番号: 147<br>出没日: 2025.7.1", "timestamp": null, "begin": null, "end": null, "altitudeMode": null, "tessellate": -1, "extrude": 0, "visibility": -1, "drawOrder": null, "icon": null, "____________": "36.448776,136.548273", "______": "147.0", "_________": "2025.7.1" }, "geometry": { "type": "Point", "coordinates": [ 136.548273, 36.448776, 0.0 ] } },
{ "type": "Feature", "properties": { "id": null, "Name": "7月", "description": "緯度経度: 36.361349,136.491393<br>時間: 5時44分<br>市町名: 小松市<br>場所: 江指町<br>備考: 市道を北から南へ移動<br>頭数: 1頭<br>番号: 148<br>出没日: 2025.7.2", "timestamp": null, "begin": null, "end": null, "altitudeMode": null, "tessellate": -1, "extrude": 0, "visibility": -1, "drawOrder": null, "icon": null, "____________": "36.361349,136.491393", "______": "148.0", "_________": "2025.7.2" }, "geometry": { "type": "Point", "coordinates": [ 136.491393, 36.361349, 0.0 ] } },
{ "type": "Feature", "properties": { "id": null, "Name": "7月", "description": "緯度経度: 36.34956, 136.6699<br>時間: 0.7395833333<br>市町名: 白山市<br>場所: 河内町下折<br>備考: 河内町下折地内（スノーシェッド付近）でクマの目撃<br>頭数: 1頭<br>番号: 149<br>出没日: 2025.7.2", "timestamp": null, "begin": null, "end": null, "altitudeMode": null, "tessellate": -1, "extrude": 0, "visibility": -1, "drawOrder": null, "icon": null, "____________": "36.34956, 136.6699", "______": "149.0", "_________": "2025.7.2" }, "geometry": { "type": "Point", "coordinates": [ 136.6699, 36.34956, 0.0 ] } },
{ "type": "Feature", "properties": { "id": null, "Name": "7月", "description": "緯度経度: 36.586294, 136.745731<br>時間: 0.7708333333<br>市町名: 金沢市<br>場所: 車町<br>備考: 自動車で通行中、目撃<br>頭数: 1頭<br>番号: 150<br>出没日: 2025.7.2", "timestamp": null, "begin": null, "end": null, "altitudeMode": null, "tessellate": -1, "extrude": 0, "visibility": -1, "drawOrder": null, "icon": null, "____________": "36.586294, 136.745731", "______": "150.0", "_________": "2025.7.2" }, "geometry": { "type": "Point", "coordinates": [ 136.745731, 36.586294, 0.0 ] } },
{ "type": "Feature", "properties": { "id": null, "Name": "7月", "description": "緯度経度: 36.5372971,136.7043866<br>時間: 0.4166666667<br>市町名: 金沢市<br>場所: 田上本町<br>備考: 自動車で通行中、目撃<br>頭数: 1頭<br>番号: 151<br>出没日: 2025.7.3", "timestamp": null, "begin": null, "end": null, "altitudeMode": null, "tessellate": -1, "extrude": 0, "visibility": -1, "drawOrder": null, "icon": null, "____________": "36.5372971,136.7043866", "______": "151.0", "_________": "2025.7.3" }, "geometry": { "type": "Point", "coordinates": [ 136.7043866, 36.5372971, 0.0 ] } },
{ "type": "Feature", "properties": { "id": null, "Name": "7月", "description": "緯度経度: 36.424328,136.52854<br>時間: 10時15分<br>市町名: 小松市<br>場所: 上八里町<br>備考: 南から北へ主要地方道寺畠・小松線を横断<br>頭数: 1頭<br>番号: 152<br>出没日: 2025.7.3", "timestamp": null, "begin": null, "end": null, "altitudeMode": null, "tessellate": -1, "extrude": 0, "visibility": -1, "drawOrder": null, "icon": null, "____________": "36.424328,136.52854", "______": "152.0", "_________": "2025.7.3" }, "geometry": { "type": "Point", "coordinates": [ 136.52854, 36.424328, 0.0 ] } },
{ "type": "Feature", "properties": { "id": null, "Name": "7月", "description": "緯度経度: 36.83527777, 136.82136111<br>時間: 19時20分頃<br>市町名: 宝達志水町<br>場所: 新宮区<br>備考: 新宮ダム石碑から200mほど原地区より<br>頭数: 1頭<br>番号: 153<br>出没日: 2025.7.3", "timestamp": null, "begin": null, "end": null, "altitudeMode": null, "tessellate": -1, "extrude": 0, "visibility": -1, "drawOrder": null, "icon": null, "____________": "36.83527777, 136.82136111", "______": "153.0", "_________": "2025.7.3" }, "geometry": { "type": "Point", "coordinates": [ 136.82136111, 36.83527777, 0.0 ] } },
{ "type": "Feature", "properties": { "id": null, "Name": "7月", "description": "緯度経度: 36.4393175,136.5416751<br>時間: 18時45分頃<br>市町名: 能美市<br>場所: 緑が丘6丁目地内<br>備考: 緑が丘6丁目地内で、南側へ向かう体長1mほどのクマ1頭の目撃情報<br>頭数: 1頭<br>番号: 154<br>出没日: 2025.7.4", "timestamp": null, "begin": null, "end": null, "altitudeMode": null, "tessellate": -1, "extrude": 0, "visibility": -1, "drawOrder": null, "icon": null, "____________": "36.4393175,136.5416751", "______": "154.0", "_________": "2025.7.4" }, "geometry": { "type": "Point", "coordinates": [ 136.5416751, 36.4393175, 0.0 ] } },
{ "type": "Feature", "properties": { "id": null, "Name": "7月", "description": "緯度経度: 36.5150082,136.7073763<br>時間: 0.9895833333<br>市町名: 金沢市<br>場所: 袋板屋町<br>備考: 周辺住民が目撃<br>頭数: 1頭<br>番号: 155<br>出没日: 2025.7.5", "timestamp": null, "begin": null, "end": null, "altitudeMode": null, "tessellate": -1, "extrude": 0, "visibility": -1, "drawOrder": null, "icon": null, "____________": "36.5150082,136.7073763", "______": "155.0", "_________": "2025.7.5" }, "geometry": { "type": "Point", "coordinates": [ 136.7073763, 36.5150082, 0.0 ] } },
{ "type": "Feature", "properties": { "id": null, "Name": "7月", "description": "緯度経度: 36.423638,136.516037<br>時間: 0.5333333333<br>市町名: 小松市<br>場所: 河田町<br>備考: 河田上橋付近を南へ移動<br>頭数: 1頭<br>番号: 156<br>出没日: 2025.7.6", "timestamp": null, "begin": null, "end": null, "altitudeMode": null, "tessellate": -1, "extrude": 0, "visibility": -1, "drawOrder": null, "icon": null, "____________": "36.423638,136.516037", "______": "156.0", "_________": "2025.7.6" }, "geometry": { "type": "Point", "coordinates": [ 136.516037, 36.423638, 0.0 ] } },
{ "type": "Feature", "properties": { "id": null, "Name": "7月", "description": "緯度経度: 36.41977,136.521082<br>時間: 0.5381944444<br>市町名: 小松市<br>場所: 上八里町<br>備考: 下八里町公民館付近を北から南へ移動<br>頭数: 1頭<br>番号: 157<br>出没日: 2025.7.6", "timestamp": null, "begin": null, "end": null, "altitudeMode": null, "tessellate": -1, "extrude": 0, "visibility": -1, "drawOrder": null, "icon": null, "____________": "36.41977,136.521082", "______": "157.0", "_________": "2025.7.6" }, "geometry": { "type": "Point", "coordinates": [ 136.521082, 36.41977, 0.0 ] } },
{ "type": "Feature", "properties": { "id": null, "Name": "7月", "description": "緯度経度: 36.28467507923308, 136.34550983993574<br>時間: 20時45分頃<br>市町名: 加賀市<br>場所: 荒木町地内<br>備考: 荒木町白山神社付近でクマ1頭を目撃<br>頭数: 1頭<br>番号: 158<br>出没日: 2025.7.6", "timestamp": null, "begin": null, "end": null, "altitudeMode": null, "tessellate": -1, "extrude": 0, "visibility": -1, "drawOrder": null, "icon": null, "____________": "36.28467507923308, 136.34550983993574", "______": "158.0", "_________": "2025.7.6" }, "geometry": { "type": "Point", "coordinates": [ 136.345509839936, 36.284675079233097, 0.0 ] } },
{ "type": "Feature", "properties": { "id": null, "Name": "7月", "description": "緯度経度: 36.41241, 136.63018<br>時間: 5時10分<br>市町名: 白山市<br>場所: 広瀬町<br>備考: 広瀬町地内（広瀬大橋～金名橋間の農道付近）でクマの目撃<br>頭数: 1頭<br>番号: 159<br>出没日: 2025.7.7", "timestamp": null, "begin": null, "end": null, "altitudeMode": null, "tessellate": -1, "extrude": 0, "visibility": -1, "drawOrder": null, "icon": null, "____________": "36.41241, 136.63018", "______": "159.0", "_________": "2025.7.7" }, "geometry": { "type": "Point", "coordinates": [ 136.63018, 36.41241, 0.0 ] } },
{ "type": "Feature", "properties": { "id": null, "Name": "7月", "description": "緯度経度: 36.28017, 136.64598<br>時間: 11時50分<br>市町名: 白山市<br>場所: 東二口<br>備考: 東二口地内（電源開発手取川第一発電所付近）でクマの目撃<br>頭数: 1頭<br>番号: 160<br>出没日: 2025.7.7", "timestamp": null, "begin": null, "end": null, "altitudeMode": null, "tessellate": -1, "extrude": 0, "visibility": -1, "drawOrder": null, "icon": null, "____________": "36.28017, 136.64598", "______": "160.0", "_________": "2025.7.7" }, "geometry": { "type": "Point", "coordinates": [ 136.64598, 36.28017, 0.0 ] } },
{ "type": "Feature", "properties": { "id": null, "Name": "7月", "description": "緯度経度: 36.25605091668325, 136.36112089484536<br>時間: 21時50分頃<br>市町名: 加賀市<br>場所: 山中温泉上原町一丁目地内<br>備考: 山中温泉上原町一丁目地内でクマ1頭を目撃<br>頭数: 1頭<br>番号: 161<br>出没日: 2025.7.7", "timestamp": null, "begin": null, "end": null, "altitudeMode": null, "tessellate": -1, "extrude": 0, "visibility": -1, "drawOrder": null, "icon": null, "____________": "36.25605091668325, 136.36112089484536", "______": "161.0", "_________": "2025.7.7" }, "geometry": { "type": "Point", "coordinates": [ 136.361120894844987, 36.2560509166833, 0.0 ] } },
{ "type": "Feature", "properties": { "id": null, "Name": "7月", "description": "緯度経度: 36.30137, 136.63959<br>時間: 7時40分<br>市町名: 白山市<br>場所: 木滑<br>備考: 木滑地内（北陸電力手取上流発電管理署付近）でクマの目撃<br>頭数: 1頭<br>番号: 162<br>出没日: 2025.7.8", "timestamp": null, "begin": null, "end": null, "altitudeMode": null, "tessellate": -1, "extrude": 0, "visibility": -1, "drawOrder": null, "icon": null, "____________": "36.30137, 136.63959", "______": "162.0", "_________": "2025.7.8" }, "geometry": { "type": "Point", "coordinates": [ 136.63959, 36.30137, 0.0 ] } },
{ "type": "Feature", "properties": { "id": null, "Name": "7月", "description": "緯度経度: 36.445243,136.537642<br>時間: 11時20分頃<br>市町名: 能美市<br>場所: 緑が丘5丁目地内<br>備考: 緑が丘5丁目地内で、茂みに入る体長1mほどのクマ1頭の目撃情報<br>頭数: 1頭<br>番号: 163<br>出没日: 2025.7.8", "timestamp": null, "begin": null, "end": null, "altitudeMode": null, "tessellate": -1, "extrude": 0, "visibility": -1, "drawOrder": null, "icon": null, "____________": "36.445243,136.537642", "______": "163.0", "_________": "2025.7.8" }, "geometry": { "type": "Point", "coordinates": [ 136.537642, 36.445243, 0.0 ] } },
{ "type": "Feature", "properties": { "id": null, "Name": "7月", "description": "緯度経度: 36.450219, 136.579253<br>時間: 7時30分頃<br>市町名: 能美市<br>場所: 長滝町地内<br>備考: 長滝町地内で、旭台方面へ向かう体長１mほどのクマ１頭の目撃情報<br>頭数: 1頭<br>番号: 164<br>出没日: 2025.7.9", "timestamp": null, "begin": null, "end": null, "altitudeMode": null, "tessellate": -1, "extrude": 0, "visibility": -1, "drawOrder": null, "icon": null, "____________": "36.450219, 136.579253", "______": "164.0", "_________": "2025.7.9" }, "geometry": { "type": "Point", "coordinates": [ 136.579253, 36.450219, 0.0 ] } },
{ "type": "Feature", "properties": { "id": null, "Name": "7月", "description": "緯度経度: 36.1767380, 136.6269975<br>時間: 9時20分<br>市町名: 白山市<br>場所: 白峰<br>備考: 旧白峰スキー場駐車場河川敷にて子グマの目撃<br>頭数: 1頭<br>番号: 165<br>出没日: 2025.7.9", "timestamp": null, "begin": null, "end": null, "altitudeMode": null, "tessellate": -1, "extrude": 0, "visibility": -1, "drawOrder": null, "icon": null, "____________": "36.1767380, 136.6269975", "______": "165.0", "_________": "2025.7.9" }, "geometry": { "type": "Point", "coordinates": [ 136.626997499999987, 36.176738, 0.0 ] } },
{ "type": "Feature", "properties": { "id": null, "Name": "7月", "description": "緯度経度: 36.640526, 136.721565<br>時間: 0.7083333333<br>市町名: 金沢市<br>場所: 利屋町<br>備考: 道路沿いやぶの中で歩行者が目撃<br>頭数: 1頭<br>番号: 166<br>出没日: 2025.7.9", "timestamp": null, "begin": null, "end": null, "altitudeMode": null, "tessellate": -1, "extrude": 0, "visibility": -1, "drawOrder": null, "icon": null, "____________": "36.640526, 136.721565", "______": "166.0", "_________": "2025.7.9" }, "geometry": { "type": "Point", "coordinates": [ 136.721565, 36.640526, 0.0 ] } },
{ "type": "Feature", "properties": { "id": null, "Name": "7月", "description": "緯度経度: 36.444173,136.536602<br>時間: 8時34分頃<br>市町名: 能美市<br>場所: 緑が丘5丁目地内<br>備考: 緑が丘５丁目地内にて、北の方面の茂みに入る子グマらしきものの目撃情報<br>頭数: 1頭<br>番号: 167<br>出没日: 2025.7.11", "timestamp": null, "begin": null, "end": null, "altitudeMode": null, "tessellate": -1, "extrude": 0, "visibility": -1, "drawOrder": null, "icon": null, "____________": "36.444173,136.536602", "______": "167.0", "_________": "2025.7.11" }, "geometry": { "type": "Point", "coordinates": [ 136.536602, 36.444173, 0.0 ] } },
{ "type": "Feature", "properties": { "id": null, "Name": "7月", "description": "緯度経度: 36.442553,136.533653<br>時間: 6時20分頃<br>市町名: 能美市<br>場所: 緑が丘11丁目<br>備考: 緑が丘11丁目地内にて、G-Hillsの敷地内の茂みに入る、子グマ1頭の目撃情報<br>頭数: 1頭<br>番号: 168<br>出没日: 2025.7.13", "timestamp": null, "begin": null, "end": null, "altitudeMode": null, "tessellate": -1, "extrude": 0, "visibility": -1, "drawOrder": null, "icon": null, "____________": "36.442553,136.533653", "______": "168.0", "_________": "2025.7.13" }, "geometry": { "type": "Point", "coordinates": [ 136.533653, 36.442553, 0.0 ] } },
{ "type": "Feature", "properties": { "id": null, "Name": "7月", "description": "緯度経度: 36.981368, 136.943736<br>時間: 9時00分頃<br>市町名: 中能登町<br>場所: 中能登町武部地内<br>備考: 中能登町武部地内林道武部・奥山線にてクマ1頭を目撃<br>頭数: 1頭<br>番号: 169<br>出没日: 2025.7.14", "timestamp": null, "begin": null, "end": null, "altitudeMode": null, "tessellate": -1, "extrude": 0, "visibility": -1, "drawOrder": null, "icon": null, "____________": "36.981368, 136.943736", "______": "169.0", "_________": "2025.7.14" }, "geometry": { "type": "Point", "coordinates": [ 136.943736, 36.981368, 0.0 ] } },
{ "type": "Feature", "properties": { "id": null, "Name": "7月", "description": "緯度経度: 36.286625564291256, 136.30948138564338<br>時間: 9時00分頃<br>市町名: 加賀市<br>場所: 細坪町地内<br>備考: 細坪大橋付近の山にクマ1頭がいるのを目撃<br>頭数: 1頭<br>番号: 170<br>出没日: 2025.7.16", "timestamp": null, "begin": null, "end": null, "altitudeMode": null, "tessellate": -1, "extrude": 0, "visibility": -1, "drawOrder": null, "icon": null, "____________": "36.286625564291256, 136.30948138564338", "______": "170.0", "_________": "2025.7.16" }, "geometry": { "type": "Point", "coordinates": [ 136.309481385643011, 36.286625564291299, 0.0 ] } },
{ "type": "Feature", "properties": { "id": null, "Name": "7月", "description": "緯度経度: 36.427407,136.527335<br>時間: 10時40分<br>市町名: 小松市<br>場所: 八里台<br>備考: 民家裏から汚水処理施設方向へ移動<br>頭数: 1頭<br>番号: 171<br>出没日: 2025.7.16", "timestamp": null, "begin": null, "end": null, "altitudeMode": null, "tessellate": -1, "extrude": 0, "visibility": -1, "drawOrder": null, "icon": null, "____________": "36.427407,136.527335", "______": "171.0", "_________": "2025.7.16" }, "geometry": { "type": "Point", "coordinates": [ 136.527335, 36.427407, 0.0 ] } },
{ "type": "Feature", "properties": { "id": null, "Name": "7月", "description": "緯度経度: 36.425614,136.523729<br>時間: 16時30分<br>市町名: 小松市<br>場所: 八里台<br>備考: 民家前を移動<br>頭数: 1頭<br>番号: 172<br>出没日: 2025.7.16", "timestamp": null, "begin": null, "end": null, "altitudeMode": null, "tessellate": -1, "extrude": 0, "visibility": -1, "drawOrder": null, "icon": null, "____________": "36.425614,136.523729", "______": "172.0", "_________": "2025.7.16" }, "geometry": { "type": "Point", "coordinates": [ 136.523729, 36.425614, 0.0 ] } },
{ "type": "Feature", "properties": { "id": null, "Name": "7月", "description": "緯度経度: 36.497648, 136.712270<br>時間: 0.75<br>市町名: 金沢市<br>場所: 相合谷町<br>備考: 自動車で通行中、目撃<br>頭数: 1頭<br>番号: 173<br>出没日: 2025.7.17", "timestamp": null, "begin": null, "end": null, "altitudeMode": null, "tessellate": -1, "extrude": 0, "visibility": -1, "drawOrder": null, "icon": null, "____________": "36.497648, 136.712270", "______": "173.0", "_________": "2025.7.17" }, "geometry": { "type": "Point", "coordinates": [ 136.71227, 36.497648, 0.0 ] } },
{ "type": "Feature", "properties": { "id": null, "Name": "7月", "description": "緯度経度: 36.363415,136.459017<br>時間: 7時8分<br>市町名: 小松市<br>場所: 三谷町<br>備考: 東園地園外東側を移動<br>頭数: 1頭<br>番号: 174<br>出没日: 2025.7.18", "timestamp": null, "begin": null, "end": null, "altitudeMode": null, "tessellate": -1, "extrude": 0, "visibility": -1, "drawOrder": null, "icon": null, "____________": "36.363415,136.459017", "______": "174.0", "_________": "2025.7.18" }, "geometry": { "type": "Point", "coordinates": [ 136.459017, 36.363415, 0.0 ] } },
{ "type": "Feature", "properties": { "id": null, "Name": "7月", "description": "緯度経度: 36.4978212,136.6719922<br>時間: 0.3125<br>市町名: 金沢市<br>場所: 別所町<br>備考: 自動車で通行中、目撃<br>頭数: 1頭<br>番号: 175<br>出没日: 2025.7.18", "timestamp": null, "begin": null, "end": null, "altitudeMode": null, "tessellate": -1, "extrude": 0, "visibility": -1, "drawOrder": null, "icon": null, "____________": "36.4978212,136.6719922", "______": "175.0", "_________": "2025.7.18" }, "geometry": { "type": "Point", "coordinates": [ 136.6719922, 36.4978212, 0.0 ] } },
{ "type": "Feature", "properties": { "id": null, "Name": "7月", "description": "緯度経度: 36.428886,136.527124<br>時間: 16時35分<br>市町名: 小松市<br>場所: 八里台<br>備考: 公園を北の方の竹やぶの中へ移動<br>頭数: 1頭<br>番号: 176<br>出没日: 2025.7.18", "timestamp": null, "begin": null, "end": null, "altitudeMode": null, "tessellate": -1, "extrude": 0, "visibility": -1, "drawOrder": null, "icon": null, "____________": "36.428886,136.527124", "______": "176.0", "_________": "2025.7.18" }, "geometry": { "type": "Point", "coordinates": [ 136.527124, 36.428886, 0.0 ] } },
{ "type": "Feature", "properties": { "id": null, "Name": "7月", "description": "緯度経度: 36.356114,136.450911<br>時間: 17時30分<br>市町名: 小松市<br>場所: 木場町<br>備考: 茂みから顔を出し、再び戻った<br>頭数: 1頭<br>番号: 177<br>出没日: 2025.7.18", "timestamp": null, "begin": null, "end": null, "altitudeMode": null, "tessellate": -1, "extrude": 0, "visibility": -1, "drawOrder": null, "icon": null, "____________": "36.356114,136.450911", "______": "177.0", "_________": "2025.7.18" }, "geometry": { "type": "Point", "coordinates": [ 136.450911, 36.356114, 0.0 ] } },
{ "type": "Feature", "properties": { "id": null, "Name": "7月", "description": "緯度経度: 36.57315301750077,136.6933779045732<br>時間: 0.7361111111<br>市町名: 金沢市<br>場所: 東長江町<br>備考: 自動車で通行中、目撃<br>頭数: 1頭<br>番号: 178<br>出没日: 2025.7.18", "timestamp": null, "begin": null, "end": null, "altitudeMode": null, "tessellate": -1, "extrude": 0, "visibility": -1, "drawOrder": null, "icon": null, "____________": "36.57315301750077,136.6933779045732", "______": "178.0", "_________": "2025.7.18" }, "geometry": { "type": "Point", "coordinates": [ 136.693377904572998, 36.5731530175008, 0.0 ] } },
{ "type": "Feature", "properties": { "id": null, "Name": "7月", "description": "緯度経度: 36.721018, 136.731643<br>時間: 20時00分頃<br>市町名: かほく市<br>場所: 気屋地内<br>備考: 一般県道223号種七窪線にて、南側の森林へ向かうクマ1頭を目撃<br>頭数: 1頭<br>番号: 179<br>出没日: 2025.7.18", "timestamp": null, "begin": null, "end": null, "altitudeMode": null, "tessellate": -1, "extrude": 0, "visibility": -1, "drawOrder": null, "icon": null, "____________": "36.721018, 136.731643", "______": "179.0", "_________": "2025.7.18" }, "geometry": { "type": "Point", "coordinates": [ 136.731643, 36.721018, 0.0 ] } },
{ "type": "Feature", "properties": { "id": null, "Name": "7月", "description": "緯度経度: 36.3625, 136.61311<br>時間: 0.2708333333<br>市町名: 白山市<br>場所: 釜清水町<br>備考: 釜清水町地内（弘法池付近）でクマの目撃<br>頭数: 1頭<br>番号: 180<br>出没日: 2025.7.19", "timestamp": null, "begin": null, "end": null, "altitudeMode": null, "tessellate": -1, "extrude": 0, "visibility": -1, "drawOrder": null, "icon": null, "____________": "36.3625, 136.61311", "______": "180.0", "_________": "2025.7.19" }, "geometry": { "type": "Point", "coordinates": [ 136.61311, 36.3625, 0.0 ] } },
{ "type": "Feature", "properties": { "id": null, "Name": "7月", "description": "緯度経度: 36.5261124,136.7420514<br>時間: 0.4479166667<br>市町名: 金沢市<br>場所: 小豆沢町<br>備考: 自動車で通行中、目撃<br>頭数: 1頭<br>番号: 181<br>出没日: 2025.7.19", "timestamp": null, "begin": null, "end": null, "altitudeMode": null, "tessellate": -1, "extrude": 0, "visibility": -1, "drawOrder": null, "icon": null, "____________": "36.5261124,136.7420514", "______": "181.0", "_________": "2025.7.19" }, "geometry": { "type": "Point", "coordinates": [ 136.7420514, 36.5261124, 0.0 ] } },
{ "type": "Feature", "properties": { "id": null, "Name": "7月", "description": "緯度経度: 36.25020622513568, 136.3772181079987<br>時間: 11時40分頃<br>市町名: 加賀市<br>場所: 山中温泉東町一丁目地内<br>備考: ホテルかよう亭付近でクマ1頭を目撃<br>頭数: 1頭<br>番号: 182<br>出没日: 2025.7.20", "timestamp": null, "begin": null, "end": null, "altitudeMode": null, "tessellate": -1, "extrude": 0, "visibility": -1, "drawOrder": null, "icon": null, "____________": "36.25020622513568, 136.3772181079987", "______": "182.0", "_________": "2025.7.20" }, "geometry": { "type": "Point", "coordinates": [ 136.377218107998999, 36.250206225135699, 0.0 ] } },
{ "type": "Feature", "properties": { "id": null, "Name": "7月", "description": "緯度経度: 36.5007656,136.6584422<br>時間: 9時50分頃<br>市町名: 金沢市<br>場所: 平栗<br>備考: 自動車で通行中、目撃<br>頭数: 1頭<br>番号: 183<br>出没日: 2025.7.23", "timestamp": null, "begin": null, "end": null, "altitudeMode": null, "tessellate": -1, "extrude": 0, "visibility": -1, "drawOrder": null, "icon": null, "____________": "36.5007656,136.6584422", "______": "183.0", "_________": "2025.7.23" }, "geometry": { "type": "Point", "coordinates": [ 136.6584422, 36.5007656, 0.0 ] } },
{ "type": "Feature", "properties": { "id": null, "Name": "7月", "description": "緯度経度: 36.430234,136.526610<br>時間: 20時50分頃<br>市町名: 能美市<br>場所: 和気町<br>備考: 和気町地内県道和気寺井線沿い(泉台町付近)にて、北の方面に進む1m未満のグマ1頭の目撃情報<br>頭数: 1頭<br>番号: 184<br>出没日: 2025.7.20", "timestamp": null, "begin": null, "end": null, "altitudeMode": null, "tessellate": -1, "extrude": 0, "visibility": -1, "drawOrder": null, "icon": null, "____________": "36.430234,136.526610", "______": "184.0", "_________": "2025.7.20" }, "geometry": { "type": "Point", "coordinates": [ 136.52661, 36.430234, 0.0 ] } },
{ "type": "Feature", "properties": { "id": null, "Name": "7月", "description": "緯度経度: 36.32362,136.435961<br>時間: 10時5分<br>市町名: 小松市<br>場所: 馬場町<br>備考: 市道を渡り、ゆのくにの森駐車場方面へ移動<br>頭数: 2頭<br>番号: 185<br>出没日: 2025.7.24", "timestamp": null, "begin": null, "end": null, "altitudeMode": null, "tessellate": -1, "extrude": 0, "visibility": -1, "drawOrder": null, "icon": null, "____________": "36.32362,136.435961", "______": "185.0", "_________": "2025.7.24" }, "geometry": { "type": "Point", "coordinates": [ 136.435961, 36.32362, 0.0 ] } },
{ "type": "Feature", "properties": { "id": null, "Name": "7月", "description": "緯度経度: 36.742886,136.783443<br>時間: 16時30分頃<br>市町名: 津幡町<br>場所: 上大田地内<br>備考: 国道471号を上大田集落に向かって走行中に道路を横断し北東の山へ向かうクマ１頭を目撃。<br>頭数: 1頭<br>番号: 186<br>出没日: 2025.7.25", "timestamp": null, "begin": null, "end": null, "altitudeMode": null, "tessellate": -1, "extrude": 0, "visibility": -1, "drawOrder": null, "icon": null, "____________": "36.742886,136.783443", "______": "186.0", "_________": "2025.7.25" }, "geometry": { "type": "Point", "coordinates": [ 136.783443, 36.742886, 0.0 ] } },
{ "type": "Feature", "properties": { "id": null, "Name": "7月", "description": "緯度経度: 36.742886,136.783443<br>時間: 17時20分頃<br>市町名: 津幡町<br>場所: 上大田地内<br>備考: 番号18と同じ場所にクマ３頭（親１頭、子２頭）がいるのを目撃。<br>頭数: 3頭<br>番号: 187<br>出没日: 2025.7.25", "timestamp": null, "begin": null, "end": null, "altitudeMode": null, "tessellate": -1, "extrude": 0, "visibility": -1, "drawOrder": null, "icon": null, "____________": "36.742886,136.783443", "______": "187.0", "_________": "2025.7.25" }, "geometry": { "type": "Point", "coordinates": [ 136.783443, 36.742886, 0.0 ] } },
{ "type": "Feature", "properties": { "id": null, "Name": "7月", "description": "緯度経度: 36.364285,136.456863<br>時間: 8時19分<br>市町名: 小松市<br>場所: 三谷町<br>備考: 木場潟東園地内にて目撃<br>頭数: 1頭<br>番号: 188<br>出没日: 2025.7.28", "timestamp": null, "begin": null, "end": null, "altitudeMode": null, "tessellate": -1, "extrude": 0, "visibility": -1, "drawOrder": null, "icon": null, "____________": "36.364285,136.456863", "______": "188.0", "_________": "2025.7.28" }, "geometry": { "type": "Point", "coordinates": [ 136.456863, 36.364285, 0.0 ] } },
{ "type": "Feature", "properties": { "id": null, "Name": "7月", "description": "緯度経度: 36.367693,136.453803<br>時間: 14時20分<br>市町名: 小松市<br>場所: 三谷町<br>備考: 木場潟公園ドックラン場付近を移動<br>頭数: 1頭<br>番号: 189<br>出没日: 2025.7.28", "timestamp": null, "begin": null, "end": null, "altitudeMode": null, "tessellate": -1, "extrude": 0, "visibility": -1, "drawOrder": null, "icon": null, "____________": "36.367693,136.453803", "______": "189.0", "_________": "2025.7.28" }, "geometry": { "type": "Point", "coordinates": [ 136.453803, 36.367693, 0.0 ] } },
{ "type": "Feature", "properties": { "id": null, "Name": "7月", "description": "緯度経度: 36.425558,136.523348<br>時間: 20時50分<br>市町名: 小松市<br>場所: 八里台<br>備考: 住宅街を北に移動<br>頭数: 1頭<br>番号: 190<br>出没日: 2025.7.29", "timestamp": null, "begin": null, "end": null, "altitudeMode": null, "tessellate": -1, "extrude": 0, "visibility": -1, "drawOrder": null, "icon": null, "____________": "36.425558,136.523348", "______": "190.0", "_________": "2025.7.29" }, "geometry": { "type": "Point", "coordinates": [ 136.523348, 36.425558, 0.0 ] } },
{ "type": "Feature", "properties": { "id": null, "Name": "7月", "description": "緯度経度: 36.2726793123598, 136.334127452257<br>時間: 17時00分頃<br>市町名: 加賀市<br>場所: 日谷町地内<br>備考: 日谷町地内で子グマ1頭を目撃<br>頭数: 1頭<br>番号: 191<br>出没日: 2025.7.30", "timestamp": null, "begin": null, "end": null, "altitudeMode": null, "tessellate": -1, "extrude": 0, "visibility": -1, "drawOrder": null, "icon": null, "____________": "36.2726793123598, 136.334127452257", "______": "191.0", "_________": "2025.7.30" }, "geometry": { "type": "Point", "coordinates": [ 136.334127452257007, 36.272679312359799, 0.0 ] } },
{ "type": "Feature", "properties": { "id": null, "Name": "7月", "description": "緯度経度: 36.40707, 136.63313<br>時間: 0.3819444444<br>市町名: 白山市<br>場所: 河内町口直海<br>備考: 河内町口直海地内（口直海スノーシェッド前）でクマの目撃<br>頭数: 1頭<br>番号: 192<br>出没日: 2025.7.31", "timestamp": null, "begin": null, "end": null, "altitudeMode": null, "tessellate": -1, "extrude": 0, "visibility": -1, "drawOrder": null, "icon": null, "____________": "36.40707, 136.63313", "______": "192.0", "_________": "2025.7.31" }, "geometry": { "type": "Point", "coordinates": [ 136.63313, 36.40707, 0.0 ] } },
{ "type": "Feature", "properties": { "id": null, "Name": "8月", "description": "緯度経度: 36.303875066327755, 136.30709531282392<br>時間: 5時40分頃<br>市町名: 加賀市<br>場所: 大聖寺神明町<br>備考: 加賀神明宮付近でクマ1頭を目撃<br>頭数: 1頭<br>番号: 193<br>出没日: 2025.8.2", "timestamp": null, "begin": null, "end": null, "altitudeMode": null, "tessellate": -1, "extrude": 0, "visibility": -1, "drawOrder": null, "icon": null, "____________": "36.303875066327755, 136.30709531282392", "______": "193.0", "_________": "2025.8.2" }, "geometry": { "type": "Point", "coordinates": [ 136.307095312824003, 36.303875066327798, 0.0 ] } },
{ "type": "Feature", "properties": { "id": null, "Name": "8月", "description": "緯度経度: 36.5501138,136.7153576<br>時間: 0.3333333333<br>市町名: 金沢市<br>場所: 角間町<br>備考: 自動車で通行中、目撃<br>頭数: 1頭<br>番号: 194<br>出没日: 2025.8.6", "timestamp": null, "begin": null, "end": null, "altitudeMode": null, "tessellate": -1, "extrude": 0, "visibility": -1, "drawOrder": null, "icon": null, "____________": "36.5501138,136.7153576", "______": "194.0", "_________": "2025.8.6" }, "geometry": { "type": "Point", "coordinates": [ 136.7153576, 36.5501138, 0.0 ] } },
{ "type": "Feature", "properties": { "id": null, "Name": "8月", "description": "緯度経度: 36.5507955,136.7145318<br>時間: 0.7743055556<br>市町名: 金沢市<br>場所: 角間町<br>備考: 自動車で通行中、目撃<br>頭数: 1頭<br>番号: 195<br>出没日: 2025.8.7", "timestamp": null, "begin": null, "end": null, "altitudeMode": null, "tessellate": -1, "extrude": 0, "visibility": -1, "drawOrder": null, "icon": null, "____________": "36.5507955,136.7145318", "______": "195.0", "_________": "2025.8.7" }, "geometry": { "type": "Point", "coordinates": [ 136.7145318, 36.5507955, 0.0 ] } },
{ "type": "Feature", "properties": { "id": null, "Name": "8月", "description": "緯度経度: 36.356188,136.45221<br>時間: 0.8159722222<br>市町名: 小松市<br>場所: 木場町<br>備考: 木場IC付近を東から西へ道路を横断<br>頭数: 1頭<br>番号: 196<br>出没日: 2025.8.8", "timestamp": null, "begin": null, "end": null, "altitudeMode": null, "tessellate": -1, "extrude": 0, "visibility": -1, "drawOrder": null, "icon": null, "____________": "36.356188,136.45221", "______": "196.0", "_________": "2025.8.8" }, "geometry": { "type": "Point", "coordinates": [ 136.45221, 36.356188, 0.0 ] } },
{ "type": "Feature", "properties": { "id": null, "Name": "8月", "description": "緯度経度: 36.30105821287322, 136.33881251917342<br>時間: 7時20分頃<br>市町名: 加賀市<br>場所: 黒瀬町地内<br>備考: 黒瀬交差点付近でクマ1頭を目撃<br>頭数: 1頭<br>番号: 197<br>出没日: 2025.8.10", "timestamp": null, "begin": null, "end": null, "altitudeMode": null, "tessellate": -1, "extrude": 0, "visibility": -1, "drawOrder": null, "icon": null, "____________": "36.30105821287322, 136.33881251917342", "______": "197.0", "_________": "2025.8.10" }, "geometry": { "type": "Point", "coordinates": [ 136.33881251917299, 36.301058212873201, 0.0 ] } },
{ "type": "Feature", "properties": { "id": null, "Name": "8月", "description": "緯度経度: 36.689669,136.790964<br>時間: 17時10分頃<br>市町名: 津幡町<br>場所: 鳥屋尾地内<br>備考: 鳥屋尾地内で子グマを目撃。<br>頭数: 1頭<br>番号: 198<br>出没日: 2025.8.10", "timestamp": null, "begin": null, "end": null, "altitudeMode": null, "tessellate": -1, "extrude": 0, "visibility": -1, "drawOrder": null, "icon": null, "____________": "36.689669,136.790964", "______": "198.0", "_________": "2025.8.10" }, "geometry": { "type": "Point", "coordinates": [ 136.790964, 36.689669, 0.0 ] } },
{ "type": "Feature", "properties": { "id": null, "Name": "8月", "description": "緯度経度: 36.28907257403112, 136.26250240640204<br>時間: 2時00分頃<br>市町名: 加賀市<br>場所: 吉崎町地内<br>備考: 永井町交差点付近でクマ1頭を目撃<br>頭数: 1頭<br>番号: 199<br>出没日: 2025.8.13", "timestamp": null, "begin": null, "end": null, "altitudeMode": null, "tessellate": -1, "extrude": 0, "visibility": -1, "drawOrder": null, "icon": null, "____________": "36.28907257403112, 136.26250240640204", "______": "199.0", "_________": "2025.8.13" }, "geometry": { "type": "Point", "coordinates": [ 136.262502406402007, 36.289072574031103, 0.0 ] } },
{ "type": "Feature", "properties": { "id": null, "Name": "8月", "description": "緯度経度: 36.52868055220387, 136.68915720823108<br>時間: 0.2291666667<br>市町名: 金沢市<br>場所: 大桑町<br>備考: 周辺住民が目撃<br>頭数: 1頭<br>番号: 200<br>出没日: 2025.8.14", "timestamp": null, "begin": null, "end": null, "altitudeMode": null, "tessellate": -1, "extrude": 0, "visibility": -1, "drawOrder": null, "icon": null, "____________": "36.52868055220387, 136.68915720823108", "______": "200.0", "_________": "2025.8.14" }, "geometry": { "type": "Point", "coordinates": [ 136.689157208230995, 36.528680552203902, 0.0 ] } },
{ "type": "Feature", "properties": { "id": null, "Name": "8月", "description": "緯度経度: 36.31776595852926, 136.33065125688992<br>時間: 1時30分頃<br>市町名: 加賀市<br>場所: 大聖寺敷地地内<br>備考: 大聖寺敷地地内でクマ１頭を目撃<br>頭数: 1頭<br>番号: 201<br>出没日: 2025.8.14", "timestamp": null, "begin": null, "end": null, "altitudeMode": null, "tessellate": -1, "extrude": 0, "visibility": -1, "drawOrder": null, "icon": null, "____________": "36.31776595852926, 136.33065125688992", "______": "201.0", "_________": "2025.8.14" }, "geometry": { "type": "Point", "coordinates": [ 136.330651256890008, 36.3177659585293, 0.0 ] } },
{ "type": "Feature", "properties": { "id": null, "Name": "8月", "description": "緯度経度: 36.285411462660434, 136.31039369523376<br>時間: 1時30分頃<br>市町名: 加賀市<br>場所: 細坪町地内<br>備考: 荒木田原町線の道路上でクマ１頭を目撃<br>頭数: 1頭<br>番号: 202<br>出没日: 2025.8.15", "timestamp": null, "begin": null, "end": null, "altitudeMode": null, "tessellate": -1, "extrude": 0, "visibility": -1, "drawOrder": null, "icon": null, "____________": "36.285411462660434, 136.31039369523376", "______": "202.0", "_________": "2025.8.15" }, "geometry": { "type": "Point", "coordinates": [ 136.310393695234012, 36.285411462660399, 0.0 ] } },
{ "type": "Feature", "properties": { "id": null, "Name": "8月", "description": "緯度経度: 36.6141529,136.7511008<br>時間: 14時50分頃<br>市町名: 金沢市<br>場所: 加賀朝日町<br>備考: 車で通行中に目撃<br>頭数: 1頭<br>番号: 203<br>出没日: 2025.8.15", "timestamp": null, "begin": null, "end": null, "altitudeMode": null, "tessellate": -1, "extrude": 0, "visibility": -1, "drawOrder": null, "icon": null, "____________": "36.6141529,136.7511008", "______": "203.0", "_________": "2025.8.15" }, "geometry": { "type": "Point", "coordinates": [ 136.751100799999989, 36.6141529, 0.0 ] } },
{ "type": "Feature", "properties": { "id": null, "Name": "8月", "description": "緯度経度: 36.5416549,136.7406006<br>時間: 12時25分頃<br>市町名: 金沢市<br>場所: 清水町<br>備考: 車で通行中に目撃<br>頭数: 1頭<br>番号: 204<br>出没日: 2025.8.17", "timestamp": null, "begin": null, "end": null, "altitudeMode": null, "tessellate": -1, "extrude": 0, "visibility": -1, "drawOrder": null, "icon": null, "____________": "36.5416549,136.7406006", "______": "204.0", "_________": "2025.8.17" }, "geometry": { "type": "Point", "coordinates": [ 136.7406006, 36.5416549, 0.0 ] } },
{ "type": "Feature", "properties": { "id": null, "Name": "8月", "description": "緯度経度: 36.31638064274984, 136.3144861883027<br>時間: 19時20分頃<br>市町名: 加賀市<br>場所: 大聖寺岡町地内<br>備考: 大聖寺岡町地内でクマ1頭を目撃<br>頭数: 1頭<br>番号: 205<br>出没日: 2025.8.17", "timestamp": null, "begin": null, "end": null, "altitudeMode": null, "tessellate": -1, "extrude": 0, "visibility": -1, "drawOrder": null, "icon": null, "____________": "36.31638064274984, 136.3144861883027", "______": "205.0", "_________": "2025.8.17" }, "geometry": { "type": "Point", "coordinates": [ 136.314486188302993, 36.316380642749799, 0.0 ] } },
{ "type": "Feature", "properties": { "id": null, "Name": "8月", "description": "緯度経度: 36.1685111, 136.6208113<br>時間: 13時30分<br>市町名: 白山市<br>場所: 白峰<br>備考: 国道157号線白峰大橋と平岩覆工間の大道谷川で子熊を目撃<br>頭数: 1頭<br>番号: 206<br>出没日: 2025.8.17", "timestamp": null, "begin": null, "end": null, "altitudeMode": null, "tessellate": -1, "extrude": 0, "visibility": -1, "drawOrder": null, "icon": null, "____________": "36.1685111, 136.6208113", "______": "206.0", "_________": "2025.8.17" }, "geometry": { "type": "Point", "coordinates": [ 136.620811300000014, 36.1685111, 0.0 ] } },
{ "type": "Feature", "properties": { "id": null, "Name": "8月", "description": "緯度経度: 36.1169472, 136.6773295<br>時間: 17時00分<br>市町名: 白山市<br>場所: 白峰<br>備考: 県道３３号線百万貫の岩と市ノ瀬ビジターセンターの間でクマの目撃<br>頭数: 1頭<br>番号: 207<br>出没日: 2025.8.17", "timestamp": null, "begin": null, "end": null, "altitudeMode": null, "tessellate": -1, "extrude": 0, "visibility": -1, "drawOrder": null, "icon": null, "____________": "36.1169472, 136.6773295", "______": "207.0", "_________": "2025.8.17" }, "geometry": { "type": "Point", "coordinates": [ 136.677329500000013, 36.1169472, 0.0 ] } },
{ "type": "Feature", "properties": { "id": null, "Name": "8月", "description": "緯度経度: 36.28286943750171, 136.35610378298483<br>時間: 23時25分頃<br>市町名: 加賀市<br>場所: 山代温泉桔梗丘4丁目地内<br>備考: 別所口交差点付近で子グマ1頭を目撃<br>頭数: 1頭<br>番号: 208<br>出没日: 2025.8.17", "timestamp": null, "begin": null, "end": null, "altitudeMode": null, "tessellate": -1, "extrude": 0, "visibility": -1, "drawOrder": null, "icon": null, "____________": "36.28286943750171, 136.35610378298483", "______": "208.0", "_________": "2025.8.17" }, "geometry": { "type": "Point", "coordinates": [ 136.356103782985002, 36.282869437501702, 0.0 ] } },
{ "type": "Feature", "properties": { "id": null, "Name": "8月", "description": "緯度経度: 36.32493, 136.64748<br>時間: 10時25分<br>市町名: 白山市<br>場所: 佐良<br>備考: 佐良地内（大門園付近）でクマの目撃<br>頭数: 1頭<br>番号: 209<br>出没日: 2025.8.18", "timestamp": null, "begin": null, "end": null, "altitudeMode": null, "tessellate": -1, "extrude": 0, "visibility": -1, "drawOrder": null, "icon": null, "____________": "36.32493, 136.64748", "______": "209.0", "_________": "2025.8.18" }, "geometry": { "type": "Point", "coordinates": [ 136.64748, 36.32493, 0.0 ] } },
{ "type": "Feature", "properties": { "id": null, "Name": "8月", "description": "緯度経度: 36.324617759378135, 136.33206237059548<br>時間: 6時15分頃<br>市町名: 加賀市<br>場所: 山田町地内<br>備考: 加賀市中央公園管理センター付近で子グマ1頭を目撃<br>頭数: 1頭<br>番号: 210<br>出没日: 2025.8.20", "timestamp": null, "begin": null, "end": null, "altitudeMode": null, "tessellate": -1, "extrude": 0, "visibility": -1, "drawOrder": null, "icon": null, "____________": "36.324617759378135, 136.33206237059548", "______": "210.0", "_________": "2025.8.20" }, "geometry": { "type": "Point", "coordinates": [ 136.332062370594997, 36.3246177593781, 0.0 ] } },
{ "type": "Feature", "properties": { "id": null, "Name": "8月", "description": "緯度経度: 36.577017495444416, 136.70287982002236<br>時間: 6時30分頃<br>市町名: 金沢市<br>場所: 山王町１丁目<br>備考: 歩行者が目撃<br>頭数: 1頭<br>番号: 211<br>出没日: 2025.8.20", "timestamp": null, "begin": null, "end": null, "altitudeMode": null, "tessellate": -1, "extrude": 0, "visibility": -1, "drawOrder": null, "icon": null, "____________": "36.577017495444416, 136.70287982002236", "______": "211.0", "_________": "2025.8.20" }, "geometry": { "type": "Point", "coordinates": [ 136.702879820021991, 36.577017495444402, 0.0 ] } },
{ "type": "Feature", "properties": { "id": null, "Name": "8月", "description": "緯度経度: 36.5292301,136.7283621<br>時間: 9時00分頃<br>市町名: 金沢市<br>場所: 俵町<br>備考: 車で通行中に目撃<br>頭数: 1頭<br>番号: 212<br>出没日: 2025.8.20", "timestamp": null, "begin": null, "end": null, "altitudeMode": null, "tessellate": -1, "extrude": 0, "visibility": -1, "drawOrder": null, "icon": null, "____________": "36.5292301,136.7283621", "______": "212.0", "_________": "2025.8.20" }, "geometry": { "type": "Point", "coordinates": [ 136.7283621, 36.5292301, 0.0 ] } },
{ "type": "Feature", "properties": { "id": null, "Name": "8月", "description": "緯度経度: 36.762630, 136.759270<br>時間: 11時50分頃<br>市町名: かほく市<br>場所: 若緑地内<br>備考: 一般県道黒川・横山線にて、西側の森林へ向かうクマ1頭を目撃<br>頭数: 1頭<br>番号: 213<br>出没日: 2025.8.21", "timestamp": null, "begin": null, "end": null, "altitudeMode": null, "tessellate": -1, "extrude": 0, "visibility": -1, "drawOrder": null, "icon": null, "____________": "36.762630, 136.759270", "______": "213.0", "_________": "2025.8.21" }, "geometry": { "type": "Point", "coordinates": [ 136.75927, 36.76263, 0.0 ] } },
{ "type": "Feature", "properties": { "id": null, "Name": "8月", "description": "緯度経度: 36.28927552480749, 136.2662446466012<br>時間: 20時30分頃<br>市町名: 加賀市<br>場所: 永井町地内<br>備考: 永井町地内で子グマ1頭を目撃<br>頭数: 1頭<br>番号: 214<br>出没日: 2025.8.21", "timestamp": null, "begin": null, "end": null, "altitudeMode": null, "tessellate": -1, "extrude": 0, "visibility": -1, "drawOrder": null, "icon": null, "____________": "36.28927552480749, 136.2662446466012", "______": "214.0", "_________": "2025.8.21" }, "geometry": { "type": "Point", "coordinates": [ 136.266244646600995, 36.289275524807501, 0.0 ] } },
{ "type": "Feature", "properties": { "id": null, "Name": "8月", "description": "緯度経度: 36.250033111588294, 136.37614706741346<br>時間: 8時00分頃<br>市町名: 加賀市<br>場所: 山中温泉東町1丁目地内<br>備考: 山中温泉 花紫付近でクマ1頭を目撃<br>頭数: 1頭<br>番号: 215<br>出没日: 2025.8.22", "timestamp": null, "begin": null, "end": null, "altitudeMode": null, "tessellate": -1, "extrude": 0, "visibility": -1, "drawOrder": null, "icon": null, "____________": "36.250033111588294, 136.37614706741346", "______": "215.0", "_________": "2025.8.22" }, "geometry": { "type": "Point", "coordinates": [ 136.376147067413001, 36.250033111588301, 0.0 ] } },
{ "type": "Feature", "properties": { "id": null, "Name": "8月", "description": "緯度経度: 36.3987, 136.6204<br>時間: 12時00分<br>市町名: 白山市<br>場所: 河内町福岡<br>備考: 河内町福岡地内（河内こども園付近）でクマの目撃<br>頭数: 1頭<br>番号: 216<br>出没日: 2025.8.22", "timestamp": null, "begin": null, "end": null, "altitudeMode": null, "tessellate": -1, "extrude": 0, "visibility": -1, "drawOrder": null, "icon": null, "____________": "36.3987, 136.6204", "______": "216.0", "_________": "2025.8.22" }, "geometry": { "type": "Point", "coordinates": [ 136.6204, 36.3987, 0.0 ] } },
{ "type": "Feature", "properties": { "id": null, "Name": "8月", "description": "緯度経度: 36.2884850216739, 136.3073694360425<br>時間: 22時30分頃<br>市町名: 加賀市<br>場所: 細坪町地内<br>備考: 荒木田原町線の道路上でクマ１頭を目撃<br>頭数: 1頭<br>番号: 217<br>出没日: 2025.8.26", "timestamp": null, "begin": null, "end": null, "altitudeMode": null, "tessellate": -1, "extrude": 0, "visibility": -1, "drawOrder": null, "icon": null, "____________": "36.2884850216739, 136.3073694360425", "______": "217.0", "_________": "2025.8.26" }, "geometry": { "type": "Point", "coordinates": [ 136.30736943604299, 36.2884850216739, 0.0 ] } },
{ "type": "Feature", "properties": { "id": null, "Name": "8月", "description": "緯度経度: 36.5295881,136.6811946<br>時間: 4時42分頃<br>市町名: 金沢市<br>場所: 大桑町<br>備考: 自宅から目撃<br>頭数: 1頭<br>番号: 218<br>出没日: 2025.8.28", "timestamp": null, "begin": null, "end": null, "altitudeMode": null, "tessellate": -1, "extrude": 0, "visibility": -1, "drawOrder": null, "icon": null, "____________": "36.5295881,136.6811946", "______": "218.0", "_________": "2025.8.28" }, "geometry": { "type": "Point", "coordinates": [ 136.6811946, 36.5295881, 0.0 ] } },
{ "type": "Feature", "properties": { "id": null, "Name": "8月", "description": "緯度経度: 36.451389,136.594472<br>時間: 9時30分頃<br>市町名: 能美市<br>場所: 宮竹町県道小松辰口線<br>備考: 北陸先端大学付近の県道において、東側に向かう体長1mほどのクマ1頭の目撃情報<br>頭数: 1頭<br>番号: 219<br>出没日: 2025.8.28", "timestamp": null, "begin": null, "end": null, "altitudeMode": null, "tessellate": -1, "extrude": 0, "visibility": -1, "drawOrder": null, "icon": null, "____________": "36.451389,136.594472", "______": "219.0", "_________": "2025.8.28" }, "geometry": { "type": "Point", "coordinates": [ 136.594472, 36.451389, 0.0 ] } },
{ "type": "Feature", "properties": { "id": null, "Name": "8月", "description": "緯度経度: 36.28992945574507, 136.30144507127883<br>時間: 10時45分頃<br>市町名: 加賀市<br>場所: 熊坂町地内<br>備考: 荒木田原町線の道路上でクマ１頭を目撃<br>頭数: 1頭<br>番号: 220<br>出没日: 2025.8.28", "timestamp": null, "begin": null, "end": null, "altitudeMode": null, "tessellate": -1, "extrude": 0, "visibility": -1, "drawOrder": null, "icon": null, "____________": "36.28992945574507, 136.30144507127883", "______": "220.0", "_________": "2025.8.28" }, "geometry": { "type": "Point", "coordinates": [ 136.301445071279005, 36.289929455745103, 0.0 ] } },
{ "type": "Feature", "properties": { "id": null, "Name": "8月", "description": "緯度経度: 36.9286839802413, 136.76275636688246<br>時間: 17時40分頃<br>市町名: 羽咋市<br>場所: 寺家町地内<br>備考: 寺家町地内の自宅の庭で子グマ２頭を目撃。<br>頭数: 2頭<br>番号: 221<br>出没日: 2025.8.29", "timestamp": null, "begin": null, "end": null, "altitudeMode": null, "tessellate": -1, "extrude": 0, "visibility": -1, "drawOrder": null, "icon": null, "____________": "36.9286839802413, 136.76275636688246", "______": "221.0", "_________": "2025.8.29" }, "geometry": { "type": "Point", "coordinates": [ 136.762756366882002, 36.928683980241303, 0.0 ] } },
{ "type": "Feature", "properties": { "id": null, "Name": "8月", "description": "緯度経度: 36.5382957,136.7172861<br>時間: 0.5222222222<br>市町名: 金沢市<br>場所: 中山町<br>備考: 車で通行中に目撃<br>頭数: 1頭<br>番号: 222<br>出没日: 2025.8.30", "timestamp": null, "begin": null, "end": null, "altitudeMode": null, "tessellate": -1, "extrude": 0, "visibility": -1, "drawOrder": null, "icon": null, "____________": "36.5382957,136.7172861", "______": "222.0", "_________": "2025.8.30" }, "geometry": { "type": "Point", "coordinates": [ 136.7172861, 36.5382957, 0.0 ] } },
{ "type": "Feature", "properties": { "id": null, "Name": "9月", "description": "緯度経度: 36.5271884,136.7305488<br>時間: 0.3958333333<br>市町名: 金沢市<br>場所: 小豆沢町\t<br>備考: 歩行者が目撃<br>頭数: 1頭<br>番号: 223<br>出没日: 2025.9.1", "timestamp": null, "begin": null, "end": null, "altitudeMode": null, "tessellate": -1, "extrude": 0, "visibility": -1, "drawOrder": null, "icon": null, "____________": "36.5271884,136.7305488", "______": "223.0", "_________": "2025.9.1" }, "geometry": { "type": "Point", "coordinates": [ 136.7305488, 36.5271884, 0.0 ] } },
{ "type": "Feature", "properties": { "id": null, "Name": "9月", "description": "緯度経度: 36.25396541531, 136.37480182748524<br>時間: 0時30分頃<br>市町名: 加賀市<br>場所: 山中温泉東桂木町地内<br>備考: 山中温泉東桂木町地内でクマ1頭を目撃<br>頭数: 1頭<br>番号: 224<br>出没日: 2025.9.2", "timestamp": null, "begin": null, "end": null, "altitudeMode": null, "tessellate": -1, "extrude": 0, "visibility": -1, "drawOrder": null, "icon": null, "____________": "36.25396541531, 136.37480182748524", "______": "224.0", "_________": "2025.9.2" }, "geometry": { "type": "Point", "coordinates": [ 136.374801827484987, 36.253965415309999, 0.0 ] } },
{ "type": "Feature", "properties": { "id": null, "Name": "9月", "description": "緯度経度: 36.757737, 136.729541<br>時間: 20時5分頃<br>市町名: かほく市<br>場所: 高松地内<br>備考: 主要地方道高松津幡線かほく市第2学校給食センター付近にて西側の森林へ向かうクマ1頭を目撃<br>頭数: 1頭<br>番号: 225<br>出没日: 2025.9.2", "timestamp": null, "begin": null, "end": null, "altitudeMode": null, "tessellate": -1, "extrude": 0, "visibility": -1, "drawOrder": null, "icon": null, "____________": "36.757737, 136.729541", "______": "225.0", "_________": "2025.9.2" }, "geometry": { "type": "Point", "coordinates": [ 136.729541, 36.757737, 0.0 ] } },
{ "type": "Feature", "properties": { "id": null, "Name": "9月", "description": "緯度経度: 36.34252,136.434052<br>時間: 16時0分<br>市町名: 小松市<br>場所: 林町<br>備考: 北から南へ道路を横断<br>頭数: 1頭<br>番号: 226<br>出没日: 2025.9.5", "timestamp": null, "begin": null, "end": null, "altitudeMode": null, "tessellate": -1, "extrude": 0, "visibility": -1, "drawOrder": null, "icon": null, "____________": "36.34252,136.434052", "______": "226.0", "_________": "2025.9.5" }, "geometry": { "type": "Point", "coordinates": [ 136.434052, 36.34252, 0.0 ] } },
{ "type": "Feature", "properties": { "id": null, "Name": "9月", "description": "緯度経度: 36.421654, 136.566923<br>時間: 0.2291666667<br>市町名: 能美市<br>場所: 鍋谷町<br>備考: 鍋谷町地内で、南側へ向かう体長1mほどのクマ1頭の目撃情報<br>頭数: 1頭<br>番号: 227<br>出没日: 2025.9.6", "timestamp": null, "begin": null, "end": null, "altitudeMode": null, "tessellate": -1, "extrude": 0, "visibility": -1, "drawOrder": null, "icon": null, "____________": "36.421654, 136.566923", "______": "227.0", "_________": "2025.9.6" }, "geometry": { "type": "Point", "coordinates": [ 136.566923, 36.421654, 0.0 ] } },
{ "type": "Feature", "properties": { "id": null, "Name": "9月", "description": "緯度経度: 36.345694, 136.438452<br>時間: 0.3680555556<br>市町名: 小松市<br>場所: 津波倉町 <br>備考: 日用川河川敷を北に移動<br>頭数: 1頭<br>番号: 228<br>出没日: 2025.9.11", "timestamp": null, "begin": null, "end": null, "altitudeMode": null, "tessellate": -1, "extrude": 0, "visibility": -1, "drawOrder": null, "icon": null, "____________": "36.345694, 136.438452", "______": "228.0", "_________": "2025.9.11" }, "geometry": { "type": "Point", "coordinates": [ 136.438452, 36.345694, 0.0 ] } },
{ "type": "Feature", "properties": { "id": null, "Name": "9月", "description": "緯度経度: 36.84033333, 136.82136111<br>時間: 0.71875<br>市町名: 宝達志水町<br>場所: 宿区<br>備考: 押水特産直売所付近<br>頭数: 1頭<br>番号: 229<br>出没日: 2025.9.11", "timestamp": null, "begin": null, "end": null, "altitudeMode": null, "tessellate": -1, "extrude": 0, "visibility": -1, "drawOrder": null, "icon": null, "____________": "36.84033333, 136.82136111", "______": "229.0", "_________": "2025.9.11" }, "geometry": { "type": "Point", "coordinates": [ 136.82136111, 36.84033333, 0.0 ] } },
{ "type": "Feature", "properties": { "id": null, "Name": "9月", "description": "緯度経度: 36.31857, 136.65638<br>時間: 12時20分<br>市町名: 白山市<br>場所: 瀬波<br>備考: 瀬波地内（瀬波八幡神社付近）でクマの目撃<br>頭数: 1頭<br>番号: 230<br>出没日: 2025.9.16", "timestamp": null, "begin": null, "end": null, "altitudeMode": null, "tessellate": -1, "extrude": 0, "visibility": -1, "drawOrder": null, "icon": null, "____________": "36.31857, 136.65638", "______": "230.0", "_________": "2025.9.16" }, "geometry": { "type": "Point", "coordinates": [ 136.65638, 36.31857, 0.0 ] } },
{ "type": "Feature", "properties": { "id": null, "Name": "9月", "description": "緯度経度: 36.433556, 136.549<br>時間: 0.6319444444<br>市町名: 能美市<br>場所: 上徳山町<br>備考: 上徳山交差点から南側の山へ向かう体長1.5mほどのクマ1頭の目撃情報<br>頭数: 1頭<br>番号: 231<br>出没日: 2025.9.19", "timestamp": null, "begin": null, "end": null, "altitudeMode": null, "tessellate": -1, "extrude": 0, "visibility": -1, "drawOrder": null, "icon": null, "____________": "36.433556, 136.549", "______": "231.0", "_________": "2025.9.19" }, "geometry": { "type": "Point", "coordinates": [ 136.549, 36.433556, 0.0 ] } },
{ "type": "Feature", "properties": { "id": null, "Name": "9月", "description": "緯度経度: 36.447254, 136.57255<br>時間: 0.3854166667<br>市町名: 能美市<br>場所: 岩内町<br>備考: 岩内町工業団地内で、莇生町方面の山へ向かうクマ1頭の目撃情報<br>頭数: 1頭<br>番号: 232<br>出没日: 2025.9.24", "timestamp": null, "begin": null, "end": null, "altitudeMode": null, "tessellate": -1, "extrude": 0, "visibility": -1, "drawOrder": null, "icon": null, "____________": "36.447254, 136.57255", "______": "232.0", "_________": "2025.9.24" }, "geometry": { "type": "Point", "coordinates": [ 136.57255, 36.447254, 0.0 ] } },
{ "type": "Feature", "properties": { "id": null, "Name": "9月", "description": "緯度経度: 36.28681858974228, 136.2585743696623<br>時間: 19時45分頃<br>市町名: 加賀市<br>場所: 永井町地内<br>備考: 工場の駐車場でクマ1頭を目撃　<br>頭数: 1頭<br>番号: 233<br>出没日: 2025.9.24", "timestamp": null, "begin": null, "end": null, "altitudeMode": null, "tessellate": -1, "extrude": 0, "visibility": -1, "drawOrder": null, "icon": null, "____________": "36.28681858974228, 136.2585743696623", "______": "233.0", "_________": "2025.9.24" }, "geometry": { "type": "Point", "coordinates": [ 136.258574369662, 36.286818589742303, 0.0 ] } },
{ "type": "Feature", "properties": { "id": null, "Name": "9月", "description": "緯度経度: 36.88379309173794, 136.86137424552226<br>時間: 18時25分頃<br>市町名: 羽咋市<br>場所: 羽咋市神子原町地内<br>備考: 神子原町地内（神子の里付近）でクマ１頭を目撃。<br>頭数: 1頭<br>番号: 234<br>出没日: 2025.9.28", "timestamp": null, "begin": null, "end": null, "altitudeMode": null, "tessellate": -1, "extrude": 0, "visibility": -1, "drawOrder": null, "icon": null, "____________": "36.88379309173794, 136.86137424552226", "______": "234.0", "_________": "2025.9.28" }, "geometry": { "type": "Point", "coordinates": [ 136.861374245522001, 36.8837930917379, 0.0 ] } },
{ "type": "Feature", "properties": { "id": null, "Name": "9月", "description": "緯度経度: 36.346767,136.43298<br>時間: 20時00分<br>市町名: 小松市<br>場所: 下粟津町<br>備考: 下粟津町東交差点を東方向へ横断<br>頭数: 1頭<br>番号: 235<br>出没日: 2025.9.29", "timestamp": null, "begin": null, "end": null, "altitudeMode": null, "tessellate": -1, "extrude": 0, "visibility": -1, "drawOrder": null, "icon": null, "____________": "36.346767,136.43298", "______": "235.0", "_________": "2025.9.29" }, "geometry": { "type": "Point", "coordinates": [ 136.43298, 36.346767, 0.0 ] } },
{ "type": "Feature", "properties": { "id": null, "Name": "10月", "description": "緯度経度: 36.31142, 136.64561<br>時間: 18時10分<br>市町名: 白山市<br>場所: 下木滑<br>備考: 下木滑地内（根来製菓付近）でクマの目撃<br>頭数: 1頭<br>番号: 236<br>出没日: 2025.10.2", "timestamp": null, "begin": null, "end": null, "altitudeMode": null, "tessellate": -1, "extrude": 0, "visibility": -1, "drawOrder": null, "icon": null, "____________": "36.31142, 136.64561", "______": "236.0", "_________": "2025.10.2" }, "geometry": { "type": "Point", "coordinates": [ 136.64561, 36.31142, 0.0 ] } },
{ "type": "Feature", "properties": { "id": null, "Name": "10月", "description": "緯度経度: 36.32048, 136.64768<br>時間: 20時45分<br>市町名: 白山市<br>場所: 市原<br>備考: 市原地内（市原丙の住宅敷地内）でクマの目撃<br>頭数: 1頭<br>番号: 237<br>出没日: 2025.10.2", "timestamp": null, "begin": null, "end": null, "altitudeMode": null, "tessellate": -1, "extrude": 0, "visibility": -1, "drawOrder": null, "icon": null, "____________": "36.32048, 136.64768", "______": "237.0", "_________": "2025.10.2" }, "geometry": { "type": "Point", "coordinates": [ 136.64768, 36.32048, 0.0 ] } },
{ "type": "Feature", "properties": { "id": null, "Name": "10月", "description": "緯度経度: 36.337051,136.438999<br>時間: 19時25分<br>市町名: 小松市<br>場所: 戸津町<br>備考: 国道8号粟津IC付近を西側に向かって移動<br>頭数: 1頭<br>番号: 238<br>出没日: 2025.10.6", "timestamp": null, "begin": null, "end": null, "altitudeMode": null, "tessellate": -1, "extrude": 0, "visibility": -1, "drawOrder": null, "icon": null, "____________": "36.337051,136.438999", "______": "238.0", "_________": "2025.10.6" }, "geometry": { "type": "Point", "coordinates": [ 136.438999, 36.337051, 0.0 ] } },
{ "type": "Feature", "properties": { "id": null, "Name": "10月", "description": "緯度経度: 36.355866,136.452485<br>時間: 22時0分<br>市町名: 小松市<br>場所: 木場町<br>備考: 国道８号木場IC付近<br>頭数: 1頭<br>番号: 239<br>出没日: 2025.10.6", "timestamp": null, "begin": null, "end": null, "altitudeMode": null, "tessellate": -1, "extrude": 0, "visibility": -1, "drawOrder": null, "icon": null, "____________": "36.355866,136.452485", "______": "239.0", "_________": "2025.10.6" }, "geometry": { "type": "Point", "coordinates": [ 136.452485, 36.355866, 0.0 ] } },
{ "type": "Feature", "properties": { "id": null, "Name": "10月", "description": "緯度経度: 36.26633, 136.63858<br>時間: 0.375<br>市町名: 白山市<br>場所: 東二口<br>備考: 東二口地内（東二口第一トンネル付近）でクマの目撃<br>頭数: 3頭<br>番号: 240<br>出没日: 2025.10.7", "timestamp": null, "begin": null, "end": null, "altitudeMode": null, "tessellate": -1, "extrude": 0, "visibility": -1, "drawOrder": null, "icon": null, "____________": "36.26633, 136.63858", "______": "240.0", "_________": "2025.10.7" }, "geometry": { "type": "Point", "coordinates": [ 136.63858, 36.26633, 0.0 ] } },
{ "type": "Feature", "properties": { "id": null, "Name": "10月", "description": "緯度経度: 36.5520322,136.7129425<br>時間: 11時50分頃<br>市町名: 金沢市<br>場所: 東荒屋町<br>備考: 車で通行中に目撃<br>頭数: 1頭<br>番号: 241<br>出没日: 2025.10.7", "timestamp": null, "begin": null, "end": null, "altitudeMode": null, "tessellate": -1, "extrude": 0, "visibility": -1, "drawOrder": null, "icon": null, "____________": "36.5520322,136.7129425", "______": "241.0", "_________": "2025.10.7" }, "geometry": { "type": "Point", "coordinates": [ 136.7129425, 36.5520322, 0.0 ] } },
{ "type": "Feature", "properties": { "id": null, "Name": "10月", "description": "緯度経度: 36.5295064,136.7376244<br>時間: 16時10分頃<br>市町名: 金沢市<br>場所: 湯谷原町<br>備考: 車で通行中に目撃<br>頭数: 1頭<br>番号: 242<br>出没日: 2025.10.8", "timestamp": null, "begin": null, "end": null, "altitudeMode": null, "tessellate": -1, "extrude": 0, "visibility": -1, "drawOrder": null, "icon": null, "____________": "36.5295064,136.7376244", "______": "242.0", "_________": "2025.10.8" }, "geometry": { "type": "Point", "coordinates": [ 136.737624399999987, 36.5295064, 0.0 ] } },
{ "type": "Feature", "properties": { "id": null, "Name": "10月", "description": "緯度経度: 36.29253, 136.64408<br>時間: 0.6875<br>市町名: 白山市<br>場所: 瀬戸<br>備考: 瀬戸地内（国交省事務所裏の法面）でクマの目撃<br>頭数: 1頭<br>番号: 243<br>出没日: 2025.10.8", "timestamp": null, "begin": null, "end": null, "altitudeMode": null, "tessellate": -1, "extrude": 0, "visibility": -1, "drawOrder": null, "icon": null, "____________": "36.29253, 136.64408", "______": "243.0", "_________": "2025.10.8" }, "geometry": { "type": "Point", "coordinates": [ 136.64408, 36.29253, 0.0 ] } },
{ "type": "Feature", "properties": { "id": null, "Name": "10月", "description": "緯度経度: 36.296091701460725, 136.3173048126669<br>時間: 18時15分頃<br>市町名: 加賀市<br>場所: 白鳥町地内<br>備考: 白鳥町民会館付近でクマ1頭を目撃<br>頭数: 1頭<br>番号: 244<br>出没日: 2025.10.8", "timestamp": null, "begin": null, "end": null, "altitudeMode": null, "tessellate": -1, "extrude": 0, "visibility": -1, "drawOrder": null, "icon": null, "____________": "36.296091701460725, 136.3173048126669", "______": "244.0", "_________": "2025.10.8" }, "geometry": { "type": "Point", "coordinates": [ 136.317304812667004, 36.296091701460703, 0.0 ] } },
{ "type": "Feature", "properties": { "id": null, "Name": "10月", "description": "緯度経度: 36.297794084159705, 136.28364797406257<br>時間: 18時40分頃<br>市町名: 加賀市<br>場所: 三木町地内<br>備考: 三木町地内でクマ1頭を目撃<br>頭数: 1頭<br>番号: 245<br>出没日: 2025.10.8", "timestamp": null, "begin": null, "end": null, "altitudeMode": null, "tessellate": -1, "extrude": 0, "visibility": -1, "drawOrder": null, "icon": null, "____________": "36.297794084159705, 136.28364797406257", "______": "245.0", "_________": "2025.10.8" }, "geometry": { "type": "Point", "coordinates": [ 136.283647974063001, 36.297794084159698, 0.0 ] } },
{ "type": "Feature", "properties": { "id": null, "Name": "10月", "description": "緯度経度: 36.361923,136.493922<br>時間: 19時0分<br>市町名: 小松市<br>場所: 大野町<br>備考: 南東側に向かって移動<br>頭数: 1頭<br>番号: 246<br>出没日: 2025.10.8", "timestamp": null, "begin": null, "end": null, "altitudeMode": null, "tessellate": -1, "extrude": 0, "visibility": -1, "drawOrder": null, "icon": null, "____________": "36.361923,136.493922", "______": "246.0", "_________": "2025.10.8" }, "geometry": { "type": "Point", "coordinates": [ 136.493922, 36.361923, 0.0 ] } },
{ "type": "Feature", "properties": { "id": null, "Name": "10月", "description": "緯度経度: 36.92868464570347, 136.76300609037332<br>時間: 0.7013888889<br>市町名: 羽咋市<br>場所: 寺家町地内<br>備考: 寺家町地内（能登和楽の里付近）でクマ１頭を目撃<br>頭数: 1頭<br>番号: 247<br>出没日: 2025.10.10", "timestamp": null, "begin": null, "end": null, "altitudeMode": null, "tessellate": -1, "extrude": 0, "visibility": -1, "drawOrder": null, "icon": null, "____________": "36.92868464570347, 136.76300609037332", "______": "247.0", "_________": "2025.10.10" }, "geometry": { "type": "Point", "coordinates": [ 136.763006090373011, 36.928684645703498, 0.0 ] } },
{ "type": "Feature", "properties": { "id": null, "Name": "10月", "description": "緯度経度: 36.396223,136.50855<br>時間: 19時45分<br>市町名: 小松市<br>場所: 中海町<br>備考: 南東側に向かって移動、その後中学校方面に移動<br>頭数: 1頭<br>番号: 248<br>出没日: 2025.10.13", "timestamp": null, "begin": null, "end": null, "altitudeMode": null, "tessellate": -1, "extrude": 0, "visibility": -1, "drawOrder": null, "icon": null, "____________": "36.396223,136.50855", "______": "248.0", "_________": "2025.10.13" }, "geometry": { "type": "Point", "coordinates": [ 136.50855, 36.396223, 0.0 ] } },
{ "type": "Feature", "properties": { "id": null, "Name": "10月", "description": "緯度経度: 36.332349,136.436934<br>時間: 19時30分<br>市町名: 小松市<br>場所: 戸津町<br>備考: 山側（墓地より北）に向かって移動<br>頭数: 1頭<br>番号: 249<br>出没日: 2025.10.13", "timestamp": null, "begin": null, "end": null, "altitudeMode": null, "tessellate": -1, "extrude": 0, "visibility": -1, "drawOrder": null, "icon": null, "____________": "36.332349,136.436934", "______": "249.0", "_________": "2025.10.13" }, "geometry": { "type": "Point", "coordinates": [ 136.436934, 36.332349, 0.0 ] } }
]
}
