{
"type": "FeatureCollection",
"name": "ため池",
"crs": { "type": "name", "properties": { "name": "urn:ogc:def:crs:OGC:1.3:CRS84" } },
"features": [
{ "type": "Feature", "properties": { "name": "中堤", "(1)ｺｰﾄﾞ番": "172010001", "(2)読み": "なかつつみ", "県名": "石川県", "市町名": "金沢市", "住所": "牧山町" }, "geometry": { "type": "Point", "coordinates": [ 136.750555555555991, 36.576666666666704 ] } },
{ "type": "Feature", "properties": { "name": "峰ヶ城", "(1)ｺｰﾄﾞ番": "172010002", "(2)読み": "みねがじょう", "県名": "石川県", "市町名": "金沢市", "住所": "東原町" }, "geometry": { "type": "Point", "coordinates": [ 136.78861111111101, 36.591388888888901 ] } },
{ "type": "Feature", "properties": { "name": "峰ヶ城上", "(1)ｺｰﾄﾞ番": "172010003", "(2)読み": "みねがじょうかみ", "県名": "石川県", "市町名": "金沢市", "住所": "東原町" }, "geometry": { "type": "Point", "coordinates": [ 136.789444444444001, 36.591944444444401 ] } },
{ "type": "Feature", "properties": { "name": "谷田", "(1)ｺｰﾄﾞ番": "172010004", "(2)読み": "たにだ", "県名": "石川県", "市町名": "金沢市", "住所": "滝下町" }, "geometry": { "type": "Point", "coordinates": [ 136.781666666667007, 36.621388888888902 ] } },
{ "type": "Feature", "properties": { "name": "井口屋敷", "(1)ｺｰﾄﾞ番": "172010005", "(2)読み": "いのくちやしき", "県名": "石川県", "市町名": "金沢市", "住所": "滝下町" }, "geometry": { "type": "Point", "coordinates": [ 136.780833333332993, 36.621944444444402 ] } },
{ "type": "Feature", "properties": { "name": "八屋敷", "(1)ｺｰﾄﾞ番": "172010007", "(2)読み": "はちやしき", "県名": "石川県", "市町名": "金沢市", "住所": "中尾町" }, "geometry": { "type": "Point", "coordinates": [ 136.779722222222006, 36.621388888888902 ] } },
{ "type": "Feature", "properties": { "name": "新道の堤", "(1)ｺｰﾄﾞ番": "172010008", "(2)読み": "しんどうのつつみ", "県名": "石川県", "市町名": "金沢市", "住所": "加賀朝日町" }, "geometry": { "type": "Point", "coordinates": [ 136.761388888889002, 36.6255555555556 ] } },
{ "type": "Feature", "properties": { "name": "大谷", "(1)ｺｰﾄﾞ番": "172010009", "(2)読み": "おおたに", "県名": "石川県", "市町名": "金沢市", "住所": "塚崎町" }, "geometry": { "type": "Point", "coordinates": [ 136.692777777777991, 36.606111111111098 ] } },
{ "type": "Feature", "properties": { "name": "表堤", "(1)ｺｰﾄﾞ番": "172010010", "(2)読み": "おもてづつみ", "県名": "石川県", "市町名": "金沢市", "住所": "柚木町" }, "geometry": { "type": "Point", "coordinates": [ 136.754444444444005, 36.57 ] } },
{ "type": "Feature", "properties": { "name": "裏堤", "(1)ｺｰﾄﾞ番": "172010011", "(2)読み": "うらづつみ", "県名": "石川県", "市町名": "金沢市", "住所": "柚木町" }, "geometry": { "type": "Point", "coordinates": [ 136.754444444444005, 36.571944444444398 ] } },
{ "type": "Feature", "properties": { "name": "下堤", "(1)ｺｰﾄﾞ番": "172010012", "(2)読み": "しもづつみ", "県名": "石川県", "市町名": "金沢市", "住所": "不室町" }, "geometry": { "type": "Point", "coordinates": [ 136.753055555555989, 36.573888888888902 ] } },
{ "type": "Feature", "properties": { "name": "中堤", "(1)ｺｰﾄﾞ番": "172010013", "(2)読み": "なかつつみ", "県名": "石川県", "市町名": "金沢市", "住所": "不室町" }, "geometry": { "type": "Point", "coordinates": [ 136.751944444444007, 36.573055555555598 ] } },
{ "type": "Feature", "properties": { "name": "水上谷（上堤）", "(1)ｺｰﾄﾞ番": "172010014", "(2)読み": "みずかみたに（うえつつみ）", "県名": "石川県", "市町名": "金沢市", "住所": "牧山町" }, "geometry": { "type": "Point", "coordinates": [ 136.749444444444009, 36.5758333333333 ] } },
{ "type": "Feature", "properties": { "name": "栂尾池", "(1)ｺｰﾄﾞ番": "172010015", "(2)読み": "とがおいけ", "県名": "石川県", "市町名": "金沢市", "住所": "二俣町" }, "geometry": { "type": "Point", "coordinates": [ 136.771944444443989, 36.557777777777801 ] } },
{ "type": "Feature", "properties": { "name": "寺の下の堤", "(1)ｺｰﾄﾞ番": "172010016", "(2)読み": "てらのしたのつつみ", "県名": "石川県", "市町名": "金沢市", "住所": "直江野町" }, "geometry": { "type": "Point", "coordinates": [ 136.751972222222008, 36.584305555555602 ] } },
{ "type": "Feature", "properties": { "name": "西法寺の堤", "(1)ｺｰﾄﾞ番": "172010017", "(2)読み": "さいほうじのつつみ", "県名": "石川県", "市町名": "金沢市", "住所": "不動寺町" }, "geometry": { "type": "Point", "coordinates": [ 136.713888888888988, 36.607777777777798 ] } },
{ "type": "Feature", "properties": { "name": "西法寺奥堤", "(1)ｺｰﾄﾞ番": "172010018", "(2)読み": "さいほうじおくづつみ", "県名": "石川県", "市町名": "金沢市", "住所": "不動寺町" }, "geometry": { "type": "Point", "coordinates": [ 136.714444444444013, 36.608888888888899 ] } },
{ "type": "Feature", "properties": { "name": "東羅の堤", "(1)ｺｰﾄﾞ番": "172010019", "(2)読み": "とうらのつつみ", "県名": "石川県", "市町名": "金沢市", "住所": "鳴瀬元町" }, "geometry": { "type": "Point", "coordinates": [ 136.730555555556009, 36.6041666666667 ] } },
{ "type": "Feature", "properties": { "name": "ハザマの池", "(1)ｺｰﾄﾞ番": "172010020", "(2)読み": "はざまのいけ", "県名": "石川県", "市町名": "金沢市", "住所": "桐山町" }, "geometry": { "type": "Point", "coordinates": [ 136.739722222222014, 36.605555555555597 ] } },
{ "type": "Feature", "properties": { "name": "桜湖池", "(1)ｺｰﾄﾞ番": "172010021", "(2)読み": "さくらみずうみいけ", "県名": "石川県", "市町名": "金沢市", "住所": "今泉町" }, "geometry": { "type": "Point", "coordinates": [ 136.765, 36.617777777777803 ] } },
{ "type": "Feature", "properties": { "name": "向辻", "(1)ｺｰﾄﾞ番": "172010022", "(2)読み": "むかいつじ", "県名": "石川県", "市町名": "金沢市", "住所": "南千石町" }, "geometry": { "type": "Point", "coordinates": [ 136.772777777778003, 36.620638888888898 ] } },
{ "type": "Feature", "properties": { "name": "堂の尾池", "(1)ｺｰﾄﾞ番": "172010023", "(2)読み": "どうのおいけ", "県名": "石川県", "市町名": "金沢市", "住所": "松根町" }, "geometry": { "type": "Point", "coordinates": [ 136.778333333332995, 36.6169444444444 ] } },
{ "type": "Feature", "properties": { "name": "山本池", "(1)ｺｰﾄﾞ番": "172010024", "(2)読み": "やまもといけ", "県名": "石川県", "市町名": "金沢市", "住所": "土子原町" }, "geometry": { "type": "Point", "coordinates": [ 136.771083333332996, 36.610861111111099 ] } },
{ "type": "Feature", "properties": { "name": "村落", "(1)ｺｰﾄﾞ番": "172010025", "(2)読み": "むらおち", "県名": "石川県", "市町名": "金沢市", "住所": "琴坂町" }, "geometry": { "type": "Point", "coordinates": [ 136.769305555556002, 36.632194444444401 ] } },
{ "type": "Feature", "properties": { "name": "松木林", "(1)ｺｰﾄﾞ番": "172010026", "(2)読み": "まつきはやし", "県名": "石川県", "市町名": "金沢市", "住所": "琴町" }, "geometry": { "type": "Point", "coordinates": [ 136.776555555556001, 36.633138888888901 ] } },
{ "type": "Feature", "properties": { "name": "奥の田", "(1)ｺｰﾄﾞ番": "172010028", "(2)読み": "おくのた", "県名": "石川県", "市町名": "金沢市", "住所": "北千石町" }, "geometry": { "type": "Point", "coordinates": [ 136.76527777777801, 36.628333333333302 ] } },
{ "type": "Feature", "properties": { "name": "西の池", "(1)ｺｰﾄﾞ番": "172010029", "(2)読み": "にしのいけ", "県名": "石川県", "市町名": "金沢市", "住所": "北千石町" }, "geometry": { "type": "Point", "coordinates": [ 136.7675, 36.629444444444403 ] } },
{ "type": "Feature", "properties": { "name": "中島の堤", "(1)ｺｰﾄﾞ番": "172010030", "(2)読み": "なかしまのつつみ", "県名": "石川県", "市町名": "金沢市", "住所": "加賀朝日町" }, "geometry": { "type": "Point", "coordinates": [ 136.755944444443998, 36.622166666666701 ] } },
{ "type": "Feature", "properties": { "name": "村ノ池", "(1)ｺｰﾄﾞ番": "172010031", "(2)読み": "むらのいけ", "県名": "石川県", "市町名": "金沢市", "住所": "戸室新保" }, "geometry": { "type": "Point", "coordinates": [ 136.733888888888998, 36.5375 ] } },
{ "type": "Feature", "properties": { "name": "第１池", "(1)ｺｰﾄﾞ番": "172010032", "(2)読み": "だいいちいけ", "県名": "石川県", "市町名": "金沢市", "住所": "大菱池町" }, "geometry": { "type": "Point", "coordinates": [ 136.769083333332986, 36.528527777777803 ] } },
{ "type": "Feature", "properties": { "name": "第２池", "(1)ｺｰﾄﾞ番": "172010033", "(2)読み": "だいにいけ", "県名": "石川県", "市町名": "金沢市", "住所": "大菱池町" }, "geometry": { "type": "Point", "coordinates": [ 136.770666666667012, 36.527194444444397 ] } },
{ "type": "Feature", "properties": { "name": "高池", "(1)ｺｰﾄﾞ番": "172010034", "(2)読み": "たかいけ", "県名": "石川県", "市町名": "金沢市", "住所": "高池町" }, "geometry": { "type": "Point", "coordinates": [ 136.724722222221999, 36.515555555555601 ] } },
{ "type": "Feature", "properties": { "name": "葦池", "(1)ｺｰﾄﾞ番": "172010035", "(2)読み": "よしいけ", "県名": "石川県", "市町名": "金沢市", "住所": "高池町" }, "geometry": { "type": "Point", "coordinates": [ 136.725527777778012, 36.513833333333302 ] } },
{ "type": "Feature", "properties": { "name": "松ノ谷", "(1)ｺｰﾄﾞ番": "172010037", "(2)読み": "まつのたに", "県名": "石川県", "市町名": "金沢市", "住所": "小野町" }, "geometry": { "type": "Point", "coordinates": [ 136.73408333333299, 36.616055555555597 ] } },
{ "type": "Feature", "properties": { "name": "朝日谷", "(1)ｺｰﾄﾞ番": "172010038", "(2)読み": "あさひたに", "県名": "石川県", "市町名": "金沢市", "住所": "加賀朝日町" }, "geometry": { "type": "Point", "coordinates": [ 136.752861111111002, 36.625416666666702 ] } },
{ "type": "Feature", "properties": { "name": "ミチャクボ　", "(1)ｺｰﾄﾞ番": "172010039", "(2)読み": "みちゃくぼ", "県名": "石川県", "市町名": "金沢市", "住所": "榎尾町" }, "geometry": { "type": "Point", "coordinates": [ 136.749194444443987, 36.6328888888889 ] } },
{ "type": "Feature", "properties": { "name": "水上", "(1)ｺｰﾄﾞ番": "172010040", "(2)読み": "みずかみ", "県名": "石川県", "市町名": "金沢市", "住所": "利屋町" }, "geometry": { "type": "Point", "coordinates": [ 136.728833333333, 36.640833333333298 ] } },
{ "type": "Feature", "properties": { "name": "袋谷池", "(1)ｺｰﾄﾞ番": "172010042", "(2)読み": "ふくろたにいけ", "県名": "石川県", "市町名": "金沢市", "住所": "国見町" }, "geometry": { "type": "Point", "coordinates": [ 136.706972222221992, 36.4741944444444 ] } },
{ "type": "Feature", "properties": { "name": "一千松池", "(1)ｺｰﾄﾞ番": "172010043", "(2)読み": "いちせんまついけ", "県名": "石川県", "市町名": "金沢市", "住所": "鴛原町" }, "geometry": { "type": "Point", "coordinates": [ 136.718694444443997, 36.487305555555601 ] } },
{ "type": "Feature", "properties": { "name": "呑江池", "(1)ｺｰﾄﾞ番": "172010044", "(2)読み": "のみえいけ", "県名": "石川県", "市町名": "金沢市", "住所": "山川町" }, "geometry": { "type": "Point", "coordinates": [ 136.681111111110994, 36.498611111111103 ] } },
{ "type": "Feature", "properties": { "name": "西谷の池", "(1)ｺｰﾄﾞ番": "172010048", "(2)読み": "にしたにのいけ", "県名": "石川県", "市町名": "金沢市", "住所": "桐山町" }, "geometry": { "type": "Point", "coordinates": [ 136.736666666666991, 36.607416666666701 ] } },
{ "type": "Feature", "properties": { "name": "そうりん谷", "(1)ｺｰﾄﾞ番": "172010050", "(2)読み": "そうりんだに", "県名": "石川県", "市町名": "金沢市", "住所": "堀切町" }, "geometry": { "type": "Point", "coordinates": [ 136.760833333333011, 36.603166666666702 ] } },
{ "type": "Feature", "properties": { "name": "のり田", "(1)ｺｰﾄﾞ番": "172010051", "(2)読み": null, "県名": "石川県", "市町名": "金沢市", "住所": "堀切町" }, "geometry": { "type": "Point", "coordinates": [ 136.764194444444001, 36.604 ] } },
{ "type": "Feature", "properties": { "name": "大窪下の堤", "(1)ｺｰﾄﾞ番": "172010053", "(2)読み": "おおくぼしたのつつみ", "県名": "石川県", "市町名": "金沢市", "住所": "曲子原町" }, "geometry": { "type": "Point", "coordinates": [ 136.765444444444, 36.607555555555599 ] } },
{ "type": "Feature", "properties": { "name": "大窪上の堤", "(1)ｺｰﾄﾞ番": "172010054", "(2)読み": "おおくぼうえのつつみ", "県名": "石川県", "市町名": "金沢市", "住所": "曲子原町" }, "geometry": { "type": "Point", "coordinates": [ 136.765694444443994, 36.607944444444399 ] } },
{ "type": "Feature", "properties": { "name": "押こびの池", "(1)ｺｰﾄﾞ番": "172010055", "(2)読み": "おさえこびのいけ", "県名": "石川県", "市町名": "金沢市", "住所": "土子原町" }, "geometry": { "type": "Point", "coordinates": [ 136.76975, 36.60975 ] } },
{ "type": "Feature", "properties": { "name": "じょろぼう", "(1)ｺｰﾄﾞ番": "172010056", "(2)読み": "じょろぼう", "県名": "石川県", "市町名": "金沢市", "住所": "土子原町" }, "geometry": { "type": "Point", "coordinates": [ 136.767138888889008, 36.6116666666667 ] } },
{ "type": "Feature", "properties": { "name": "堂田", "(1)ｺｰﾄﾞ番": "172010057", "(2)読み": "どうだ", "県名": "石川県", "市町名": "金沢市", "住所": "松根町" }, "geometry": { "type": "Point", "coordinates": [ 136.77669444444399, 36.6165 ] } },
{ "type": "Feature", "properties": { "name": "天井池", "(1)ｺｰﾄﾞ番": "172010058", "(2)読み": "てんじょういけ", "県名": "石川県", "市町名": "金沢市", "住所": "松根町" }, "geometry": { "type": "Point", "coordinates": [ 136.775833333332997, 36.613333333333301 ] } },
{ "type": "Feature", "properties": { "name": "池のかしら", "(1)ｺｰﾄﾞ番": "172010059", "(2)読み": null, "県名": "石川県", "市町名": "金沢市", "住所": "松根町" }, "geometry": { "type": "Point", "coordinates": [ 136.778833333333012, 36.614638888888898 ] } },
{ "type": "Feature", "properties": { "name": "泉高", "(1)ｺｰﾄﾞ番": "172010060", "(2)読み": "いずみだか", "県名": "石川県", "市町名": "金沢市", "住所": "松根町" }, "geometry": { "type": "Point", "coordinates": [ 136.776111111110993, 36.613888888888901 ] } },
{ "type": "Feature", "properties": { "name": "くじみん", "(1)ｺｰﾄﾞ番": "172010061", "(2)読み": null, "県名": "石川県", "市町名": "金沢市", "住所": "松根町" }, "geometry": { "type": "Point", "coordinates": [ 136.774944444444003, 36.616 ] } },
{ "type": "Feature", "properties": { "name": "一本の池", "(1)ｺｰﾄﾞ番": "172010062", "(2)読み": "いっぽんのいけ", "県名": "石川県", "市町名": "金沢市", "住所": "俵原町" }, "geometry": { "type": "Point", "coordinates": [ 136.763333333333009, 36.629444444444403 ] } },
{ "type": "Feature", "properties": { "name": "クボクの池", "(1)ｺｰﾄﾞ番": "172010063", "(2)読み": "くぼくのいけ", "県名": "石川県", "市町名": "金沢市", "住所": "俵原町" }, "geometry": { "type": "Point", "coordinates": [ 136.757388888889011, 36.6290277777778 ] } },
{ "type": "Feature", "properties": { "name": "水上", "(1)ｺｰﾄﾞ番": "172010064", "(2)読み": "みずかみ", "県名": "石川県", "市町名": "金沢市", "住所": "中尾町" }, "geometry": { "type": "Point", "coordinates": [ 136.77425, 36.624305555555601 ] } },
{ "type": "Feature", "properties": { "name": "南屋敷", "(1)ｺｰﾄﾞ番": "172010065", "(2)読み": "みなみやしき", "県名": "石川県", "市町名": "金沢市", "住所": "中尾町" }, "geometry": { "type": "Point", "coordinates": [ 136.780472222221988, 36.6185277777778 ] } },
{ "type": "Feature", "properties": { "name": "助保", "(1)ｺｰﾄﾞ番": "172010066", "(2)読み": "すけやす", "県名": "石川県", "市町名": "金沢市", "住所": "中尾町" }, "geometry": { "type": "Point", "coordinates": [ 136.7815, 36.619916666666697 ] } },
{ "type": "Feature", "properties": { "name": "細尾の池", "(1)ｺｰﾄﾞ番": "172010069", "(2)読み": "ほそおのいけ", "県名": "石川県", "市町名": "金沢市", "住所": "上平町" }, "geometry": { "type": "Point", "coordinates": [ 136.78333333333299, 36.629444444444403 ] } },
{ "type": "Feature", "properties": { "name": "焼谷の池", "(1)ｺｰﾄﾞ番": "172010070", "(2)読み": "やけたにのいけ", "県名": "石川県", "市町名": "金沢市", "住所": "上平町" }, "geometry": { "type": "Point", "coordinates": [ 136.777944444443989, 36.626888888888899 ] } },
{ "type": "Feature", "properties": { "name": "砂野の池", "(1)ｺｰﾄﾞ番": "172010071", "(2)読み": "すなはしのいけ", "県名": "石川県", "市町名": "金沢市", "住所": "上平町" }, "geometry": { "type": "Point", "coordinates": [ 136.781611111111005, 36.627666666666698 ] } },
{ "type": "Feature", "properties": { "name": "中舟の池", "(1)ｺｰﾄﾞ番": "172010072", "(2)読み": "なかふねのいけ", "県名": "石川県", "市町名": "金沢市", "住所": "上平町" }, "geometry": { "type": "Point", "coordinates": [ 136.78225, 36.629055555555603 ] } },
{ "type": "Feature", "properties": { "name": "西浦の池", "(1)ｺｰﾄﾞ番": "172010073", "(2)読み": "にしうらのいけ", "県名": "石川県", "市町名": "金沢市", "住所": "上平町" }, "geometry": { "type": "Point", "coordinates": [ 136.77388888888899, 36.627416666666697 ] } },
{ "type": "Feature", "properties": { "name": "ニッサ", "(1)ｺｰﾄﾞ番": "172010074", "(2)読み": "にっさ", "県名": "石川県", "市町名": "金沢市", "住所": "琴坂町二39番" }, "geometry": { "type": "Point", "coordinates": [ 136.766166666667004, 36.630611111111101 ] } },
{ "type": "Feature", "properties": { "name": "馬々田", "(1)ｺｰﾄﾞ番": "172010075", "(2)読み": "ばばた", "県名": "石川県", "市町名": "金沢市", "住所": "琴坂町" }, "geometry": { "type": "Point", "coordinates": [ 136.769416666667013, 36.633888888888897 ] } },
{ "type": "Feature", "properties": { "name": "うらむき", "(1)ｺｰﾄﾞ番": "172010076", "(2)読み": "うらむき", "県名": "石川県", "市町名": "金沢市", "住所": "加賀朝日町" }, "geometry": { "type": "Point", "coordinates": [ 136.755972222221999, 36.624888888888897 ] } },
{ "type": "Feature", "properties": { "name": "ほんのち", "(1)ｺｰﾄﾞ番": "172010077", "(2)読み": "ほんのち", "県名": "石川県", "市町名": "金沢市", "住所": "加賀朝日町" }, "geometry": { "type": "Point", "coordinates": [ 136.752861111111002, 36.6205 ] } },
{ "type": "Feature", "properties": { "name": "むね", "(1)ｺｰﾄﾞ番": "172010078", "(2)読み": "むね", "県名": "石川県", "市町名": "金沢市", "住所": "加賀朝日町" }, "geometry": { "type": "Point", "coordinates": [ 136.751361111111009, 36.618194444444399 ] } },
{ "type": "Feature", "properties": { "name": "堂の後", "(1)ｺｰﾄﾞ番": "172010079", "(2)読み": "どうのうしろ", "県名": "石川県", "市町名": "金沢市", "住所": "加賀朝日町" }, "geometry": { "type": "Point", "coordinates": [ 136.755916666666991, 36.621416666666697 ] } },
{ "type": "Feature", "properties": { "name": "谷屋敷", "(1)ｺｰﾄﾞ番": "172010080", "(2)読み": "たにやしき", "県名": "石川県", "市町名": "金沢市", "住所": "加賀朝日町" }, "geometry": { "type": "Point", "coordinates": [ 136.755833333332987, 36.622916666666697 ] } },
{ "type": "Feature", "properties": { "name": "かまだ", "(1)ｺｰﾄﾞ番": "172010081", "(2)読み": "かまだ", "県名": "石川県", "市町名": "金沢市", "住所": "加賀朝日町" }, "geometry": { "type": "Point", "coordinates": [ 136.752361111110986, 36.623416666666699 ] } },
{ "type": "Feature", "properties": { "name": "吉谷の堤", "(1)ｺｰﾄﾞ番": "172010082", "(2)読み": "よしたにのつつみ", "県名": "石川県", "市町名": "金沢市", "住所": "南千谷町" }, "geometry": { "type": "Point", "coordinates": [ 136.769444444443991, 36.620833333333302 ] } },
{ "type": "Feature", "properties": { "name": "長田の堤", "(1)ｺｰﾄﾞ番": "172010083", "(2)読み": "ながたのつつみ", "県名": "石川県", "市町名": "金沢市", "住所": "南千谷町" }, "geometry": { "type": "Point", "coordinates": [ 136.768888888888995, 36.621944444444402 ] } },
{ "type": "Feature", "properties": { "name": "幡の池", "(1)ｺｰﾄﾞ番": "172010084", "(2)読み": "はたのいけ", "県名": "石川県", "市町名": "金沢市", "住所": "滝下町" }, "geometry": { "type": "Point", "coordinates": [ 136.782777777777994, 36.625194444444404 ] } },
{ "type": "Feature", "properties": { "name": "小幡の池", "(1)ｺｰﾄﾞ番": "172010085", "(2)読み": "おはたのいけ", "県名": "石川県", "市町名": "金沢市", "住所": "滝下町" }, "geometry": { "type": "Point", "coordinates": [ 136.78241666666699, 36.625305555555599 ] } },
{ "type": "Feature", "properties": { "name": "焼谷の池", "(1)ｺｰﾄﾞ番": "172010087", "(2)読み": "やきたにのいけ", "県名": "石川県", "市町名": "金沢市", "住所": "滝下町" }, "geometry": { "type": "Point", "coordinates": [ 136.781472222221993, 36.623416666666699 ] } },
{ "type": "Feature", "properties": { "name": "竹の越", "(1)ｺｰﾄﾞ番": "172010088", "(2)読み": "たけのこし", "県名": "石川県", "市町名": "金沢市", "住所": "滝下町" }, "geometry": { "type": "Point", "coordinates": [ 136.782666666667012, 36.621166666666703 ] } },
{ "type": "Feature", "properties": { "name": "やすが谷堤", "(1)ｺｰﾄﾞ番": "172010089", "(2)読み": "やすがたにつつみ", "県名": "石川県", "市町名": "金沢市", "住所": "直江野町" }, "geometry": { "type": "Point", "coordinates": [ 136.75275, 36.585333333333303 ] } },
{ "type": "Feature", "properties": { "name": "吉ノ谷堤", "(1)ｺｰﾄﾞ番": "172010090", "(2)読み": "きちのたにづつみ", "県名": "石川県", "市町名": "金沢市", "住所": "直江野町" }, "geometry": { "type": "Point", "coordinates": [ 136.753055555555989, 36.588055555555599 ] } },
{ "type": "Feature", "properties": { "name": "空堤", "(1)ｺｰﾄﾞ番": "172010091", "(2)読み": "そらづつみ", "県名": "石川県", "市町名": "金沢市", "住所": "納年町" }, "geometry": { "type": "Point", "coordinates": [ 136.754722222222, 36.584444444444401 ] } },
{ "type": "Feature", "properties": { "name": "下堤", "(1)ｺｰﾄﾞ番": "172010092", "(2)読み": "しもづつみ", "県名": "石川県", "市町名": "金沢市", "住所": "納年町" }, "geometry": { "type": "Point", "coordinates": [ 136.754166666667004, 36.5838888888889 ] } },
{ "type": "Feature", "properties": { "name": "二ノ谷ノ堤", "(1)ｺｰﾄﾞ番": "172010093", "(2)読み": "にのたにのつつみ", "県名": "石川県", "市町名": "金沢市", "住所": "車町" }, "geometry": { "type": "Point", "coordinates": [ 136.746, 36.583472222222198 ] } },
{ "type": "Feature", "properties": { "name": "堂田尾ノ堤", "(1)ｺｰﾄﾞ番": "172010094", "(2)読み": "どうだおのつつみ", "県名": "石川県", "市町名": "金沢市", "住所": "車町" }, "geometry": { "type": "Point", "coordinates": [ 136.742083333332999, 36.589972222222201 ] } },
{ "type": "Feature", "properties": { "name": "牛窪の池", "(1)ｺｰﾄﾞ番": "172010095", "(2)読み": "うしくぼのいけ", "県名": "石川県", "市町名": "金沢市", "住所": "清水谷町" }, "geometry": { "type": "Point", "coordinates": [ 136.765555555556006, 36.588611111111099 ] } },
{ "type": "Feature", "properties": { "name": "水上ノ下堤", "(1)ｺｰﾄﾞ番": "172010096", "(2)読み": "すいじょうのしもづつみ", "県名": "石川県", "市町名": "金沢市", "住所": "牧山町" }, "geometry": { "type": "Point", "coordinates": [ 136.751666666667006, 36.5769444444445 ] } },
{ "type": "Feature", "properties": { "name": "東羅", "(1)ｺｰﾄﾞ番": "172010097", "(2)読み": "とうら", "県名": "石川県", "市町名": "金沢市", "住所": "鳴瀬元町" }, "geometry": { "type": "Point", "coordinates": [ 136.728861111111001, 36.603416666666703 ] } },
{ "type": "Feature", "properties": { "name": "上野の下堤", "(1)ｺｰﾄﾞ番": "172010098", "(2)読み": "うえののしもづつみ", "県名": "石川県", "市町名": "金沢市", "住所": "宮野町" }, "geometry": { "type": "Point", "coordinates": [ 136.734444444443994, 36.598055555555597 ] } },
{ "type": "Feature", "properties": { "name": "ばんばの池　", "(1)ｺｰﾄﾞ番": "172010099", "(2)読み": "ばんばのいけ", "県名": "石川県", "市町名": "金沢市", "住所": "四坊高坂町" }, "geometry": { "type": "Point", "coordinates": [ 136.715527777777993, 36.624111111111098 ] } },
{ "type": "Feature", "properties": { "name": "小池", "(1)ｺｰﾄﾞ番": "172010100", "(2)読み": "おいけ", "県名": "石川県", "市町名": "金沢市", "住所": "小池町" }, "geometry": { "type": "Point", "coordinates": [ 136.744166666667013, 36.613333333333301 ] } },
{ "type": "Feature", "properties": { "name": "丸山池", "(1)ｺｰﾄﾞ番": "172010101", "(2)読み": "まるやまいけ", "県名": "石川県", "市町名": "金沢市", "住所": "小池町" }, "geometry": { "type": "Point", "coordinates": [ 136.742527777778008, 36.615 ] } },
{ "type": "Feature", "properties": { "name": "なむ池", "(1)ｺｰﾄﾞ番": "172010102", "(2)読み": "なむいけ", "県名": "石川県", "市町名": "金沢市", "住所": "小池町" }, "geometry": { "type": "Point", "coordinates": [ 136.748222222222012, 36.610944444444399 ] } },
{ "type": "Feature", "properties": { "name": "水上池", "(1)ｺｰﾄﾞ番": "172010103", "(2)読み": "みずかみいけ", "県名": "石川県", "市町名": "金沢市", "住所": "小池町" }, "geometry": { "type": "Point", "coordinates": [ 136.745, 36.616027777777802 ] } },
{ "type": "Feature", "properties": { "name": "福畠ノ池", "(1)ｺｰﾄﾞ番": "172010104", "(2)読み": "ふくばたけのいけ", "県名": "石川県", "市町名": "金沢市", "住所": "福畠町" }, "geometry": { "type": "Point", "coordinates": [ 136.732222222221992, 36.618333333333297 ] } },
{ "type": "Feature", "properties": { "name": "キトロ池", "(1)ｺｰﾄﾞ番": "172010105", "(2)読み": "きとろいけ", "県名": "石川県", "市町名": "金沢市", "住所": "今泉町" }, "geometry": { "type": "Point", "coordinates": [ 136.763055555556008, 36.619333333333302 ] } },
{ "type": "Feature", "properties": { "name": "丸山ノ池", "(1)ｺｰﾄﾞ番": "172010106", "(2)読み": "まるやまのいけ", "県名": "石川県", "市町名": "金沢市", "住所": "今泉町" }, "geometry": { "type": "Point", "coordinates": [ 136.773277777777992, 36.620277777777801 ] } },
{ "type": "Feature", "properties": { "name": "小谷池", "(1)ｺｰﾄﾞ番": "172010107", "(2)読み": "おたにいけ", "県名": "石川県", "市町名": "金沢市", "住所": "今泉町" }, "geometry": { "type": "Point", "coordinates": [ 136.768194444443992, 36.618222222222201 ] } },
{ "type": "Feature", "properties": { "name": "峠ノ池", "(1)ｺｰﾄﾞ番": "172010109", "(2)読み": "とうげのいけ", "県名": "石川県", "市町名": "金沢市", "住所": "今泉町" }, "geometry": { "type": "Point", "coordinates": [ 136.778777777778004, 36.618833333333299 ] } },
{ "type": "Feature", "properties": { "name": "森田ノ池", "(1)ｺｰﾄﾞ番": "172010110", "(2)読み": "もりたのいけ", "県名": "石川県", "市町名": "金沢市", "住所": "今泉町" }, "geometry": { "type": "Point", "coordinates": [ 136.769777777777989, 36.61475 ] } },
{ "type": "Feature", "properties": { "name": "金間池", "(1)ｺｰﾄﾞ番": "172010111", "(2)読み": "きんまいけ", "県名": "石川県", "市町名": "金沢市", "住所": "今泉町" }, "geometry": { "type": "Point", "coordinates": [ 136.771944444443989, 36.614444444444402 ] } },
{ "type": "Feature", "properties": { "name": "村ノ池", "(1)ｺｰﾄﾞ番": "172010112", "(2)読み": null, "県名": "石川県", "市町名": "金沢市", "住所": "地代町" }, "geometry": { "type": "Point", "coordinates": [ 136.742138888889002, 36.624111111111098 ] } },
{ "type": "Feature", "properties": { "name": "高尾の池", "(1)ｺｰﾄﾞ番": "172010113", "(2)読み": "たかおのいけ", "県名": "石川県", "市町名": "金沢市", "住所": "竹又町" }, "geometry": { "type": "Point", "coordinates": [ 136.773055555555999, 36.603333333333303 ] } },
{ "type": "Feature", "properties": { "name": "高尾の池2", "(1)ｺｰﾄﾞ番": "172010114", "(2)読み": "たかおのいけ2", "県名": "石川県", "市町名": "金沢市", "住所": "竹又町" }, "geometry": { "type": "Point", "coordinates": [ 136.7725, 36.604444444444397 ] } },
{ "type": "Feature", "properties": { "name": "高尾の池３", "(1)ｺｰﾄﾞ番": "172010115", "(2)読み": "たかおのいけ3", "県名": "石川県", "市町名": "金沢市", "住所": "竹又町" }, "geometry": { "type": "Point", "coordinates": [ 136.771444444444001, 36.605444444444402 ] } },
{ "type": "Feature", "properties": { "name": "峯城ノ横", "(1)ｺｰﾄﾞ番": "172010116", "(2)読み": "みねじょうのよこ", "県名": "石川県", "市町名": "金沢市", "住所": "東原町ロ－24" }, "geometry": { "type": "Point", "coordinates": [ 136.788638888889011, 36.591944444444401 ] } },
{ "type": "Feature", "properties": { "name": "赤坂", "(1)ｺｰﾄﾞ番": "172010117", "(2)読み": "あかさか", "県名": "石川県", "市町名": "金沢市", "住所": "東原町" }, "geometry": { "type": "Point", "coordinates": [ 136.787888888889, 36.5894166666667 ] } },
{ "type": "Feature", "properties": { "name": "ゾウド", "(1)ｺｰﾄﾞ番": "172010118", "(2)読み": "ぞうど", "県名": "石川県", "市町名": "金沢市", "住所": "東原町" }, "geometry": { "type": "Point", "coordinates": [ 136.781, 36.5872777777778 ] } },
{ "type": "Feature", "properties": { "name": "小倉ノ池", "(1)ｺｰﾄﾞ番": "172010119", "(2)読み": "おぐらのいけ", "県名": "石川県", "市町名": "金沢市", "住所": "東原町" }, "geometry": { "type": "Point", "coordinates": [ 136.776027777778012, 36.583388888888898 ] } },
{ "type": "Feature", "properties": { "name": "登立ノ池", "(1)ｺｰﾄﾞ番": "172010120", "(2)読み": "とうたちのいけ", "県名": "石川県", "市町名": "金沢市", "住所": "水元町" }, "geometry": { "type": "Point", "coordinates": [ 136.79025, 36.583361111111103 ] } },
{ "type": "Feature", "properties": { "name": "イヌクグリの池", "(1)ｺｰﾄﾞ番": "172010121", "(2)読み": "いぬくぐりのいけ", "県名": "石川県", "市町名": "金沢市", "住所": "水元町" }, "geometry": { "type": "Point", "coordinates": [ 136.791527777777986, 36.573638888888901 ] } },
{ "type": "Feature", "properties": { "name": "細窪ノ池", "(1)ｺｰﾄﾞ番": "172010122", "(2)読み": "ほそくぼのいけ", "県名": "石川県", "市町名": "金沢市", "住所": "水元町" }, "geometry": { "type": "Point", "coordinates": [ 136.788694444443991, 36.575694444444402 ] } },
{ "type": "Feature", "properties": { "name": "虫が谷池", "(1)ｺｰﾄﾞ番": "172010124", "(2)読み": "むしがたにいけ", "県名": "石川県", "市町名": "金沢市", "住所": "千杉町" }, "geometry": { "type": "Point", "coordinates": [ 136.748888888889013, 36.626944444444398 ] } },
{ "type": "Feature", "properties": { "name": "じょうず田", "(1)ｺｰﾄﾞ番": "172010125", "(2)読み": "じょうずだ", "県名": "石川県", "市町名": "金沢市", "住所": "千杉町" }, "geometry": { "type": "Point", "coordinates": [ 136.747638888889014, 36.624638888888903 ] } },
{ "type": "Feature", "properties": { "name": "金津", "(1)ｺｰﾄﾞ番": "172010128", "(2)読み": "かなづ", "県名": "石川県", "市町名": "金沢市", "住所": "小野町" }, "geometry": { "type": "Point", "coordinates": [ 136.735555555556004, 36.617777777777803 ] } },
{ "type": "Feature", "properties": { "name": "杉田の池", "(1)ｺｰﾄﾞ番": "172010132", "(2)読み": "すぎたのいけ", "県名": "石川県", "市町名": "金沢市", "住所": "榎尾町" }, "geometry": { "type": "Point", "coordinates": [ 136.742388888888996, 36.631805555555601 ] } },
{ "type": "Feature", "properties": { "name": "野代谷内の池", "(1)ｺｰﾄﾞ番": "172010133", "(2)読み": "のしろやちのいけ", "県名": "石川県", "市町名": "金沢市", "住所": "朝日牧町" }, "geometry": { "type": "Point", "coordinates": [ 136.759333333332989, 36.615305555555601 ] } },
{ "type": "Feature", "properties": { "name": "しょうぶき池", "(1)ｺｰﾄﾞ番": "172010134", "(2)読み": "しょうぶきいけ", "県名": "石川県", "市町名": "金沢市", "住所": "朝日牧町" }, "geometry": { "type": "Point", "coordinates": [ 136.762222222221993, 36.6175 ] } },
{ "type": "Feature", "properties": { "name": "出口の池", "(1)ｺｰﾄﾞ番": "172010135", "(2)読み": "でぐちのいけ", "県名": "石川県", "市町名": "金沢市", "住所": "朝日牧町" }, "geometry": { "type": "Point", "coordinates": [ 136.75927777777801, 36.616277777777803 ] } },
{ "type": "Feature", "properties": { "name": "水上の池", "(1)ｺｰﾄﾞ番": "172010136", "(2)読み": "みずかみのいけ", "県名": "石川県", "市町名": "金沢市", "住所": "朝日牧町" }, "geometry": { "type": "Point", "coordinates": [ 136.759666666666988, 36.617333333333299 ] } },
{ "type": "Feature", "properties": { "name": "北川の池", "(1)ｺｰﾄﾞ番": "172010137", "(2)読み": null, "県名": "石川県", "市町名": "金沢市", "住所": "利屋町" }, "geometry": { "type": "Point", "coordinates": [ 136.728277777778004, 36.642527777777801 ] } },
{ "type": "Feature", "properties": { "name": "大堤", "(1)ｺｰﾄﾞ番": "172010138", "(2)読み": "おおつつみ", "県名": "石川県", "市町名": "金沢市", "住所": "月影町" }, "geometry": { "type": "Point", "coordinates": [ 136.713055555555997, 36.629166666666698 ] } },
{ "type": "Feature", "properties": { "name": "大堤", "(1)ｺｰﾄﾞ番": "172010139", "(2)読み": "おおつつみ", "県名": "石川県", "市町名": "金沢市", "住所": "花園八幡町" }, "geometry": { "type": "Point", "coordinates": [ 136.72202777777801, 36.63075 ] } },
{ "type": "Feature", "properties": { "name": "小堤", "(1)ｺｰﾄﾞ番": "172010140", "(2)読み": "しょうつつみ", "県名": "石川県", "市町名": "金沢市", "住所": "花園八幡町" }, "geometry": { "type": "Point", "coordinates": [ 136.718333333332993, 36.62925 ] } },
{ "type": "Feature", "properties": { "name": "古谷内の堤", "(1)ｺｰﾄﾞ番": "172010141", "(2)読み": "ふるやないのつつみ", "県名": "石川県", "市町名": "金沢市", "住所": "梅田町" }, "geometry": { "type": "Point", "coordinates": [ 136.711111111110995, 36.623333333333299 ] } },
{ "type": "Feature", "properties": { "name": "ノタクボの堤", "(1)ｺｰﾄﾞ番": "172010144", "(2)読み": "のたくぼのつつみ", "県名": "石川県", "市町名": "金沢市", "住所": "清水町" }, "geometry": { "type": "Point", "coordinates": [ 136.747777777777998, 36.544166666666698 ] } },
{ "type": "Feature", "properties": { "name": "南原溜池", "(1)ｺｰﾄﾞ番": "172010145", "(2)読み": "なんばらためいけ", "県名": "石川県", "市町名": "金沢市", "住所": "清水町" }, "geometry": { "type": "Point", "coordinates": [ 136.744444444444014, 36.541388888888903 ] } },
{ "type": "Feature", "properties": { "name": "どす谷池", "(1)ｺｰﾄﾞ番": "172010148", "(2)読み": "どすたにいけ", "県名": "石川県", "市町名": "金沢市", "住所": "湯涌田子島町" }, "geometry": { "type": "Point", "coordinates": [ 136.750666666667001, 36.480888888888899 ] } },
{ "type": "Feature", "properties": { "name": "小原尾池", "(1)ｺｰﾄﾞ番": "172010149", "(2)読み": "おはらおいけ", "県名": "石川県", "市町名": "金沢市", "住所": "菱池小原町" }, "geometry": { "type": "Point", "coordinates": [ 136.768416666667008, 36.512638888888901 ] } },
{ "type": "Feature", "properties": { "name": "天の池", "(1)ｺｰﾄﾞ番": "172010150", "(2)読み": "てんのいけ", "県名": "石川県", "市町名": "金沢市", "住所": "戸室別所" }, "geometry": { "type": "Point", "coordinates": [ 136.741944444443988, 36.533611111111099 ] } },
{ "type": "Feature", "properties": { "name": "かれご池", "(1)ｺｰﾄﾞ番": "172010151", "(2)読み": "かれごいけ", "県名": "石川県", "市町名": "金沢市", "住所": "戸室新保" }, "geometry": { "type": "Point", "coordinates": [ 136.739166666666989, 36.538611111111102 ] } },
{ "type": "Feature", "properties": { "name": "北村の池", "(1)ｺｰﾄﾞ番": "172010152", "(2)読み": "きたむらのいけ", "県名": "石川県", "市町名": "金沢市", "住所": "戸室新保" }, "geometry": { "type": "Point", "coordinates": [ 136.734138888888992, 36.534972222222201 ] } },
{ "type": "Feature", "properties": { "name": "別所の池", "(1)ｺｰﾄﾞ番": "172010153", "(2)読み": "べっしょのいけ", "県名": "石川県", "市町名": "金沢市", "住所": "戸室新保" }, "geometry": { "type": "Point", "coordinates": [ 136.735861111111006, 36.534361111111103 ] } },
{ "type": "Feature", "properties": { "name": "坂野池", "(1)ｺｰﾄﾞ番": "172010154", "(2)読み": "さかのいけ", "県名": "石川県", "市町名": "金沢市", "住所": "七曲町" }, "geometry": { "type": "Point", "coordinates": [ 136.716555555555999, 36.506888888888902 ] } },
{ "type": "Feature", "properties": { "name": "かまん谷の堤（下の堤）", "(1)ｺｰﾄﾞ番": "172010155", "(2)読み": "かまんたにのつつみ（したのつつみ）", "県名": "石川県", "市町名": "金沢市", "住所": "中山町" }, "geometry": { "type": "Point", "coordinates": [ 136.719722222222003, 36.535 ] } },
{ "type": "Feature", "properties": { "name": "かまん谷の堤（上の堤）", "(1)ｺｰﾄﾞ番": "172010156", "(2)読み": "かまんたにのつつみ（うえのつつみ）", "県名": "石川県", "市町名": "金沢市", "住所": "中山町" }, "geometry": { "type": "Point", "coordinates": [ 136.721111111110986, 36.535 ] } },
{ "type": "Feature", "properties": { "name": "二枚田の堤", "(1)ｺｰﾄﾞ番": "172010157", "(2)読み": "にまいたのつつみ", "県名": "石川県", "市町名": "金沢市", "住所": "中山町" }, "geometry": { "type": "Point", "coordinates": [ 136.723888888889007, 36.538055555555601 ] } },
{ "type": "Feature", "properties": { "name": "俵の大池", "(1)ｺｰﾄﾞ番": "172010158", "(2)読み": "たわらのおおいけ", "県名": "石川県", "市町名": "金沢市", "住所": "俵町" }, "geometry": { "type": "Point", "coordinates": [ 136.73, 36.531944444444399 ] } },
{ "type": "Feature", "properties": { "name": "見上の池", "(1)ｺｰﾄﾞ番": "172010159", "(2)読み": "みかみのいけ", "県名": "石川県", "市町名": "金沢市", "住所": "菱池町" }, "geometry": { "type": "Point", "coordinates": [ 136.760777777778003, 36.524666666666697 ] } },
{ "type": "Feature", "properties": { "name": "下の池", "(1)ｺｰﾄﾞ番": "172010160", "(2)読み": "したのいけ", "県名": "石川県", "市町名": "金沢市", "住所": "蓮如町" }, "geometry": { "type": "Point", "coordinates": [ 136.734166666666994, 36.516388888888898 ] } },
{ "type": "Feature", "properties": { "name": "上の池", "(1)ｺｰﾄﾞ番": "172010161", "(2)読み": "うえのいけ", "県名": "石川県", "市町名": "金沢市", "住所": "蓮如町" }, "geometry": { "type": "Point", "coordinates": [ 136.735555555556004, 36.515555555555601 ] } },
{ "type": "Feature", "properties": { "name": "前坂", "(1)ｺｰﾄﾞ番": "172010162", "(2)読み": "まえさか", "県名": "石川県", "市町名": "金沢市", "住所": "平等本町" }, "geometry": { "type": "Point", "coordinates": [ 136.732222222221992, 36.518888888888902 ] } },
{ "type": "Feature", "properties": { "name": "放牧場", "(1)ｺｰﾄﾞ番": "172010163", "(2)読み": "ほうぼくじょう", "県名": "石川県", "市町名": "金沢市", "住所": "平等本町" }, "geometry": { "type": "Point", "coordinates": [ 136.747222222222007, 36.522777777777797 ] } },
{ "type": "Feature", "properties": { "name": "池割池　", "(1)ｺｰﾄﾞ番": "172010165", "(2)読み": "いけわりいけ", "県名": "石川県", "市町名": "金沢市", "住所": "若松町" }, "geometry": { "type": "Point", "coordinates": [ 136.694805555556002, 36.556472222222197 ] } },
{ "type": "Feature", "properties": { "name": "奥の池", "(1)ｺｰﾄﾞ番": "172010168", "(2)読み": "おくのいけ", "県名": "石川県", "市町名": "金沢市", "住所": "国見町" }, "geometry": { "type": "Point", "coordinates": [ 136.70883333333299, 36.467138888888897 ] } },
{ "type": "Feature", "properties": { "name": "中の池", "(1)ｺｰﾄﾞ番": "172010169", "(2)読み": "なかのいけ", "県名": "石川県", "市町名": "金沢市", "住所": "国見町" }, "geometry": { "type": "Point", "coordinates": [ 136.706388888888995, 36.468333333333298 ] } },
{ "type": "Feature", "properties": { "name": "殿畑の溜池", "(1)ｺｰﾄﾞ番": "172010170", "(2)読み": "とのはたのいけ", "県名": "石川県", "市町名": "金沢市", "住所": "平町" }, "geometry": { "type": "Point", "coordinates": [ 136.701, 36.479666666666702 ] } },
{ "type": "Feature", "properties": { "name": "軍の木原池", "(1)ｺｰﾄﾞ番": "172010171", "(2)読み": "ぐんのきはらいけ", "県名": "石川県", "市町名": "金沢市", "住所": "鴛原町" }, "geometry": { "type": "Point", "coordinates": [ 136.718333333332993, 36.484166666666702 ] } },
{ "type": "Feature", "properties": { "name": "長山池", "(1)ｺｰﾄﾞ番": "172010172", "(2)読み": "ながやまいけ", "県名": "石川県", "市町名": "金沢市", "住所": "鴛原町" }, "geometry": { "type": "Point", "coordinates": [ 136.721111111110986, 36.485 ] } },
{ "type": "Feature", "properties": { "name": "栃原池", "(1)ｺｰﾄﾞ番": "172010173", "(2)読み": "とちはらいけ", "県名": "石川県", "市町名": "金沢市", "住所": "鴛原町" }, "geometry": { "type": "Point", "coordinates": [ 136.711944444443986, 36.484166666666702 ] } },
{ "type": "Feature", "properties": { "name": "ナミラの池", "(1)ｺｰﾄﾞ番": "172010174", "(2)読み": "なみらのいけ", "県名": "石川県", "市町名": "金沢市", "住所": "下鴛原町" }, "geometry": { "type": "Point", "coordinates": [ 136.715, 36.488888888888901 ] } },
{ "type": "Feature", "properties": { "name": "宮の前堤", "(1)ｺｰﾄﾞ番": "172010175", "(2)読み": "みやのまえづつみ", "県名": "石川県", "市町名": "金沢市", "住所": "下鴛原町" }, "geometry": { "type": "Point", "coordinates": [ 136.71666666666701, 36.488888888888901 ] } },
{ "type": "Feature", "properties": { "name": "番場の堤", "(1)ｺｰﾄﾞ番": "172010176", "(2)読み": "ばんばのつつみ", "県名": "石川県", "市町名": "金沢市", "住所": "下鴛原町" }, "geometry": { "type": "Point", "coordinates": [ 136.713888888888988, 36.4919444444444 ] } },
{ "type": "Feature", "properties": { "name": "坂の前堤", "(1)ｺｰﾄﾞ番": "172010177", "(2)読み": "さかのまえづつみ", "県名": "石川県", "市町名": "金沢市", "住所": "下鴛原町" }, "geometry": { "type": "Point", "coordinates": [ 136.715, 36.491111111111103 ] } },
{ "type": "Feature", "properties": { "name": "蓮花町溜池", "(1)ｺｰﾄﾞ番": "172010178", "(2)読み": "れんげまちためいけ", "県名": "石川県", "市町名": "金沢市", "住所": "蓮花町" }, "geometry": { "type": "Point", "coordinates": [ 136.679166666666987, 36.511388888888902 ] } },
{ "type": "Feature", "properties": { "name": "ケカチ山ノ池", "(1)ｺｰﾄﾞ番": "172010179", "(2)読み": "けかちやまのいけ", "県名": "石川県", "市町名": "金沢市", "住所": "野田町" }, "geometry": { "type": "Point", "coordinates": [ 136.670805555556001, 36.531555555555599 ] } },
{ "type": "Feature", "properties": { "name": "蛇池", "(1)ｺｰﾄﾞ番": "172010181", "(2)読み": "へびいけ", "県名": "石川県", "市町名": "金沢市", "住所": "新保町" }, "geometry": { "type": "Point", "coordinates": [ 136.6675, 36.485833333333296 ] } },
{ "type": "Feature", "properties": { "name": "池のふち", "(1)ｺｰﾄﾞ番": "172010182", "(2)読み": "いけのふち", "県名": "石川県", "市町名": "金沢市", "住所": "住吉町" }, "geometry": { "type": "Point", "coordinates": [ 136.657944444444013, 36.477444444444401 ] } },
{ "type": "Feature", "properties": { "name": "大池", "(1)ｺｰﾄﾞ番": "172010183", "(2)読み": "おおいけ", "県名": "石川県", "市町名": "金沢市", "住所": "倉ヶ嶽" }, "geometry": { "type": "Point", "coordinates": [ 136.641666666666993, 36.469722222222202 ] } },
{ "type": "Feature", "properties": { "name": "大畠池", "(1)ｺｰﾄﾞ番": "172010184", "(2)読み": "おおばたけいけ", "県名": "石川県", "市町名": "金沢市", "住所": "倉ヶ嶽" }, "geometry": { "type": "Point", "coordinates": [ 136.637777777778012, 36.482222222222198 ] } },
{ "type": "Feature", "properties": { "name": "ソトワ池", "(1)ｺｰﾄﾞ番": "172010185", "(2)読み": "そとわいけ", "県名": "石川県", "市町名": "金沢市", "住所": "坪野町" }, "geometry": { "type": "Point", "coordinates": [ 136.64972222222201, 36.490555555555602 ] } },
{ "type": "Feature", "properties": { "name": "六十刈池", "(1)ｺｰﾄﾞ番": "172010186", "(2)読み": "むつかりいけ", "県名": "石川県", "市町名": "金沢市", "住所": "坪野町" }, "geometry": { "type": "Point", "coordinates": [ 136.64416666666699, 36.495555555555597 ] } },
{ "type": "Feature", "properties": { "name": "新開の池", "(1)ｺｰﾄﾞ番": "172010188", "(2)読み": "しんかいのいけ", "県名": "石川県", "市町名": "金沢市", "住所": "荒山町" }, "geometry": { "type": "Point", "coordinates": [ 136.786111111111012, 36.566944444444403 ] } },
{ "type": "Feature", "properties": { "name": "尾裏の堤", "(1)ｺｰﾄﾞ番": "172010189", "(2)読み": "おうらのつつみ", "県名": "石川県", "市町名": "金沢市", "住所": "牧町" }, "geometry": { "type": "Point", "coordinates": [ 136.720055555556002, 36.562694444444404 ] } },
{ "type": "Feature", "properties": { "name": "ジョロザカ堤", "(1)ｺｰﾄﾞ番": "172010190", "(2)読み": "じょろざかづつみ", "県名": "石川県", "市町名": "金沢市", "住所": "釣部町" }, "geometry": { "type": "Point", "coordinates": [ 136.750833333332992, 36.562222222222204 ] } },
{ "type": "Feature", "properties": { "name": "大清水の堤", "(1)ｺｰﾄﾞ番": "172010191", "(2)読み": "おおしみずのつつみ", "県名": "石川県", "市町名": "金沢市", "住所": "下涌波町" }, "geometry": { "type": "Point", "coordinates": [ 136.71666666666701, 36.5966666666667 ] } },
{ "type": "Feature", "properties": { "name": "三又の堤", "(1)ｺｰﾄﾞ番": "172010192", "(2)読み": "みまたのつつみ", "県名": "石川県", "市町名": "金沢市", "住所": "梨木町" }, "geometry": { "type": "Point", "coordinates": [ 136.72611111111101, 36.606416666666703 ] } },
{ "type": "Feature", "properties": { "name": "桐木谷池", "(1)ｺｰﾄﾞ番": "172010193", "(2)読み": "きりのきたにいけ", "県名": "石川県", "市町名": "金沢市", "住所": "相合谷町" }, "geometry": { "type": "Point", "coordinates": [ 136.708888888888993, 36.492777777777803 ] } },
{ "type": "Feature", "properties": { "name": "根太池", "(1)ｺｰﾄﾞ番": "172010194", "(2)読み": "ねだいけ", "県名": "石川県", "市町名": "金沢市", "住所": "相合谷町" }, "geometry": { "type": "Point", "coordinates": [ 136.707777777778006, 36.4936111111111 ] } },
{ "type": "Feature", "properties": { "name": "中尾", "(1)ｺｰﾄﾞ番": "172010195", "(2)読み": "なかお", "県名": "石川県", "市町名": "金沢市", "住所": "相合谷町" }, "geometry": { "type": "Point", "coordinates": [ 136.710555555555999, 36.4919444444444 ] } },
{ "type": "Feature", "properties": { "name": "鍋谷の堤", "(1)ｺｰﾄﾞ番": "172010197", "(2)読み": "なべたにのつつみ", "県名": "石川県", "市町名": "金沢市", "住所": "城力町" }, "geometry": { "type": "Point", "coordinates": [ 136.72138888888901, 36.481111111111098 ] } },
{ "type": "Feature", "properties": { "name": "堤", "(1)ｺｰﾄﾞ番": "172010198", "(2)読み": null, "県名": "石川県", "市町名": "金沢市", "住所": "めおと杉町" }, "geometry": { "type": "Point", "coordinates": [ 136.733055555556007, 36.4745 ] } },
{ "type": "Feature", "properties": { "name": "岩寺の池", "(1)ｺｰﾄﾞ番": "172010199", "(2)読み": "いわでらのいけ", "県名": "石川県", "市町名": "金沢市", "住所": "熊走町" }, "geometry": { "type": "Point", "coordinates": [ 136.71694444444401, 36.466055555555599 ] } },
{ "type": "Feature", "properties": { "name": "ゴンダのクボ", "(1)ｺｰﾄﾞ番": "172010201", "(2)読み": "ごんだのくぼ", "県名": "石川県", "市町名": "金沢市", "住所": "小池町" }, "geometry": { "type": "Point", "coordinates": [ 136.749777777778007, 36.610916666666697 ] } },
{ "type": "Feature", "properties": { "name": "水上", "(1)ｺｰﾄﾞ番": "172010202", "(2)読み": "みずかみ", "県名": "石川県", "市町名": "金沢市", "住所": "鞁筒町" }, "geometry": { "type": "Point", "coordinates": [ 136.746027777778011, 36.619388888888899 ] } },
{ "type": "Feature", "properties": { "name": "一尺窪", "(1)ｺｰﾄﾞ番": "172010203", "(2)読み": "いちしゃくくぼ", "県名": "石川県", "市町名": "金沢市", "住所": "鞁筒町" }, "geometry": { "type": "Point", "coordinates": [ 136.745583333333002, 36.622027777777802 ] } },
{ "type": "Feature", "properties": { "name": "中の池", "(1)ｺｰﾄﾞ番": "172010204", "(2)読み": "なかのいけ", "県名": "石川県", "市町名": "金沢市", "住所": "北千石町" }, "geometry": { "type": "Point", "coordinates": [ 136.766666666666993, 36.628611111111098 ] } },
{ "type": "Feature", "properties": { "name": "田人高", "(1)ｺｰﾄﾞ番": "172010205", "(2)読み": "たじんだか", "県名": "石川県", "市町名": "金沢市", "住所": "北千石町" }, "geometry": { "type": "Point", "coordinates": [ 136.766194444444011, 36.629777777777797 ] } },
{ "type": "Feature", "properties": { "name": "滝谷の池", "(1)ｺｰﾄﾞ番": "172010206", "(2)読み": "たきだにのいけ", "県名": "石川県", "市町名": "金沢市", "住所": "北方町" }, "geometry": { "type": "Point", "coordinates": [ 136.756111111111011, 36.584166666666697 ] } },
{ "type": "Feature", "properties": { "name": "多賀まちの池", "(1)ｺｰﾄﾞ番": "172010207", "(2)読み": "たがまちのいけ", "県名": "石川県", "市町名": "金沢市", "住所": "不室町" }, "geometry": { "type": "Point", "coordinates": [ 136.7525, 36.571666666666701 ] } },
{ "type": "Feature", "properties": { "name": "塩坂の池", "(1)ｺｰﾄﾞ番": "172010209", "(2)読み": "しおばんのいけ", "県名": "石川県", "市町名": "金沢市", "住所": "二俣町" }, "geometry": { "type": "Point", "coordinates": [ 136.77472222222201, 36.561388888888899 ] } },
{ "type": "Feature", "properties": { "name": "かまわずの池", "(1)ｺｰﾄﾞ番": "172010210", "(2)読み": "かまわずのいけ", "県名": "石川県", "市町名": "金沢市", "住所": "砂子坂町" }, "geometry": { "type": "Point", "coordinates": [ 136.80175, 36.567416666666702 ] } },
{ "type": "Feature", "properties": { "name": "田代の池", "(1)ｺｰﾄﾞ番": "172010211", "(2)読み": null, "県名": "石川県", "市町名": "金沢市", "住所": "室新保町" }, "geometry": { "type": "Point", "coordinates": [ 136.739916666667, 36.536027777777797 ] } },
{ "type": "Feature", "properties": { "name": "ゴミ谷池", "(1)ｺｰﾄﾞ番": "172010212", "(2)読み": "ごみたにいけ", "県名": "石川県", "市町名": "金沢市", "住所": "平栗町" }, "geometry": { "type": "Point", "coordinates": [ 136.654666666666998, 36.504055555555603 ] } },
{ "type": "Feature", "properties": { "name": "イバラ田池", "(1)ｺｰﾄﾞ番": "172010213", "(2)読み": "いばらたいけ", "県名": "石川県", "市町名": "金沢市", "住所": "平栗町" }, "geometry": { "type": "Point", "coordinates": [ 136.658083333332996, 36.5038611111111 ] } },
{ "type": "Feature", "properties": { "name": "中ノ田池", "(1)ｺｰﾄﾞ番": "172010214", "(2)読み": "なかのたいけ", "県名": "石川県", "市町名": "金沢市", "住所": "平栗町" }, "geometry": { "type": "Point", "coordinates": [ 136.659638888888992, 36.503722222222201 ] } },
{ "type": "Feature", "properties": { "name": "ツルバ田", "(1)ｺｰﾄﾞ番": "172010215", "(2)読み": "つるばた", "県名": "石川県", "市町名": "金沢市", "住所": "平栗町" }, "geometry": { "type": "Point", "coordinates": [ 136.660861111110989, 36.506333333333302 ] } },
{ "type": "Feature", "properties": { "name": "古屋敷の堤", "(1)ｺｰﾄﾞ番": "172010216", "(2)読み": "ふるやしきのつつみ", "県名": "石川県", "市町名": "金沢市", "住所": "清水谷町" }, "geometry": { "type": "Point", "coordinates": [ 136.763305555556002, 36.591472222222201 ] } },
{ "type": "Feature", "properties": { "name": "うばお", "(1)ｺｰﾄﾞ番": "172010217", "(2)読み": "うばお", "県名": "石川県", "市町名": "金沢市", "住所": "二俣町" }, "geometry": { "type": "Point", "coordinates": [ 136.752472222221996, 36.554972222222197 ] } },
{ "type": "Feature", "properties": { "name": "尾坂第一", "(1)ｺｰﾄﾞ番": "172010218", "(2)読み": "おざかだいいち", "県名": "石川県", "市町名": "金沢市", "住所": "二俣町" }, "geometry": { "type": "Point", "coordinates": [ 136.770916666667006, 36.561222222222199 ] } },
{ "type": "Feature", "properties": { "name": "尾坂第二", "(1)ｺｰﾄﾞ番": "172010219", "(2)読み": null, "県名": "石川県", "市町名": "金沢市", "住所": "二俣町" }, "geometry": { "type": "Point", "coordinates": [ 136.769888888889, 36.5614722222222 ] } },
{ "type": "Feature", "properties": { "name": "道閑池", "(1)ｺｰﾄﾞ番": "172020001", "(2)読み": "どうかんいけ", "県名": "石川県", "市町名": "七尾市", "住所": "国下町モ24" }, "geometry": { "type": "Point", "coordinates": [ 136.973, 36.995555555555597 ] } },
{ "type": "Feature", "properties": { "name": "三ヶ村上池", "(1)ｺｰﾄﾞ番": "172020002", "(2)読み": "さんがむらかみいけ", "県名": "石川県", "市町名": "七尾市", "住所": "八田町" }, "geometry": { "type": "Point", "coordinates": [ 136.954555555555999, 36.986527777777802 ] } },
{ "type": "Feature", "properties": { "name": "三ヶ村下池", "(1)ｺｰﾄﾞ番": "172020003", "(2)読み": "さんがむらしもいけ", "県名": "石川県", "市町名": "七尾市", "住所": "八田町" }, "geometry": { "type": "Point", "coordinates": [ 136.956305555556014, 36.987833333333299 ] } },
{ "type": "Feature", "properties": { "name": "南谷池", "(1)ｺｰﾄﾞ番": "172020004", "(2)読み": "みなみだにいけ", "県名": "石川県", "市町名": "七尾市", "住所": "古府町ア21" }, "geometry": { "type": "Point", "coordinates": [ 136.964027777778, 37.0216944444444 ] } },
{ "type": "Feature", "properties": { "name": "谷内池", "(1)ｺｰﾄﾞ番": "172020005", "(2)読み": "やちいけ", "県名": "石川県", "市町名": "七尾市", "住所": "沢野町サ43" }, "geometry": { "type": "Point", "coordinates": [ 137.01975, 37.032972222222199 ] } },
{ "type": "Feature", "properties": { "name": "袖平池", "(1)ｺｰﾄﾞ番": "172020006", "(2)読み": "そでひらいけ", "県名": "石川県", "市町名": "七尾市", "住所": "万行町56-27" }, "geometry": { "type": "Point", "coordinates": [ 136.994388888889006, 37.025555555555599 ] } },
{ "type": "Feature", "properties": { "name": "鎌の前池", "(1)ｺｰﾄﾞ番": "172020007", "(2)読み": "かまのまえいけ", "県名": "石川県", "市町名": "七尾市", "住所": "万行町31-1-130" }, "geometry": { "type": "Point", "coordinates": [ 136.991611111111013, 37.035361111111101 ] } },
{ "type": "Feature", "properties": { "name": "牛谷池", "(1)ｺｰﾄﾞ番": "172020008", "(2)読み": "うしたにいけ", "県名": "石川県", "市町名": "七尾市", "住所": "佐野町ラ31" }, "geometry": { "type": "Point", "coordinates": [ 137.003305555556011, 37.0295 ] } },
{ "type": "Feature", "properties": { "name": "牛谷新池", "(1)ｺｰﾄﾞ番": "172020009", "(2)読み": "うしたにしんいけ", "県名": "石川県", "市町名": "七尾市", "住所": "佐野町ラ28" }, "geometry": { "type": "Point", "coordinates": [ 137.002583333333007, 37.029055555555601 ] } },
{ "type": "Feature", "properties": { "name": "谷内田池", "(1)ｺｰﾄﾞ番": "172020010", "(2)読み": "やちだいけ", "県名": "石川県", "市町名": "七尾市", "住所": "佐野町イ56" }, "geometry": { "type": "Point", "coordinates": [ 137.000444444444014, 37.028944444444399 ] } },
{ "type": "Feature", "properties": { "name": "堂めき池（堂見池）", "(1)ｺｰﾄﾞ番": "172020011", "(2)読み": "どうめきいけ（どうみいけ）", "県名": "石川県", "市町名": "七尾市", "住所": "大野木町ソ21-1、21-2、48" }, "geometry": { "type": "Point", "coordinates": [ 137.038333333332986, 37.0755 ] } },
{ "type": "Feature", "properties": { "name": "黒田池", "(1)ｺｰﾄﾞ番": "172020012", "(2)読み": "くろだいけ", "県名": "石川県", "市町名": "七尾市", "住所": "大野木町ナ10" }, "geometry": { "type": "Point", "coordinates": [ 137.045, 37.074222222222197 ] } },
{ "type": "Feature", "properties": { "name": "杵坂池", "(1)ｺｰﾄﾞ番": "172020013", "(2)読み": "きねさかいけ", "県名": "石川県", "市町名": "七尾市", "住所": "大泊町二22-1" }, "geometry": { "type": "Point", "coordinates": [ 137.045277777778011, 36.96775 ] } },
{ "type": "Feature", "properties": { "name": "鴨田池", "(1)ｺｰﾄﾞ番": "172020014", "(2)読み": "かもだいけ", "県名": "石川県", "市町名": "七尾市", "住所": "大泊町鴨田1" }, "geometry": { "type": "Point", "coordinates": [ 137.04716666666701, 36.966805555555602 ] } },
{ "type": "Feature", "properties": { "name": "菖蒲田池", "(1)ｺｰﾄﾞ番": "172020015", "(2)読み": "しょうぶだいけ", "県名": "石川県", "市町名": "七尾市", "住所": "大泊町菖蒲田1" }, "geometry": { "type": "Point", "coordinates": [ 137.046194444444012, 36.965916666666701 ] } },
{ "type": "Feature", "properties": { "name": "樋の谷内池", "(1)ｺｰﾄﾞ番": "172020016", "(2)読み": "といのやちいけ", "県名": "石川県", "市町名": "七尾市", "住所": "大泊町ヤ44" }, "geometry": { "type": "Point", "coordinates": [ 137.048222222221995, 36.968388888888903 ] } },
{ "type": "Feature", "properties": { "name": "赤星池", "(1)ｺｰﾄﾞ番": "172020017", "(2)読み": "あかぼしいけ", "県名": "石川県", "市町名": "七尾市", "住所": "佐味町ム39" }, "geometry": { "type": "Point", "coordinates": [ 137.00391666666701, 37.034138888888897 ] } },
{ "type": "Feature", "properties": { "name": "土田池", "(1)ｺｰﾄﾞ番": "172020018", "(2)読み": "つちだいけ", "県名": "石川県", "市町名": "七尾市", "住所": "佐味町ナ26" }, "geometry": { "type": "Point", "coordinates": [ 137.00675, 37.041472222222197 ] } },
{ "type": "Feature", "properties": { "name": "池田池", "(1)ｺｰﾄﾞ番": "172020019", "(2)読み": "いけだいけ", "県名": "石川県", "市町名": "七尾市", "住所": "佐味町33-40" }, "geometry": { "type": "Point", "coordinates": [ 136.996166666666994, 37.042111111111097 ] } },
{ "type": "Feature", "properties": { "name": "馬端池", "(1)ｺｰﾄﾞ番": "172020020", "(2)読み": "ぼたんいけ", "県名": "石川県", "市町名": "七尾市", "住所": "千野町メ」49" }, "geometry": { "type": "Point", "coordinates": [ 136.962083333332998, 37.0129444444444 ] } },
{ "type": "Feature", "properties": { "name": "新池", "(1)ｺｰﾄﾞ番": "172020021", "(2)読み": "しんいけ", "県名": "石川県", "市町名": "七尾市", "住所": "矢田町テ54" }, "geometry": { "type": "Point", "coordinates": [ 136.981611111110993, 37.029555555555604 ] } },
{ "type": "Feature", "properties": { "name": "広口池", "(1)ｺｰﾄﾞ番": "172020022", "(2)読み": "ひろぐちいけ", "県名": "石川県", "市町名": "七尾市", "住所": "矢田町フ84" }, "geometry": { "type": "Point", "coordinates": [ 136.985333333332989, 37.0315 ] } },
{ "type": "Feature", "properties": { "name": "松本池", "(1)ｺｰﾄﾞ番": "172020023", "(2)読み": "まつもといけ", "県名": "石川県", "市町名": "七尾市", "住所": "矢田町2之部6" }, "geometry": { "type": "Point", "coordinates": [ 136.982027777778001, 37.031444444444404 ] } },
{ "type": "Feature", "properties": { "name": "油田池", "(1)ｺｰﾄﾞ番": "172020024", "(2)読み": "ゆでんいけ", "県名": "石川県", "市町名": "七尾市", "住所": "下町ラ18" }, "geometry": { "type": "Point", "coordinates": [ 136.942416666666986, 37.008416666666697 ] } },
{ "type": "Feature", "properties": { "name": "神子殿池", "(1)ｺｰﾄﾞ番": "172020025", "(2)読み": "みこでんいけ", "県名": "石川県", "市町名": "七尾市", "住所": "下町イ3" }, "geometry": { "type": "Point", "coordinates": [ 136.947583333333, 37.011944444444403 ] } },
{ "type": "Feature", "properties": { "name": "持田池", "(1)ｺｰﾄﾞ番": "172020026", "(2)読み": "もちだいけ", "県名": "石川県", "市町名": "七尾市", "住所": "八幡町イ3" }, "geometry": { "type": "Point", "coordinates": [ 136.949138888888996, 37.012888888888902 ] } },
{ "type": "Feature", "properties": { "name": "門田池", "(1)ｺｰﾄﾞ番": "172020027", "(2)読み": "かとだいけ", "県名": "石川県", "市町名": "七尾市", "住所": "八幡町レ34" }, "geometry": { "type": "Point", "coordinates": [ 136.947777777777986, 37.016361111111102 ] } },
{ "type": "Feature", "properties": { "name": "羽土池", "(1)ｺｰﾄﾞ番": "172020028", "(2)読み": "はねつちいけ", "県名": "石川県", "市町名": "七尾市", "住所": "国下町ク26-1" }, "geometry": { "type": "Point", "coordinates": [ 136.958055555556001, 37.008333333333297 ] } },
{ "type": "Feature", "properties": { "name": "大水口池", "(1)ｺｰﾄﾞ番": "172020030", "(2)読み": "おおみずぐちいけ", "県名": "石川県", "市町名": "七尾市", "住所": "八幡町" }, "geometry": { "type": "Point", "coordinates": [ 136.95175, 37.017666666666699 ] } },
{ "type": "Feature", "properties": { "name": "上の池", "(1)ｺｰﾄﾞ番": "172020032", "(2)読み": "かみのいけ", "県名": "石川県", "市町名": "七尾市", "住所": "白馬町1-21" }, "geometry": { "type": "Point", "coordinates": [ 136.921, 37.011083333333303 ] } },
{ "type": "Feature", "properties": { "name": "赤馬ヶ池", "(1)ｺｰﾄﾞ番": "172020033", "(2)読み": "あかうまがいけ", "県名": "石川県", "市町名": "七尾市", "住所": "東三階町ク2" }, "geometry": { "type": "Point", "coordinates": [ 136.911138888889013, 37.016527777777803 ] } },
{ "type": "Feature", "properties": { "name": "漆沢池", "(1)ｺｰﾄﾞ番": "172020034", "(2)読み": "うるしさわいけ", "県名": "石川県", "市町名": "七尾市", "住所": "西三階町ヶ4" }, "geometry": { "type": "Point", "coordinates": [ 136.901666666667012, 37.017527777777801 ] } },
{ "type": "Feature", "properties": { "name": "榛木谷内池", "(1)ｺｰﾄﾞ番": "172020035", "(2)読み": null, "県名": "石川県", "市町名": "七尾市", "住所": "和倉町" }, "geometry": { "type": "Point", "coordinates": [ 136.920972222221991, 37.080083333333299 ] } },
{ "type": "Feature", "properties": { "name": "新々池", "(1)ｺｰﾄﾞ番": "172020036", "(2)読み": null, "県名": "石川県", "市町名": "七尾市", "住所": "和倉町" }, "geometry": { "type": "Point", "coordinates": [ 136.914027777777989, 37.084666666666699 ] } },
{ "type": "Feature", "properties": { "name": "中池", "(1)ｺｰﾄﾞ番": "172020038", "(2)読み": null, "県名": "石川県", "市町名": "七尾市", "住所": "和倉町" }, "geometry": { "type": "Point", "coordinates": [ 136.91325, 37.084777777777802 ] } },
{ "type": "Feature", "properties": { "name": "布目池", "(1)ｺｰﾄﾞ番": "172020039", "(2)読み": "ぬのめいけ", "県名": "石川県", "市町名": "七尾市", "住所": "和倉町" }, "geometry": { "type": "Point", "coordinates": [ 136.918444444443992, 37.081166666666697 ] } },
{ "type": "Feature", "properties": { "name": "上堤", "(1)ｺｰﾄﾞ番": "172020040", "(2)読み": "うえつつみ", "県名": "石川県", "市町名": "七尾市", "住所": "奥原町イ33-乙" }, "geometry": { "type": "Point", "coordinates": [ 136.920666666666989, 37.066694444444501 ] } },
{ "type": "Feature", "properties": { "name": "下堤", "(1)ｺｰﾄﾞ番": "172020041", "(2)読み": "したつつみ", "県名": "石川県", "市町名": "七尾市", "住所": "奥原町イ23-乙" }, "geometry": { "type": "Point", "coordinates": [ 136.919527777778001, 37.067916666666697 ] } },
{ "type": "Feature", "properties": { "name": "長池", "(1)ｺｰﾄﾞ番": "172020042", "(2)読み": null, "県名": "石川県", "市町名": "七尾市", "住所": "和倉町" }, "geometry": { "type": "Point", "coordinates": [ 136.912055555556009, 37.084805555555597 ] } },
{ "type": "Feature", "properties": { "name": "裏の田池", "(1)ｺｰﾄﾞ番": "172020043", "(2)読み": "うらのたいけ", "県名": "石川県", "市町名": "七尾市", "住所": "小池河原町ホ43" }, "geometry": { "type": "Point", "coordinates": [ 136.9705, 37.020611111111101 ] } },
{ "type": "Feature", "properties": { "name": "谷内池", "(1)ｺｰﾄﾞ番": "172020044", "(2)読み": "やちいけ", "県名": "石川県", "市町名": "七尾市", "住所": "古府町セ1" }, "geometry": { "type": "Point", "coordinates": [ 136.971055555556006, 37.015972222222203 ] } },
{ "type": "Feature", "properties": { "name": "丸山池", "(1)ｺｰﾄﾞ番": "172020045", "(2)読み": "まるやまいけ", "県名": "石川県", "市町名": "七尾市", "住所": "後畠町ワ1" }, "geometry": { "type": "Point", "coordinates": [ 136.967916666667008, 37.024611111111099 ] } },
{ "type": "Feature", "properties": { "name": "古城ケの池", "(1)ｺｰﾄﾞ番": "172020046", "(2)読み": "ふるしろけのいけ", "県名": "石川県", "市町名": "七尾市", "住所": "古城町ク8" }, "geometry": { "type": "Point", "coordinates": [ 136.976666666667001, 37.01575 ] } },
{ "type": "Feature", "properties": { "name": "古城ケの前池", "(1)ｺｰﾄﾞ番": "172020047", "(2)読み": "ふるしろけのまえいけ", "県名": "石川県", "市町名": "七尾市", "住所": "古城町ク6" }, "geometry": { "type": "Point", "coordinates": [ 136.976666666667001, 37.01575 ] } },
{ "type": "Feature", "properties": { "name": "古城ラの池", "(1)ｺｰﾄﾞ番": "172020048", "(2)読み": "ふるしろらのいけ", "県名": "石川県", "市町名": "七尾市", "住所": "古城町ラ1" }, "geometry": { "type": "Point", "coordinates": [ 136.978388888888986, 37.019 ] } },
{ "type": "Feature", "properties": { "name": "古城オの池", "(1)ｺｰﾄﾞ番": "172020049", "(2)読み": "ふるしろおのいけ", "県名": "石川県", "市町名": "七尾市", "住所": "古城町オ19乙、19甲" }, "geometry": { "type": "Point", "coordinates": [ 136.978194444444, 37.016111111111101 ] } },
{ "type": "Feature", "properties": { "name": "古城の池", "(1)ｺｰﾄﾞ番": "172020050", "(2)読み": "ふるしろのいけ", "県名": "石川県", "市町名": "七尾市", "住所": "古城町" }, "geometry": { "type": "Point", "coordinates": [ 136.976527777777989, 37.019861111111098 ] } },
{ "type": "Feature", "properties": { "name": "天神池", "(1)ｺｰﾄﾞ番": "172020051", "(2)読み": "てんじんいけ", "県名": "石川県", "市町名": "七尾市", "住所": "本府中町コ16,17" }, "geometry": { "type": "Point", "coordinates": [ 136.973777777777997, 37.032611111111102 ] } },
{ "type": "Feature", "properties": { "name": "二ツ池（上池）", "(1)ｺｰﾄﾞ番": "172020052", "(2)読み": "ふたついけ（うえいけ）", "県名": "石川県", "市町名": "七尾市", "住所": "本府中町ム55" }, "geometry": { "type": "Point", "coordinates": [ 136.970083333333008, 37.033 ] } },
{ "type": "Feature", "properties": { "name": "二ツ池（下池）", "(1)ｺｰﾄﾞ番": "172020053", "(2)読み": "ふたついけ（したいけ）", "県名": "石川県", "市町名": "七尾市", "住所": "本府中町ム56" }, "geometry": { "type": "Point", "coordinates": [ 136.971805555555989, 37.0335 ] } },
{ "type": "Feature", "properties": { "name": "大衆洞池", "(1)ｺｰﾄﾞ番": "172020054", "(2)読み": "おおしゅうどういけ", "県名": "石川県", "市町名": "七尾市", "住所": "赤浦町レ28" }, "geometry": { "type": "Point", "coordinates": [ 136.930833333332998, 37.049805555555601 ] } },
{ "type": "Feature", "properties": { "name": "鯉ノ浦大池", "(1)ｺｰﾄﾞ番": "172020055", "(2)読み": "こいのうらおおいけ", "県名": "石川県", "市町名": "七尾市", "住所": "赤浦町ク54" }, "geometry": { "type": "Point", "coordinates": [ 136.933, 37.061138888888898 ] } },
{ "type": "Feature", "properties": { "name": "鮭ノ浦小池", "(1)ｺｰﾄﾞ番": "172020056", "(2)読み": "こいのうらこいけ", "県名": "石川県", "市町名": "七尾市", "住所": "赤浦町ヤ6" }, "geometry": { "type": "Point", "coordinates": [ 136.931388888888989, 37.063888888888897 ] } },
{ "type": "Feature", "properties": { "name": "峠小池", "(1)ｺｰﾄﾞ番": "172020058", "(2)読み": null, "県名": "石川県", "市町名": "七尾市", "住所": "祖浜町" }, "geometry": { "type": "Point", "coordinates": [ 136.924888888889001, 37.070916666666697 ] } },
{ "type": "Feature", "properties": { "name": "峠大池", "(1)ｺｰﾄﾞ番": "172020059", "(2)読み": null, "県名": "石川県", "市町名": "七尾市", "住所": "祖浜町" }, "geometry": { "type": "Point", "coordinates": [ 136.925527777778001, 37.071694444444397 ] } },
{ "type": "Feature", "properties": { "name": "八ツ田池", "(1)ｺｰﾄﾞ番": "172020060", "(2)読み": "はったいけ", "県名": "石川県", "市町名": "七尾市", "住所": "藤野町ホ43-2,44,48,49,50" }, "geometry": { "type": "Point", "coordinates": [ 136.970527777777988, 37.028472222222199 ] } },
{ "type": "Feature", "properties": { "name": "木下の池", "(1)ｺｰﾄﾞ番": "172020061", "(2)読み": "きのしたのいけ", "県名": "石川県", "市町名": "七尾市", "住所": "天神川原町二46-乙" }, "geometry": { "type": "Point", "coordinates": [ 136.973222222222006, 37.026888888888898 ] } },
{ "type": "Feature", "properties": { "name": "千早坂池", "(1)ｺｰﾄﾞ番": "172020062", "(2)読み": "ちはやさかいけ", "県名": "石川県", "市町名": "七尾市", "住所": "江曽町ア73" }, "geometry": { "type": "Point", "coordinates": [ 136.944611111110987, 36.997111111111103 ] } },
{ "type": "Feature", "properties": { "name": "おもずら池", "(1)ｺｰﾄﾞ番": "172020063", "(2)読み": "おもずらいけ", "県名": "石川県", "市町名": "七尾市", "住所": "江曽町ア6" }, "geometry": { "type": "Point", "coordinates": [ 136.942083333332988, 36.999416666666697 ] } },
{ "type": "Feature", "properties": { "name": "大池", "(1)ｺｰﾄﾞ番": "172020064", "(2)読み": "おおいけ", "県名": "石川県", "市町名": "七尾市", "住所": "飯川町2-61" }, "geometry": { "type": "Point", "coordinates": [ 136.939527777778011, 37.000611111111098 ] } },
{ "type": "Feature", "properties": { "name": "かぎの池", "(1)ｺｰﾄﾞ番": "172020065", "(2)読み": "かぎのいけ", "県名": "石川県", "市町名": "七尾市", "住所": "江曽町レ45" }, "geometry": { "type": "Point", "coordinates": [ 136.945277777777989, 37.004527777777803 ] } },
{ "type": "Feature", "properties": { "name": "野鍬池", "(1)ｺｰﾄﾞ番": "172020066", "(2)読み": "のぐわいけ", "県名": "石川県", "市町名": "七尾市", "住所": "飯川町こ20-1" }, "geometry": { "type": "Point", "coordinates": [ 136.939, 37.007444444444403 ] } },
{ "type": "Feature", "properties": { "name": "太刀池", "(1)ｺｰﾄﾞ番": "172020067", "(2)読み": "たちいけ", "県名": "石川県", "市町名": "七尾市", "住所": "若林町イ101" }, "geometry": { "type": "Point", "coordinates": [ 136.92825, 36.996305555555601 ] } },
{ "type": "Feature", "properties": { "name": "四郎平池", "(1)ｺｰﾄﾞ番": "172020068", "(2)読み": "しろうだいらいけ", "県名": "石川県", "市町名": "七尾市", "住所": "若林町フ1-1" }, "geometry": { "type": "Point", "coordinates": [ 136.932111111110999, 36.99925 ] } },
{ "type": "Feature", "properties": { "name": "弥五郎池", "(1)ｺｰﾄﾞ番": "172020069", "(2)読み": "やごろういけ", "県名": "石川県", "市町名": "七尾市", "住所": "若林町ウ-46" }, "geometry": { "type": "Point", "coordinates": [ 136.92694444444399, 37.003055555555598 ] } },
{ "type": "Feature", "properties": { "name": "松ヶ池", "(1)ｺｰﾄﾞ番": "172020070", "(2)読み": "まつがいけ", "県名": "石川県", "市町名": "七尾市", "住所": "白馬町63-34-2" }, "geometry": { "type": "Point", "coordinates": [ 136.935722222222012, 37.01375 ] } },
{ "type": "Feature", "properties": { "name": "谷内池", "(1)ｺｰﾄﾞ番": "172020071", "(2)読み": "やちいけ", "県名": "石川県", "市町名": "七尾市", "住所": "竹町ナ1" }, "geometry": { "type": "Point", "coordinates": [ 136.979805555555998, 37.021027777777803 ] } },
{ "type": "Feature", "properties": { "name": "新池", "(1)ｺｰﾄﾞ番": "172020072", "(2)読み": "しんいけ", "県名": "石川県", "市町名": "七尾市", "住所": "竹町ツ4" }, "geometry": { "type": "Point", "coordinates": [ 136.980027777777991, 37.024833333333298 ] } },
{ "type": "Feature", "properties": { "name": "新池上", "(1)ｺｰﾄﾞ番": "172020073", "(2)読み": "しんいけうえ", "県名": "石川県", "市町名": "七尾市", "住所": "竹町ツ5" }, "geometry": { "type": "Point", "coordinates": [ 136.980166666667003, 37.024194444444397 ] } },
{ "type": "Feature", "properties": { "name": "竹内谷三つ池上", "(1)ｺｰﾄﾞ番": "172020074", "(2)読み": "たけやちみついけかみ（たけないちうえ）", "県名": "石川県", "市町名": "七尾市", "住所": "池崎町リ57丁" }, "geometry": { "type": "Point", "coordinates": [ 136.906611111111005, 37.047888888888899 ] } },
{ "type": "Feature", "properties": { "name": "竹内谷三つ池下", "(1)ｺｰﾄﾞ番": "172020075", "(2)読み": "たけやちみつしもいけ（たけないちした）", "県名": "石川県", "市町名": "七尾市", "住所": "池崎町リ57乙" }, "geometry": { "type": "Point", "coordinates": [ 136.907638888889011, 37.04675 ] } },
{ "type": "Feature", "properties": { "name": "せんだの池", "(1)ｺｰﾄﾞ番": "172020076", "(2)読み": "せんだのいけ", "県名": "石川県", "市町名": "七尾市", "住所": "池崎町" }, "geometry": { "type": "Point", "coordinates": [ 136.921305555555989, 37.041833333333301 ] } },
{ "type": "Feature", "properties": { "name": "おかもとの池", "(1)ｺｰﾄﾞ番": "172020077", "(2)読み": "おかもとのいけ", "県名": "石川県", "市町名": "七尾市", "住所": "青山町い63-1" }, "geometry": { "type": "Point", "coordinates": [ 136.912166666666991, 37.045638888888902 ] } },
{ "type": "Feature", "properties": { "name": "どんがら池", "(1)ｺｰﾄﾞ番": "172020078", "(2)読み": "どんがらいけ", "県名": "石川県", "市町名": "七尾市", "住所": "古屋敷町リ12" }, "geometry": { "type": "Point", "coordinates": [ 136.973444444443999, 37.020972222222198 ] } },
{ "type": "Feature", "properties": { "name": "古屋敷大池", "(1)ｺｰﾄﾞ番": "172020079", "(2)読み": "ふるやしきおおいけ", "県名": "石川県", "市町名": "七尾市", "住所": "古屋敷町ヲ11" }, "geometry": { "type": "Point", "coordinates": [ 136.974444444444003, 37.022055555555603 ] } },
{ "type": "Feature", "properties": { "name": "四ノ池", "(1)ｺｰﾄﾞ番": "172020080", "(2)読み": "しのいけ", "県名": "石川県", "市町名": "七尾市", "住所": "若林町ア15" }, "geometry": { "type": "Point", "coordinates": [ 136.933888888888987, 36.998638888888898 ] } },
{ "type": "Feature", "properties": { "name": "かんじゃ田池", "(1)ｺｰﾄﾞ番": "172020081", "(2)読み": "かんじゃだいけ", "県名": "石川県", "市町名": "七尾市", "住所": "白馬町1-65" }, "geometry": { "type": "Point", "coordinates": [ 136.921805555556006, 37.013305555555597 ] } },
{ "type": "Feature", "properties": { "name": "杉谷内池", "(1)ｺｰﾄﾞ番": "172020083", "(2)読み": "すぎやちいけ", "県名": "石川県", "市町名": "七尾市", "住所": "池崎町ノ67" }, "geometry": { "type": "Point", "coordinates": [ 136.926833333333008, 37.035805555555598 ] } },
{ "type": "Feature", "properties": { "name": "竹内谷三つ池中", "(1)ｺｰﾄﾞ番": "172020084", "(2)読み": "たけやちみつたにいけなか（たけなかいちまんなか）", "県名": "石川県", "市町名": "七尾市", "住所": "池崎町" }, "geometry": { "type": "Point", "coordinates": [ 136.907083333332992, 37.047333333333299 ] } },
{ "type": "Feature", "properties": { "name": "久保池", "(1)ｺｰﾄﾞ番": "172020085", "(2)読み": null, "県名": "石川県", "市町名": "七尾市", "住所": "満仁町" }, "geometry": { "type": "Point", "coordinates": [ 136.897666666666993, 37.042444444444399 ] } },
{ "type": "Feature", "properties": { "name": "前田池", "(1)ｺｰﾄﾞ番": "172020086", "(2)読み": "まえだいけ", "県名": "石川県", "市町名": "七尾市", "住所": "柑子町" }, "geometry": { "type": "Point", "coordinates": [ 137.02980555555601, 37.027055555555599 ] } },
{ "type": "Feature", "properties": { "name": "三角池", "(1)ｺｰﾄﾞ番": "172020087", "(2)読み": "さんかくいけ", "県名": "石川県", "市町名": "七尾市", "住所": "若林町ト71" }, "geometry": { "type": "Point", "coordinates": [ 136.926138888889, 37.003527777777798 ] } },
{ "type": "Feature", "properties": { "name": "宮の池", "(1)ｺｰﾄﾞ番": "172020088", "(2)読み": null, "県名": "石川県", "市町名": "七尾市", "住所": "若林町" }, "geometry": { "type": "Point", "coordinates": [ 136.933111111111003, 36.9989722222222 ] } },
{ "type": "Feature", "properties": { "name": "下の谷内池", "(1)ｺｰﾄﾞ番": "172020089", "(2)読み": "しものやちいけ", "県名": "石川県", "市町名": "七尾市", "住所": "白馬町" }, "geometry": { "type": "Point", "coordinates": [ 136.928527777777987, 37.013972222222201 ] } },
{ "type": "Feature", "properties": { "name": "ゴウテン池", "(1)ｺｰﾄﾞ番": "172020090", "(2)読み": "ごうてんいけ", "県名": "石川県", "市町名": "七尾市", "住所": "白馬町5-9" }, "geometry": { "type": "Point", "coordinates": [ 136.925222222222004, 37.012027777777803 ] } },
{ "type": "Feature", "properties": { "name": "松地原池", "(1)ｺｰﾄﾞ番": "172020091", "(2)読み": "まつちはらいけ", "県名": "石川県", "市町名": "七尾市", "住所": "沢野町甲18" }, "geometry": { "type": "Point", "coordinates": [ 137.018277777777996, 37.037055555555597 ] } },
{ "type": "Feature", "properties": { "name": "平床ノ池", "(1)ｺｰﾄﾞ番": "172020093", "(2)読み": "ひらゆかのいけ", "県名": "石川県", "市町名": "七尾市", "住所": "沢野町" }, "geometry": { "type": "Point", "coordinates": [ 137.029694444444004, 37.0451388888889 ] } },
{ "type": "Feature", "properties": { "name": "池谷内の池", "(1)ｺｰﾄﾞ番": "172020094", "(2)読み": "いけやちのいけ", "県名": "石川県", "市町名": "七尾市", "住所": "沢野町ル40番" }, "geometry": { "type": "Point", "coordinates": [ 137.034361111110996, 37.059472222222198 ] } },
{ "type": "Feature", "properties": { "name": "刈又池", "(1)ｺｰﾄﾞ番": "172020095", "(2)読み": "かりまたいけ", "県名": "石川県", "市町名": "七尾市", "住所": "沢野町ワ9-1,9-2,9-3、9-4" }, "geometry": { "type": "Point", "coordinates": [ 137.032916666667006, 37.0571388888889 ] } },
{ "type": "Feature", "properties": { "name": "中尾池", "(1)ｺｰﾄﾞ番": "172020096", "(2)読み": "なかおいけ", "県名": "石川県", "市町名": "七尾市", "住所": "沢野町" }, "geometry": { "type": "Point", "coordinates": [ 137.034694444444, 37.0580833333333 ] } },
{ "type": "Feature", "properties": { "name": "山田ノ下ノ川", "(1)ｺｰﾄﾞ番": "172020098", "(2)読み": "やまだのしものかわ", "県名": "石川県", "市町名": "七尾市", "住所": "沢野町レ13-1,13-3" }, "geometry": { "type": "Point", "coordinates": [ 137.033444444444001, 37.053388888888897 ] } },
{ "type": "Feature", "properties": { "name": "宮の後池", "(1)ｺｰﾄﾞ番": "172020099", "(2)読み": "みやのごいけ", "県名": "石川県", "市町名": "七尾市", "住所": "大田町28-9" }, "geometry": { "type": "Point", "coordinates": [ 137.015833333333006, 37.075972222222198 ] } },
{ "type": "Feature", "properties": { "name": "風吹池", "(1)ｺｰﾄﾞ番": "172020100", "(2)読み": "かぜふきいけ", "県名": "石川県", "市町名": "七尾市", "住所": "大田町" }, "geometry": { "type": "Point", "coordinates": [ 137.015833333333006, 37.078888888888898 ] } },
{ "type": "Feature", "properties": { "name": "赤堤池", "(1)ｺｰﾄﾞ番": "172020101", "(2)読み": "あかつつみいけ", "県名": "石川県", "市町名": "七尾市", "住所": "大田町" }, "geometry": { "type": "Point", "coordinates": [ 137.014444444443996, 37.078805555555597 ] } },
{ "type": "Feature", "properties": { "name": "川谷内池", "(1)ｺｰﾄﾞ番": "172020102", "(2)読み": "かわやちいけ", "県名": "石川県", "市町名": "七尾市", "住所": "麻生町ノ10-1" }, "geometry": { "type": "Point", "coordinates": [ 137.004777777778003, 37.015111111111104 ] } },
{ "type": "Feature", "properties": { "name": "北橋の池", "(1)ｺｰﾄﾞ番": "172020103", "(2)読み": "きたはしのいけ", "県名": "石川県", "市町名": "七尾市", "住所": "江泊町ラ60-2" }, "geometry": { "type": "Point", "coordinates": [ 137.04925, 37.069027777777798 ] } },
{ "type": "Feature", "properties": { "name": "浜岸池", "(1)ｺｰﾄﾞ番": "172020104", "(2)読み": "はまぎしいけ", "県名": "石川県", "市町名": "七尾市", "住所": "江泊町ム4" }, "geometry": { "type": "Point", "coordinates": [ 137.049166666666991, 37.0695277777778 ] } },
{ "type": "Feature", "properties": { "name": "浜岸第2池", "(1)ｺｰﾄﾞ番": "172020105", "(2)読み": "はまぎしだいにいけ", "県名": "石川県", "市町名": "七尾市", "住所": "江泊町ム63" }, "geometry": { "type": "Point", "coordinates": [ 137.047944444443999, 37.069805555555597 ] } },
{ "type": "Feature", "properties": { "name": "新池", "(1)ｺｰﾄﾞ番": "172020106", "(2)読み": null, "県名": "石川県", "市町名": "七尾市", "住所": "江泊町" }, "geometry": { "type": "Point", "coordinates": [ 137.050305555556008, 37.068694444444397 ] } },
{ "type": "Feature", "properties": { "name": "天池", "(1)ｺｰﾄﾞ番": "172020107", "(2)読み": "あまいけ", "県名": "石川県", "市町名": "七尾市", "住所": "江泊町ヤ1" }, "geometry": { "type": "Point", "coordinates": [ 137.045916666667011, 37.070694444444399 ] } },
{ "type": "Feature", "properties": { "name": "中島池", "(1)ｺｰﾄﾞ番": "172020108", "(2)読み": "なかじまいけ", "県名": "石川県", "市町名": "七尾市", "住所": "大野木町" }, "geometry": { "type": "Point", "coordinates": [ 137.046111111111003, 37.072722222222197 ] } },
{ "type": "Feature", "properties": { "name": "中島第２池", "(1)ｺｰﾄﾞ番": "172020109", "(2)読み": "なかじまだいにいけ", "県名": "石川県", "市町名": "七尾市", "住所": "大野木町庚2" }, "geometry": { "type": "Point", "coordinates": [ 137.04525, 37.071444444444403 ] } },
{ "type": "Feature", "properties": { "name": "ワスケの池", "(1)ｺｰﾄﾞ番": "172020110", "(2)読み": null, "県名": "石川県", "市町名": "七尾市", "住所": "大野木町" }, "geometry": { "type": "Point", "coordinates": [ 137.046611111110991, 37.071583333333301 ] } },
{ "type": "Feature", "properties": { "name": "北野池", "(1)ｺｰﾄﾞ番": "172020111", "(2)読み": null, "県名": "石川県", "市町名": "七尾市", "住所": "大野木町" }, "geometry": { "type": "Point", "coordinates": [ 137.046972222221996, 37.0729166666667 ] } },
{ "type": "Feature", "properties": { "name": "宮の前池", "(1)ｺｰﾄﾞ番": "172020112", "(2)読み": "みやのまえいけ", "県名": "石川県", "市町名": "七尾市", "住所": "小栗町ト28" }, "geometry": { "type": "Point", "coordinates": [ 137.016138888889003, 37.0224166666667 ] } },
{ "type": "Feature", "properties": { "name": "池田第１池", "(1)ｺｰﾄﾞ番": "172020113", "(2)読み": "いけだだいいちいけ", "県名": "石川県", "市町名": "七尾市", "住所": "清水平町小池ノ頭3" }, "geometry": { "type": "Point", "coordinates": [ 137.028583333332989, 37.023 ] } },
{ "type": "Feature", "properties": { "name": "田尻池", "(1)ｺｰﾄﾞ番": "172020114", "(2)読み": null, "県名": "石川県", "市町名": "七尾市", "住所": "大野木町" }, "geometry": { "type": "Point", "coordinates": [ 137.047694444444005, 37.081972222222198 ] } },
{ "type": "Feature", "properties": { "name": "小川池", "(1)ｺｰﾄﾞ番": "172020115", "(2)読み": null, "県名": "石川県", "市町名": "七尾市", "住所": "大野木町" }, "geometry": { "type": "Point", "coordinates": [ 137.047, 37.075194444444399 ] } },
{ "type": "Feature", "properties": { "name": "岡島池", "(1)ｺｰﾄﾞ番": "172020118", "(2)読み": null, "県名": "石川県", "市町名": "七尾市", "住所": "大野木町" }, "geometry": { "type": "Point", "coordinates": [ 137.051166666667001, 37.076027777777803 ] } },
{ "type": "Feature", "properties": { "name": "上田池", "(1)ｺｰﾄﾞ番": "172020119", "(2)読み": null, "県名": "石川県", "市町名": "七尾市", "住所": "鵜浦町" }, "geometry": { "type": "Point", "coordinates": [ 137.038138888888994, 37.105555555555597 ] } },
{ "type": "Feature", "properties": { "name": "辻第４池", "(1)ｺｰﾄﾞ番": "172020121", "(2)読み": null, "県名": "石川県", "市町名": "七尾市", "住所": "大野木町" }, "geometry": { "type": "Point", "coordinates": [ 137.051361111110992, 37.075888888888898 ] } },
{ "type": "Feature", "properties": { "name": "木前池", "(1)ｺｰﾄﾞ番": "172020122", "(2)読み": null, "県名": "石川県", "市町名": "七尾市", "住所": "大野木町" }, "geometry": { "type": "Point", "coordinates": [ 137.04313888888899, 37.07925 ] } },
{ "type": "Feature", "properties": { "name": "谷内ノ池", "(1)ｺｰﾄﾞ番": "172020123", "(2)読み": null, "県名": "石川県", "市町名": "七尾市", "住所": "日室町" }, "geometry": { "type": "Point", "coordinates": [ 137.032805555555996, 37.0655 ] } },
{ "type": "Feature", "properties": { "name": "稲葉谷内池", "(1)ｺｰﾄﾞ番": "172020124", "(2)読み": null, "県名": "石川県", "市町名": "七尾市", "住所": "日室町" }, "geometry": { "type": "Point", "coordinates": [ 137.036666666667003, 37.070416666666702 ] } },
{ "type": "Feature", "properties": { "name": "小山池", "(1)ｺｰﾄﾞ番": "172020125", "(2)読み": "こやまいけ", "県名": "石川県", "市町名": "七尾市", "住所": "湯川町" }, "geometry": { "type": "Point", "coordinates": [ 137.026805555555995, 37.0743333333333 ] } },
{ "type": "Feature", "properties": { "name": "小山池（２）", "(1)ｺｰﾄﾞ番": "172020126", "(2)読み": "こやまいけかっこにいけ", "県名": "石川県", "市町名": "七尾市", "住所": "湯川町" }, "geometry": { "type": "Point", "coordinates": [ 137.024555555555992, 37.072972222222198 ] } },
{ "type": "Feature", "properties": { "name": "忠政池", "(1)ｺｰﾄﾞ番": "172020127", "(2)読み": "ただまさいけ", "県名": "石川県", "市町名": "七尾市", "住所": "湯川町" }, "geometry": { "type": "Point", "coordinates": [ 137.02925, 37.072555555555603 ] } },
{ "type": "Feature", "properties": { "name": "沢野池", "(1)ｺｰﾄﾞ番": "172020128", "(2)読み": "さわのいけ", "県名": "石川県", "市町名": "七尾市", "住所": "湯川町" }, "geometry": { "type": "Point", "coordinates": [ 137.029361111111001, 37.072027777777798 ] } },
{ "type": "Feature", "properties": { "name": "受川池", "(1)ｺｰﾄﾞ番": "172020129", "(2)読み": null, "県名": "石川県", "市町名": "七尾市", "住所": "湯川町" }, "geometry": { "type": "Point", "coordinates": [ 137.028694444444, 37.069194444444399 ] } },
{ "type": "Feature", "properties": { "name": "黒川（2）", "(1)ｺｰﾄﾞ番": "172020133", "(2)読み": "くろかわかっこに", "県名": "石川県", "市町名": "七尾市", "住所": "湯川町" }, "geometry": { "type": "Point", "coordinates": [ 137.028583333332989, 37.066166666666703 ] } },
{ "type": "Feature", "properties": { "name": "吹上田の池", "(1)ｺｰﾄﾞ番": "172020134", "(2)読み": "ふきあげだいけ", "県名": "石川県", "市町名": "七尾市", "住所": "上湯川町" }, "geometry": { "type": "Point", "coordinates": [ 137.026972222222014, 37.073138888888899 ] } },
{ "type": "Feature", "properties": { "name": "いちじく田の池", "(1)ｺｰﾄﾞ番": "172020135", "(2)読み": null, "県名": "石川県", "市町名": "七尾市", "住所": "湯川町" }, "geometry": { "type": "Point", "coordinates": [ 137.026166666666995, 37.073222222222199 ] } },
{ "type": "Feature", "properties": { "name": "ヤッチャマの池", "(1)ｺｰﾄﾞ番": "172020136", "(2)読み": "やっちゃまのいけ", "県名": "石川県", "市町名": "七尾市", "住所": "湯川町" }, "geometry": { "type": "Point", "coordinates": [ 137.027916666667011, 37.0804166666667 ] } },
{ "type": "Feature", "properties": { "name": "ヤッチャマ池", "(1)ｺｰﾄﾞ番": "172020137", "(2)読み": null, "県名": "石川県", "市町名": "七尾市", "住所": "下湯川町" }, "geometry": { "type": "Point", "coordinates": [ 137.027444444444001, 37.081083333333297 ] } },
{ "type": "Feature", "properties": { "name": "向山池", "(1)ｺｰﾄﾞ番": "172020138", "(2)読み": "むこうやまいけ", "県名": "石川県", "市町名": "七尾市", "住所": "湯川町" }, "geometry": { "type": "Point", "coordinates": [ 137.042111111111012, 37.081861111111103 ] } },
{ "type": "Feature", "properties": { "name": "薬師池", "(1)ｺｰﾄﾞ番": "172020139", "(2)読み": null, "県名": "石川県", "市町名": "七尾市", "住所": "湯川町" }, "geometry": { "type": "Point", "coordinates": [ 137.038777777777995, 37.082722222222202 ] } },
{ "type": "Feature", "properties": { "name": "ゴウズ池", "(1)ｺｰﾄﾞ番": "172020140", "(2)読み": null, "県名": "石川県", "市町名": "七尾市", "住所": "湯川町" }, "geometry": { "type": "Point", "coordinates": [ 137.027666666666988, 37.083361111111103 ] } },
{ "type": "Feature", "properties": { "name": "荒木谷池", "(1)ｺｰﾄﾞ番": "172020141", "(2)読み": null, "県名": "石川県", "市町名": "七尾市", "住所": "湯川町" }, "geometry": { "type": "Point", "coordinates": [ 137.029222222221989, 37.081111111111099 ] } },
{ "type": "Feature", "properties": { "name": "カンバ池", "(1)ｺｰﾄﾞ番": "172020142", "(2)読み": null, "県名": "石川県", "市町名": "七尾市", "住所": "湯川町" }, "geometry": { "type": "Point", "coordinates": [ 137.036861111110994, 37.081972222222198 ] } },
{ "type": "Feature", "properties": { "name": "寺ノ裏池", "(1)ｺｰﾄﾞ番": "172020143", "(2)読み": null, "県名": "石川県", "市町名": "七尾市", "住所": "湯川町" }, "geometry": { "type": "Point", "coordinates": [ 137.035138888889009, 37.081138888888901 ] } },
{ "type": "Feature", "properties": { "name": "杉山の池", "(1)ｺｰﾄﾞ番": "172020145", "(2)読み": null, "県名": "石川県", "市町名": "七尾市", "住所": "鵜浦町" }, "geometry": { "type": "Point", "coordinates": [ 137.054722222222011, 37.1051111111111 ] } },
{ "type": "Feature", "properties": { "name": "中村池", "(1)ｺｰﾄﾞ番": "172020146", "(2)読み": null, "県名": "石川県", "市町名": "七尾市", "住所": "鵜浦町" }, "geometry": { "type": "Point", "coordinates": [ 137.049527777777996, 37.1061388888889 ] } },
{ "type": "Feature", "properties": { "name": "大谷内池", "(1)ｺｰﾄﾞ番": "172020148", "(2)読み": null, "県名": "石川県", "市町名": "七尾市", "住所": "岡町" }, "geometry": { "type": "Point", "coordinates": [ 137.018666666667002, 37.054222222222201 ] } },
{ "type": "Feature", "properties": { "name": "六左エ門池", "(1)ｺｰﾄﾞ番": "172020149", "(2)読み": null, "県名": "石川県", "市町名": "七尾市", "住所": "岡町" }, "geometry": { "type": "Point", "coordinates": [ 137.02025, 37.054972222222197 ] } },
{ "type": "Feature", "properties": { "name": "美池", "(1)ｺｰﾄﾞ番": "172020150", "(2)読み": "びいけ", "県名": "石川県", "市町名": "七尾市", "住所": "岡町ワ31番1" }, "geometry": { "type": "Point", "coordinates": [ 137.022527777778009, 37.056833333333302 ] } },
{ "type": "Feature", "properties": { "name": "棚田池", "(1)ｺｰﾄﾞ番": "172020151", "(2)読み": "たなだいけ", "県名": "石川県", "市町名": "七尾市", "住所": "細口町ヨ1" }, "geometry": { "type": "Point", "coordinates": [ 136.935388888889008, 37.0321944444444 ] } },
{ "type": "Feature", "properties": { "name": "クマノシュウドウ池", "(1)ｺｰﾄﾞ番": "172020152", "(2)読み": "くまのしゅうどういけ", "県名": "石川県", "市町名": "七尾市", "住所": "細口町" }, "geometry": { "type": "Point", "coordinates": [ 136.945638888888993, 37.027416666666703 ] } },
{ "type": "Feature", "properties": { "name": "弥三部郎池", "(1)ｺｰﾄﾞ番": "172020153", "(2)読み": "やさぶろういけ", "県名": "石川県", "市町名": "七尾市", "住所": "佐野町ハ211" }, "geometry": { "type": "Point", "coordinates": [ 136.997611111111013, 37.032611111111102 ] } },
{ "type": "Feature", "properties": { "name": "材木池", "(1)ｺｰﾄﾞ番": "172020154", "(2)読み": "ざいもくいけ", "県名": "石川県", "市町名": "七尾市", "住所": "万行町53-10" }, "geometry": { "type": "Point", "coordinates": [ 136.994, 37.023138888888901 ] } },
{ "type": "Feature", "properties": { "name": "松谷池", "(1)ｺｰﾄﾞ番": "172020155", "(2)読み": "まつたにいけ", "県名": "石川県", "市町名": "七尾市", "住所": "万行町58-60" }, "geometry": { "type": "Point", "coordinates": [ 136.995416666667012, 37.026416666666698 ] } },
{ "type": "Feature", "properties": { "name": "九十九枚池", "(1)ｺｰﾄﾞ番": "172020156", "(2)読み": "くじゅうくまいいけ", "県名": "石川県", "市町名": "七尾市", "住所": "万行町67-6" }, "geometry": { "type": "Point", "coordinates": [ 136.996138888888993, 37.028472222222199 ] } },
{ "type": "Feature", "properties": { "name": "新池", "(1)ｺｰﾄﾞ番": "172020157", "(2)読み": "しんいけ", "県名": "石川県", "市町名": "七尾市", "住所": "万行町29-141-甲" }, "geometry": { "type": "Point", "coordinates": [ 136.990777777777993, 37.0351111111111 ] } },
{ "type": "Feature", "properties": { "name": "狐田池", "(1)ｺｰﾄﾞ番": "172020158", "(2)読み": "きつねだいけ", "県名": "石川県", "市町名": "七尾市", "住所": "万行町16-118" }, "geometry": { "type": "Point", "coordinates": [ 136.987166666667008, 37.039861111111101 ] } },
{ "type": "Feature", "properties": { "name": "浅田池", "(1)ｺｰﾄﾞ番": "172020159", "(2)読み": "あさだいけ", "県名": "石川県", "市町名": "七尾市", "住所": "三室町百拾五19" }, "geometry": { "type": "Point", "coordinates": [ 137.027111111110997, 37.094416666666703 ] } },
{ "type": "Feature", "properties": { "name": "森谷内池", "(1)ｺｰﾄﾞ番": "172020160", "(2)読み": "もりやちいけ", "県名": "石川県", "市町名": "七尾市", "住所": "三室町六拾四6" }, "geometry": { "type": "Point", "coordinates": [ 137.022083333333001, 37.088333333333303 ] } },
{ "type": "Feature", "properties": { "name": "庭竹原池", "(1)ｺｰﾄﾞ番": "172020161", "(2)読み": "にわたけはらいけ", "県名": "石川県", "市町名": "七尾市", "住所": "三室町百三拾六2" }, "geometry": { "type": "Point", "coordinates": [ 137.027611111111014, 37.096333333333298 ] } },
{ "type": "Feature", "properties": { "name": "西谷内池", "(1)ｺｰﾄﾞ番": "172020162", "(2)読み": "にしやちいけ", "県名": "石川県", "市町名": "七尾市", "住所": "三室町は3" }, "geometry": { "type": "Point", "coordinates": [ 137.02388888888899, 37.096444444444401 ] } },
{ "type": "Feature", "properties": { "name": "大谷内池", "(1)ｺｰﾄﾞ番": "172020163", "(2)読み": "おおやちいけ", "県名": "石川県", "市町名": "七尾市", "住所": "三室町上之部22" }, "geometry": { "type": "Point", "coordinates": [ 137.01325, 37.0826944444444 ] } },
{ "type": "Feature", "properties": { "name": "長谷池", "(1)ｺｰﾄﾞ番": "172020164", "(2)読み": "ながたにいけ", "県名": "石川県", "市町名": "七尾市", "住所": "和倉町" }, "geometry": { "type": "Point", "coordinates": [ 136.910444444444011, 37.082027777777803 ] } },
{ "type": "Feature", "properties": { "name": "倉間池", "(1)ｺｰﾄﾞ番": "172020166", "(2)読み": "くらまいけ", "県名": "石川県", "市町名": "七尾市", "住所": "小島町ワ33" }, "geometry": { "type": "Point", "coordinates": [ 136.947972222222006, 37.0505 ] } },
{ "type": "Feature", "properties": { "name": "奈良閨池", "(1)ｺｰﾄﾞ番": "172020167", "(2)読み": "ならねやいけ", "県名": "石川県", "市町名": "七尾市", "住所": "鵜浦町78-26" }, "geometry": { "type": "Point", "coordinates": [ 137.046916666666988, 37.089833333333303 ] } },
{ "type": "Feature", "properties": { "name": "水ヶ平池", "(1)ｺｰﾄﾞ番": "172020168", "(2)読み": "みずがひらいけ", "県名": "石川県", "市町名": "七尾市", "住所": "小島町カ7" }, "geometry": { "type": "Point", "coordinates": [ 136.946972222222001, 37.054305555555601 ] } },
{ "type": "Feature", "properties": { "name": "洞田池", "(1)ｺｰﾄﾞ番": "172020169", "(2)読み": "どうだいけ", "県名": "石川県", "市町名": "七尾市", "住所": "新保町1-373" }, "geometry": { "type": "Point", "coordinates": [ 136.933138888889005, 37.065277777777801 ] } },
{ "type": "Feature", "properties": { "name": "イトウ池", "(1)ｺｰﾄﾞ番": "172020170", "(2)読み": null, "県名": "石川県", "市町名": "七尾市", "住所": "鵜浦町" }, "geometry": { "type": "Point", "coordinates": [ 137.050805555555996, 37.094194444444398 ] } },
{ "type": "Feature", "properties": { "name": "ネコダン池", "(1)ｺｰﾄﾞ番": "172020171", "(2)読み": "ねこだんいけ", "県名": "石川県", "市町名": "七尾市", "住所": "新保町1-58-1,58-2" }, "geometry": { "type": "Point", "coordinates": [ 136.928111111111008, 37.063694444444401 ] } },
{ "type": "Feature", "properties": { "name": "山崎池", "(1)ｺｰﾄﾞ番": "172020172", "(2)読み": "やまざきいけ", "県名": "石川県", "市町名": "七尾市", "住所": "新保町1-24" }, "geometry": { "type": "Point", "coordinates": [ 136.927472222222008, 37.0645 ] } },
{ "type": "Feature", "properties": { "name": "大谷池", "(1)ｺｰﾄﾞ番": "172020173", "(2)読み": null, "県名": "石川県", "市町名": "七尾市", "住所": "柑子町" }, "geometry": { "type": "Point", "coordinates": [ 137.030694444444009, 37.0268333333333 ] } },
{ "type": "Feature", "properties": { "name": "谷内池", "(1)ｺｰﾄﾞ番": "172020174", "(2)読み": "やちいけ", "県名": "石川県", "市町名": "七尾市", "住所": "東三階町ソ1-1" }, "geometry": { "type": "Point", "coordinates": [ 136.91361111111101, 37.022222222222197 ] } },
{ "type": "Feature", "properties": { "name": "三ケ村池", "(1)ｺｰﾄﾞ番": "172020175", "(2)読み": "さんがむらいけ", "県名": "石川県", "市町名": "七尾市", "住所": "本府中町ナ50" }, "geometry": { "type": "Point", "coordinates": [ 136.96625, 37.0341666666667 ] } },
{ "type": "Feature", "properties": { "name": "渡蛇池", "(1)ｺｰﾄﾞ番": "172020176", "(2)読み": null, "県名": "石川県", "市町名": "七尾市", "住所": "柑子町" }, "geometry": { "type": "Point", "coordinates": [ 137.03075, 37.025666666666702 ] } },
{ "type": "Feature", "properties": { "name": "城山園前池", "(1)ｺｰﾄﾞ番": "172020177", "(2)読み": "じょうやまえんまえいけ", "県名": "石川県", "市町名": "七尾市", "住所": "後畠町イ25" }, "geometry": { "type": "Point", "coordinates": [ 136.974222222222011, 37.026111111111099 ] } },
{ "type": "Feature", "properties": { "name": "白石の池", "(1)ｺｰﾄﾞ番": "172020180", "(2)読み": null, "県名": "石川県", "市町名": "七尾市", "住所": "白鳥町" }, "geometry": { "type": "Point", "coordinates": [ 137.047333333333, 37.0585555555556 ] } },
{ "type": "Feature", "properties": { "name": "百海第１池", "(1)ｺｰﾄﾞ番": "172020181", "(2)読み": null, "県名": "石川県", "市町名": "七尾市", "住所": "百海町" }, "geometry": { "type": "Point", "coordinates": [ 137.043055555556009, 37.051472222222202 ] } },
{ "type": "Feature", "properties": { "name": "百海第２池", "(1)ｺｰﾄﾞ番": "172020182", "(2)読み": null, "県名": "石川県", "市町名": "七尾市", "住所": "百海町" }, "geometry": { "type": "Point", "coordinates": [ 137.043083333332987, 37.052138888888898 ] } },
{ "type": "Feature", "properties": { "name": "大野池", "(1)ｺｰﾄﾞ番": "172020183", "(2)読み": "おおのいけ", "県名": "石川県", "市町名": "七尾市", "住所": "庵町" }, "geometry": { "type": "Point", "coordinates": [ 137.038944444444013, 37.027444444444399 ] } },
{ "type": "Feature", "properties": { "name": "大久保池", "(1)ｺｰﾄﾞ番": "172020187", "(2)読み": "おおくぼいけ", "県名": "石川県", "市町名": "七尾市", "住所": "佐々波町" }, "geometry": { "type": "Point", "coordinates": [ 137.03397222222199, 37.012666666666703 ] } },
{ "type": "Feature", "properties": { "name": "ジクタリ池", "(1)ｺｰﾄﾞ番": "172020188", "(2)読み": null, "県名": "石川県", "市町名": "七尾市", "住所": "佐々波町" }, "geometry": { "type": "Point", "coordinates": [ 137.04716666666701, 37.001361111111102 ] } },
{ "type": "Feature", "properties": { "name": "梅木平地", "(1)ｺｰﾄﾞ番": "172020190", "(2)読み": null, "県名": "石川県", "市町名": "七尾市", "住所": "佐々波町" }, "geometry": { "type": "Point", "coordinates": [ 137.04377777777799, 37.014083333333303 ] } },
{ "type": "Feature", "properties": { "name": "六万防（１）池", "(1)ｺｰﾄﾞ番": "172020191", "(2)読み": null, "県名": "石川県", "市町名": "七尾市", "住所": "佐々波町" }, "geometry": { "type": "Point", "coordinates": [ 137.042472222221988, 37.016638888888899 ] } },
{ "type": "Feature", "properties": { "name": "六万防（２）池", "(1)ｺｰﾄﾞ番": "172020192", "(2)読み": "ろくまんぼうかっこ2いけ", "県名": "石川県", "市町名": "七尾市", "住所": "佐々波町" }, "geometry": { "type": "Point", "coordinates": [ 137.044027777778012, 37.015222222222199 ] } },
{ "type": "Feature", "properties": { "name": "出村（１）池", "(1)ｺｰﾄﾞ番": "172020196", "(2)読み": null, "県名": "石川県", "市町名": "七尾市", "住所": "佐々波町" }, "geometry": { "type": "Point", "coordinates": [ 137.047583333332994, 36.996972222222198 ] } },
{ "type": "Feature", "properties": { "name": "出村（２）池", "(1)ｺｰﾄﾞ番": "172020197", "(2)読み": null, "県名": "石川県", "市町名": "七尾市", "住所": "佐々波町" }, "geometry": { "type": "Point", "coordinates": [ 137.047555555555988, 36.996583333333298 ] } },
{ "type": "Feature", "properties": { "name": "竹ケ谷内池", "(1)ｺｰﾄﾞ番": "172020199", "(2)読み": "たけがたにうちいけ", "県名": "石川県", "市町名": "七尾市", "住所": "佐々波町" }, "geometry": { "type": "Point", "coordinates": [ 137.034972222221995, 37.005972222222198 ] } },
{ "type": "Feature", "properties": { "name": "堂上池", "(1)ｺｰﾄﾞ番": "172020203", "(2)読み": null, "県名": "石川県", "市町名": "七尾市", "住所": "花園町" }, "geometry": { "type": "Point", "coordinates": [ 137.039722222221997, 36.982527777777797 ] } },
{ "type": "Feature", "properties": { "name": "寺谷内池", "(1)ｺｰﾄﾞ番": "172020204", "(2)読み": "てらやちいけ", "県名": "石川県", "市町名": "七尾市", "住所": "花園町子1" }, "geometry": { "type": "Point", "coordinates": [ 137.039111111110998, 36.9834 ] } },
{ "type": "Feature", "properties": { "name": "山崎池", "(1)ｺｰﾄﾞ番": "172020207", "(2)読み": null, "県名": "石川県", "市町名": "七尾市", "住所": "鵜浦町" }, "geometry": { "type": "Point", "coordinates": [ 137.051555555556007, 37.094138888888899 ] } },
{ "type": "Feature", "properties": { "name": "樋ノ谷内池", "(1)ｺｰﾄﾞ番": "172020208", "(2)読み": "ひのやちいけ", "県名": "石川県", "市町名": "七尾市", "住所": "鵜浦町14-3" }, "geometry": { "type": "Point", "coordinates": [ 137.043583333333004, 37.104 ] } },
{ "type": "Feature", "properties": { "name": "浜の池", "(1)ｺｰﾄﾞ番": "172020209", "(2)読み": null, "県名": "石川県", "市町名": "七尾市", "住所": "東浜町" }, "geometry": { "type": "Point", "coordinates": [ 137.0495, 36.975027777777797 ] } },
{ "type": "Feature", "properties": { "name": "萩原の池", "(1)ｺｰﾄﾞ番": "172020210", "(2)読み": "はぎわらのいけ", "県名": "石川県", "市町名": "七尾市", "住所": "東浜町テ6" }, "geometry": { "type": "Point", "coordinates": [ 137.050527777778001, 36.974555555555597 ] } },
{ "type": "Feature", "properties": { "name": "奥の池", "(1)ｺｰﾄﾞ番": "172020211", "(2)読み": "おくのいけ", "県名": "石川県", "市町名": "七尾市", "住所": "大泊町" }, "geometry": { "type": "Point", "coordinates": [ 137.028388888888998, 36.965166666666697 ] } },
{ "type": "Feature", "properties": { "name": "麻生第１池", "(1)ｺｰﾄﾞ番": "172020215", "(2)読み": null, "県名": "石川県", "市町名": "七尾市", "住所": "麻生町" }, "geometry": { "type": "Point", "coordinates": [ 137.020138888888994, 37.015 ] } },
{ "type": "Feature", "properties": { "name": "麻生第３池", "(1)ｺｰﾄﾞ番": "172020217", "(2)読み": "あそうだにいけ", "県名": "石川県", "市町名": "七尾市", "住所": "麻生町毛平22" }, "geometry": { "type": "Point", "coordinates": [ 137.026388888888988, 37.013638888888899 ] } },
{ "type": "Feature", "properties": { "name": "麻生第4池", "(1)ｺｰﾄﾞ番": "172020218", "(2)読み": "あそうだいよんいけ", "県名": "石川県", "市町名": "七尾市", "住所": "麻生町佐々波ナ19" }, "geometry": { "type": "Point", "coordinates": [ 137.0305, 37.012111111111103 ] } },
{ "type": "Feature", "properties": { "name": "蛇池", "(1)ｺｰﾄﾞ番": "172020220", "(2)読み": "じゃいけ", "県名": "石川県", "市町名": "七尾市", "住所": "麻生町ル26" }, "geometry": { "type": "Point", "coordinates": [ 137.026166666666995, 37.010444444444403 ] } },
{ "type": "Feature", "properties": { "name": "滝ノ尻第１池", "(1)ｺｰﾄﾞ番": "172020221", "(2)読み": null, "県名": "石川県", "市町名": "七尾市", "住所": "熊淵町" }, "geometry": { "type": "Point", "coordinates": [ 136.978472222221995, 36.995777777777803 ] } },
{ "type": "Feature", "properties": { "name": "山崎第１池", "(1)ｺｰﾄﾞ番": "172020222", "(2)読み": null, "県名": "石川県", "市町名": "七尾市", "住所": "山崎町" }, "geometry": { "type": "Point", "coordinates": [ 137.030861111110994, 36.986527777777802 ] } },
{ "type": "Feature", "properties": { "name": "山崎第７池", "(1)ｺｰﾄﾞ番": "172020223", "(2)読み": "やまざきだいなないけ", "県名": "石川県", "市町名": "七尾市", "住所": "山崎町" }, "geometry": { "type": "Point", "coordinates": [ 137.029944444443998, 36.979972222222202 ] } },
{ "type": "Feature", "properties": { "name": "山崎第１０池", "(1)ｺｰﾄﾞ番": "172020226", "(2)読み": null, "県名": "石川県", "市町名": "七尾市", "住所": "山崎町" }, "geometry": { "type": "Point", "coordinates": [ 137.035111111111007, 36.984361111111099 ] } },
{ "type": "Feature", "properties": { "name": "水上第１池", "(1)ｺｰﾄﾞ番": "172020227", "(2)読み": null, "県名": "石川県", "市町名": "七尾市", "住所": "熊淵町" }, "geometry": { "type": "Point", "coordinates": [ 136.97975, 36.978166666666702 ] } },
{ "type": "Feature", "properties": { "name": "チャヤの池", "(1)ｺｰﾄﾞ番": "172020229", "(2)読み": "ちゃやのいけ", "県名": "石川県", "市町名": "七尾市", "住所": "多根町" }, "geometry": { "type": "Point", "coordinates": [ 136.979, 36.9855 ] } },
{ "type": "Feature", "properties": { "name": "向原池", "(1)ｺｰﾄﾞ番": "172020230", "(2)読み": "むこはらいけ", "県名": "石川県", "市町名": "七尾市", "住所": "多根町625" }, "geometry": { "type": "Point", "coordinates": [ 136.980527777778008, 36.981416666666703 ] } },
{ "type": "Feature", "properties": { "name": "居屋谷内池", "(1)ｺｰﾄﾞ番": "172020231", "(2)読み": "いややちいけ", "県名": "石川県", "市町名": "七尾市", "住所": "多根町ヶ9" }, "geometry": { "type": "Point", "coordinates": [ 136.968972222221993, 36.9755 ] } },
{ "type": "Feature", "properties": { "name": "四与門谷内池", "(1)ｺｰﾄﾞ番": "172020232", "(2)読み": "しえもんやちいけ", "県名": "石川県", "市町名": "七尾市", "住所": "多根町ホ12" }, "geometry": { "type": "Point", "coordinates": [ 136.98325, 36.988694444444398 ] } },
{ "type": "Feature", "properties": { "name": "白岩池", "(1)ｺｰﾄﾞ番": "172020234", "(2)読み": "しろいわいけ", "県名": "石川県", "市町名": "七尾市", "住所": "清水平町" }, "geometry": { "type": "Point", "coordinates": [ 137.023305555555993, 37.0243888888889 ] } },
{ "type": "Feature", "properties": { "name": "新田池", "(1)ｺｰﾄﾞ番": "172020235", "(2)読み": "にったいけ", "県名": "石川県", "市町名": "七尾市", "住所": "清水平町新田17" }, "geometry": { "type": "Point", "coordinates": [ 137.020388888888988, 37.023027777777799 ] } },
{ "type": "Feature", "properties": { "name": "新田その２池", "(1)ｺｰﾄﾞ番": "172020236", "(2)読み": "にったそのにいけ", "県名": "石川県", "市町名": "七尾市", "住所": "清水平町" }, "geometry": { "type": "Point", "coordinates": [ 137.020472222221997, 37.023111111111099 ] } },
{ "type": "Feature", "properties": { "name": "古府田池", "(1)ｺｰﾄﾞ番": "172020239", "(2)読み": "ふるたいけ", "県名": "石川県", "市町名": "七尾市", "住所": "藤野町ナ124-甲" }, "geometry": { "type": "Point", "coordinates": [ 136.962444444444003, 37.034611111111097 ] } },
{ "type": "Feature", "properties": { "name": "佐賀山池", "(1)ｺｰﾄﾞ番": "172020240", "(2)読み": "さがやまいけ", "県名": "石川県", "市町名": "七尾市", "住所": "中挟町" }, "geometry": { "type": "Point", "coordinates": [ 136.951194444444013, 37.003277777777797 ] } },
{ "type": "Feature", "properties": { "name": "石蔵池", "(1)ｺｰﾄﾞ番": "172020241", "(2)読み": "いしくらいけ", "県名": "石川県", "市町名": "七尾市", "住所": "矢田町丑18-1" }, "geometry": { "type": "Point", "coordinates": [ 136.987111111111005, 37.027666666666697 ] } },
{ "type": "Feature", "properties": { "name": "大皿池", "(1)ｺｰﾄﾞ番": "172020243", "(2)読み": "おおざらいけ", "県名": "石川県", "市町名": "七尾市", "住所": "直津町レ9" }, "geometry": { "type": "Point", "coordinates": [ 136.912527777777996, 37.0476666666667 ] } },
{ "type": "Feature", "properties": { "name": "千野池", "(1)ｺｰﾄﾞ番": "172020244", "(2)読み": "ちのいけ", "県名": "石川県", "市町名": "七尾市", "住所": "千野町メ56" }, "geometry": { "type": "Point", "coordinates": [ 136.962666666666991, 37.013583333333301 ] } },
{ "type": "Feature", "properties": { "name": "立石", "(1)ｺｰﾄﾞ番": "172020245", "(2)読み": "たていし", "県名": "石川県", "市町名": "七尾市", "住所": "新保町1-372" }, "geometry": { "type": "Point", "coordinates": [ 136.924472222221993, 37.065555555555598 ] } },
{ "type": "Feature", "properties": { "name": "まあたり池", "(1)ｺｰﾄﾞ番": "172020246", "(2)読み": "まあたりいけ", "県名": "石川県", "市町名": "七尾市", "住所": "三室町い-6～い-10" }, "geometry": { "type": "Point", "coordinates": [ 137.024638888889001, 37.088666666666697 ] } },
{ "type": "Feature", "properties": { "name": "坂ノ尻池", "(1)ｺｰﾄﾞ番": "172020247", "(2)読み": "さかのしりいけ", "県名": "石川県", "市町名": "七尾市", "住所": "三室町上之部47" }, "geometry": { "type": "Point", "coordinates": [ 137.021138888888999, 37.085583333333297 ] } },
{ "type": "Feature", "properties": { "name": "堂勝池", "(1)ｺｰﾄﾞ番": "172020248", "(2)読み": "どうかちいけ", "県名": "石川県", "市町名": "七尾市", "住所": "三室町上之部46" }, "geometry": { "type": "Point", "coordinates": [ 137.01925, 37.0834166666667 ] } },
{ "type": "Feature", "properties": { "name": "墓の前池", "(1)ｺｰﾄﾞ番": "172020249", "(2)読み": "はかのまえいけ", "県名": "石川県", "市町名": "七尾市", "住所": "三室町は94" }, "geometry": { "type": "Point", "coordinates": [ 137.027583333333013, 37.0991111111111 ] } },
{ "type": "Feature", "properties": { "name": "大瀬戸池", "(1)ｺｰﾄﾞ番": "172020250", "(2)読み": "おおせどいけ", "県名": "石川県", "市町名": "七尾市", "住所": "新保町1-371" }, "geometry": { "type": "Point", "coordinates": [ 136.924666666667008, 37.066166666666703 ] } },
{ "type": "Feature", "properties": { "name": "鳥の谷内池", "(1)ｺｰﾄﾞ番": "172020251", "(2)読み": "とりのやちいけ", "県名": "石川県", "市町名": "七尾市", "住所": "大田町" }, "geometry": { "type": "Point", "coordinates": [ 137.009027777777987, 37.0550833333333 ] } },
{ "type": "Feature", "properties": { "name": "池洞池", "(1)ｺｰﾄﾞ番": "172020252", "(2)読み": "いけんどういけ", "県名": "石川県", "市町名": "七尾市", "住所": "東三階町ソ之部1-1,1-2" }, "geometry": { "type": "Point", "coordinates": [ 136.913055555556014, 37.0218611111111 ] } },
{ "type": "Feature", "properties": { "name": "八幡堤（柳上）", "(1)ｺｰﾄﾞ番": "172030101", "(2)読み": "やはたつつみ", "県名": "石川県", "市町名": "小松市", "住所": "八幡二23番2崎" }, "geometry": { "type": "Point", "coordinates": [ 136.493916666666991, 36.392111111111099 ] } },
{ "type": "Feature", "properties": { "name": "若杉堤（大池）", "(1)ｺｰﾄﾞ番": "172030105", "(2)読み": "わかすぎつつみ(おおいけ)", "県名": "石川県", "市町名": "小松市", "住所": "若杉町ツ8番1、ツ8番2" }, "geometry": { "type": "Point", "coordinates": [ 136.487194444443986, 36.3875 ] } },
{ "type": "Feature", "properties": { "name": "吉竹堤（釜谷）", "(1)ｺｰﾄﾞ番": "172030106", "(2)読み": "よしたけつつみ（かまだに）", "県名": "石川県", "市町名": "小松市", "住所": "吉竹町へ313番1" }, "geometry": { "type": "Point", "coordinates": [ 136.485111111110996, 36.38575 ] } },
{ "type": "Feature", "properties": { "name": "そら谷", "(1)ｺｰﾄﾞ番": "172030107", "(2)読み": "そらたに", "県名": "石川県", "市町名": "小松市", "住所": "千木野町タ27番" }, "geometry": { "type": "Point", "coordinates": [ 136.483638888889004, 36.383888888888897 ] } },
{ "type": "Feature", "properties": { "name": "南浅井", "(1)ｺｰﾄﾞ番": "172030108", "(2)読み": "みなみあさい", "県名": "石川県", "市町名": "小松市", "住所": "千木野町ソ28番1" }, "geometry": { "type": "Point", "coordinates": [ 136.481972222221998, 36.382 ] } },
{ "type": "Feature", "properties": { "name": "千木野堤", "(1)ｺｰﾄﾞ番": "172030109", "(2)読み": "せぎのつつみ", "県名": "石川県", "市町名": "小松市", "住所": "千木野町レ13番" }, "geometry": { "type": "Point", "coordinates": [ 136.482305555555996, 36.378916666666697 ] } },
{ "type": "Feature", "properties": { "name": "大池", "(1)ｺｰﾄﾞ番": "172030110", "(2)読み": "おおいけ", "県名": "石川県", "市町名": "小松市", "住所": "千木野町レ12番" }, "geometry": { "type": "Point", "coordinates": [ 136.48408333333299, 36.380083333333303 ] } },
{ "type": "Feature", "properties": { "name": "花坂", "(1)ｺｰﾄﾞ番": "172030112", "(2)読み": "はなさか", "県名": "石川県", "市町名": "小松市", "住所": "花坂町チ22番1、チ22番2" }, "geometry": { "type": "Point", "coordinates": [ 136.495055555556007, 36.379388888888897 ] } },
{ "type": "Feature", "properties": { "name": "大倉", "(1)ｺｰﾄﾞ番": "172030113", "(2)読み": "おおくら", "県名": "石川県", "市町名": "小松市", "住所": "本江町" }, "geometry": { "type": "Point", "coordinates": [ 136.473361111110989, 36.377222222222201 ] } },
{ "type": "Feature", "properties": { "name": "テカ谷", "(1)ｺｰﾄﾞ番": "172030114", "(2)読み": "てかたに", "県名": "石川県", "市町名": "小松市", "住所": "東山町ト148番" }, "geometry": { "type": "Point", "coordinates": [ 136.480972222221993, 36.374 ] } },
{ "type": "Feature", "properties": { "name": "おどし（和気）", "(1)ｺｰﾄﾞ番": "172030115", "(2)読み": "おどし（わけ）", "県名": "石川県", "市町名": "小松市", "住所": "東山町" }, "geometry": { "type": "Point", "coordinates": [ 136.482638888888999, 36.374666666666698 ] } },
{ "type": "Feature", "properties": { "name": "宮谷", "(1)ｺｰﾄﾞ番": "172030116", "(2)読み": "みやだん", "県名": "石川県", "市町名": "小松市", "住所": "本江町" }, "geometry": { "type": "Point", "coordinates": [ 136.482472222221986, 36.373722222222199 ] } },
{ "type": "Feature", "properties": { "name": "真如", "(1)ｺｰﾄﾞ番": "172030117", "(2)読み": "しんにょ", "県名": "石川県", "市町名": "小松市", "住所": "本江町" }, "geometry": { "type": "Point", "coordinates": [ 136.485805555555999, 36.3759444444444 ] } },
{ "type": "Feature", "properties": { "name": "蛇谷", "(1)ｺｰﾄﾞ番": "172030118", "(2)読み": "じゃだん", "県名": "石川県", "市町名": "小松市", "住所": "東山町" }, "geometry": { "type": "Point", "coordinates": [ 136.487944444443997, 36.3765 ] } },
{ "type": "Feature", "properties": { "name": "宮後（宮ノ後）", "(1)ｺｰﾄﾞ番": "172030119", "(2)読み": "みやご（みやのうしろ）", "県名": "石川県", "市町名": "小松市", "住所": "蓮代寺町二乙39番" }, "geometry": { "type": "Point", "coordinates": [ 136.471361111111008, 36.372888888888902 ] } },
{ "type": "Feature", "properties": { "name": "中ノ堤", "(1)ｺｰﾄﾞ番": "172030120", "(2)読み": "なかのつつみ", "県名": "石川県", "市町名": "小松市", "住所": "蓮代寺町2丁目1番" }, "geometry": { "type": "Point", "coordinates": [ 136.468916666667013, 36.371 ] } },
{ "type": "Feature", "properties": { "name": "濁（濁堤）", "(1)ｺｰﾄﾞ番": "172030121", "(2)読み": "にごり（にごりつつみ）", "県名": "石川県", "市町名": "小松市", "住所": "蓮代寺町二丁36番" }, "geometry": { "type": "Point", "coordinates": [ 136.469722222222003, 36.368722222222203 ] } },
{ "type": "Feature", "properties": { "name": "椛谷その１", "(1)ｺｰﾄﾞ番": "172030122", "(2)読み": null, "県名": "石川県", "市町名": "小松市", "住所": "三谷町" }, "geometry": { "type": "Point", "coordinates": [ 136.465944444444006, 36.3681388888889 ] } },
{ "type": "Feature", "properties": { "name": "椛谷その２", "(1)ｺｰﾄﾞ番": "172030123", "(2)読み": null, "県名": "石川県", "市町名": "小松市", "住所": "三谷町" }, "geometry": { "type": "Point", "coordinates": [ 136.466916666667004, 36.367944444444397 ] } },
{ "type": "Feature", "properties": { "name": "窪谷", "(1)ｺｰﾄﾞ番": "172030124", "(2)読み": "くぼたに", "県名": "石川県", "市町名": "小松市", "住所": "三谷町ヌ152番乙" }, "geometry": { "type": "Point", "coordinates": [ 136.459777777777987, 36.36275 ] } },
{ "type": "Feature", "properties": { "name": "江陵", "(1)ｺｰﾄﾞ番": "172030125", "(2)読み": "えいりょう", "県名": "石川県", "市町名": "小松市", "住所": "蓮代寺町ホ甲51番" }, "geometry": { "type": "Point", "coordinates": [ 136.46775, 36.364611111111103 ] } },
{ "type": "Feature", "properties": { "name": "小坂下堤", "(1)ｺｰﾄﾞ番": "172030126", "(2)読み": "こさかしたつつみ", "県名": "石川県", "市町名": "小松市", "住所": "三谷町小坂14-乙" }, "geometry": { "type": "Point", "coordinates": [ 136.465361111111008, 36.363444444444397 ] } },
{ "type": "Feature", "properties": { "name": "小坂上堤", "(1)ｺｰﾄﾞ番": "172030127", "(2)読み": "こさかうえつつみ", "県名": "石川県", "市町名": "小松市", "住所": "三谷町小坂14-乙先" }, "geometry": { "type": "Point", "coordinates": [ 136.464611111110997, 36.361916666666701 ] } },
{ "type": "Feature", "properties": { "name": "松本下堤", "(1)ｺｰﾄﾞ番": "172030128", "(2)読み": "まつもとしたつつみ", "県名": "石川県", "市町名": "小松市", "住所": "三谷町小坂30-乙" }, "geometry": { "type": "Point", "coordinates": [ 136.464055555556001, 36.360916666666697 ] } },
{ "type": "Feature", "properties": { "name": "松本上堤", "(1)ｺｰﾄﾞ番": "172030129", "(2)読み": "まつもとうえつつみ", "県名": "石川県", "市町名": "小松市", "住所": "三谷町小坂29-乙" }, "geometry": { "type": "Point", "coordinates": [ 136.464277777777994, 36.359694444444401 ] } },
{ "type": "Feature", "properties": { "name": "土ヶ谷", "(1)ｺｰﾄﾞ番": "172030133", "(2)読み": "どがたん", "県名": "石川県", "市町名": "小松市", "住所": "本江町" }, "geometry": { "type": "Point", "coordinates": [ 136.478694444443988, 36.365583333333298 ] } },
{ "type": "Feature", "properties": { "name": "初血（はつけつ堤）", "(1)ｺｰﾄﾞ番": "172030134", "(2)読み": "はつち（はつけつ堤）", "県名": "石川県", "市町名": "小松市", "住所": "木場町セ４番1先" }, "geometry": { "type": "Point", "coordinates": [ 136.453944444444005, 36.359083333333302 ] } },
{ "type": "Feature", "properties": { "name": "小毛草", "(1)ｺｰﾄﾞ番": "172030135", "(2)読み": "こもぐさ", "県名": "石川県", "市町名": "小松市", "住所": "蓮代寺町ヰ14番乙" }, "geometry": { "type": "Point", "coordinates": [ 136.469694444444002, 36.3570833333333 ] } },
{ "type": "Feature", "properties": { "name": "亀谷谷（亀ヶ谷）", "(1)ｺｰﾄﾞ番": "172030136", "(2)読み": "かめやたに（かめがたん）", "県名": "石川県", "市町名": "小松市", "住所": "蓮代寺町ヰ19番乙" }, "geometry": { "type": "Point", "coordinates": [ 136.470722222222008, 36.355944444444397 ] } },
{ "type": "Feature", "properties": { "name": "亀ヶ谷", "(1)ｺｰﾄﾞ番": "172030137", "(2)読み": "かめがたに", "県名": "石川県", "市町名": "小松市", "住所": "長谷町ラ5番" }, "geometry": { "type": "Point", "coordinates": [ 136.473222222222006, 36.354833333333303 ] } },
{ "type": "Feature", "properties": { "name": "辻ヶ谷", "(1)ｺｰﾄﾞ番": "172030138", "(2)読み": "つじがたに", "県名": "石川県", "市町名": "小松市", "住所": "長谷町ナ12番乙" }, "geometry": { "type": "Point", "coordinates": [ 136.478305555556005, 36.357833333333303 ] } },
{ "type": "Feature", "properties": { "name": "水上谷", "(1)ｺｰﾄﾞ番": "172030141", "(2)読み": "みずかみだに", "県名": "石川県", "市町名": "小松市", "住所": "津波倉町ム69番" }, "geometry": { "type": "Point", "coordinates": [ 136.449638888889012, 36.345555555555599 ] } },
{ "type": "Feature", "properties": { "name": "白米谷", "(1)ｺｰﾄﾞ番": "172030142", "(2)読み": "はくまいたに", "県名": "石川県", "市町名": "小松市", "住所": "津波倉町井13番1、2、井14番～17番、井18番1、2、井19番、井20番1、2" }, "geometry": { "type": "Point", "coordinates": [ 136.453666666667004, 36.349055555555601 ] } },
{ "type": "Feature", "properties": { "name": "木場谷", "(1)ｺｰﾄﾞ番": "172030143", "(2)読み": "きばたに", "県名": "石川県", "市町名": "小松市", "住所": "波佐谷町二33番1、34番" }, "geometry": { "type": "Point", "coordinates": [ 136.47527777777799, 36.345305555555598 ] } },
{ "type": "Feature", "properties": { "name": "峠谷", "(1)ｺｰﾄﾞ番": "172030144", "(2)読み": "とうげだに", "県名": "石川県", "市町名": "小松市", "住所": "瀬領町イ123" }, "geometry": { "type": "Point", "coordinates": [ 136.474222222222011, 36.338055555555599 ] } },
{ "type": "Feature", "properties": { "name": "林大堤", "(1)ｺｰﾄﾞ番": "172030145", "(2)読み": "はやしおおつつみ", "県名": "石川県", "市町名": "小松市", "住所": "林町ヲ127番" }, "geometry": { "type": "Point", "coordinates": [ 136.43575, 36.340944444444403 ] } },
{ "type": "Feature", "properties": { "name": "頭無池", "(1)ｺｰﾄﾞ番": "172030146", "(2)読み": "かしらなし", "県名": "石川県", "市町名": "小松市", "住所": "下粟津町ノ151番" }, "geometry": { "type": "Point", "coordinates": [ 136.42925, 36.340638888888897 ] } },
{ "type": "Feature", "properties": { "name": "佐美の堤", "(1)ｺｰﾄﾞ番": "172030147", "(2)読み": "さみのつつみ", "県名": "石川県", "市町名": "小松市", "住所": "佐美町ほ48番" }, "geometry": { "type": "Point", "coordinates": [ 136.384, 36.372388888888899 ] } },
{ "type": "Feature", "properties": { "name": "入江谷", "(1)ｺｰﾄﾞ番": "172030201", "(2)読み": null, "県名": "石川県", "市町名": "小松市", "住所": "河田町カ233" }, "geometry": { "type": "Point", "coordinates": [ 136.515472222222002, 36.418388888888899 ] } },
{ "type": "Feature", "properties": { "name": "上八里堤", "(1)ｺｰﾄﾞ番": "172030203", "(2)読み": "かみやさとつつみ", "県名": "石川県", "市町名": "小松市", "住所": "上八里町馬場谷35番2" }, "geometry": { "type": "Point", "coordinates": [ 136.530555555555992, 36.42 ] } },
{ "type": "Feature", "properties": { "name": "中堤", "(1)ｺｰﾄﾞ番": "172030205", "(2)読み": "なかつつみ", "県名": "石川県", "市町名": "小松市", "住所": "下八里町" }, "geometry": { "type": "Point", "coordinates": [ 136.520777777777994, 36.41875 ] } },
{ "type": "Feature", "properties": { "name": "西谷", "(1)ｺｰﾄﾞ番": "172030208", "(2)読み": "にしたに", "県名": "石川県", "市町名": "小松市", "住所": "里川町" }, "geometry": { "type": "Point", "coordinates": [ 136.53075, 36.414361111111099 ] } },
{ "type": "Feature", "properties": { "name": "峠（下）", "(1)ｺｰﾄﾞ番": "172030209", "(2)読み": "とうげ（した）", "県名": "石川県", "市町名": "小松市", "住所": "里川町" }, "geometry": { "type": "Point", "coordinates": [ 136.534083333333001, 36.414833333333299 ] } },
{ "type": "Feature", "properties": { "name": "南谷", "(1)ｺｰﾄﾞ番": "172030210", "(2)読み": "みなみだに", "県名": "石川県", "市町名": "小松市", "住所": "里川町" }, "geometry": { "type": "Point", "coordinates": [ 136.542, 36.416472222222197 ] } },
{ "type": "Feature", "properties": { "name": "石ヶ谷", "(1)ｺｰﾄﾞ番": "172030211", "(2)読み": "いしがたに", "県名": "石川県", "市町名": "小松市", "住所": "里川町" }, "geometry": { "type": "Point", "coordinates": [ 136.530944444444003, 36.412 ] } },
{ "type": "Feature", "properties": { "name": "峠（上）", "(1)ｺｰﾄﾞ番": "172030212", "(2)読み": "とうげ（かみ）", "県名": "石川県", "市町名": "小松市", "住所": "里川町" }, "geometry": { "type": "Point", "coordinates": [ 136.536722222222011, 36.411277777777798 ] } },
{ "type": "Feature", "properties": { "name": "後谷", "(1)ｺｰﾄﾞ番": "172030213", "(2)読み": null, "県名": "石川県", "市町名": "小松市", "住所": "植田町イ37" }, "geometry": { "type": "Point", "coordinates": [ 136.523166666667009, 36.403944444444399 ] } },
{ "type": "Feature", "properties": { "name": "立明寺", "(1)ｺｰﾄﾞ番": "172030214", "(2)読み": "りゅうみょうじ", "県名": "石川県", "市町名": "小松市", "住所": "植田町イ37" }, "geometry": { "type": "Point", "coordinates": [ 136.52325, 36.405055555555599 ] } },
{ "type": "Feature", "properties": { "name": "奥場", "(1)ｺｰﾄﾞ番": "172030215", "(2)読み": "おくば", "県名": "石川県", "市町名": "小松市", "住所": "遊泉寺町弐号5番、6番、7番、15番、16番" }, "geometry": { "type": "Point", "coordinates": [ 136.526222222222003, 36.3993055555556 ] } },
{ "type": "Feature", "properties": { "name": "峠（遊泉寺）", "(1)ｺｰﾄﾞ番": "172030216", "(2)読み": "とうげ（ゆうせんじ）", "県名": "石川県", "市町名": "小松市", "住所": "遊泉寺町" }, "geometry": { "type": "Point", "coordinates": [ 136.536888888888996, 36.407805555555598 ] } },
{ "type": "Feature", "properties": { "name": "皿谷", "(1)ｺｰﾄﾞ番": "172030217", "(2)読み": "さらだん", "県名": "石川県", "市町名": "小松市", "住所": "鵜川町ル194番" }, "geometry": { "type": "Point", "coordinates": [ 136.538805555555996, 36.40325 ] } },
{ "type": "Feature", "properties": { "name": "皿谷奥", "(1)ｺｰﾄﾞ番": "172030218", "(2)読み": "さらだんおく", "県名": "石川県", "市町名": "小松市", "住所": "鵜川町ル226番" }, "geometry": { "type": "Point", "coordinates": [ 136.541927, 36.404808 ] } },
{ "type": "Feature", "properties": { "name": "桐木谷", "(1)ｺｰﾄﾞ番": "172030219", "(2)読み": "きんのきだん", "県名": "石川県", "市町名": "小松市", "住所": "鵜川町壱０号29番" }, "geometry": { "type": "Point", "coordinates": [ 136.551222222222009, 36.403138888888897 ] } },
{ "type": "Feature", "properties": { "name": "北谷", "(1)ｺｰﾄﾞ番": "172030220", "(2)読み": "きただん", "県名": "石川県", "市町名": "小松市", "住所": "中海町ト1032番乙" }, "geometry": { "type": "Point", "coordinates": [ 136.528333333332995, 36.395111111111099 ] } },
{ "type": "Feature", "properties": { "name": "五ノ谷", "(1)ｺｰﾄﾞ番": "172030221", "(2)読み": "ごのたに", "県名": "石川県", "市町名": "小松市", "住所": "遊泉寺町5号8番乙" }, "geometry": { "type": "Point", "coordinates": [ 136.544222222222004, 36.395611111111101 ] } },
{ "type": "Feature", "properties": { "name": "五ノ谷奥", "(1)ｺｰﾄﾞ番": "172030222", "(2)読み": "ごのたにおく", "県名": "石川県", "市町名": "小松市", "住所": "遊泉寺町5号9" }, "geometry": { "type": "Point", "coordinates": [ 136.544166666666996, 36.393944444444401 ] } },
{ "type": "Feature", "properties": { "name": "善光寺", "(1)ｺｰﾄﾞ番": "172030223", "(2)読み": "ぜんこうじ", "県名": "石川県", "市町名": "小松市", "住所": "岩渕町ホ129～153" }, "geometry": { "type": "Point", "coordinates": [ 136.532527777778, 36.390055555555598 ] } },
{ "type": "Feature", "properties": { "name": "鉱山第１（2番つつみ）", "(1)ｺｰﾄﾞ番": "172030224", "(2)読み": "こうざんだいいち（にばんつつみ）", "県名": "石川県", "市町名": "小松市", "住所": "岩渕町弐号2番乙先" }, "geometry": { "type": "Point", "coordinates": [ 136.534444444444006, 36.389944444444403 ] } },
{ "type": "Feature", "properties": { "name": "鉱山第２（3番つつみ）", "(1)ｺｰﾄﾞ番": "172030225", "(2)読み": "こうざんだいに（さんばんつつみ）", "県名": "石川県", "市町名": "小松市", "住所": "岩渕町弐号2番乙" }, "geometry": { "type": "Point", "coordinates": [ 136.535305555555993, 36.389805555555597 ] } },
{ "type": "Feature", "properties": { "name": "ブタムカイ（ブタムキ）", "(1)ｺｰﾄﾞ番": "172030226", "(2)読み": "ぶたむかい（ぶたむき）", "県名": "石川県", "市町名": "小松市", "住所": "中海町ヌ1012番乙" }, "geometry": { "type": "Point", "coordinates": [ 136.514444444443996, 36.384444444444398 ] } },
{ "type": "Feature", "properties": { "name": "宮谷１", "(1)ｺｰﾄﾞ番": "172030227", "(2)読み": "みやたにいち", "県名": "石川県", "市町名": "小松市", "住所": "正蓮寺町宮ノ谷4番" }, "geometry": { "type": "Point", "coordinates": [ 136.509666666666988, 36.380777777777801 ] } },
{ "type": "Feature", "properties": { "name": "宮谷２", "(1)ｺｰﾄﾞ番": "172030228", "(2)読み": "みやたにに", "県名": "石川県", "市町名": "小松市", "住所": "正蓮寺町宮ノ谷10" }, "geometry": { "type": "Point", "coordinates": [ 136.51208333333301, 36.380583333333298 ] } },
{ "type": "Feature", "properties": { "name": "エグチ谷", "(1)ｺｰﾄﾞ番": "172030229", "(2)読み": "えぐちだに", "県名": "石川県", "市町名": "小松市", "住所": "五国寺町ハシカ谷3" }, "geometry": { "type": "Point", "coordinates": [ 136.509944444443988, 36.374805555555596 ] } },
{ "type": "Feature", "properties": { "name": "東谷池", "(1)ｺｰﾄﾞ番": "172030230", "(2)読み": "ひがしだにいけ", "県名": "石川県", "市町名": "小松市", "住所": "五国寺町キチヤム谷12番" }, "geometry": { "type": "Point", "coordinates": [ 136.514527777778, 36.373361111111102 ] } },
{ "type": "Feature", "properties": { "name": "西谷", "(1)ｺｰﾄﾞ番": "172030231", "(2)読み": "にしたに", "県名": "石川県", "市町名": "小松市", "住所": "原町ツ20" }, "geometry": { "type": "Point", "coordinates": [ 136.528694444444, 36.373777777777804 ] } },
{ "type": "Feature", "properties": { "name": "西谷", "(1)ｺｰﾄﾞ番": "172030233", "(2)読み": "にしたに", "県名": "石川県", "市町名": "小松市", "住所": "五国寺町大畠9番" }, "geometry": { "type": "Point", "coordinates": [ 136.505694444444003, 36.369277777777803 ] } },
{ "type": "Feature", "properties": { "name": "干角堤", "(1)ｺｰﾄﾞ番": "172030234", "(2)読み": "せんかくつつみ", "県名": "石川県", "市町名": "小松市", "住所": "金平町オ11番3先" }, "geometry": { "type": "Point", "coordinates": [ 136.515138888888998, 36.358944444444397 ] } },
{ "type": "Feature", "properties": { "name": "テンゴ池", "(1)ｺｰﾄﾞ番": "172030236", "(2)読み": null, "県名": "石川県", "市町名": "小松市", "住所": "松岡町" }, "geometry": { "type": "Point", "coordinates": [ 136.528333333332995, 36.344555555555601 ] } },
{ "type": "Feature", "properties": { "name": "チチクラ池", "(1)ｺｰﾄﾞ番": "172030237", "(2)読み": "ちちくらいけ", "県名": "石川県", "市町名": "小松市", "住所": "松岡町" }, "geometry": { "type": "Point", "coordinates": [ 136.530277777777997, 36.342 ] } },
{ "type": "Feature", "properties": { "name": "塩谷池", "(1)ｺｰﾄﾞ番": "172030238", "(2)読み": "しおたにいけ", "県名": "石川県", "市町名": "小松市", "住所": "塩原町ヌ5番6" }, "geometry": { "type": "Point", "coordinates": [ 136.524833333332992, 36.343 ] } },
{ "type": "Feature", "properties": { "name": "殿様", "(1)ｺｰﾄﾞ番": "172030301", "(2)読み": "とのさま", "県名": "石川県", "市町名": "小松市", "住所": "二ツ梨町ナ1番" }, "geometry": { "type": "Point", "coordinates": [ 136.427194444444012, 36.330861111111098 ] } },
{ "type": "Feature", "properties": { "name": "大谷", "(1)ｺｰﾄﾞ番": "172030302", "(2)読み": "おおたに", "県名": "石川県", "市町名": "小松市", "住所": "戸津町ナ2番1号" }, "geometry": { "type": "Point", "coordinates": [ 136.435194444443994, 36.331027777777798 ] } },
{ "type": "Feature", "properties": { "name": "イモリ", "(1)ｺｰﾄﾞ番": "172030304", "(2)読み": "いもり", "県名": "石川県", "市町名": "小松市", "住所": "戸津町む1番" }, "geometry": { "type": "Point", "coordinates": [ 136.439555555556012, 36.332055555555598 ] } },
{ "type": "Feature", "properties": { "name": "鴨出", "(1)ｺｰﾄﾞ番": "172030305", "(2)読み": "かもだし", "県名": "石川県", "市町名": "小松市", "住所": "二ツ梨町レ1番" }, "geometry": { "type": "Point", "coordinates": [ 136.427166666667006, 36.3269444444445 ] } },
{ "type": "Feature", "properties": { "name": "サンマイ谷", "(1)ｺｰﾄﾞ番": "172030306", "(2)読み": "さんまいたに", "県名": "石川県", "市町名": "小松市", "住所": "上荒屋町レ112番" }, "geometry": { "type": "Point", "coordinates": [ 136.430694444443986, 36.326916666666698 ] } },
{ "type": "Feature", "properties": { "name": "奥ノ谷", "(1)ｺｰﾄﾞ番": "172030307", "(2)読み": "おくのたに", "県名": "石川県", "市町名": "小松市", "住所": "二ツ梨町フ2番" }, "geometry": { "type": "Point", "coordinates": [ 136.425666666667013, 36.323666666666703 ] } },
{ "type": "Feature", "properties": { "name": "正見谷", "(1)ｺｰﾄﾞ番": "172030308", "(2)読み": "しょうみたに", "県名": "石川県", "市町名": "小松市", "住所": "牧口町イ58番" }, "geometry": { "type": "Point", "coordinates": [ 136.45341666666701, 36.329916666666698 ] } },
{ "type": "Feature", "properties": { "name": "西原堤", "(1)ｺｰﾄﾞ番": "172030309", "(2)読み": "にしはらつつみ", "県名": "石川県", "市町名": "小松市", "住所": "西原町ロ2番" }, "geometry": { "type": "Point", "coordinates": [ 136.45130555555599, 36.325305555555602 ] } },
{ "type": "Feature", "properties": { "name": "亥谷", "(1)ｺｰﾄﾞ番": "172030310", "(2)読み": "いのたに", "県名": "石川県", "市町名": "小松市", "住所": "白山田町" }, "geometry": { "type": "Point", "coordinates": [ 136.464222222221991, 36.332722222222202 ] } },
{ "type": "Feature", "properties": { "name": "岩井谷", "(1)ｺｰﾄﾞ番": "172030311", "(2)読み": "いわいたに", "県名": "石川県", "市町名": "小松市", "住所": "瀬領町ム114番" }, "geometry": { "type": "Point", "coordinates": [ 136.472166666666993, 36.332416666666703 ] } },
{ "type": "Feature", "properties": { "name": "口池", "(1)ｺｰﾄﾞ番": "172030314", "(2)読み": "くちいけ", "県名": "石川県", "市町名": "小松市", "住所": "上り江町151番" }, "geometry": { "type": "Point", "coordinates": [ 136.482055555556002, 36.320666666666703 ] } },
{ "type": "Feature", "properties": { "name": "太谷（フトタニ）", "(1)ｺｰﾄﾞ番": "172030315", "(2)読み": "ふとたに", "県名": "石川県", "市町名": "小松市", "住所": "牧口町ヲ9番乙" }, "geometry": { "type": "Point", "coordinates": [ 136.495916666667, 36.323972222222203 ] } },
{ "type": "Feature", "properties": { "name": "大音（オオオト）", "(1)ｺｰﾄﾞ番": "172030316", "(2)読み": "おおおと", "県名": "石川県", "市町名": "小松市", "住所": "牧口町ワ1番乙" }, "geometry": { "type": "Point", "coordinates": [ 136.463138888889006, 36.323 ] } },
{ "type": "Feature", "properties": { "name": "奥池", "(1)ｺｰﾄﾞ番": "172030318", "(2)読み": "おくいけ", "県名": "石川県", "市町名": "小松市", "住所": "上り江町ト7番" }, "geometry": { "type": "Point", "coordinates": [ 136.475166666667008, 36.315583333333301 ] } },
{ "type": "Feature", "properties": { "name": "那谷口", "(1)ｺｰﾄﾞ番": "172030319", "(2)読み": "なたくち", "県名": "石川県", "市町名": "小松市", "住所": "上荒屋町ル102番甲" }, "geometry": { "type": "Point", "coordinates": [ 136.431138888888995, 36.3188888888889 ] } },
{ "type": "Feature", "properties": { "name": "水源池", "(1)ｺｰﾄﾞ番": "172030320", "(2)読み": "すいげんいけ", "県名": "石川県", "市町名": "小松市", "住所": "上荒屋町ル78番3" }, "geometry": { "type": "Point", "coordinates": [ 136.432805555556001, 36.317638888888901 ] } },
{ "type": "Feature", "properties": { "name": "脇谷", "(1)ｺｰﾄﾞ番": "172030321", "(2)読み": "わきたに", "県名": "石川県", "市町名": "小松市", "住所": "那谷町ト41番乙" }, "geometry": { "type": "Point", "coordinates": [ 136.426916666667012, 36.316083333333303 ] } },
{ "type": "Feature", "properties": { "name": "念仏谷", "(1)ｺｰﾄﾞ番": "172030322", "(2)読み": "ねんぶつだに", "県名": "石川県", "市町名": "小松市", "住所": "那谷町き25" }, "geometry": { "type": "Point", "coordinates": [ 136.4255, 36.31 ] } },
{ "type": "Feature", "properties": { "name": "椎官谷", "(1)ｺｰﾄﾞ番": "172030323", "(2)読み": "しいのみやたに", "県名": "石川県", "市町名": "小松市", "住所": "那谷町き25" }, "geometry": { "type": "Point", "coordinates": [ 136.426722222221997, 36.310583333333298 ] } },
{ "type": "Feature", "properties": { "name": "ダイゴ谷", "(1)ｺｰﾄﾞ番": "172030324", "(2)読み": "だいごたに", "県名": "石川県", "市町名": "小松市", "住所": "那谷町甲21番" }, "geometry": { "type": "Point", "coordinates": [ 136.427694444444001, 36.308722222222201 ] } },
{ "type": "Feature", "properties": { "name": "新堤", "(1)ｺｰﾄﾞ番": "172030325", "(2)読み": "しんつつみ", "県名": "石川県", "市町名": "小松市", "住所": "那谷町シ28番甲、49～52、53番甲、54、55番甲" }, "geometry": { "type": "Point", "coordinates": [ 136.4215, 36.311055555555598 ] } },
{ "type": "Feature", "properties": { "name": "寺下谷２", "(1)ｺｰﾄﾞ番": "172030326", "(2)読み": "てらしたたに２", "県名": "石川県", "市町名": "小松市", "住所": "那谷町シ33番" }, "geometry": { "type": "Point", "coordinates": [ 136.423083333333011, 36.309416666666699 ] } },
{ "type": "Feature", "properties": { "name": "寺下谷３", "(1)ｺｰﾄﾞ番": "172030327", "(2)読み": "てらしたたに３", "県名": "石川県", "市町名": "小松市", "住所": "那谷町シ31番" }, "geometry": { "type": "Point", "coordinates": [ 136.423083333333011, 36.30875 ] } },
{ "type": "Feature", "properties": { "name": "寺下谷４", "(1)ｺｰﾄﾞ番": "172030328", "(2)読み": "てらしたたに４", "県名": "石川県", "市町名": "小松市", "住所": "那谷町シ25番" }, "geometry": { "type": "Point", "coordinates": [ 136.424055555556009, 36.307166666666703 ] } },
{ "type": "Feature", "properties": { "name": "杉谷", "(1)ｺｰﾄﾞ番": "172030329", "(2)読み": "すぎたに", "県名": "石川県", "市町名": "小松市", "住所": "那谷町ミ90番" }, "geometry": { "type": "Point", "coordinates": [ 136.420111111110998, 36.308111111111103 ] } },
{ "type": "Feature", "properties": { "name": "杉谷２号", "(1)ｺｰﾄﾞ番": "172030330", "(2)読み": "すぎたににごう", "県名": "石川県", "市町名": "小松市", "住所": "那谷町ミ91番" }, "geometry": { "type": "Point", "coordinates": [ 136.420666666666989, 36.307555555555602 ] } },
{ "type": "Feature", "properties": { "name": "篤谷（管谷）", "(1)ｺｰﾄﾞ番": "172030331", "(2)読み": "あつ（すごたに）", "県名": "石川県", "市町名": "小松市", "住所": "那谷町マ2番" }, "geometry": { "type": "Point", "coordinates": [ 136.412861111110999, 36.309527777777802 ] } },
{ "type": "Feature", "properties": { "name": "大谷池", "(1)ｺｰﾄﾞ番": "172030401", "(2)読み": "おおたにいけ", "県名": "石川県", "市町名": "小松市", "住所": "塩原町ホ4" }, "geometry": { "type": "Point", "coordinates": [ 136.521833333333007, 36.3367222222222 ] } },
{ "type": "Feature", "properties": { "name": "大谷堤", "(1)ｺｰﾄﾞ番": "172030403", "(2)読み": "おおたにつつみ", "県名": "石川県", "市町名": "小松市", "住所": "布橋町" }, "geometry": { "type": "Point", "coordinates": [ 136.510027777777992, 36.332805555555602 ] } },
{ "type": "Feature", "properties": { "name": "上谷池（若宮のため池）", "(1)ｺｰﾄﾞ番": "172030404", "(2)読み": "うえたにいけ（わかみやのためいけ）", "県名": "石川県", "市町名": "小松市", "住所": "観音下町123番" }, "geometry": { "type": "Point", "coordinates": [ 136.52472222222201, 36.3314444444445 ] } },
{ "type": "Feature", "properties": { "name": "花谷堤", "(1)ｺｰﾄﾞ番": "172030405", "(2)読み": "はなたにつつみ", "県名": "石川県", "市町名": "小松市", "住所": "波佐羅町カ144番" }, "geometry": { "type": "Point", "coordinates": [ 136.52408333333301, 36.330722222222199 ] } },
{ "type": "Feature", "properties": { "name": "花谷上堤", "(1)ｺｰﾄﾞ番": "172030406", "(2)読み": "はなたにかみつつみ", "県名": "石川県", "市町名": "小松市", "住所": "波佐羅町" }, "geometry": { "type": "Point", "coordinates": [ 136.52325, 36.330194444444402 ] } },
{ "type": "Feature", "properties": { "name": "青木谷", "(1)ｺｰﾄﾞ番": "172030407", "(2)読み": "あおきだに", "県名": "石川県", "市町名": "小松市", "住所": "観音下町ト71番、72番" }, "geometry": { "type": "Point", "coordinates": [ 136.531194444443997, 36.328027777777798 ] } },
{ "type": "Feature", "properties": { "name": "漆谷", "(1)ｺｰﾄﾞ番": "172030408", "(2)読み": "うるしだに", "県名": "石川県", "市町名": "小松市", "住所": "観音下町" }, "geometry": { "type": "Point", "coordinates": [ 136.532111111110993, 36.3248888888889 ] } },
{ "type": "Feature", "properties": { "name": "打谷堤", "(1)ｺｰﾄﾞ番": "172030409", "(2)読み": "うったにつつみ", "県名": "石川県", "市町名": "小松市", "住所": "打木町カ1-乙、2-乙" }, "geometry": { "type": "Point", "coordinates": [ 136.504166666667004, 36.314055555555598 ] } },
{ "type": "Feature", "properties": { "name": "三谷内", "(1)ｺｰﾄﾞ番": "172040001", "(2)読み": "みやち", "県名": "石川県", "市町名": "輪島市", "住所": "山本町字宮ノ木7番" }, "geometry": { "type": "Point", "coordinates": [ 136.872777777777998, 37.379611111111103 ] } },
{ "type": "Feature", "properties": { "name": "小伊勢", "(1)ｺｰﾄﾞ番": "172040002", "(2)読み": "おいせ", "県名": "石川県", "市町名": "輪島市", "住所": "小伊勢町下山下161番" }, "geometry": { "type": "Point", "coordinates": [ 136.890083333332996, 37.379444444444403 ] } },
{ "type": "Feature", "properties": { "name": "上堤", "(1)ｺｰﾄﾞ番": "172040004", "(2)読み": "うえつつみ", "県名": "石川県", "市町名": "輪島市", "住所": "釜屋谷町33部15番" }, "geometry": { "type": "Point", "coordinates": [ 136.877888888889004, 37.387222222222199 ] } },
{ "type": "Feature", "properties": { "name": "下堤", "(1)ｺｰﾄﾞ番": "172040005", "(2)読み": "したつつみ", "県名": "石川県", "市町名": "輪島市", "住所": "釜屋谷町33部30番" }, "geometry": { "type": "Point", "coordinates": [ 136.878194444444006, 37.388722222222199 ] } },
{ "type": "Feature", "properties": { "name": "旧谷内山", "(1)ｺｰﾄﾞ番": "172040006", "(2)読み": "きゅうやちやま", "県名": "石川県", "市町名": "輪島市", "住所": "大野町隠レ谷4番" }, "geometry": { "type": "Point", "coordinates": [ 136.950333333332992, 37.39125 ] } },
{ "type": "Feature", "properties": { "name": "剛江", "(1)ｺｰﾄﾞ番": "172040009", "(2)読み": "ごうえ", "県名": "石川県", "市町名": "輪島市", "住所": "惣領町18部41番" }, "geometry": { "type": "Point", "coordinates": [ 136.955444444443998, 37.39475 ] } },
{ "type": "Feature", "properties": { "name": "観音堂-3", "(1)ｺｰﾄﾞ番": "172040011", "(2)読み": "かんのうどう-さん", "県名": "石川県", "市町名": "輪島市", "住所": "尊利地町ヤ部1番" }, "geometry": { "type": "Point", "coordinates": [ 137.01925, 37.407694444444402 ] } },
{ "type": "Feature", "properties": { "name": "穴畠", "(1)ｺｰﾄﾞ番": "172040014", "(2)読み": "あなばたけ", "県名": "石川県", "市町名": "輪島市", "住所": "町野町金蔵ヨ部16番" }, "geometry": { "type": "Point", "coordinates": [ 137.070111111111004, 37.403111111111102 ] } },
{ "type": "Feature", "properties": { "name": "雁田", "(1)ｺｰﾄﾞ番": "172040015", "(2)読み": "がんだ", "県名": "石川県", "市町名": "輪島市", "住所": "町野町金蔵へ部42番" }, "geometry": { "type": "Point", "coordinates": [ 137.075888888889011, 37.397833333333303 ] } },
{ "type": "Feature", "properties": { "name": "細田大池", "(1)ｺｰﾄﾞ番": "172040016", "(2)読み": "ほそだおおいけ", "県名": "石川県", "市町名": "輪島市", "住所": "町野町佐野10部19番" }, "geometry": { "type": "Point", "coordinates": [ 137.114527777777994, 37.412666666666702 ] } },
{ "type": "Feature", "properties": { "name": "細田下池", "(1)ｺｰﾄﾞ番": "172040017", "(2)読み": "ほそだしたいけ", "県名": "石川県", "市町名": "輪島市", "住所": "町野町佐野10部21番" }, "geometry": { "type": "Point", "coordinates": [ 137.114333333333008, 37.411944444444401 ] } },
{ "type": "Feature", "properties": { "name": "呼長尾", "(1)ｺｰﾄﾞ番": "172040018", "(2)読み": "よびながお", "県名": "石川県", "市町名": "輪島市", "住所": "町野町北円山呼長尾20番" }, "geometry": { "type": "Point", "coordinates": [ 137.106972222221998, 37.402527777777799 ] } },
{ "type": "Feature", "properties": { "name": "谷内ノ渓", "(1)ｺｰﾄﾞ番": "172040019", "(2)読み": "やちのたに", "県名": "石川県", "市町名": "輪島市", "住所": "山本町字向田46番甲" }, "geometry": { "type": "Point", "coordinates": [ 136.871611111111008, 37.375361111111097 ] } },
{ "type": "Feature", "properties": { "name": "新堤", "(1)ｺｰﾄﾞ番": "172040021", "(2)読み": "しんつつみ", "県名": "石川県", "市町名": "輪島市", "住所": "大野町谷内山5番1" }, "geometry": { "type": "Point", "coordinates": [ 136.9486666, 37.39236107 ] } },
{ "type": "Feature", "properties": { "name": "中ノ坪－２", "(1)ｺｰﾄﾞ番": "172040023", "(2)読み": "なかのつぼ-に", "県名": "石川県", "市町名": "輪島市", "住所": "上大沢町11字116番4" }, "geometry": { "type": "Point", "coordinates": [ 136.795138888888999, 37.364194444444401 ] } },
{ "type": "Feature", "properties": { "name": "中ノ坪-3", "(1)ｺｰﾄﾞ番": "172040024", "(2)読み": "なかのつぼ-さん", "県名": "石川県", "市町名": "輪島市", "住所": "上大沢町11字107番" }, "geometry": { "type": "Point", "coordinates": [ 136.795388888888994, 37.363333333333301 ] } },
{ "type": "Feature", "properties": { "name": "柿ノ木ジャラ", "(1)ｺｰﾄﾞ番": "172040025", "(2)読み": "かきのきじゃら", "県名": "石川県", "市町名": "輪島市", "住所": "上大沢町11字116番3" }, "geometry": { "type": "Point", "coordinates": [ 136.794833333333003, 37.364138888888903 ] } },
{ "type": "Feature", "properties": { "name": "オバタケ", "(1)ｺｰﾄﾞ番": "172040026", "(2)読み": "おばたけ", "県名": "石川県", "市町名": "輪島市", "住所": "上大沢町" }, "geometry": { "type": "Point", "coordinates": [ 136.798083333333011, 37.365388888888901 ] } },
{ "type": "Feature", "properties": { "name": "立原-1", "(1)ｺｰﾄﾞ番": "172040027", "(2)読み": "たちはらいち", "県名": "石川県", "市町名": "輪島市", "住所": "大沢町10字75番1" }, "geometry": { "type": "Point", "coordinates": [ 136.79875, 37.364888888888899 ] } },
{ "type": "Feature", "properties": { "name": "立原-2", "(1)ｺｰﾄﾞ番": "172040028", "(2)読み": "たちはらに", "県名": "石川県", "市町名": "輪島市", "住所": "大沢町10字58番1" }, "geometry": { "type": "Point", "coordinates": [ 136.798472222221989, 37.365194444444398 ] } },
{ "type": "Feature", "properties": { "name": "立原－３", "(1)ｺｰﾄﾞ番": "172040029", "(2)読み": "たちはらさん", "県名": "石川県", "市町名": "輪島市", "住所": "上大沢町10字26番1" }, "geometry": { "type": "Point", "coordinates": [ 136.797083333333006, 37.36533333 ] } },
{ "type": "Feature", "properties": { "name": "ヤナギシュウド", "(1)ｺｰﾄﾞ番": "172040030", "(2)読み": "やなぎしゅうど", "県名": "石川県", "市町名": "輪島市", "住所": "上大沢町10字91番" }, "geometry": { "type": "Point", "coordinates": [ 136.799472222221993, 37.364694444444403 ] } },
{ "type": "Feature", "properties": { "name": "キタテバ", "(1)ｺｰﾄﾞ番": "172040031", "(2)読み": "きたてば", "県名": "石川県", "市町名": "輪島市", "住所": "上大沢町10字147番1" }, "geometry": { "type": "Point", "coordinates": [ 136.795722222221997, 37.364 ] } },
{ "type": "Feature", "properties": { "name": "新池", "(1)ｺｰﾄﾞ番": "172040032", "(2)読み": "しんいけ", "県名": "石川県", "市町名": "輪島市", "住所": "町野町佐野6部15番" }, "geometry": { "type": "Point", "coordinates": [ 137.113, 37.411055555555599 ] } },
{ "type": "Feature", "properties": { "name": "岩瀬", "(1)ｺｰﾄﾞ番": "172040033", "(2)読み": "いわせ", "県名": "石川県", "市町名": "輪島市", "住所": "町野町佐野" }, "geometry": { "type": "Point", "coordinates": [ 137.09575, 37.411888888888903 ] } },
{ "type": "Feature", "properties": { "name": "鳥屋子－１", "(1)ｺｰﾄﾞ番": "172040034", "(2)読み": "とやなごいち", "県名": "石川県", "市町名": "輪島市", "住所": "町野町寺山二字48番" }, "geometry": { "type": "Point", "coordinates": [ 137.103833333333, 37.4156388888889 ] } },
{ "type": "Feature", "properties": { "name": "鳥屋子－２", "(1)ｺｰﾄﾞ番": "172040035", "(2)読み": "とやなごに", "県名": "石川県", "市町名": "輪島市", "住所": "町野町寺山二字30番" }, "geometry": { "type": "Point", "coordinates": [ 137.104027777777986, 37.415833333333303 ] } },
{ "type": "Feature", "properties": { "name": "鳥屋子－３", "(1)ｺｰﾄﾞ番": "172040036", "(2)読み": "とやなごさん", "県名": "石川県", "市町名": "輪島市", "住所": "町野町寺山二字26番" }, "geometry": { "type": "Point", "coordinates": [ 137.1045, 37.415666666666702 ] } },
{ "type": "Feature", "properties": { "name": "新吉松", "(1)ｺｰﾄﾞ番": "172040039", "(2)読み": "しんよしまつ", "県名": "石川県", "市町名": "輪島市", "住所": "町野町粟蔵オ部85番地" }, "geometry": { "type": "Point", "coordinates": [ 137.101611111110998, 37.414888888888903 ] } },
{ "type": "Feature", "properties": { "name": "惣田", "(1)ｺｰﾄﾞ番": "172040040", "(2)読み": "そうだ", "県名": "石川県", "市町名": "輪島市", "住所": "町野町粟蔵元川西ヤ部34番" }, "geometry": { "type": "Point", "coordinates": [ 137.113777700000014, 37.41377777 ] } },
{ "type": "Feature", "properties": { "name": "宮下", "(1)ｺｰﾄﾞ番": "172040041", "(2)読み": "みやした", "県名": "石川県", "市町名": "輪島市", "住所": "町野町寺山二字1番" }, "geometry": { "type": "Point", "coordinates": [ 137.105888888889012, 37.415222222222198 ] } },
{ "type": "Feature", "properties": { "name": "上谷", "(1)ｺｰﾄﾞ番": "172040042", "(2)読み": "かみや", "県名": "石川県", "市町名": "輪島市", "住所": "町野町栗蔵元川西ク部31番" }, "geometry": { "type": "Point", "coordinates": [ 137.101305555555996, 37.414944444444401 ] } },
{ "type": "Feature", "properties": { "name": "木戸ノ谷内", "(1)ｺｰﾄﾞ番": "172040043", "(2)読み": "きどのやち", "県名": "石川県", "市町名": "輪島市", "住所": "町野町桶戸木戸谷内5番" }, "geometry": { "type": "Point", "coordinates": [ 137.09275, 37.414944444444401 ] } },
{ "type": "Feature", "properties": { "name": "中堤", "(1)ｺｰﾄﾞ番": "172040044", "(2)読み": "なかつつみ", "県名": "石川県", "市町名": "輪島市", "住所": "町野町桶戸口部128番庚" }, "geometry": { "type": "Point", "coordinates": [ 137.092944444443987, 37.415027777777802 ] } },
{ "type": "Feature", "properties": { "name": "尻堤", "(1)ｺｰﾄﾞ番": "172040045", "(2)読み": "しりづつみ", "県名": "石川県", "市町名": "輪島市", "住所": "町野町桶戸1部10番" }, "geometry": { "type": "Point", "coordinates": [ 137.093638888888989, 37.415916666666703 ] } },
{ "type": "Feature", "properties": { "name": "和田ノ堤", "(1)ｺｰﾄﾞ番": "172040046", "(2)読み": "わだのつつみ", "県名": "石川県", "市町名": "輪島市", "住所": "町野町桶戸ロ部186番" }, "geometry": { "type": "Point", "coordinates": [ 137.094194444444014, 37.41375 ] } },
{ "type": "Feature", "properties": { "name": "越戸", "(1)ｺｰﾄﾞ番": "172040047", "(2)読み": "こえど", "県名": "石川県", "市町名": "輪島市", "住所": "町野町金蔵エ部114番" }, "geometry": { "type": "Point", "coordinates": [ 137.075916666667013, 37.411638888888902 ] } },
{ "type": "Feature", "properties": { "name": "五束刈", "(1)ｺｰﾄﾞ番": "172040048", "(2)読み": "ごそくがり", "県名": "石川県", "市町名": "輪島市", "住所": "町野町金蔵オ部168番2" }, "geometry": { "type": "Point", "coordinates": [ 137.070777777778005, 37.409111111111102 ] } },
{ "type": "Feature", "properties": { "name": "中尾", "(1)ｺｰﾄﾞ番": "172040049", "(2)読み": "なかお", "県名": "石川県", "市町名": "輪島市", "住所": "町野町金蔵ノ部52番" }, "geometry": { "type": "Point", "coordinates": [ 137.072611111111001, 37.407805555555598 ] } },
{ "type": "Feature", "properties": { "name": "新池", "(1)ｺｰﾄﾞ番": "172040050", "(2)読み": "しんいけ", "県名": "石川県", "市町名": "輪島市", "住所": "町野町金蔵ソ部217番" }, "geometry": { "type": "Point", "coordinates": [ 137.06824999, 37.405722222 ] } },
{ "type": "Feature", "properties": { "name": "惣の谷内", "(1)ｺｰﾄﾞ番": "172040051", "(2)読み": "そうのやち", "県名": "石川県", "市町名": "輪島市", "住所": "町野町金蔵レ部2番" }, "geometry": { "type": "Point", "coordinates": [ 137.064166666667006, 37.403527777777803 ] } },
{ "type": "Feature", "properties": { "name": "四十刈", "(1)ｺｰﾄﾞ番": "172040052", "(2)読み": "しじゅうかり", "県名": "石川県", "市町名": "輪島市", "住所": "町野町金蔵ワ部1045番" }, "geometry": { "type": "Point", "coordinates": [ 137.069166666667002, 37.400111111111102 ] } },
{ "type": "Feature", "properties": { "name": "畳田", "(1)ｺｰﾄﾞ番": "172040053", "(2)読み": "たたみでん", "県名": "石川県", "市町名": "輪島市", "住所": "町野町金蔵ト部1004番4-6" }, "geometry": { "type": "Point", "coordinates": [ 137.07311111111099, 37.398861111111103 ] } },
{ "type": "Feature", "properties": { "name": "車坂", "(1)ｺｰﾄﾞ番": "172040054", "(2)読み": "くるまざか", "県名": "石川県", "市町名": "輪島市", "住所": "町野町西山町ヨ部27番甲" }, "geometry": { "type": "Point", "coordinates": [ 137.059805555556011, 37.4005 ] } },
{ "type": "Feature", "properties": { "name": "保生池", "(1)ｺｰﾄﾞ番": "172040055", "(2)読み": "ほしょういけ", "県名": "石川県", "市町名": "輪島市", "住所": "町野町金蔵ハ部4番" }, "geometry": { "type": "Point", "coordinates": [ 137.063805555556002, 37.39725 ] } },
{ "type": "Feature", "properties": { "name": "桶谷内", "(1)ｺｰﾄﾞ番": "172040056", "(2)読み": "おけやち", "県名": "石川県", "市町名": "輪島市", "住所": "町野町川西桶谷内42番" }, "geometry": { "type": "Point", "coordinates": [ 137.066666666667004, 37.414 ] } },
{ "type": "Feature", "properties": { "name": "社茂地-1", "(1)ｺｰﾄﾞ番": "172040057", "(2)読み": "しゃもじ-いち", "県名": "石川県", "市町名": "輪島市", "住所": "東印内町土橋地内" }, "geometry": { "type": "Point", "coordinates": [ 137.042444444443987, 37.391666666666701 ] } },
{ "type": "Feature", "properties": { "name": "社茂地-2", "(1)ｺｰﾄﾞ番": "172040058", "(2)読み": "しゃもじ-に", "県名": "石川県", "市町名": "輪島市", "住所": "東印内町土橋地内" }, "geometry": { "type": "Point", "coordinates": [ 137.044694444443991, 37.392694444444402 ] } },
{ "type": "Feature", "properties": { "name": "社茂地-3", "(1)ｺｰﾄﾞ番": "172040059", "(2)読み": "しゃもじ-さん", "県名": "石川県", "市町名": "輪島市", "住所": "東印内町土橋地内" }, "geometry": { "type": "Point", "coordinates": [ 137.045444444444001, 37.393833333333298 ] } },
{ "type": "Feature", "properties": { "name": "大池", "(1)ｺｰﾄﾞ番": "172040060", "(2)読み": "おおいけ", "県名": "石川県", "市町名": "輪島市", "住所": "西山町ヤ部50番" }, "geometry": { "type": "Point", "coordinates": [ 137.050583333333009, 37.397583333333301 ] } },
{ "type": "Feature", "properties": { "name": "寺谷内-1", "(1)ｺｰﾄﾞ番": "172040063", "(2)読み": "てらやち-いち", "県名": "石川県", "市町名": "輪島市", "住所": "町野町東1部1番丙" }, "geometry": { "type": "Point", "coordinates": [ 137.093083333332999, 37.399972222222203 ] } },
{ "type": "Feature", "properties": { "name": "寺谷内-2", "(1)ｺｰﾄﾞ番": "172040064", "(2)読み": "てらやち-に", "県名": "石川県", "市町名": "輪島市", "住所": "町野町東1部1番戌" }, "geometry": { "type": "Point", "coordinates": [ 137.093777777778001, 37.398888888888898 ] } },
{ "type": "Feature", "properties": { "name": "上", "(1)ｺｰﾄﾞ番": "172040065", "(2)読み": "かみ", "県名": "石川県", "市町名": "輪島市", "住所": "上大沢町10字111番乙" }, "geometry": { "type": "Point", "coordinates": [ 136.800222222222004, 37.364194444444401 ] } },
{ "type": "Feature", "properties": { "name": "峠", "(1)ｺｰﾄﾞ番": "172040066", "(2)読み": "とうげ", "県名": "石川県", "市町名": "輪島市", "住所": "下山町37部61番" }, "geometry": { "type": "Point", "coordinates": [ 136.839277777777994, 37.373527777777802 ] } },
{ "type": "Feature", "properties": { "name": "小和水", "(1)ｺｰﾄﾞ番": "172040067", "(2)読み": "こわみず", "県名": "石川県", "市町名": "輪島市", "住所": "下山町25部91番" }, "geometry": { "type": "Point", "coordinates": [ 136.83638888888899, 37.374388888888902 ] } },
{ "type": "Feature", "properties": { "name": "佃", "(1)ｺｰﾄﾞ番": "172040068", "(2)読み": "つくだ", "県名": "石川県", "市町名": "輪島市", "住所": "下山町27番" }, "geometry": { "type": "Point", "coordinates": [ 136.839777777778011, 37.373333333333299 ] } },
{ "type": "Feature", "properties": { "name": "尾形", "(1)ｺｰﾄﾞ番": "172040069", "(2)読み": "おがた", "県名": "石川県", "市町名": "輪島市", "住所": "下山町43番" }, "geometry": { "type": "Point", "coordinates": [ 136.837777777778001, 37.374916666666699 ] } },
{ "type": "Feature", "properties": { "name": "西又", "(1)ｺｰﾄﾞ番": "172040070", "(2)読み": "にしまた", "県名": "石川県", "市町名": "輪島市", "住所": "下山町25部31番" }, "geometry": { "type": "Point", "coordinates": [ 136.83511111111099, 37.376722222222199 ] } },
{ "type": "Feature", "properties": { "name": "コロボシ（2）", "(1)ｺｰﾄﾞ番": "172040073", "(2)読み": "ころぼし（に）", "県名": "石川県", "市町名": "輪島市", "住所": "下山町38部25番" }, "geometry": { "type": "Point", "coordinates": [ 136.840138888888987, 37.375694444444399 ] } },
{ "type": "Feature", "properties": { "name": "長谷", "(1)ｺｰﾄﾞ番": "172040074", "(2)読み": "ながたに", "県名": "石川県", "市町名": "輪島市", "住所": "下山町34部44番" }, "geometry": { "type": "Point", "coordinates": [ 136.827555555555989, 37.37975 ] } },
{ "type": "Feature", "properties": { "name": "六十刈", "(1)ｺｰﾄﾞ番": "172040077", "(2)読み": "ろくじがり", "県名": "石川県", "市町名": "輪島市", "住所": "赤崎町ワ部46番" }, "geometry": { "type": "Point", "coordinates": [ 136.822444444443988, 37.380777777777801 ] } },
{ "type": "Feature", "properties": { "name": "ゴリン", "(1)ｺｰﾄﾞ番": "172040078", "(2)読み": "ごりん", "県名": "石川県", "市町名": "輪島市", "住所": "赤崎町ワ部31番" }, "geometry": { "type": "Point", "coordinates": [ 136.821805555556011, 37.382138888888903 ] } },
{ "type": "Feature", "properties": { "name": "中堤", "(1)ｺｰﾄﾞ番": "172040079", "(2)読み": "なかつつみ", "県名": "石川県", "市町名": "輪島市", "住所": "赤崎町ワ部21番" }, "geometry": { "type": "Point", "coordinates": [ 136.82175, 37.382611111111103 ] } },
{ "type": "Feature", "properties": { "name": "セナ", "(1)ｺｰﾄﾞ番": "172040080", "(2)読み": "せな", "県名": "石川県", "市町名": "輪島市", "住所": "赤崎町ワ部1番1" }, "geometry": { "type": "Point", "coordinates": [ 136.821361111111003, 37.383222222222201 ] } },
{ "type": "Feature", "properties": { "name": "池田（池田第2）", "(1)ｺｰﾄﾞ番": "172040081", "(2)読み": "いけだ（いけだだいに）", "県名": "石川県", "市町名": "輪島市", "住所": "久手川町字池田" }, "geometry": { "type": "Point", "coordinates": [ 136.926333333332991, 37.386 ] } },
{ "type": "Feature", "properties": { "name": "銚子", "(1)ｺｰﾄﾞ番": "172040083", "(2)読み": "ちょうし", "県名": "石川県", "市町名": "輪島市", "住所": "大野町銚子7番" }, "geometry": { "type": "Point", "coordinates": [ 136.93605555555601, 37.389972222222198 ] } },
{ "type": "Feature", "properties": { "name": "水谷内", "(1)ｺｰﾄﾞ番": "172040084", "(2)読み": "みずやち", "県名": "石川県", "市町名": "輪島市", "住所": "西脇町字永谷内" }, "geometry": { "type": "Point", "coordinates": [ 136.908472222222002, 37.355416666666699 ] } },
{ "type": "Feature", "properties": { "name": "水ガブチ", "(1)ｺｰﾄﾞ番": "172040092", "(2)読み": "みずがぶち", "県名": "石川県", "市町名": "輪島市", "住所": "大沢町字" }, "geometry": { "type": "Point", "coordinates": [ 136.816638888889003, 37.358416666666699 ] } },
{ "type": "Feature", "properties": { "name": "菊吉の後", "(1)ｺｰﾄﾞ番": "172040094", "(2)読み": "きくよしのうしろ", "県名": "石川県", "市町名": "輪島市", "住所": "町野町川西ワ部123番甲" }, "geometry": { "type": "Point", "coordinates": [ 137.074027777778014, 37.418388888888899 ] } },
{ "type": "Feature", "properties": { "name": "山岸の下", "(1)ｺｰﾄﾞ番": "172040095", "(2)読み": "やまじしのした", "県名": "石川県", "市町名": "輪島市", "住所": "町野町川西ワ部134番乙" }, "geometry": { "type": "Point", "coordinates": [ 137.07388888, 37.41819443 ] } },
{ "type": "Feature", "properties": { "name": "小谷内", "(1)ｺｰﾄﾞ番": "172040096", "(2)読み": "こやち", "県名": "石川県", "市町名": "輪島市", "住所": "町野町川西ヨ部32番甲" }, "geometry": { "type": "Point", "coordinates": [ 137.077694330000014, 37.419083333 ] } },
{ "type": "Feature", "properties": { "name": "桜木", "(1)ｺｰﾄﾞ番": "172040100", "(2)読み": "さくらぎ", "県名": "石川県", "市町名": "輪島市", "住所": "町野町川西ト部50番" }, "geometry": { "type": "Point", "coordinates": [ 137.07847222222199, 37.425722222222198 ] } },
{ "type": "Feature", "properties": { "name": "高安", "(1)ｺｰﾄﾞ番": "172040102", "(2)読み": "たかやす", "県名": "石川県", "市町名": "輪島市", "住所": "町野町川西ト部139番" }, "geometry": { "type": "Point", "coordinates": [ 137.076472222222009, 37.425777777777803 ] } },
{ "type": "Feature", "properties": { "name": "堂ヶ谷", "(1)ｺｰﾄﾞ番": "172040104", "(2)読み": "どうがたに", "県名": "石川県", "市町名": "輪島市", "住所": "町野町川西二部142番" }, "geometry": { "type": "Point", "coordinates": [ 137.078666666667004, 37.4275555555555 ] } },
{ "type": "Feature", "properties": { "name": "矢谷成", "(1)ｺｰﾄﾞ番": "172040105", "(2)読み": "やたになり", "県名": "石川県", "市町名": "輪島市", "住所": "町野町川西ハ部117番" }, "geometry": { "type": "Point", "coordinates": [ 137.078694444444011, 37.429972222222197 ] } },
{ "type": "Feature", "properties": { "name": "袖ヶ谷", "(1)ｺｰﾄﾞ番": "172040107", "(2)読み": "そでがたに", "県名": "石川県", "市町名": "輪島市", "住所": "町野町徳成ヌ部75番" }, "geometry": { "type": "Point", "coordinates": [ 137.079361111111012, 37.39925 ] } },
{ "type": "Feature", "properties": { "name": "宮田", "(1)ｺｰﾄﾞ番": "172040109", "(2)読み": "みやた", "県名": "石川県", "市町名": "輪島市", "住所": "町野町徳成り部13番2" }, "geometry": { "type": "Point", "coordinates": [ 137.084666666667005, 37.40225 ] } },
{ "type": "Feature", "properties": { "name": "谷内池", "(1)ｺｰﾄﾞ番": "172040110", "(2)読み": "やちいけ", "県名": "石川県", "市町名": "輪島市", "住所": "町野町大川へ部3番2" }, "geometry": { "type": "Point", "coordinates": [ 137.059166666667011, 37.436694444444399 ] } },
{ "type": "Feature", "properties": { "name": "浜田池", "(1)ｺｰﾄﾞ番": "172040111", "(2)読み": "はまだいけ", "県名": "石川県", "市町名": "輪島市", "住所": "町野町大川19部24番" }, "geometry": { "type": "Point", "coordinates": [ 137.059527777777987, 37.441194444444399 ] } },
{ "type": "Feature", "properties": { "name": "大堤", "(1)ｺｰﾄﾞ番": "172040112", "(2)読み": "おおつつみ", "県名": "石川県", "市町名": "輪島市", "住所": "町野町南時国15部57番1" }, "geometry": { "type": "Point", "coordinates": [ 137.079277777778003, 37.445583333333303 ] } },
{ "type": "Feature", "properties": { "name": "前上谷", "(1)ｺｰﾄﾞ番": "172040113", "(2)読み": "まえかみや", "県名": "石川県", "市町名": "輪島市", "住所": "町野町広江28部50番" }, "geometry": { "type": "Point", "coordinates": [ 137.089138888889011, 37.431805555555599 ] } },
{ "type": "Feature", "properties": { "name": "ミシタ谷内", "(1)ｺｰﾄﾞ番": "172040114", "(2)読み": "みしたやち", "県名": "石川県", "市町名": "輪島市", "住所": "町野町広江42部45番" }, "geometry": { "type": "Point", "coordinates": [ 137.098333333332988, 37.431277777777801 ] } },
{ "type": "Feature", "properties": { "name": "前溜池", "(1)ｺｰﾄﾞ番": "172040115", "(2)読み": "まえためいけ", "県名": "石川県", "市町名": "輪島市", "住所": "町野町伏戸弐字54番" }, "geometry": { "type": "Point", "coordinates": [ 137.069555555556008, 37.443944444444398 ] } },
{ "type": "Feature", "properties": { "name": "竹の谷", "(1)ｺｰﾄﾞ番": "172040116", "(2)読み": "たけのたに", "県名": "石川県", "市町名": "輪島市", "住所": "町野町東大野竹谷27番" }, "geometry": { "type": "Point", "coordinates": [ 137.068305555556009, 37.432111111111098 ] } },
{ "type": "Feature", "properties": { "name": "夫婦下", "(1)ｺｰﾄﾞ番": "172040117", "(2)読み": "めおとした", "県名": "石川県", "市町名": "輪島市", "住所": "町野町東大野サ部30部" }, "geometry": { "type": "Point", "coordinates": [ 137.067472222221994, 37.430027777777802 ] } },
{ "type": "Feature", "properties": { "name": "滝の谷内", "(1)ｺｰﾄﾞ番": "172040119", "(2)読み": "たきのやち", "県名": "石川県", "市町名": "輪島市", "住所": "町野町東大野瀧谷内1番5" }, "geometry": { "type": "Point", "coordinates": [ 137.065388888889004, 37.42675 ] } },
{ "type": "Feature", "properties": { "name": "小堤", "(1)ｺｰﾄﾞ番": "172040120", "(2)読み": "こつつみ", "県名": "石川県", "市町名": "輪島市", "住所": "町野町西時国1部63番" }, "geometry": { "type": "Point", "coordinates": [ 137.076972222221997, 37.45025 ] } },
{ "type": "Feature", "properties": { "name": "山王堤", "(1)ｺｰﾄﾞ番": "172040122", "(2)読み": "さんのうてい", "県名": "石川県", "市町名": "輪島市", "住所": "町野町西時国鳥毛2番丙" }, "geometry": { "type": "Point", "coordinates": [ 137.076555555556013, 37.452944444444398 ] } },
{ "type": "Feature", "properties": { "name": "新池", "(1)ｺｰﾄﾞ番": "172040123", "(2)読み": "しんいけ", "県名": "石川県", "市町名": "輪島市", "住所": "町野町南時国13部10番" }, "geometry": { "type": "Point", "coordinates": [ 137.079333333333011, 37.44725 ] } },
{ "type": "Feature", "properties": { "name": "路角池", "(1)ｺｰﾄﾞ番": "172040124", "(2)読み": "ろかくいけ", "県名": "石川県", "市町名": "輪島市", "住所": "町野町南時国13部11番1" }, "geometry": { "type": "Point", "coordinates": [ 137.07925, 37.4478333333333 ] } },
{ "type": "Feature", "properties": { "name": "露込", "(1)ｺｰﾄﾞ番": "172040125", "(2)読み": "つゆこみ", "県名": "石川県", "市町名": "輪島市", "住所": "縄又町津イ込7番乙" }, "geometry": { "type": "Point", "coordinates": [ 136.835833333332999, 37.344416666666703 ] } },
{ "type": "Feature", "properties": { "name": "犬越", "(1)ｺｰﾄﾞ番": "172040126", "(2)読み": "いぬごえ", "県名": "石川県", "市町名": "輪島市", "住所": "縄又町犬越1番" }, "geometry": { "type": "Point", "coordinates": [ 136.85125, 37.335916666666698 ] } },
{ "type": "Feature", "properties": { "name": "堤田", "(1)ｺｰﾄﾞ番": "172040127", "(2)読み": "つつみだ", "県名": "石川県", "市町名": "輪島市", "住所": "縄又町堤田7番" }, "geometry": { "type": "Point", "coordinates": [ 136.845583333332996, 37.333 ] } },
{ "type": "Feature", "properties": { "name": "杉の木田1", "(1)ｺｰﾄﾞ番": "172040128", "(2)読み": "すぎのきたいち", "県名": "石川県", "市町名": "輪島市", "住所": "縄又町" }, "geometry": { "type": "Point", "coordinates": [ 136.848944444443987, 37.3505 ] } },
{ "type": "Feature", "properties": { "name": "杉の木田2", "(1)ｺｰﾄﾞ番": "172040129", "(2)読み": "すぎのきたに", "県名": "石川県", "市町名": "輪島市", "住所": "縄又町" }, "geometry": { "type": "Point", "coordinates": [ 136.84830555555601, 37.350444444444399 ] } },
{ "type": "Feature", "properties": { "name": "河原", "(1)ｺｰﾄﾞ番": "172040130", "(2)読み": "かわら", "県名": "石川県", "市町名": "輪島市", "住所": "縄又町道蓮106番2" }, "geometry": { "type": "Point", "coordinates": [ 136.856777777778007, 37.3506111111111 ] } },
{ "type": "Feature", "properties": { "name": "どろきり", "(1)ｺｰﾄﾞ番": "172040133", "(2)読み": "どろきり", "県名": "石川県", "市町名": "輪島市", "住所": "縄又町山堂114番・115番・117番合併" }, "geometry": { "type": "Point", "coordinates": [ 136.853055555556011, 37.348138888888897 ] } },
{ "type": "Feature", "properties": { "name": "油田", "(1)ｺｰﾄﾞ番": "172040137", "(2)読み": "あぶらだ", "県名": "石川県", "市町名": "輪島市", "住所": "赤崎町ハ部102番" }, "geometry": { "type": "Point", "coordinates": [ 136.816, 37.380666666666698 ] } },
{ "type": "Feature", "properties": { "name": "渡畑", "(1)ｺｰﾄﾞ番": "172040139", "(2)読み": "わたばたけ", "県名": "石川県", "市町名": "輪島市", "住所": "赤崎町120番" }, "geometry": { "type": "Point", "coordinates": [ 136.816666666667004, 37.380111111111098 ] } },
{ "type": "Feature", "properties": { "name": "渡畑2", "(1)ｺｰﾄﾞ番": "172040140", "(2)読み": "わたばたけに", "県名": "石川県", "市町名": "輪島市", "住所": "赤崎町123番" }, "geometry": { "type": "Point", "coordinates": [ 136.819333333332992, 37.377138888888901 ] } },
{ "type": "Feature", "properties": { "name": "ノボリタテ", "(1)ｺｰﾄﾞ番": "172040141", "(2)読み": "のぼりたて", "県名": "石川県", "市町名": "輪島市", "住所": "赤崎町109番" }, "geometry": { "type": "Point", "coordinates": [ 136.816, 37.380666666666698 ] } },
{ "type": "Feature", "properties": { "name": "中村のノボリタテ", "(1)ｺｰﾄﾞ番": "172040142", "(2)読み": "なかむらののぼりたて", "県名": "石川県", "市町名": "輪島市", "住所": "赤崎町98番" }, "geometry": { "type": "Point", "coordinates": [ 136.821916666666993, 37.375083333333301 ] } },
{ "type": "Feature", "properties": { "name": "倉骨", "(1)ｺｰﾄﾞ番": "172040143", "(2)読み": "くらほね", "県名": "石川県", "市町名": "輪島市", "住所": "赤崎町85番" }, "geometry": { "type": "Point", "coordinates": [ 136.823472222221994, 37.3745277777778 ] } },
{ "type": "Feature", "properties": { "name": "倉骨2", "(1)ｺｰﾄﾞ番": "172040144", "(2)読み": "くらほねに", "県名": "石川県", "市町名": "輪島市", "住所": "赤崎町95番" }, "geometry": { "type": "Point", "coordinates": [ 136.822888888888997, 37.375055555555598 ] } },
{ "type": "Feature", "properties": { "name": "向の春の木", "(1)ｺｰﾄﾞ番": "172040145", "(2)読み": "むかいのはるのき", "県名": "石川県", "市町名": "輪島市", "住所": "赤崎町ソ部46番1" }, "geometry": { "type": "Point", "coordinates": [ 136.80725, 37.373388333333303 ] } },
{ "type": "Feature", "properties": { "name": "ハザ田", "(1)ｺｰﾄﾞ番": "172040146", "(2)読み": "はざた", "県名": "石川県", "市町名": "輪島市", "住所": "赤崎町175番" }, "geometry": { "type": "Point", "coordinates": [ 136.816388888889009, 37.3830555555556 ] } },
{ "type": "Feature", "properties": { "name": "水谷内", "(1)ｺｰﾄﾞ番": "172040147", "(2)読み": "みずやち", "県名": "石川県", "市町名": "輪島市", "住所": "赤崎町ワ部55番1" }, "geometry": { "type": "Point", "coordinates": [ 136.825944444443991, 37.376111111111101 ] } },
{ "type": "Feature", "properties": { "name": "新谷の春の木", "(1)ｺｰﾄﾞ番": "172040148", "(2)読み": "しんたにのはるのき", "県名": "石川県", "市町名": "輪島市", "住所": "赤崎町ソ部22番1" }, "geometry": { "type": "Point", "coordinates": [ 136.822722222222012, 37.374166666666703 ] } },
{ "type": "Feature", "properties": { "name": "骨倉その３", "(1)ｺｰﾄﾞ番": "172040149", "(2)読み": null, "県名": "石川県", "市町名": "輪島市", "住所": "赤崎町" }, "geometry": { "type": "Point", "coordinates": [ 136.817083333332988, 37.380277777777799 ] } },
{ "type": "Feature", "properties": { "name": "堀田", "(1)ｺｰﾄﾞ番": "172040150", "(2)読み": "ほりた", "県名": "石川県", "市町名": "輪島市", "住所": "赤崎町ハ部81番" }, "geometry": { "type": "Point", "coordinates": [ 136.817722222221988, 37.378138888888898 ] } },
{ "type": "Feature", "properties": { "name": "木戸口", "(1)ｺｰﾄﾞ番": "172040158", "(2)読み": "きどぐち", "県名": "石川県", "市町名": "輪島市", "住所": "西山町ヤ部6番2" }, "geometry": { "type": "Point", "coordinates": [ 137.050722222221992, 37.399166666666702 ] } },
{ "type": "Feature", "properties": { "name": "金糞", "(1)ｺｰﾄﾞ番": "172040159", "(2)読み": "かなぐそ", "県名": "石川県", "市町名": "輪島市", "住所": "西山町ヤ部4番ロ" }, "geometry": { "type": "Point", "coordinates": [ 137.051138888889, 37.398472222222203 ] } },
{ "type": "Feature", "properties": { "name": "印内", "(1)ｺｰﾄﾞ番": "172040160", "(2)読み": "いんない", "県名": "石川県", "市町名": "輪島市", "住所": "東印内町" }, "geometry": { "type": "Point", "coordinates": [ 137.046805555556006, 37.405888888888903 ] } },
{ "type": "Feature", "properties": { "name": "堂ノ谷内", "(1)ｺｰﾄﾞ番": "172040162", "(2)読み": "どうのやち", "県名": "石川県", "市町名": "輪島市", "住所": "西山町井部51番2" }, "geometry": { "type": "Point", "coordinates": [ 137.05061111111101, 37.40125 ] } },
{ "type": "Feature", "properties": { "name": "平", "(1)ｺｰﾄﾞ番": "172040163", "(2)読み": "たいら", "県名": "石川県", "市町名": "輪島市", "住所": "西山町ヲ部55番乙" }, "geometry": { "type": "Point", "coordinates": [ 137.066277777777998, 37.399472222222201 ] } },
{ "type": "Feature", "properties": { "name": "中背", "(1)ｺｰﾄﾞ番": "172040166", "(2)読み": "なかせ", "県名": "石川県", "市町名": "輪島市", "住所": "町野町寺山" }, "geometry": { "type": "Point", "coordinates": [ 137.124805555556009, 37.442194444444397 ] } },
{ "type": "Feature", "properties": { "name": "中才の一前田", "(1)ｺｰﾄﾞ番": "172040169", "(2)読み": "なかざいのいちまえだ", "県名": "石川県", "市町名": "輪島市", "住所": "町野町寺山" }, "geometry": { "type": "Point", "coordinates": [ 137.139138888888994, 37.433583333333303 ] } },
{ "type": "Feature", "properties": { "name": "鳥毛の高", "(1)ｺｰﾄﾞ番": "172040171", "(2)読み": "とりげのたか", "県名": "石川県", "市町名": "輪島市", "住所": "町野町寺山78部15番" }, "geometry": { "type": "Point", "coordinates": [ 137.132944444444007, 37.4265277777778 ] } },
{ "type": "Feature", "properties": { "name": "中村の八幡峠", "(1)ｺｰﾄﾞ番": "172040172", "(2)読み": "なかむらのはちばんとうげ", "県名": "石川県", "市町名": "輪島市", "住所": "町野町寺山59部20番" }, "geometry": { "type": "Point", "coordinates": [ 137.136527777778014, 37.424055555555597 ] } },
{ "type": "Feature", "properties": { "name": "池田の吉ヶ池", "(1)ｺｰﾄﾞ番": "172040176", "(2)読み": "いけだのよしがいけ", "県名": "石川県", "市町名": "輪島市", "住所": "町野町寺山" }, "geometry": { "type": "Point", "coordinates": [ 137.153388888888998, 37.426027777777797 ] } },
{ "type": "Feature", "properties": { "name": "池口", "(1)ｺｰﾄﾞ番": "172040177", "(2)読み": "いけぐち", "県名": "石川県", "市町名": "輪島市", "住所": "町野町寺山岩庫13-1" }, "geometry": { "type": "Point", "coordinates": [ 137.153166666667005, 37.424944444444399 ] } },
{ "type": "Feature", "properties": { "name": "番平", "(1)ｺｰﾄﾞ番": "172040179", "(2)読み": "ばんだいら", "県名": "石川県", "市町名": "輪島市", "住所": "町野町寺山" }, "geometry": { "type": "Point", "coordinates": [ 137.122666666666987, 37.430416666666702 ] } },
{ "type": "Feature", "properties": { "name": "三田", "(1)ｺｰﾄﾞ番": "172040180", "(2)読み": "さんだ", "県名": "石川県", "市町名": "輪島市", "住所": "町野町金蔵ヨ部199番" }, "geometry": { "type": "Point", "coordinates": [ 137.067666666667009, 37.402333333333303 ] } },
{ "type": "Feature", "properties": { "name": "大門", "(1)ｺｰﾄﾞ番": "172040181", "(2)読み": "だいもん", "県名": "石川県", "市町名": "輪島市", "住所": "町野町金蔵" }, "geometry": { "type": "Point", "coordinates": [ 137.07630555555599, 37.4126388888889 ] } },
{ "type": "Feature", "properties": { "name": "二之部", "(1)ｺｰﾄﾞ番": "172040185", "(2)読み": "にのぶ", "県名": "石川県", "市町名": "輪島市", "住所": "町野町舞谷二部32番" }, "geometry": { "type": "Point", "coordinates": [ 137.125305555555997, 37.405361111111098 ] } },
{ "type": "Feature", "properties": { "name": "上野", "(1)ｺｰﾄﾞ番": "172040186", "(2)読み": "うえの", "県名": "石川県", "市町名": "輪島市", "住所": "三井町仁行宮平42番1" }, "geometry": { "type": "Point", "coordinates": [ 136.9395, 37.33375 ] } },
{ "type": "Feature", "properties": { "name": "池ノ谷内", "(1)ｺｰﾄﾞ番": "172040188", "(2)読み": "いけのやち", "県名": "石川県", "市町名": "輪島市", "住所": "東山町ワ部" }, "geometry": { "type": "Point", "coordinates": [ 137.023111111111007, 37.394555555555598 ] } },
{ "type": "Feature", "properties": { "name": "三度", "(1)ｺｰﾄﾞ番": "172040192", "(2)読み": "さんど", "県名": "石川県", "市町名": "輪島市", "住所": "山ノ上町三度22番" }, "geometry": { "type": "Point", "coordinates": [ 136.934361111111002, 37.353916666666699 ] } },
{ "type": "Feature", "properties": { "name": "大堤", "(1)ｺｰﾄﾞ番": "172040193", "(2)読み": "おおつつみ", "県名": "石川県", "市町名": "輪島市", "住所": "町野町西時国1部47番1" }, "geometry": { "type": "Point", "coordinates": [ 137.077, 37.451305555555599 ] } },
{ "type": "Feature", "properties": { "name": "御引干場", "(1)ｺｰﾄﾞ番": "172040195", "(2)読み": "おんびきほしば", "県名": "石川県", "市町名": "輪島市", "住所": "滝又町ル部83番" }, "geometry": { "type": "Point", "coordinates": [ 136.857972222222003, 37.314361111111097 ] } },
{ "type": "Feature", "properties": { "name": "地原", "(1)ｺｰﾄﾞ番": "172040197", "(2)読み": "ちはら", "県名": "石川県", "市町名": "輪島市", "住所": "稲屋町九字42番" }, "geometry": { "type": "Point", "coordinates": [ 136.884694444443994, 37.369194444444403 ] } },
{ "type": "Feature", "properties": { "name": "光浦", "(1)ｺｰﾄﾞ番": "172040200", "(2)読み": "ひかりうら", "県名": "石川県", "市町名": "輪島市", "住所": "光浦町六部1018番2" }, "geometry": { "type": "Point", "coordinates": [ 136.873888888889013, 37.400833333333303 ] } },
{ "type": "Feature", "properties": { "name": "小脇", "(1)ｺｰﾄﾞ番": "172040201", "(2)読み": "こわき", "県名": "石川県", "市町名": "輪島市", "住所": "鵜入町" }, "geometry": { "type": "Point", "coordinates": [ 136.852361111111009, 37.393277777777797 ] } },
{ "type": "Feature", "properties": { "name": "大堤", "(1)ｺｰﾄﾞ番": "172040204", "(2)読み": "おおつつみ", "県名": "石川県", "市町名": "輪島市", "住所": "町野町敷戸5部90番" }, "geometry": { "type": "Point", "coordinates": [ 137.085, 37.44175 ] } },
{ "type": "Feature", "properties": { "name": "法谷", "(1)ｺｰﾄﾞ番": "172040210", "(2)読み": "のりだに", "県名": "石川県", "市町名": "輪島市", "住所": "忍町" }, "geometry": { "type": "Point", "coordinates": [ 137.0225, 37.407055555555601 ] } },
{ "type": "Feature", "properties": { "name": "峠", "(1)ｺｰﾄﾞ番": "172040211", "(2)読み": "とうげ", "県名": "石川県", "市町名": "輪島市", "住所": "東山町" }, "geometry": { "type": "Point", "coordinates": [ 137.028972222221995, 37.393027777777803 ] } },
{ "type": "Feature", "properties": { "name": "野田", "(1)ｺｰﾄﾞ番": "172040212", "(2)読み": "のた", "県名": "石川県", "市町名": "輪島市", "住所": "野田町1部" }, "geometry": { "type": "Point", "coordinates": [ 137.007472222221992, 37.420305555555601 ] } },
{ "type": "Feature", "properties": { "name": "大丁", "(1)ｺｰﾄﾞ番": "172040218", "(2)読み": "だいちょう", "県名": "石川県", "市町名": "輪島市", "住所": "大野町" }, "geometry": { "type": "Point", "coordinates": [ 136.94175, 37.390583333333304 ] } },
{ "type": "Feature", "properties": { "name": "寺池", "(1)ｺｰﾄﾞ番": "172040219", "(2)読み": "てらいけ", "県名": "石川県", "市町名": "輪島市", "住所": "町野町南時国12部100番" }, "geometry": { "type": "Point", "coordinates": [ 137.079027777778009, 37.449444444444403 ] } },
{ "type": "Feature", "properties": { "name": "出村の高", "(1)ｺｰﾄﾞ番": "172040225", "(2)読み": "でむらのたか", "県名": "石川県", "市町名": "輪島市", "住所": "町野町寺山18部4番" }, "geometry": { "type": "Point", "coordinates": [ 137.125166666667013, 37.42975 ] } },
{ "type": "Feature", "properties": { "name": "池田", "(1)ｺｰﾄﾞ番": "172040228", "(2)読み": null, "県名": "石川県", "市町名": "輪島市", "住所": "町野町寺山" }, "geometry": { "type": "Point", "coordinates": [ 137.133555555556001, 37.432166666666703 ] } },
{ "type": "Feature", "properties": { "name": "ブツワラ", "(1)ｺｰﾄﾞ番": "172040230", "(2)読み": "ぶつわら", "県名": "石川県", "市町名": "輪島市", "住所": "町野町寺山28字6番丙地" }, "geometry": { "type": "Point", "coordinates": [ 137.119416666667007, 37.42025 ] } },
{ "type": "Feature", "properties": { "name": "谷内田", "(1)ｺｰﾄﾞ番": "172040231", "(2)読み": "やった", "県名": "石川県", "市町名": "輪島市", "住所": "町野町寺山28字6番乙地" }, "geometry": { "type": "Point", "coordinates": [ 137.121222222222002, 37.420027777777797 ] } },
{ "type": "Feature", "properties": { "name": "高瀬", "(1)ｺｰﾄﾞ番": "172040232", "(2)読み": "たかせぎ", "県名": "石川県", "市町名": "輪島市", "住所": "町野町寺山28字6番丁地" }, "geometry": { "type": "Point", "coordinates": [ 137.123888888889013, 37.420666666666698 ] } },
{ "type": "Feature", "properties": { "name": "刈又の１", "(1)ｺｰﾄﾞ番": "172040234", "(2)読み": "かりまった", "県名": "石川県", "市町名": "輪島市", "住所": "町野町寺山27字8番1" }, "geometry": { "type": "Point", "coordinates": [ 137.118972222221998, 37.420444444444399 ] } },
{ "type": "Feature", "properties": { "name": "徳成谷内", "(1)ｺｰﾄﾞ番": "172040246", "(2)読み": "とくなりやち", "県名": "石川県", "市町名": "輪島市", "住所": "能登町柳田ヌ部" }, "geometry": { "type": "Point", "coordinates": [ 137.084055555556006, 37.392638888888897 ] } },
{ "type": "Feature", "properties": { "name": "兵ヶ谷内", "(1)ｺｰﾄﾞ番": "172040269", "(2)読み": "ひょうがやち", "県名": "石川県", "市町名": "輪島市", "住所": "深見町ロ部10番乙" }, "geometry": { "type": "Point", "coordinates": [ 136.999416666667003, 37.407611111111102 ] } },
{ "type": "Feature", "properties": { "name": "下山小脇", "(1)ｺｰﾄﾞ番": "172040270", "(2)読み": "しもやまこわき", "県名": "石川県", "市町名": "輪島市", "住所": "下山町69番" }, "geometry": { "type": "Point", "coordinates": [ 136.840888888888998, 37.370083333333298 ] } },
{ "type": "Feature", "properties": { "name": "佃新", "(1)ｺｰﾄﾞ番": "172040271", "(2)読み": "つくだしん", "県名": "石川県", "市町名": "輪島市", "住所": "下山町81番" }, "geometry": { "type": "Point", "coordinates": [ 136.840194444443995, 37.370333333333299 ] } },
{ "type": "Feature", "properties": { "name": "中巻", "(1)ｺｰﾄﾞ番": "172040272", "(2)読み": "なかまき", "県名": "石川県", "市町名": "輪島市", "住所": "下山町311番" }, "geometry": { "type": "Point", "coordinates": [ 136.841888888889002, 37.374944444444402 ] } },
{ "type": "Feature", "properties": { "name": "若林", "(1)ｺｰﾄﾞ番": "172040273", "(2)読み": "わかばやし", "県名": "石川県", "市町名": "輪島市", "住所": "下山町330番" }, "geometry": { "type": "Point", "coordinates": [ 136.841833333333, 37.372361111111097 ] } },
{ "type": "Feature", "properties": { "name": "下山1", "(1)ｺｰﾄﾞ番": "172040274", "(2)読み": "しもやまいち", "県名": "石川県", "市町名": "輪島市", "住所": "下山町331番" }, "geometry": { "type": "Point", "coordinates": [ 136.842861111111006, 37.3715277777778 ] } },
{ "type": "Feature", "properties": { "name": "中巻2", "(1)ｺｰﾄﾞ番": "172040275", "(2)読み": "なかまきに", "県名": "石川県", "市町名": "輪島市", "住所": "下山町17部169番甲" }, "geometry": { "type": "Point", "coordinates": [ 136.842888888889007, 37.3779166666667 ] } },
{ "type": "Feature", "properties": { "name": "下山2", "(1)ｺｰﾄﾞ番": "172040276", "(2)読み": "しもやまに", "県名": "石川県", "市町名": "輪島市", "住所": "下山町233番" }, "geometry": { "type": "Point", "coordinates": [ 136.840583333333001, 37.378416666666702 ] } },
{ "type": "Feature", "properties": { "name": "下山3", "(1)ｺｰﾄﾞ番": "172040277", "(2)読み": "しもやまさん", "県名": "石川県", "市町名": "輪島市", "住所": "下山町248番" }, "geometry": { "type": "Point", "coordinates": [ 136.839666666667, 37.378527777777798 ] } },
{ "type": "Feature", "properties": { "name": "竹中", "(1)ｺｰﾄﾞ番": "172040278", "(2)読み": "たけなか", "県名": "石川県", "市町名": "輪島市", "住所": "下山町19の115番地" }, "geometry": { "type": "Point", "coordinates": [ 136.839222222221991, 37.378888888888902 ] } },
{ "type": "Feature", "properties": { "name": "熊谷", "(1)ｺｰﾄﾞ番": "172040279", "(2)読み": "くまんたに", "県名": "石川県", "市町名": "輪島市", "住所": "西山町タ部16番" }, "geometry": { "type": "Point", "coordinates": [ 137.061944444444009, 37.394 ] } },
{ "type": "Feature", "properties": { "name": "惣田2", "(1)ｺｰﾄﾞ番": "172040280", "(2)読み": "そうだに", "県名": "石川県", "市町名": "輪島市", "住所": "町野町粟蔵元川西小田本28番甲" }, "geometry": { "type": "Point", "coordinates": [ 137.105361111110994, 37.412416666666701 ] } },
{ "type": "Feature", "properties": { "name": "惣田小田本", "(1)ｺｰﾄﾞ番": "172040281", "(2)読み": "そうだこだもと", "県名": "石川県", "市町名": "輪島市", "住所": "町野町粟蔵元川西小田本2番" }, "geometry": { "type": "Point", "coordinates": [ 137.105388888888996, 37.412944444444399 ] } },
{ "type": "Feature", "properties": { "name": "惣田3", "(1)ｺｰﾄﾞ番": "172040282", "(2)読み": "そうださん", "県名": "石川県", "市町名": "輪島市", "住所": "町野町粟蔵元川西ノ部13番" }, "geometry": { "type": "Point", "coordinates": [ 137.101361111111004, 37.413805555555598 ] } },
{ "type": "Feature", "properties": { "name": "だち池", "(1)ｺｰﾄﾞ番": "172040283", "(2)読み": "だちいけ", "県名": "石川県", "市町名": "輪島市", "住所": "小池町16字144番" }, "geometry": { "type": "Point", "coordinates": [ 136.840805555555988, 37.382361111111102 ] } },
{ "type": "Feature", "properties": { "name": "中瀬", "(1)ｺｰﾄﾞ番": "172040284", "(2)読み": "なかせ", "県名": "石川県", "市町名": "輪島市", "住所": "小池町溜池1番" }, "geometry": { "type": "Point", "coordinates": [ 136.84425, 37.3785555555556 ] } },
{ "type": "Feature", "properties": { "name": "浦", "(1)ｺｰﾄﾞ番": "172040285", "(2)読み": "うら", "県名": "石川県", "市町名": "輪島市", "住所": "小池町210番" }, "geometry": { "type": "Point", "coordinates": [ 136.840361111111008, 37.380416666666697 ] } },
{ "type": "Feature", "properties": { "name": "田中", "(1)ｺｰﾄﾞ番": "172040286", "(2)読み": "たなか", "県名": "石川県", "市町名": "輪島市", "住所": "小池町233番" }, "geometry": { "type": "Point", "coordinates": [ 136.842722222221994, 37.379305555555597 ] } },
{ "type": "Feature", "properties": { "name": "山下", "(1)ｺｰﾄﾞ番": "172040287", "(2)読み": "やました", "県名": "石川県", "市町名": "輪島市", "住所": "小池町241番" }, "geometry": { "type": "Point", "coordinates": [ 136.842888888889007, 37.37825 ] } },
{ "type": "Feature", "properties": { "name": "坂下", "(1)ｺｰﾄﾞ番": "172040288", "(2)読み": "さかした", "県名": "石川県", "市町名": "輪島市", "住所": "小池町2字" }, "geometry": { "type": "Point", "coordinates": [ 136.840888888888998, 37.385055555555603 ] } },
{ "type": "Feature", "properties": { "name": "東1", "(1)ｺｰﾄﾞ番": "172040289", "(2)読み": "ひがしいち", "県名": "石川県", "市町名": "輪島市", "住所": "町野町寺山97-22" }, "geometry": { "type": "Point", "coordinates": [ 137.136861111110989, 37.432194444444399 ] } },
{ "type": "Feature", "properties": { "name": "東2", "(1)ｺｰﾄﾞ番": "172040290", "(2)読み": "ひがしに", "県名": "石川県", "市町名": "輪島市", "住所": "町野町寺山96-1" }, "geometry": { "type": "Point", "coordinates": [ 137.13925, 37.433833333333297 ] } },
{ "type": "Feature", "properties": { "name": "若山ダム", "(1)ｺｰﾄﾞ番": "172050001", "(2)読み": "わかやまだむ", "県名": "石川県", "市町名": "珠洲市", "住所": "若山町上山" }, "geometry": { "type": "Point", "coordinates": [ 137.147138888889003, 37.4454722222222 ] } },
{ "type": "Feature", "properties": { "name": "杉山ダム", "(1)ｺｰﾄﾞ番": "172050002", "(2)読み": "すぎやまだむ", "県名": "石川県", "市町名": "珠洲市", "住所": "三崎町杉山" }, "geometry": { "type": "Point", "coordinates": [ 137.292777777778014, 37.476138888888897 ] } },
{ "type": "Feature", "properties": { "name": "雁の池", "(1)ｺｰﾄﾞ番": "172050003", "(2)読み": "がんのいけ", "県名": "石川県", "市町名": "珠洲市", "住所": "三崎町森腰" }, "geometry": { "type": "Point", "coordinates": [ 137.333444444444012, 37.474416666666698 ] } },
{ "type": "Feature", "properties": { "name": "猿ヶ谷池", "(1)ｺｰﾄﾞ番": "172050004", "(2)読み": "さるがだにいけ", "県名": "石川県", "市町名": "珠洲市", "住所": "岩坂町" }, "geometry": { "type": "Point", "coordinates": [ 137.277416666666994, 37.463 ] } },
{ "type": "Feature", "properties": { "name": "蛸島の大池", "(1)ｺｰﾄﾞ番": "172050005", "(2)読み": "たこじまのおおいけ", "県名": "石川県", "市町名": "珠洲市", "住所": "三崎町細屋" }, "geometry": { "type": "Point", "coordinates": [ 137.316444444443988, 37.454055555555598 ] } },
{ "type": "Feature", "properties": { "name": "坂石山", "(1)ｺｰﾄﾞ番": "172050006", "(2)読み": "さかいしやま", "県名": "石川県", "市町名": "珠洲市", "住所": "長橋" }, "geometry": { "type": "Point", "coordinates": [ 137.147555555556011, 37.494388888888899 ] } },
{ "type": "Feature", "properties": { "name": "作ヶ平", "(1)ｺｰﾄﾞ番": "172050007", "(2)読み": "さくんだら", "県名": "石川県", "市町名": "珠洲市", "住所": "大谷町字中谷内" }, "geometry": { "type": "Point", "coordinates": [ 137.167638888889002, 37.485555555555599 ] } },
{ "type": "Feature", "properties": { "name": "三ッ子", "(1)ｺｰﾄﾞ番": "172050008", "(2)読み": "みつご", "県名": "石川県", "市町名": "珠洲市", "住所": "笹波町" }, "geometry": { "type": "Point", "coordinates": [ 137.242305555555987, 37.498472222222198 ] } },
{ "type": "Feature", "properties": { "name": "小新谷", "(1)ｺｰﾄﾞ番": "172050009", "(2)読み": "こしんたに", "県名": "石川県", "市町名": "珠洲市", "住所": "狼煙町横山" }, "geometry": { "type": "Point", "coordinates": [ 137.304, 37.520888888888898 ] } },
{ "type": "Feature", "properties": { "name": "柿ノ木谷内", "(1)ｺｰﾄﾞ番": "172050010", "(2)読み": "かきのきやち", "県名": "石川県", "市町名": "珠洲市", "住所": "狼煙町" }, "geometry": { "type": "Point", "coordinates": [ 137.305583333333004, 37.522305555555597 ] } },
{ "type": "Feature", "properties": { "name": "荒池", "(1)ｺｰﾄﾞ番": "172050011", "(2)読み": "あらいけ", "県名": "石川県", "市町名": "珠洲市", "住所": "狼煙町" }, "geometry": { "type": "Point", "coordinates": [ 137.316, 37.517722222222197 ] } },
{ "type": "Feature", "properties": { "name": "筵田池", "(1)ｺｰﾄﾞ番": "172050012", "(2)読み": "むしろだいけ", "県名": "石川県", "市町名": "珠洲市", "住所": "三崎町寺家" }, "geometry": { "type": "Point", "coordinates": [ 137.327055555556001, 37.499805555555596 ] } },
{ "type": "Feature", "properties": { "name": "猿田の池", "(1)ｺｰﾄﾞ番": "172050013", "(2)読み": "さるたのいけ", "県名": "石川県", "市町名": "珠洲市", "住所": "三崎町寺家" }, "geometry": { "type": "Point", "coordinates": [ 137.338055555555997, 37.501083333333298 ] } },
{ "type": "Feature", "properties": { "name": "白潟", "(1)ｺｰﾄﾞ番": "172050014", "(2)読み": "しらかた", "県名": "石川県", "市町名": "珠洲市", "住所": "三崎町粟津" }, "geometry": { "type": "Point", "coordinates": [ 137.327, 37.488416666666701 ] } },
{ "type": "Feature", "properties": { "name": "芳ヶ谷内池", "(1)ｺｰﾄﾞ番": "172050015", "(2)読み": "よしがやちいけ", "県名": "石川県", "市町名": "珠洲市", "住所": "三崎町粟津" }, "geometry": { "type": "Point", "coordinates": [ 137.327083333333007, 37.484277777777798 ] } },
{ "type": "Feature", "properties": { "name": "新四郎池", "(1)ｺｰﾄﾞ番": "172050016", "(2)読み": "しんしろういけ", "県名": "石川県", "市町名": "珠洲市", "住所": "三崎町粟津" }, "geometry": { "type": "Point", "coordinates": [ 137.32113888888901, 37.482666666666702 ] } },
{ "type": "Feature", "properties": { "name": "味噌池", "(1)ｺｰﾄﾞ番": "172050017", "(2)読み": "みそいけ", "県名": "石川県", "市町名": "珠洲市", "住所": "三崎町杉山" }, "geometry": { "type": "Point", "coordinates": [ 137.318416666666991, 37.47625 ] } },
{ "type": "Feature", "properties": { "name": "鴻ノ巣", "(1)ｺｰﾄﾞ番": "172050018", "(2)読み": "こうのす", "県名": "石川県", "市町名": "珠洲市", "住所": "三崎町本" }, "geometry": { "type": "Point", "coordinates": [ 137.321583333332995, 37.469027777777796 ] } },
{ "type": "Feature", "properties": { "name": "瀬波", "(1)ｺｰﾄﾞ番": "172050019", "(2)読み": "せなみ", "県名": "石川県", "市町名": "珠洲市", "住所": "三崎町伏見" }, "geometry": { "type": "Point", "coordinates": [ 137.344138888889006, 37.457361111111098 ] } },
{ "type": "Feature", "properties": { "name": "荒池", "(1)ｺｰﾄﾞ番": "172050020", "(2)読み": "あらいけ", "県名": "石川県", "市町名": "珠洲市", "住所": "三崎町雲津" }, "geometry": { "type": "Point", "coordinates": [ 137.341916666667004, 37.446388888888897 ] } },
{ "type": "Feature", "properties": { "name": "丸橋の池", "(1)ｺｰﾄﾞ番": "172050021", "(2)読み": null, "県名": "石川県", "市町名": "珠洲市", "住所": "三崎町雲津" }, "geometry": { "type": "Point", "coordinates": [ 137.33575, 37.450083333333303 ] } },
{ "type": "Feature", "properties": { "name": "赤間田", "(1)ｺｰﾄﾞ番": "172050022", "(2)読み": "あかまだ", "県名": "石川県", "市町名": "珠洲市", "住所": "細屋" }, "geometry": { "type": "Point", "coordinates": [ 137.326444444444007, 37.454805555555602 ] } },
{ "type": "Feature", "properties": { "name": "青木作", "(1)ｺｰﾄﾞ番": "172050023", "(2)読み": "あおきさく", "県名": "石川県", "市町名": "珠洲市", "住所": "三崎町細屋" }, "geometry": { "type": "Point", "coordinates": [ 137.317444444443993, 37.460555555555601 ] } },
{ "type": "Feature", "properties": { "name": "二堤池", "(1)ｺｰﾄﾞ番": "172050024", "(2)読み": "ふたつつみいけ", "県名": "石川県", "市町名": "珠洲市", "住所": "正院町川尻" }, "geometry": { "type": "Point", "coordinates": [ 137.302055555555995, 37.452361111111102 ] } },
{ "type": "Feature", "properties": { "name": "八ノ谷", "(1)ｺｰﾄﾞ番": "172050025", "(2)読み": "はちのたに", "県名": "石川県", "市町名": "珠洲市", "住所": "正院町川尻" }, "geometry": { "type": "Point", "coordinates": [ 137.300777777777995, 37.44825 ] } },
{ "type": "Feature", "properties": { "name": "セナガチ", "(1)ｺｰﾄﾞ番": "172050026", "(2)読み": "せながち", "県名": "石川県", "市町名": "珠洲市", "住所": "正院町岡田" }, "geometry": { "type": "Point", "coordinates": [ 137.283638888888987, 37.4643333333333 ] } },
{ "type": "Feature", "properties": { "name": "金筋", "(1)ｺｰﾄﾞ番": "172050027", "(2)読み": "きなすじ", "県名": "石川県", "市町名": "珠洲市", "住所": "岩坂町" }, "geometry": { "type": "Point", "coordinates": [ 137.27452777777799, 37.456416666666698 ] } },
{ "type": "Feature", "properties": { "name": "本江寺", "(1)ｺｰﾄﾞ番": "172050029", "(2)読み": "ぼんこうじ", "県名": "石川県", "市町名": "珠洲市", "住所": "野々江町" }, "geometry": { "type": "Point", "coordinates": [ 137.276611111111009, 37.450027777777798 ] } },
{ "type": "Feature", "properties": { "name": "亀ヶ谷", "(1)ｺｰﾄﾞ番": "172050030", "(2)読み": "かめんたに", "県名": "石川県", "市町名": "珠洲市", "住所": "野々江町" }, "geometry": { "type": "Point", "coordinates": [ 137.270444444443996, 37.448083333333301 ] } },
{ "type": "Feature", "properties": { "name": "吉ヶ池", "(1)ｺｰﾄﾞ番": "172050031", "(2)読み": "よしがいけ", "県名": "石川県", "市町名": "珠洲市", "住所": "若山町吉ヶ池" }, "geometry": { "type": "Point", "coordinates": [ 137.157833333333002, 37.464166666666699 ] } },
{ "type": "Feature", "properties": { "name": "吉池", "(1)ｺｰﾄﾞ番": "172050032", "(2)読み": "よしいけ", "県名": "石川県", "市町名": "珠洲市", "住所": "若山町二子11-19" }, "geometry": { "type": "Point", "coordinates": [ 137.174055555556009, 37.459416666666698 ] } },
{ "type": "Feature", "properties": { "name": "岡の坊用水池", "(1)ｺｰﾄﾞ番": "172050033", "(2)読み": "おかのぼうようすいいけ", "県名": "石川県", "市町名": "珠洲市", "住所": "若山町宇都山" }, "geometry": { "type": "Point", "coordinates": [ 137.218, 37.466055555555599 ] } },
{ "type": "Feature", "properties": { "name": "大池", "(1)ｺｰﾄﾞ番": "172050034", "(2)読み": "おおいけ", "県名": "石川県", "市町名": "珠洲市", "住所": "若山町向" }, "geometry": { "type": "Point", "coordinates": [ 137.229611111111012, 37.453861111111102 ] } },
{ "type": "Feature", "properties": { "name": "瀬戸ヶ谷内", "(1)ｺｰﾄﾞ番": "172050035", "(2)読み": "せとがやち", "県名": "石川県", "市町名": "珠洲市", "住所": "若山町古蔵" }, "geometry": { "type": "Point", "coordinates": [ 137.242916666667014, 37.463361111111098 ] } },
{ "type": "Feature", "properties": { "name": "樋谷内", "(1)ｺｰﾄﾞ番": "172050036", "(2)読み": "ひのやち", "県名": "石川県", "市町名": "珠洲市", "住所": "若山町鈴内" }, "geometry": { "type": "Point", "coordinates": [ 137.242166666667003, 37.469805555555602 ] } },
{ "type": "Feature", "properties": { "name": "柳谷内", "(1)ｺｰﾄﾞ番": "172050037", "(2)読み": "やなぎやち", "県名": "石川県", "市町名": "珠洲市", "住所": "若山町鈴内" }, "geometry": { "type": "Point", "coordinates": [ 137.255083333333005, 37.465888888888898 ] } },
{ "type": "Feature", "properties": { "name": "赤藻", "(1)ｺｰﾄﾞ番": "172050038", "(2)読み": "あかも", "県名": "石川県", "市町名": "珠洲市", "住所": "若山町鈴内" }, "geometry": { "type": "Point", "coordinates": [ 137.262916666666996, 37.464944444444399 ] } },
{ "type": "Feature", "properties": { "name": "札谷内", "(1)ｺｰﾄﾞ番": "172050039", "(2)読み": "ふだやち", "県名": "石川県", "市町名": "珠洲市", "住所": "若山町広栗" }, "geometry": { "type": "Point", "coordinates": [ 137.262138888889012, 37.462055555555601 ] } },
{ "type": "Feature", "properties": { "name": "脇谷内", "(1)ｺｰﾄﾞ番": "172050040", "(2)読み": "わきやち", "県名": "石川県", "市町名": "珠洲市", "住所": "若山町広栗" }, "geometry": { "type": "Point", "coordinates": [ 137.260916666666986, 37.459333333333298 ] } },
{ "type": "Feature", "properties": { "name": "孝右衛門", "(1)ｺｰﾄﾞ番": "172050041", "(2)読み": "こうえもん", "県名": "石川県", "市町名": "珠洲市", "住所": "若山町広栗" }, "geometry": { "type": "Point", "coordinates": [ 137.26533333333299, 37.459972222222198 ] } },
{ "type": "Feature", "properties": { "name": "金堂", "(1)ｺｰﾄﾞ番": "172050042", "(2)読み": "こんどう", "県名": "石川県", "市町名": "珠洲市", "住所": "若山町出田" }, "geometry": { "type": "Point", "coordinates": [ 137.2535, 37.450416666666698 ] } },
{ "type": "Feature", "properties": { "name": "扇谷内", "(1)ｺｰﾄﾞ番": "172050043", "(2)読み": "おうぎやち", "県名": "石川県", "市町名": "珠洲市", "住所": "若山町出田" }, "geometry": { "type": "Point", "coordinates": [ 137.251972222222008, 37.445527777777798 ] } },
{ "type": "Feature", "properties": { "name": "北方大池", "(1)ｺｰﾄﾞ番": "172050044", "(2)読み": "きたかたおおいけ", "県名": "石川県", "市町名": "珠洲市", "住所": "上戸町北方" }, "geometry": { "type": "Point", "coordinates": [ 137.251361111111009, 37.433666666666703 ] } },
{ "type": "Feature", "properties": { "name": "坂谷内", "(1)ｺｰﾄﾞ番": "172050045", "(2)読み": "さかやち", "県名": "石川県", "市町名": "珠洲市", "住所": "上戸町北方" }, "geometry": { "type": "Point", "coordinates": [ 137.24575, 37.43425 ] } },
{ "type": "Feature", "properties": { "name": "広谷", "(1)ｺｰﾄﾞ番": "172050046", "(2)読み": "ひろや", "県名": "石川県", "市町名": "珠洲市", "住所": "上戸町寺社" }, "geometry": { "type": "Point", "coordinates": [ 137.237388888889001, 37.426861111111101 ] } },
{ "type": "Feature", "properties": { "name": "穴釜", "(1)ｺｰﾄﾞ番": "172050047", "(2)読み": "あながま", "県名": "石川県", "市町名": "珠洲市", "住所": "上戸町南方" }, "geometry": { "type": "Point", "coordinates": [ 137.220388888889005, 37.43725 ] } },
{ "type": "Feature", "properties": { "name": "大谷尻", "(1)ｺｰﾄﾞ番": "172050048", "(2)読み": "おおたにしり", "県名": "石川県", "市町名": "珠洲市", "住所": "宝立町春日野" }, "geometry": { "type": "Point", "coordinates": [ 137.221777777777987, 37.406194444444402 ] } },
{ "type": "Feature", "properties": { "name": "勝茂", "(1)ｺｰﾄﾞ番": "172050049", "(2)読み": "かつも", "県名": "石川県", "市町名": "珠洲市", "住所": "宝立町南黒丸" }, "geometry": { "type": "Point", "coordinates": [ 137.225138888889006, 37.389527777777801 ] } },
{ "type": "Feature", "properties": { "name": "新池", "(1)ｺｰﾄﾞ番": "172050050", "(2)読み": "しんいけ", "県名": "石川県", "市町名": "珠洲市", "住所": "三崎町杉山" }, "geometry": { "type": "Point", "coordinates": [ 137.309444444444011, 37.4805833333333 ] } },
{ "type": "Feature", "properties": { "name": "鯨ヶ池", "(1)ｺｰﾄﾞ番": "172050051", "(2)読み": "くじらがいけ", "県名": "石川県", "市町名": "珠洲市", "住所": "正院町飯塚" }, "geometry": { "type": "Point", "coordinates": [ 137.295361111110992, 37.472111111111097 ] } },
{ "type": "Feature", "properties": { "name": "赤刈", "(1)ｺｰﾄﾞ番": "172050052", "(2)読み": "あかがり", "県名": "石川県", "市町名": "珠洲市", "住所": "正院町飯塚" }, "geometry": { "type": "Point", "coordinates": [ 137.287638888889006, 37.462138888888902 ] } },
{ "type": "Feature", "properties": { "name": "小谷", "(1)ｺｰﾄﾞ番": "172050053", "(2)読み": "こたに", "県名": "石川県", "市町名": "珠洲市", "住所": "上戸町寺社" }, "geometry": { "type": "Point", "coordinates": [ 137.244305555555997, 37.431638888888898 ] } },
{ "type": "Feature", "properties": { "name": "長池", "(1)ｺｰﾄﾞ番": "172050054", "(2)読み": "ながいけ", "県名": "石川県", "市町名": "珠洲市", "住所": "笹波町" }, "geometry": { "type": "Point", "coordinates": [ 137.223416666666992, 37.49225 ] } },
{ "type": "Feature", "properties": { "name": "七歩", "(1)ｺｰﾄﾞ番": "172050055", "(2)読み": "しちぶ", "県名": "石川県", "市町名": "珠洲市", "住所": "正院町飯塚" }, "geometry": { "type": "Point", "coordinates": [ 137.295138888888999, 37.465083333333297 ] } },
{ "type": "Feature", "properties": { "name": "寺田池", "(1)ｺｰﾄﾞ番": "172050056", "(2)読み": null, "県名": "石川県", "市町名": "珠洲市", "住所": "三崎町寺家" }, "geometry": { "type": "Point", "coordinates": [ 137.342694444443993, 37.498388888888897 ] } },
{ "type": "Feature", "properties": { "name": "小谷内池", "(1)ｺｰﾄﾞ番": "172050057", "(2)読み": "こやちいけ", "県名": "石川県", "市町名": "珠洲市", "住所": "三崎町寺家" }, "geometry": { "type": "Point", "coordinates": [ 137.33447222222199, 37.495194444444401 ] } },
{ "type": "Feature", "properties": { "name": "北谷内", "(1)ｺｰﾄﾞ番": "172050058", "(2)読み": "きたやち", "県名": "石川県", "市町名": "珠洲市", "住所": "三崎町寺家" }, "geometry": { "type": "Point", "coordinates": [ 137.332833333333014, 37.491416666666701 ] } },
{ "type": "Feature", "properties": { "name": "下瀬戸谷内", "(1)ｺｰﾄﾞ番": "172050059", "(2)読み": "しもせとやち", "県名": "石川県", "市町名": "珠洲市", "住所": "三崎町粟津" }, "geometry": { "type": "Point", "coordinates": [ 137.334916666666999, 37.487333333333297 ] } },
{ "type": "Feature", "properties": { "name": "尻池", "(1)ｺｰﾄﾞ番": "172050060", "(2)読み": "しりいけ", "県名": "石川県", "市町名": "珠洲市", "住所": "三崎町粟津" }, "geometry": { "type": "Point", "coordinates": [ 137.335805555555993, 37.485888888888901 ] } },
{ "type": "Feature", "properties": { "name": "ナルカミの池", "(1)ｺｰﾄﾞ番": "172050061", "(2)読み": "なるかみのいけ", "県名": "石川県", "市町名": "珠洲市", "住所": "三崎町大屋" }, "geometry": { "type": "Point", "coordinates": [ 137.306388888888989, 37.488055555555597 ] } },
{ "type": "Feature", "properties": { "name": "第一松川の池", "(1)ｺｰﾄﾞ番": "172050062", "(2)読み": "だいいちまつかわのいけ", "県名": "石川県", "市町名": "珠洲市", "住所": "三崎町杉山" }, "geometry": { "type": "Point", "coordinates": [ 137.297555555555988, 37.474611111111102 ] } },
{ "type": "Feature", "properties": { "name": "狼煙山田池", "(1)ｺｰﾄﾞ番": "172050064", "(2)読み": null, "県名": "石川県", "市町名": "珠洲市", "住所": "狼煙町" }, "geometry": { "type": "Point", "coordinates": [ 137.335611111111007, 37.512222222222199 ] } },
{ "type": "Feature", "properties": { "name": "ふけん袖の池", "(1)ｺｰﾄﾞ番": "172050065", "(2)読み": "ふけんそでのいけ", "県名": "石川県", "市町名": "珠洲市", "住所": "三崎町杉山" }, "geometry": { "type": "Point", "coordinates": [ 137.304305555555999, 37.472194444444398 ] } },
{ "type": "Feature", "properties": { "name": "池筒", "(1)ｺｰﾄﾞ番": "172050066", "(2)読み": "いけんどう", "県名": "石川県", "市町名": "珠洲市", "住所": "三崎町杉山" }, "geometry": { "type": "Point", "coordinates": [ 137.307638888888988, 37.468361111111101 ] } },
{ "type": "Feature", "properties": { "name": "大畑新", "(1)ｺｰﾄﾞ番": "172050067", "(2)読み": "おおはたしん", "県名": "石川県", "市町名": "珠洲市", "住所": "三崎町杉山" }, "geometry": { "type": "Point", "coordinates": [ 137.311694444443987, 37.472277777777798 ] } },
{ "type": "Feature", "properties": { "name": "谷の池", "(1)ｺｰﾄﾞ番": "172050068", "(2)読み": "たにのいけ", "県名": "石川県", "市町名": "珠洲市", "住所": "三崎町杉山" }, "geometry": { "type": "Point", "coordinates": [ 137.310055555556005, 37.466444444444399 ] } },
{ "type": "Feature", "properties": { "name": "平床", "(1)ｺｰﾄﾞ番": "172050069", "(2)読み": "ひらとこ", "県名": "石川県", "市町名": "珠洲市", "住所": "正院町平床" }, "geometry": { "type": "Point", "coordinates": [ 137.296166666667006, 37.465638888888897 ] } },
{ "type": "Feature", "properties": { "name": "源田池", "(1)ｺｰﾄﾞ番": "172050070", "(2)読み": "げんだいけ", "県名": "石川県", "市町名": "珠洲市", "住所": "正院町飯塚" }, "geometry": { "type": "Point", "coordinates": [ 137.299583333333004, 37.461861111111098 ] } },
{ "type": "Feature", "properties": { "name": "舟瀬池", "(1)ｺｰﾄﾞ番": "172050071", "(2)読み": "ふなせいけ", "県名": "石川県", "市町名": "珠洲市", "住所": "正院町飯塚" }, "geometry": { "type": "Point", "coordinates": [ 137.295472222222003, 37.459944444444403 ] } },
{ "type": "Feature", "properties": { "name": "堂ヶ谷内池", "(1)ｺｰﾄﾞ番": "172050073", "(2)読み": "どうがやちいけ", "県名": "石川県", "市町名": "珠洲市", "住所": "三崎町本" }, "geometry": { "type": "Point", "coordinates": [ 137.33225, 37.4639444444445 ] } },
{ "type": "Feature", "properties": { "name": "曲谷内", "(1)ｺｰﾄﾞ番": "172050075", "(2)読み": "まがらやち", "県名": "石川県", "市町名": "珠洲市", "住所": "三崎町小泊" }, "geometry": { "type": "Point", "coordinates": [ 137.342694444443993, 37.466333333333303 ] } },
{ "type": "Feature", "properties": { "name": "雉ヶ谷池", "(1)ｺｰﾄﾞ番": "172050076", "(2)読み": "きじがやち", "県名": "石川県", "市町名": "珠洲市", "住所": "三崎町小泊" }, "geometry": { "type": "Point", "coordinates": [ 137.344416666667001, 37.4653611111111 ] } },
{ "type": "Feature", "properties": { "name": "三ツ池", "(1)ｺｰﾄﾞ番": "172050077", "(2)読み": "みっついけ", "県名": "石川県", "市町名": "珠洲市", "住所": "三崎町高波" }, "geometry": { "type": "Point", "coordinates": [ 137.348805555555998, 37.461916666666703 ] } },
{ "type": "Feature", "properties": { "name": "宝生寺池", "(1)ｺｰﾄﾞ番": "172050078", "(2)読み": "ほうじょうじいけ", "県名": "石川県", "市町名": "珠洲市", "住所": "三崎町高波" }, "geometry": { "type": "Point", "coordinates": [ 137.350694444444002, 37.461472222222199 ] } },
{ "type": "Feature", "properties": { "name": "太古谷内池", "(1)ｺｰﾄﾞ番": "172050079", "(2)読み": "たいこやちのいけ", "県名": "石川県", "市町名": "珠洲市", "住所": "三崎町小泊" }, "geometry": { "type": "Point", "coordinates": [ 137.356833333332986, 37.45375 ] } },
{ "type": "Feature", "properties": { "name": "長池", "(1)ｺｰﾄﾞ番": "172050080", "(2)読み": "ながいけ", "県名": "石川県", "市町名": "珠洲市", "住所": "三崎町小泊" }, "geometry": { "type": "Point", "coordinates": [ 137.349388888888996, 37.453861111111102 ] } },
{ "type": "Feature", "properties": { "name": "三枚田", "(1)ｺｰﾄﾞ番": "172050081", "(2)読み": "さんまいだ", "県名": "石川県", "市町名": "珠洲市", "住所": "三崎町小泊" }, "geometry": { "type": "Point", "coordinates": [ 137.347361111111013, 37.448333333333302 ] } },
{ "type": "Feature", "properties": { "name": "想津池", "(1)ｺｰﾄﾞ番": "172050082", "(2)読み": "そうづいけ", "県名": "石川県", "市町名": "珠洲市", "住所": "正院町川尻" }, "geometry": { "type": "Point", "coordinates": [ 137.304972222222005, 37.445638888888901 ] } },
{ "type": "Feature", "properties": { "name": "深田", "(1)ｺｰﾄﾞ番": "172050083", "(2)読み": "ふかだ", "県名": "石川県", "市町名": "珠洲市", "住所": "正院町川尻" }, "geometry": { "type": "Point", "coordinates": [ 137.306277777778007, 37.4474444444444 ] } },
{ "type": "Feature", "properties": { "name": "はざまの池", "(1)ｺｰﾄﾞ番": "172050084", "(2)読み": null, "県名": "石川県", "市町名": "珠洲市", "住所": "正院町川尻" }, "geometry": { "type": "Point", "coordinates": [ 137.308305555555989, 37.447416666666697 ] } },
{ "type": "Feature", "properties": { "name": "町返", "(1)ｺｰﾄﾞ番": "172050085", "(2)読み": "まちがえし", "県名": "石川県", "市町名": "珠洲市", "住所": "蛸島町ウの54" }, "geometry": { "type": "Point", "coordinates": [ 137.312472222221999, 37.440833333333302 ] } },
{ "type": "Feature", "properties": { "name": "松ヶ谷内池", "(1)ｺｰﾄﾞ番": "172050086", "(2)読み": "まつがやちいけ", "県名": "石川県", "市町名": "珠洲市", "住所": "正院町川尻" }, "geometry": { "type": "Point", "coordinates": [ 137.309333333333001, 37.443916666666702 ] } },
{ "type": "Feature", "properties": { "name": "西谷内池", "(1)ｺｰﾄﾞ番": "172050088", "(2)読み": "にしやちいけ", "県名": "石川県", "市町名": "珠洲市", "住所": "若山町鈴内" }, "geometry": { "type": "Point", "coordinates": [ 137.259638888888986, 37.4651944444444 ] } },
{ "type": "Feature", "properties": { "name": "神谷内", "(1)ｺｰﾄﾞ番": "172050089", "(2)読み": "かみやち", "県名": "石川県", "市町名": "珠洲市", "住所": "岩坂町" }, "geometry": { "type": "Point", "coordinates": [ 137.270277777778006, 37.458166666666699 ] } },
{ "type": "Feature", "properties": { "name": "寺地池", "(1)ｺｰﾄﾞ番": "172050090", "(2)読み": "てらじいけ", "県名": "石川県", "市町名": "珠洲市", "住所": "若山町広栗" }, "geometry": { "type": "Point", "coordinates": [ 137.26675, 37.4548611111111 ] } },
{ "type": "Feature", "properties": { "name": "池筒", "(1)ｺｰﾄﾞ番": "172050091", "(2)読み": "いけんど", "県名": "石川県", "市町名": "珠洲市", "住所": "三崎町伏見" }, "geometry": { "type": "Point", "coordinates": [ 137.355583333332987, 37.45625 ] } },
{ "type": "Feature", "properties": { "name": "４８枚田の池", "(1)ｺｰﾄﾞ番": "172050094", "(2)読み": null, "県名": "石川県", "市町名": "珠洲市", "住所": "三崎町小泊" }, "geometry": { "type": "Point", "coordinates": [ 137.349833333333009, 37.455666666666701 ] } },
{ "type": "Feature", "properties": { "name": "西の池", "(1)ｺｰﾄﾞ番": "172050095", "(2)読み": "にしのいけ", "県名": "石川県", "市町名": "珠洲市", "住所": "三崎町本" }, "geometry": { "type": "Point", "coordinates": [ 137.323722222221988, 37.461361111111103 ] } },
{ "type": "Feature", "properties": { "name": "神子田", "(1)ｺｰﾄﾞ番": "172050096", "(2)読み": "みこだ", "県名": "石川県", "市町名": "珠洲市", "住所": "若山町経念" }, "geometry": { "type": "Point", "coordinates": [ 137.248277777777986, 37.461861111111098 ] } },
{ "type": "Feature", "properties": { "name": "新田谷内", "(1)ｺｰﾄﾞ番": "172050097", "(2)読み": "しんでんやち", "県名": "石川県", "市町名": "珠洲市", "住所": "若山町経念" }, "geometry": { "type": "Point", "coordinates": [ 137.246666666667011, 37.452277777777802 ] } },
{ "type": "Feature", "properties": { "name": "奥池", "(1)ｺｰﾄﾞ番": "172050098", "(2)読み": "おくいけ", "県名": "石川県", "市町名": "珠洲市", "住所": "若山町向" }, "geometry": { "type": "Point", "coordinates": [ 137.22936111111099, 37.453416666666698 ] } },
{ "type": "Feature", "properties": { "name": "作平の池", "(1)ｺｰﾄﾞ番": "172050099", "(2)読み": "さくひらのいけ", "県名": "石川県", "市町名": "珠洲市", "住所": "若山町中" }, "geometry": { "type": "Point", "coordinates": [ 137.203166666666988, 37.456972222222198 ] } },
{ "type": "Feature", "properties": { "name": "谷内の池", "(1)ｺｰﾄﾞ番": "172050100", "(2)読み": "やちのいけ", "県名": "石川県", "市町名": "珠洲市", "住所": "若山町二子" }, "geometry": { "type": "Point", "coordinates": [ 137.1785, 37.4579444444445 ] } },
{ "type": "Feature", "properties": { "name": "小谷内の池", "(1)ｺｰﾄﾞ番": "172050101", "(2)読み": null, "県名": "石川県", "市町名": "珠洲市", "住所": "若山町中" }, "geometry": { "type": "Point", "coordinates": [ 137.203916666666998, 37.460416666666703 ] } },
{ "type": "Feature", "properties": { "name": "がら池", "(1)ｺｰﾄﾞ番": "172050102", "(2)読み": "がらいけ", "県名": "石川県", "市町名": "珠洲市", "住所": "若山町中" }, "geometry": { "type": "Point", "coordinates": [ 137.18475, 37.4558888888889 ] } },
{ "type": "Feature", "properties": { "name": "竹原池", "(1)ｺｰﾄﾞ番": "172050103", "(2)読み": null, "県名": "石川県", "市町名": "珠洲市", "住所": "若山町二子" }, "geometry": { "type": "Point", "coordinates": [ 137.166444444444011, 37.455472222222198 ] } },
{ "type": "Feature", "properties": { "name": "とうじき池", "(1)ｺｰﾄﾞ番": "172050104", "(2)読み": null, "県名": "石川県", "市町名": "珠洲市", "住所": "若山町宗末" }, "geometry": { "type": "Point", "coordinates": [ 137.176583333333014, 37.454194444444397 ] } },
{ "type": "Feature", "properties": { "name": "アマンタ", "(1)ｺｰﾄﾞ番": "172050105", "(2)読み": "あまんた", "県名": "石川県", "市町名": "珠洲市", "住所": "三崎町細屋" }, "geometry": { "type": "Point", "coordinates": [ 137.323277777778003, 37.453583333333299 ] } },
{ "type": "Feature", "properties": { "name": "碗平池", "(1)ｺｰﾄﾞ番": "172050109", "(2)読み": "わんだいらいけ", "県名": "石川県", "市町名": "珠洲市", "住所": "上戸町南方" }, "geometry": { "type": "Point", "coordinates": [ 137.199666666667014, 37.426305555555601 ] } },
{ "type": "Feature", "properties": { "name": "石尾谷内池", "(1)ｺｰﾄﾞ番": "172050111", "(2)読み": null, "県名": "石川県", "市町名": "珠洲市", "住所": "宝立町字柏原" }, "geometry": { "type": "Point", "coordinates": [ 137.213833333333014, 37.387916666666698 ] } },
{ "type": "Feature", "properties": { "name": "いばらやち池", "(1)ｺｰﾄﾞ番": "172050112", "(2)読み": null, "県名": "石川県", "市町名": "珠洲市", "住所": "宝立町字柏原" }, "geometry": { "type": "Point", "coordinates": [ 137.2115, 37.388777777777797 ] } },
{ "type": "Feature", "properties": { "name": "三ツ釜池", "(1)ｺｰﾄﾞ番": "172050113", "(2)読み": null, "県名": "石川県", "市町名": "珠洲市", "住所": "宝立町字柏原" }, "geometry": { "type": "Point", "coordinates": [ 137.209055555556006, 37.3873888888889 ] } },
{ "type": "Feature", "properties": { "name": "黒瀬の池", "(1)ｺｰﾄﾞ番": "172050114", "(2)読み": "くろせのいけ", "県名": "石川県", "市町名": "珠洲市", "住所": "宝立町字柏原" }, "geometry": { "type": "Point", "coordinates": [ 137.183333333332996, 37.395527777777801 ] } },
{ "type": "Feature", "properties": { "name": "菅沢の池", "(1)ｺｰﾄﾞ番": "172050115", "(2)読み": null, "県名": "石川県", "市町名": "珠洲市", "住所": "宝立町字柏原" }, "geometry": { "type": "Point", "coordinates": [ 137.196277777777993, 37.399027777777803 ] } },
{ "type": "Feature", "properties": { "name": "坪根大池", "(1)ｺｰﾄﾞ番": "172050116", "(2)読み": "つぼねおおいけ", "県名": "石川県", "市町名": "珠洲市", "住所": "宝立町字柏原" }, "geometry": { "type": "Point", "coordinates": [ 137.215777777777987, 37.401611111111102 ] } },
{ "type": "Feature", "properties": { "name": "干場谷池", "(1)ｺｰﾄﾞ番": "172050117", "(2)読み": null, "県名": "石川県", "市町名": "珠洲市", "住所": "宝立町字柏原" }, "geometry": { "type": "Point", "coordinates": [ 137.226972222222003, 37.400916666666703 ] } },
{ "type": "Feature", "properties": { "name": "赤坂の池", "(1)ｺｰﾄﾞ番": "172050118", "(2)読み": "あかさかのいけ", "県名": "石川県", "市町名": "珠洲市", "住所": "宝立町字春日野44字58番" }, "geometry": { "type": "Point", "coordinates": [ 137.228444444443994, 37.403222222222198 ] } },
{ "type": "Feature", "properties": { "name": "是久の池", "(1)ｺｰﾄﾞ番": "172050119", "(2)読み": "これひさのいけ", "県名": "石川県", "市町名": "珠洲市", "住所": "宝立町是久" }, "geometry": { "type": "Point", "coordinates": [ 137.185777777777986, 37.367722222222199 ] } },
{ "type": "Feature", "properties": { "name": "上の池", "(1)ｺｰﾄﾞ番": "172050120", "(2)読み": "うえのいけ", "県名": "石川県", "市町名": "珠洲市", "住所": "長橋町" }, "geometry": { "type": "Point", "coordinates": [ 137.154527777777986, 37.49325 ] } },
{ "type": "Feature", "properties": { "name": "百坂池", "(1)ｺｰﾄﾞ番": "172050121", "(2)読み": "ももさかいけ", "県名": "石川県", "市町名": "珠洲市", "住所": "真浦町" }, "geometry": { "type": "Point", "coordinates": [ 137.100527777778012, 37.474333333333298 ] } },
{ "type": "Feature", "properties": { "name": "谷仕切池", "(1)ｺｰﾄﾞ番": "172050122", "(2)読み": "たにしきりいけ", "県名": "石川県", "市町名": "珠洲市", "住所": "真浦町" }, "geometry": { "type": "Point", "coordinates": [ 137.100222222221987, 37.473333333333301 ] } },
{ "type": "Feature", "properties": { "name": "堤池", "(1)ｺｰﾄﾞ番": "172050123", "(2)読み": "つつみいけ", "県名": "石川県", "市町名": "珠洲市", "住所": "真浦町" }, "geometry": { "type": "Point", "coordinates": [ 137.103138888888992, 37.469722222222202 ] } },
{ "type": "Feature", "properties": { "name": "サルヤ池", "(1)ｺｰﾄﾞ番": "172050124", "(2)読み": "さるやいけ", "県名": "石川県", "市町名": "珠洲市", "住所": "真浦町" }, "geometry": { "type": "Point", "coordinates": [ 137.110888888889008, 37.468833333333301 ] } },
{ "type": "Feature", "properties": { "name": "大池", "(1)ｺｰﾄﾞ番": "172050128", "(2)読み": "おおいけ", "県名": "石川県", "市町名": "珠洲市", "住所": "大谷町字中尾" }, "geometry": { "type": "Point", "coordinates": [ 137.159083333333001, 37.4746666666667 ] } },
{ "type": "Feature", "properties": { "name": "中池", "(1)ｺｰﾄﾞ番": "172050129", "(2)読み": "なかいけ", "県名": "石川県", "市町名": "珠洲市", "住所": "大谷町字中尾" }, "geometry": { "type": "Point", "coordinates": [ 137.15875, 37.475888888888903 ] } },
{ "type": "Feature", "properties": { "name": "新池", "(1)ｺｰﾄﾞ番": "172050130", "(2)読み": "しんいけ", "県名": "石川県", "市町名": "珠洲市", "住所": "大谷町字中尾" }, "geometry": { "type": "Point", "coordinates": [ 137.160666666666998, 37.477166666666697 ] } },
{ "type": "Feature", "properties": { "name": "峠の池", "(1)ｺｰﾄﾞ番": "172050131", "(2)読み": "とうげのいけ", "県名": "石川県", "市町名": "珠洲市", "住所": "大谷町字中谷内" }, "geometry": { "type": "Point", "coordinates": [ 137.163694444443991, 37.475416666666703 ] } },
{ "type": "Feature", "properties": { "name": "白土ノ池", "(1)ｺｰﾄﾞ番": "172050133", "(2)読み": "しらつちのいけ", "県名": "石川県", "市町名": "珠洲市", "住所": "若山町字南山" }, "geometry": { "type": "Point", "coordinates": [ 137.174833333332998, 37.441861111111102 ] } },
{ "type": "Feature", "properties": { "name": "もう谷池", "(1)ｺｰﾄﾞ番": "172050137", "(2)読み": null, "県名": "石川県", "市町名": "珠洲市", "住所": "若山町字白滝" }, "geometry": { "type": "Point", "coordinates": [ 137.161055555556004, 37.432583333333298 ] } },
{ "type": "Feature", "properties": { "name": "うしろぐちの池", "(1)ｺｰﾄﾞ番": "172050138", "(2)読み": "うしろぐちのいけ", "県名": "石川県", "市町名": "珠洲市", "住所": "若山町字白滝" }, "geometry": { "type": "Point", "coordinates": [ 137.161055555556004, 37.432583333333298 ] } },
{ "type": "Feature", "properties": { "name": "形田の池", "(1)ｺｰﾄﾞ番": "172050139", "(2)読み": null, "県名": "石川県", "市町名": "珠洲市", "住所": "若山町字洲巻" }, "geometry": { "type": "Point", "coordinates": [ 137.156305555556003, 37.432972222222197 ] } },
{ "type": "Feature", "properties": { "name": "くるすの池", "(1)ｺｰﾄﾞ番": "172050140", "(2)読み": "くるすのいけ", "県名": "石川県", "市町名": "珠洲市", "住所": "若山町字洲巻" }, "geometry": { "type": "Point", "coordinates": [ 137.155888888888995, 37.432027777777797 ] } },
{ "type": "Feature", "properties": { "name": "向方の池", "(1)ｺｰﾄﾞ番": "172050141", "(2)読み": "むかいかたのいけ", "県名": "石川県", "市町名": "珠洲市", "住所": "若山町字洲巻" }, "geometry": { "type": "Point", "coordinates": [ 137.149111111111011, 37.4339444444444 ] } },
{ "type": "Feature", "properties": { "name": "蔵宗の池", "(1)ｺｰﾄﾞ番": "172050144", "(2)読み": null, "県名": "石川県", "市町名": "珠洲市", "住所": "若山町字北山" }, "geometry": { "type": "Point", "coordinates": [ 137.142583333332993, 37.451583333333303 ] } },
{ "type": "Feature", "properties": { "name": "前田の池", "(1)ｺｰﾄﾞ番": "172050145", "(2)読み": null, "県名": "石川県", "市町名": "珠洲市", "住所": "若山町字北山" }, "geometry": { "type": "Point", "coordinates": [ 137.139611111111009, 37.4525 ] } },
{ "type": "Feature", "properties": { "name": "前田尻の池", "(1)ｺｰﾄﾞ番": "172050146", "(2)読み": "まえだじりのいけ", "県名": "石川県", "市町名": "珠洲市", "住所": "若山町字上山" }, "geometry": { "type": "Point", "coordinates": [ 137.149361111111006, 37.448833333333297 ] } },
{ "type": "Feature", "properties": { "name": "つつみだの池", "(1)ｺｰﾄﾞ番": "172050147", "(2)読み": null, "県名": "石川県", "市町名": "珠洲市", "住所": "若山町字上山" }, "geometry": { "type": "Point", "coordinates": [ 137.159, 37.449 ] } },
{ "type": "Feature", "properties": { "name": "奥の池", "(1)ｺｰﾄﾞ番": "172050152", "(2)読み": "おくのいけ", "県名": "石川県", "市町名": "珠洲市", "住所": "若山町字二子" }, "geometry": { "type": "Point", "coordinates": [ 137.167166666666986, 37.460444444444398 ] } },
{ "type": "Feature", "properties": { "name": "はかどの池", "(1)ｺｰﾄﾞ番": "172050153", "(2)読み": "はかどのいけ", "県名": "石川県", "市町名": "珠洲市", "住所": "若山町吉ヶ池" }, "geometry": { "type": "Point", "coordinates": [ 137.166055555555999, 37.463638888888902 ] } },
{ "type": "Feature", "properties": { "name": "平池", "(1)ｺｰﾄﾞ番": "172050154", "(2)読み": "ひらいけ", "県名": "石川県", "市町名": "珠洲市", "住所": "若山町字二子9-42,44,45,46,47-1,47-2" }, "geometry": { "type": "Point", "coordinates": [ 137.170083333332997, 37.460333333333303 ] } },
{ "type": "Feature", "properties": { "name": "家の前の池", "(1)ｺｰﾄﾞ番": "172050155", "(2)読み": "いえのまえのいけ", "県名": "石川県", "市町名": "珠洲市", "住所": "若山町二子8-55" }, "geometry": { "type": "Point", "coordinates": [ 137.166416666667004, 37.460361111111098 ] } },
{ "type": "Feature", "properties": { "name": "柳層の池（甲）", "(1)ｺｰﾄﾞ番": "172050156", "(2)読み": "やなぎそうのいけ", "県名": "石川県", "市町名": "珠洲市", "住所": "若山町二子9-91-甲、乙" }, "geometry": { "type": "Point", "coordinates": [ 137.1705, 37.461694444444397 ] } },
{ "type": "Feature", "properties": { "name": "カシノ池", "(1)ｺｰﾄﾞ番": "172050157", "(2)読み": "かしのいけ", "県名": "石川県", "市町名": "珠洲市", "住所": "若山町字二子10-21" }, "geometry": { "type": "Point", "coordinates": [ 137.167833333332993, 37.4606944444444 ] } },
{ "type": "Feature", "properties": { "name": "新池", "(1)ｺｰﾄﾞ番": "172050158", "(2)読み": "しんいけ", "県名": "石川県", "市町名": "珠洲市", "住所": "若山町二子8-5" }, "geometry": { "type": "Point", "coordinates": [ 137.166833333332988, 37.461555555555599 ] } },
{ "type": "Feature", "properties": { "name": "池田の池", "(1)ｺｰﾄﾞ番": "172050160", "(2)読み": "いけだのいけ", "県名": "石川県", "市町名": "珠洲市", "住所": "若山町吉ヶ池" }, "geometry": { "type": "Point", "coordinates": [ 137.152666666666988, 37.462805555555597 ] } },
{ "type": "Feature", "properties": { "name": "わんでらの池", "(1)ｺｰﾄﾞ番": "172050161", "(2)読み": "わらでらのいけ", "県名": "石川県", "市町名": "珠洲市", "住所": "若山町字吉ヶ池" }, "geometry": { "type": "Point", "coordinates": [ 137.1485, 37.461666666666702 ] } },
{ "type": "Feature", "properties": { "name": "はちなくぼの池", "(1)ｺｰﾄﾞ番": "172050162", "(2)読み": "はちなくぼのいけ", "県名": "石川県", "市町名": "珠洲市", "住所": "若山町字吉ヶ池" }, "geometry": { "type": "Point", "coordinates": [ 137.150972222222009, 37.4618055555556 ] } },
{ "type": "Feature", "properties": { "name": "あそだの池", "(1)ｺｰﾄﾞ番": "172050163", "(2)読み": null, "県名": "石川県", "市町名": "珠洲市", "住所": "若山町字吉ヶ池" }, "geometry": { "type": "Point", "coordinates": [ 137.152138888888999, 37.4591944444444 ] } },
{ "type": "Feature", "properties": { "name": "かみやまだの池", "(1)ｺｰﾄﾞ番": "172050164", "(2)読み": "かみやまだのいけ", "県名": "石川県", "市町名": "珠洲市", "住所": "若山町北山" }, "geometry": { "type": "Point", "coordinates": [ 137.145805555555995, 37.448666666666703 ] } },
{ "type": "Feature", "properties": { "name": "木戸口高池", "(1)ｺｰﾄﾞ番": "172050165", "(2)読み": "きどぐちたかいけ", "県名": "石川県", "市町名": "珠洲市", "住所": "若山町字北山" }, "geometry": { "type": "Point", "coordinates": [ 137.132638888889005, 37.456083333333297 ] } },
{ "type": "Feature", "properties": { "name": "あわだの池", "(1)ｺｰﾄﾞ番": "172050166", "(2)読み": null, "県名": "石川県", "市町名": "珠洲市", "住所": "若山町字北山" }, "geometry": { "type": "Point", "coordinates": [ 137.142638888888996, 37.452222222222197 ] } },
{ "type": "Feature", "properties": { "name": "下池", "(1)ｺｰﾄﾞ番": "172050167", "(2)読み": "しもいけ", "県名": "石川県", "市町名": "珠洲市", "住所": "若山町字北山" }, "geometry": { "type": "Point", "coordinates": [ 137.133361111110986, 37.455972222222201 ] } },
{ "type": "Feature", "properties": { "name": "大平の池", "(1)ｺｰﾄﾞ番": "172050168", "(2)読み": "おおだいらのいけ", "県名": "石川県", "市町名": "珠洲市", "住所": "上戸町北方" }, "geometry": { "type": "Point", "coordinates": [ 137.233, 37.438027777777798 ] } },
{ "type": "Feature", "properties": { "name": "蓮池", "(1)ｺｰﾄﾞ番": "172050169", "(2)読み": "はすいけ", "県名": "石川県", "市町名": "珠洲市", "住所": "若山町宇都山" }, "geometry": { "type": "Point", "coordinates": [ 137.201916666666989, 37.477555555555597 ] } },
{ "type": "Feature", "properties": { "name": "大伏家の高の池", "(1)ｺｰﾄﾞ番": "172050170", "(2)読み": "おおぶしいえのたかのいけ", "県名": "石川県", "市町名": "珠洲市", "住所": "若山町上正力" }, "geometry": { "type": "Point", "coordinates": [ 137.17969444444401, 37.465583333333299 ] } },
{ "type": "Feature", "properties": { "name": "小山谷の池", "(1)ｺｰﾄﾞ番": "172050171", "(2)読み": "こやまたにのいけ", "県名": "石川県", "市町名": "珠洲市", "住所": "若山町字上正力" }, "geometry": { "type": "Point", "coordinates": [ 137.18, 37.4675 ] } },
{ "type": "Feature", "properties": { "name": "大伏高池", "(1)ｺｰﾄﾞ番": "172050172", "(2)読み": "おおぶしたかいけ", "県名": "石川県", "市町名": "珠洲市", "住所": "若山町字上正力" }, "geometry": { "type": "Point", "coordinates": [ 137.17969444444401, 37.465583333333299 ] } },
{ "type": "Feature", "properties": { "name": "鍛冶池", "(1)ｺｰﾄﾞ番": "172050173", "(2)読み": "かじいけ", "県名": "石川県", "市町名": "珠洲市", "住所": "若山町上正力" }, "geometry": { "type": "Point", "coordinates": [ 137.181694444443991, 37.464388888888898 ] } },
{ "type": "Feature", "properties": { "name": "やごの池", "(1)ｺｰﾄﾞ番": "172050179", "(2)読み": "やごのいけ", "県名": "石川県", "市町名": "珠洲市", "住所": "若山町経念" }, "geometry": { "type": "Point", "coordinates": [ 137.248944444443993, 37.4525 ] } },
{ "type": "Feature", "properties": { "name": "藤瀬の池", "(1)ｺｰﾄﾞ番": "172050183", "(2)読み": null, "県名": "石川県", "市町名": "珠洲市", "住所": "岩坂町" }, "geometry": { "type": "Point", "coordinates": [ 137.267361111111001, 37.461638888888899 ] } },
{ "type": "Feature", "properties": { "name": "水道水源池", "(1)ｺｰﾄﾞ番": "172050185", "(2)読み": "すいどうすいげんいけ", "県名": "石川県", "市町名": "珠洲市", "住所": "若山町字向" }, "geometry": { "type": "Point", "coordinates": [ 137.22655555555599, 37.454027777777803 ] } },
{ "type": "Feature", "properties": { "name": "寺野の池", "(1)ｺｰﾄﾞ番": "172050186", "(2)読み": null, "県名": "石川県", "市町名": "珠洲市", "住所": "若山町字内山" }, "geometry": { "type": "Point", "coordinates": [ 137.215222222221996, 37.474 ] } },
{ "type": "Feature", "properties": { "name": "かみやだの池2", "(1)ｺｰﾄﾞ番": "172050191", "(2)読み": "かみやだのいけ2", "県名": "石川県", "市町名": "珠洲市", "住所": "若山町北山" }, "geometry": { "type": "Point", "coordinates": [ 137.138944444444007, 37.454416666666702 ] } },
{ "type": "Feature", "properties": { "name": "蔵宗の池その２", "(1)ｺｰﾄﾞ番": "172050192", "(2)読み": null, "県名": "石川県", "市町名": "珠洲市", "住所": "若山町北山" }, "geometry": { "type": "Point", "coordinates": [ 137.141805555556004, 37.451722222222202 ] } },
{ "type": "Feature", "properties": { "name": "川浦ダム", "(1)ｺｰﾄﾞ番": "172050194", "(2)読み": "かわうらだむ", "県名": "石川県", "市町名": "珠洲市", "住所": "川浦町" }, "geometry": { "type": "Point", "coordinates": [ 137.292277777777997, 37.521194444444397 ] } },
{ "type": "Feature", "properties": { "name": "総造りの池", "(1)ｺｰﾄﾞ番": "172050196", "(2)読み": "そうづくりのいけ", "県名": "石川県", "市町名": "珠洲市", "住所": "折戸町木浦" }, "geometry": { "type": "Point", "coordinates": [ 137.261555555555987, 37.52475 ] } },
{ "type": "Feature", "properties": { "name": "村おろし池", "(1)ｺｰﾄﾞ番": "172050198", "(2)読み": "むらおろしいけ", "県名": "石川県", "市町名": "珠洲市", "住所": "笹波町" }, "geometry": { "type": "Point", "coordinates": [ 137.239666666667006, 37.495361111111102 ] } },
{ "type": "Feature", "properties": { "name": "親地の池（上）", "(1)ｺｰﾄﾞ番": "172050201", "(2)読み": "おやじのいけ（うえ）", "県名": "石川県", "市町名": "珠洲市", "住所": "馬緤町字鰐崎" }, "geometry": { "type": "Point", "coordinates": [ 137.221916666666999, 37.510694444444397 ] } },
{ "type": "Feature", "properties": { "name": "親地の池（下）", "(1)ｺｰﾄﾞ番": "172050202", "(2)読み": "おやじのいけ（した）", "県名": "石川県", "市町名": "珠洲市", "住所": "馬緤町字鰐崎" }, "geometry": { "type": "Point", "coordinates": [ 137.221888888888998, 37.511222222222202 ] } },
{ "type": "Feature", "properties": { "name": "みずくり池", "(1)ｺｰﾄﾞ番": "172050203", "(2)読み": "みずくりいけ", "県名": "石川県", "市町名": "珠洲市", "住所": "東山中町" }, "geometry": { "type": "Point", "coordinates": [ 137.281166666666991, 37.486083333333298 ] } },
{ "type": "Feature", "properties": { "name": "あくんだ池", "(1)ｺｰﾄﾞ番": "172050204", "(2)読み": "あくんだいけ", "県名": "石川県", "市町名": "珠洲市", "住所": "東山中町" }, "geometry": { "type": "Point", "coordinates": [ 137.288777777777995, 37.479333333333301 ] } },
{ "type": "Feature", "properties": { "name": "暴徒池", "(1)ｺｰﾄﾞ番": "172050205", "(2)読み": "ぼうといけ", "県名": "石川県", "市町名": "珠洲市", "住所": "東山中町" }, "geometry": { "type": "Point", "coordinates": [ 137.2915, 37.4786111111111 ] } },
{ "type": "Feature", "properties": { "name": "じゃら池", "(1)ｺｰﾄﾞ番": "172050206", "(2)読み": "じゃらいけ", "県名": "石川県", "市町名": "珠洲市", "住所": "三崎町杉山" }, "geometry": { "type": "Point", "coordinates": [ 137.302222222222014, 37.482583333333302 ] } },
{ "type": "Feature", "properties": { "name": "たらんこ池", "(1)ｺｰﾄﾞ番": "172050207", "(2)読み": null, "県名": "石川県", "市町名": "珠洲市", "住所": "三崎町字杉山" }, "geometry": { "type": "Point", "coordinates": [ 137.300444444443997, 37.483027777777799 ] } },
{ "type": "Feature", "properties": { "name": "飯山池", "(1)ｺｰﾄﾞ番": "172050208", "(2)読み": "いいやまいけ", "県名": "石川県", "市町名": "珠洲市", "住所": "三崎町杉山" }, "geometry": { "type": "Point", "coordinates": [ 137.300083333332992, 37.477972222222199 ] } },
{ "type": "Feature", "properties": { "name": "後田池", "(1)ｺｰﾄﾞ番": "172050209", "(2)読み": "うしろだいけ", "県名": "石川県", "市町名": "珠洲市", "住所": "正院町平床" }, "geometry": { "type": "Point", "coordinates": [ 137.307027777777989, 37.462166666666697 ] } },
{ "type": "Feature", "properties": { "name": "前池", "(1)ｺｰﾄﾞ番": "172050215", "(2)読み": null, "県名": "石川県", "市町名": "珠洲市", "住所": "三崎町字小泊" }, "geometry": { "type": "Point", "coordinates": [ 137.336861111111006, 37.457666666666697 ] } },
{ "type": "Feature", "properties": { "name": "砂後谷池", "(1)ｺｰﾄﾞ番": "172050216", "(2)読み": "すなごやいけ", "県名": "石川県", "市町名": "珠洲市", "住所": "三崎町本" }, "geometry": { "type": "Point", "coordinates": [ 137.326027777777995, 37.471805555555598 ] } },
{ "type": "Feature", "properties": { "name": "おさぶろ池", "(1)ｺｰﾄﾞ番": "172050217", "(2)読み": "おさぶろいけ", "県名": "石川県", "市町名": "珠洲市", "住所": "正院町字岡田" }, "geometry": { "type": "Point", "coordinates": [ 137.285833333332988, 37.469166666666702 ] } },
{ "type": "Feature", "properties": { "name": "源呂池", "(1)ｺｰﾄﾞ番": "172050218", "(2)読み": "げんろいけ", "県名": "石川県", "市町名": "珠洲市", "住所": "正院町飯塚" }, "geometry": { "type": "Point", "coordinates": [ 137.290027777777993, 37.474916666666701 ] } },
{ "type": "Feature", "properties": { "name": "皆口谷内の池", "(1)ｺｰﾄﾞ番": "172050219", "(2)読み": "217おさぶろ池と重複", "県名": "石川県", "市町名": "珠洲市", "住所": "正院町字岡田" }, "geometry": { "type": "Point", "coordinates": [ 137.280805555555986, 37.4651944444444 ] } },
{ "type": "Feature", "properties": { "name": "谷内の池", "(1)ｺｰﾄﾞ番": "172050220", "(2)読み": null, "県名": "石川県", "市町名": "珠洲市", "住所": "正院町字岡田" }, "geometry": { "type": "Point", "coordinates": [ 137.279333333333, 37.468555555555596 ] } },
{ "type": "Feature", "properties": { "name": "深谷の池", "(1)ｺｰﾄﾞ番": "172050221", "(2)読み": "ふかたにのいけ", "県名": "石川県", "市町名": "珠洲市", "住所": "正院町字岡田" }, "geometry": { "type": "Point", "coordinates": [ 137.273277777777992, 37.474444444444401 ] } },
{ "type": "Feature", "properties": { "name": "極道谷内の池", "(1)ｺｰﾄﾞ番": "172050222", "(2)読み": "ごうくどうやちのいけ", "県名": "石川県", "市町名": "珠洲市", "住所": "正院町字岡田" }, "geometry": { "type": "Point", "coordinates": [ 137.280472222221988, 37.471861111111103 ] } },
{ "type": "Feature", "properties": { "name": "宮田の池", "(1)ｺｰﾄﾞ番": "172050223", "(2)読み": "222ごうくどうやちのいけと重複みやたのいけ", "県名": "石川県", "市町名": "珠洲市", "住所": "正院町字岡田" }, "geometry": { "type": "Point", "coordinates": [ 137.299833333332998, 37.466638888888902 ] } },
{ "type": "Feature", "properties": { "name": "明上山の池", "(1)ｺｰﾄﾞ番": "172050224", "(2)読み": null, "県名": "石川県", "市町名": "珠洲市", "住所": "正院町字飯塚" }, "geometry": { "type": "Point", "coordinates": [ 137.29825, 37.463333333333303 ] } },
{ "type": "Feature", "properties": { "name": "焼山の池", "(1)ｺｰﾄﾞ番": "172050225", "(2)読み": "やきやまのいけ", "県名": "石川県", "市町名": "珠洲市", "住所": "正院町字飯塚" }, "geometry": { "type": "Point", "coordinates": [ 137.298972222222005, 37.4591944444444 ] } },
{ "type": "Feature", "properties": { "name": "元川池", "(1)ｺｰﾄﾞ番": "172050229", "(2)読み": "もとかわいけ", "県名": "石川県", "市町名": "珠洲市", "住所": "狼煙町" }, "geometry": { "type": "Point", "coordinates": [ 137.315972222222001, 37.513527777777803 ] } },
{ "type": "Feature", "properties": { "name": "空谷の池", "(1)ｺｰﾄﾞ番": "172050230", "(2)読み": "そらたにのいけ", "県名": "石川県", "市町名": "珠洲市", "住所": "笹波町" }, "geometry": { "type": "Point", "coordinates": [ 137.23625, 37.502027777777798 ] } },
{ "type": "Feature", "properties": { "name": "市ノ田池", "(1)ｺｰﾄﾞ番": "172050232", "(2)読み": null, "県名": "石川県", "市町名": "珠洲市", "住所": "三崎町字杉山" }, "geometry": { "type": "Point", "coordinates": [ 137.303583333332995, 37.469972222222196 ] } },
{ "type": "Feature", "properties": { "name": "末次池", "(1)ｺｰﾄﾞ番": "172050233", "(2)読み": "すえつぐいけ", "県名": "石川県", "市町名": "珠洲市", "住所": "若山町字二子７-104" }, "geometry": { "type": "Point", "coordinates": [ 137.168111111110989, 37.459222222222202 ] } },
{ "type": "Feature", "properties": { "name": "不動寺池", "(1)ｺｰﾄﾞ番": "172050234", "(2)読み": "ふどうじいけ", "県名": "石川県", "市町名": "珠洲市", "住所": "正院町字川尻" }, "geometry": { "type": "Point", "coordinates": [ 137.299361111111011, 37.451333333333302 ] } },
{ "type": "Feature", "properties": { "name": "あわら池", "(1)ｺｰﾄﾞ番": "172050235", "(2)読み": null, "県名": "石川県", "市町名": "珠洲市", "住所": "正院町字飯塚" }, "geometry": { "type": "Point", "coordinates": [ 137.296222222222013, 37.457472222222201 ] } },
{ "type": "Feature", "properties": { "name": "尾谷尻の池", "(1)ｺｰﾄﾞ番": "172050236", "(2)読み": "おやじりのいけ", "県名": "石川県", "市町名": "珠洲市", "住所": "若山町二子4-22" }, "geometry": { "type": "Point", "coordinates": [ 137.164305555556012, 37.461694444444397 ] } },
{ "type": "Feature", "properties": { "name": "納屋の高池", "(1)ｺｰﾄﾞ番": "172050237", "(2)読み": "なやのたかいけ", "県名": "石川県", "市町名": "珠洲市", "住所": "若山町字二子11-105" }, "geometry": { "type": "Point", "coordinates": [ 137.169916666667007, 37.461527777777803 ] } },
{ "type": "Feature", "properties": { "name": "一枚田の池", "(1)ｺｰﾄﾞ番": "172050238", "(2)読み": "いちまいだのいけ", "県名": "石川県", "市町名": "珠洲市", "住所": "若山町字二子" }, "geometry": { "type": "Point", "coordinates": [ 137.16975, 37.460888888888903 ] } },
{ "type": "Feature", "properties": { "name": "中谷内池", "(1)ｺｰﾄﾞ番": "172050239", "(2)読み": "なかやちいけ", "県名": "石川県", "市町名": "珠洲市", "住所": "三崎町杉山" }, "geometry": { "type": "Point", "coordinates": [ 137.303666666666999, 37.466361111111098 ] } },
{ "type": "Feature", "properties": { "name": "螢原池", "(1)ｺｰﾄﾞ番": "172050240", "(2)読み": "ほたるはらいけ", "県名": "石川県", "市町名": "珠洲市", "住所": "若山町字上黒丸" }, "geometry": { "type": "Point", "coordinates": [ 137.172666666666998, 37.453777777777802 ] } },
{ "type": "Feature", "properties": { "name": "作台の池", "(1)ｺｰﾄﾞ番": "172050241", "(2)読み": "さくだいのいけ", "県名": "石川県", "市町名": "珠洲市", "住所": "三崎町杉山" }, "geometry": { "type": "Point", "coordinates": [ 137.306027777778013, 37.4652777777778 ] } },
{ "type": "Feature", "properties": { "name": "兼重の池", "(1)ｺｰﾄﾞ番": "172050242", "(2)読み": null, "県名": "石川県", "市町名": "珠洲市", "住所": "若山町字中田" }, "geometry": { "type": "Point", "coordinates": [ 137.238361111111004, 37.451666666666704 ] } },
{ "type": "Feature", "properties": { "name": "菖蒲田池", "(1)ｺｰﾄﾞ番": "172050243", "(2)読み": null, "県名": "石川県", "市町名": "珠洲市", "住所": "若山町字延武" }, "geometry": { "type": "Point", "coordinates": [ 137.222305555556005, 37.46425 ] } },
{ "type": "Feature", "properties": { "name": "風呂手の池", "(1)ｺｰﾄﾞ番": "172050244", "(2)読み": "ふろてのいけ", "県名": "石川県", "市町名": "珠洲市", "住所": "三崎町小泊" }, "geometry": { "type": "Point", "coordinates": [ 137.350138888889006, 37.446083333333299 ] } },
{ "type": "Feature", "properties": { "name": "出竃の上の池", "(1)ｺｰﾄﾞ番": "172050245", "(2)読み": "でがまのうえのいけ", "県名": "石川県", "市町名": "珠洲市", "住所": "若山町上正力" }, "geometry": { "type": "Point", "coordinates": [ 137.180472222221994, 37.466638888888902 ] } },
{ "type": "Feature", "properties": { "name": "表の池", "(1)ｺｰﾄﾞ番": "172050246", "(2)読み": null, "県名": "石川県", "市町名": "珠洲市", "住所": "若山町字上正力" }, "geometry": { "type": "Point", "coordinates": [ 137.182777777778, 37.466583333333297 ] } },
{ "type": "Feature", "properties": { "name": "間口の池", "(1)ｺｰﾄﾞ番": "172050247", "(2)読み": null, "県名": "石川県", "市町名": "珠洲市", "住所": "若山町字上正力" }, "geometry": { "type": "Point", "coordinates": [ 137.183416666667, 37.467888888888901 ] } },
{ "type": "Feature", "properties": { "name": "脇田谷内池", "(1)ｺｰﾄﾞ番": "172050248", "(2)読み": "わきだやちいけ", "県名": "石川県", "市町名": "珠洲市", "住所": "若山町字出田" }, "geometry": { "type": "Point", "coordinates": [ 137.254444444444005, 37.445333333333302 ] } },
{ "type": "Feature", "properties": { "name": "五枚田池", "(1)ｺｰﾄﾞ番": "172050249", "(2)読み": null, "県名": "石川県", "市町名": "珠洲市", "住所": "三崎町字杉山" }, "geometry": { "type": "Point", "coordinates": [ 137.312972222221987, 37.473055555555597 ] } },
{ "type": "Feature", "properties": { "name": "四郎間谷内池", "(1)ｺｰﾄﾞ番": "172050250", "(2)読み": "しろうまやちいけ", "県名": "石川県", "市町名": "珠洲市", "住所": "三崎町粟津" }, "geometry": { "type": "Point", "coordinates": [ 137.33102777777799, 37.485861111111099 ] } },
{ "type": "Feature", "properties": { "name": "堂の前池　", "(1)ｺｰﾄﾞ番": "172050251", "(2)読み": null, "県名": "石川県", "市町名": "珠洲市", "住所": "三崎町字伏見" }, "geometry": { "type": "Point", "coordinates": [ 137.349972222221993, 37.458277777777802 ] } },
{ "type": "Feature", "properties": { "name": "谷内の新池", "(1)ｺｰﾄﾞ番": "172050253", "(2)読み": "やちのしんいけ", "県名": "石川県", "市町名": "珠洲市", "住所": "若山町鈴内" }, "geometry": { "type": "Point", "coordinates": [ 137.252694444443989, 37.4715 ] } },
{ "type": "Feature", "properties": { "name": "堤の池", "(1)ｺｰﾄﾞ番": "172050254", "(2)読み": "つつみのいけ", "県名": "石川県", "市町名": "珠洲市", "住所": "若山町鈴内" }, "geometry": { "type": "Point", "coordinates": [ 137.245277777778, 37.4726111111111 ] } },
{ "type": "Feature", "properties": { "name": "小づつみ池", "(1)ｺｰﾄﾞ番": "172050255", "(2)読み": "こづつみいけ", "県名": "石川県", "市町名": "珠洲市", "住所": "大谷町字中谷内" }, "geometry": { "type": "Point", "coordinates": [ 137.159944444443994, 37.476527777777797 ] } },
{ "type": "Feature", "properties": { "name": "向谷内池", "(1)ｺｰﾄﾞ番": "172050256", "(2)読み": "むかいやちいけ", "県名": "石川県", "市町名": "珠洲市", "住所": "三崎町杉山" }, "geometry": { "type": "Point", "coordinates": [ 137.304527777777992, 37.4721388888889 ] } },
{ "type": "Feature", "properties": { "name": "山中田池", "(1)ｺｰﾄﾞ番": "172050257", "(2)読み": "やまなかだいけ", "県名": "石川県", "市町名": "珠洲市", "住所": "三崎町字杉山" }, "geometry": { "type": "Point", "coordinates": [ 137.301916666667012, 37.470472222222199 ] } },
{ "type": "Feature", "properties": { "name": "熊溜池", "(1)ｺｰﾄﾞ番": "172060001", "(2)読み": "くまだまりいけ", "県名": "石川県", "市町名": "加賀市", "住所": "大聖寺敷地" }, "geometry": { "type": "Point", "coordinates": [ 136.328888888888997, 36.3190555555556 ] } },
{ "type": "Feature", "properties": { "name": "抓予池", "(1)ｺｰﾄﾞ番": "172060002", "(2)読み": "ひょうたんいけ", "県名": "石川県", "市町名": "加賀市", "住所": "大聖寺敷地町" }, "geometry": { "type": "Point", "coordinates": [ 136.323916666667003, 36.3185 ] } },
{ "type": "Feature", "properties": { "name": "平床大溜池", "(1)ｺｰﾄﾞ番": "172060004", "(2)読み": "ひらとこおおたまりいけ", "県名": "石川県", "市町名": "加賀市", "住所": "大聖寺平床町" }, "geometry": { "type": "Point", "coordinates": [ 136.326583333332991, 36.321305555555597 ] } },
{ "type": "Feature", "properties": { "name": "畑池", "(1)ｺｰﾄﾞ番": "172060005", "(2)読み": "はたいけ", "県名": "石川県", "市町名": "加賀市", "住所": "大聖寺畑町" }, "geometry": { "type": "Point", "coordinates": [ 136.315722222222007, 36.318055555555603 ] } },
{ "type": "Feature", "properties": { "name": "上木第1堤（前堤）", "(1)ｺｰﾄﾞ番": "172060006", "(2)読み": "うわぎだいいちつつみ（まえつつみ）", "県名": "石川県", "市町名": "加賀市", "住所": "上木町後田8番" }, "geometry": { "type": "Point", "coordinates": [ 136.282305555556007, 36.306888888888899 ] } },
{ "type": "Feature", "properties": { "name": "上木第2堤（奥堤）", "(1)ｺｰﾄﾞ番": "172060007", "(2)読み": "うわぎだいにつつみ（おくつつみ）", "県名": "石川県", "市町名": "加賀市", "住所": "上木町奥苗代43番甲" }, "geometry": { "type": "Point", "coordinates": [ 136.28305555555599, 36.308333333333302 ] } },
{ "type": "Feature", "properties": { "name": "鎌谷池", "(1)ｺｰﾄﾞ番": "172060009", "(2)読み": "かまたにいけ", "県名": "石川県", "市町名": "加賀市", "住所": "三木町" }, "geometry": { "type": "Point", "coordinates": [ 136.293055555556009, 36.295 ] } },
{ "type": "Feature", "properties": { "name": "中谷池", "(1)ｺｰﾄﾞ番": "172060010", "(2)読み": "なかたにいけ", "県名": "石川県", "市町名": "加賀市", "住所": "永井町" }, "geometry": { "type": "Point", "coordinates": [ 136.266888888889014, 36.286722222222203 ] } },
{ "type": "Feature", "properties": { "name": "小城谷池", "(1)ｺｰﾄﾞ番": "172060012", "(2)読み": "こじょうたにいけ", "県名": "石川県", "市町名": "加賀市", "住所": "永井町" }, "geometry": { "type": "Point", "coordinates": [ 136.262222222221993, 36.286111111111097 ] } },
{ "type": "Feature", "properties": { "name": "馬床池", "(1)ｺｰﾄﾞ番": "172060013", "(2)読み": "うまどこいけ", "県名": "石川県", "市町名": "加賀市", "住所": "河南町" }, "geometry": { "type": "Point", "coordinates": [ 136.346361111111008, 36.273611111111101 ] } },
{ "type": "Feature", "properties": { "name": "高山池", "(1)ｺｰﾄﾞ番": "172060014", "(2)読み": "たかやまいけ", "県名": "石川県", "市町名": "加賀市", "住所": "河南町ロ27乙" }, "geometry": { "type": "Point", "coordinates": [ 136.35275, 36.277055555555599 ] } },
{ "type": "Feature", "properties": { "name": "南谷池", "(1)ｺｰﾄﾞ番": "172060015", "(2)読み": "みなみたにいけ（みながちいけ）", "県名": "石川県", "市町名": "加賀市", "住所": "三木町" }, "geometry": { "type": "Point", "coordinates": [ 136.288333333332986, 36.289166666666702 ] } },
{ "type": "Feature", "properties": { "name": "おぞ池", "(1)ｺｰﾄﾞ番": "172060016", "(2)読み": "おぞいけ", "県名": "石川県", "市町名": "加賀市", "住所": "三木町" }, "geometry": { "type": "Point", "coordinates": [ 136.285555555555987, 36.289472222222201 ] } },
{ "type": "Feature", "properties": { "name": "象田池", "(1)ｺｰﾄﾞ番": "172060017", "(2)読み": "ぞうたいけ（ぞうでんいけ）", "県名": "石川県", "市町名": "加賀市", "住所": "三木町" }, "geometry": { "type": "Point", "coordinates": [ 136.290277777777987, 36.295 ] } },
{ "type": "Feature", "properties": { "name": "堤谷池", "(1)ｺｰﾄﾞ番": "172060018", "(2)読み": "つつみだにいけ", "県名": "石川県", "市町名": "加賀市", "住所": "三木町" }, "geometry": { "type": "Point", "coordinates": [ 136.288333333332986, 36.296111111111102 ] } },
{ "type": "Feature", "properties": { "name": "奥の谷池", "(1)ｺｰﾄﾞ番": "172060019", "(2)読み": "おくのたにいけ", "県名": "石川県", "市町名": "加賀市", "住所": "三木町" }, "geometry": { "type": "Point", "coordinates": [ 136.2875, 36.298055555555599 ] } },
{ "type": "Feature", "properties": { "name": "長尾池", "(1)ｺｰﾄﾞ番": "172060020", "(2)読み": "ながおいけ", "県名": "石川県", "市町名": "加賀市", "住所": "奥谷町" }, "geometry": { "type": "Point", "coordinates": [ 136.278888888889014, 36.266944444444398 ] } },
{ "type": "Feature", "properties": { "name": "だんだ池", "(1)ｺｰﾄﾞ番": "172060021", "(2)読み": "だんだいけ", "県名": "石川県", "市町名": "加賀市", "住所": "奥谷町" }, "geometry": { "type": "Point", "coordinates": [ 136.267777777778008, 36.2675 ] } },
{ "type": "Feature", "properties": { "name": "南谷池", "(1)ｺｰﾄﾞ番": "172060022", "(2)読み": "みなみたにいけ", "県名": "石川県", "市町名": "加賀市", "住所": "熊坂町" }, "geometry": { "type": "Point", "coordinates": [ 136.288333333332986, 36.269444444444403 ] } },
{ "type": "Feature", "properties": { "name": "がま谷池", "(1)ｺｰﾄﾞ番": "172060023", "(2)読み": null, "県名": "石川県", "市町名": "加賀市", "住所": "熊坂町" }, "geometry": { "type": "Point", "coordinates": [ 136.287722222221987, 36.26425 ] } },
{ "type": "Feature", "properties": { "name": "にごり堤", "(1)ｺｰﾄﾞ番": "172060024", "(2)読み": "にごりつつみ", "県名": "石川県", "市町名": "加賀市", "住所": "細坪町" }, "geometry": { "type": "Point", "coordinates": [ 136.308444444444007, 36.283861111111101 ] } },
{ "type": "Feature", "properties": { "name": "笹尾堤", "(1)ｺｰﾄﾞ番": "172060025", "(2)読み": "ささおつつみ", "県名": "石川県", "市町名": "加賀市", "住所": "細坪町り1番甲" }, "geometry": { "type": "Point", "coordinates": [ 136.313416666666996, 36.294166666666698 ] } },
{ "type": "Feature", "properties": { "name": "鴨池", "(1)ｺｰﾄﾞ番": "172060028", "(2)読み": "かもいけ", "県名": "石川県", "市町名": "加賀市", "住所": "片野町" }, "geometry": { "type": "Point", "coordinates": [ 136.289194444444007, 36.322694444444501 ] } },
{ "type": "Feature", "properties": { "name": "新保長堤", "(1)ｺｰﾄﾞ番": "172060030", "(2)読み": "しんぼちょうつつみ", "県名": "石川県", "市町名": "加賀市", "住所": "黒崎町" }, "geometry": { "type": "Point", "coordinates": [ 136.303611111110996, 36.328333333333298 ] } },
{ "type": "Feature", "properties": { "name": "新開堤", "(1)ｺｰﾄﾞ番": "172060031", "(2)読み": "しんかいつつみ", "県名": "石川県", "市町名": "加賀市", "住所": "黒崎町" }, "geometry": { "type": "Point", "coordinates": [ 136.304444444443988, 36.330277777777802 ] } },
{ "type": "Feature", "properties": { "name": "吉野木堤", "(1)ｺｰﾄﾞ番": "172060032", "(2)読み": "よしのきつつみ", "県名": "石川県", "市町名": "加賀市", "住所": "黒崎町" }, "geometry": { "type": "Point", "coordinates": [ 136.305833333332998, 36.3325 ] } },
{ "type": "Feature", "properties": { "name": "深田新堤", "(1)ｺｰﾄﾞ番": "172060033", "(2)読み": "ふかだしんつつみ", "県名": "石川県", "市町名": "加賀市", "住所": "深田町ワ17番地～ワ38番地、ワ47番地、ワ49番地" }, "geometry": { "type": "Point", "coordinates": [ 136.308055555555995, 36.335833333333298 ] } },
{ "type": "Feature", "properties": { "name": "池田堤", "(1)ｺｰﾄﾞ番": "172060034", "(2)読み": "いけだつつみ", "県名": "石川県", "市町名": "加賀市", "住所": "深田町ロ76番地" }, "geometry": { "type": "Point", "coordinates": [ 136.308888888888987, 36.339777777777797 ] } },
{ "type": "Feature", "properties": { "name": "じゃく堤", "(1)ｺｰﾄﾞ番": "172060035", "(2)読み": "じゃくつつみ", "県名": "石川県", "市町名": "加賀市", "住所": "深田町カ52番地1、カ53番地からカ65番地" }, "geometry": { "type": "Point", "coordinates": [ 136.308611111110991, 36.3333333333333 ] } },
{ "type": "Feature", "properties": { "name": "枯松堤", "(1)ｺｰﾄﾞ番": "172060036", "(2)読み": "かれまつつつみ", "県名": "石川県", "市町名": "加賀市", "住所": "深田町ホ43番地乙10" }, "geometry": { "type": "Point", "coordinates": [ 136.307777777778, 36.338333333333303 ] } },
{ "type": "Feature", "properties": { "name": "ヤドマラ", "(1)ｺｰﾄﾞ番": "172060037", "(2)読み": "やどまら", "県名": "石川県", "市町名": "加賀市", "住所": "深田町ヲ143番地" }, "geometry": { "type": "Point", "coordinates": [ 136.3075, 36.336388888888898 ] } },
{ "type": "Feature", "properties": { "name": "クロベ池", "(1)ｺｰﾄﾞ番": "172060038", "(2)読み": "くろべいけ", "県名": "石川県", "市町名": "加賀市", "住所": "宮町ソ9-1" }, "geometry": { "type": "Point", "coordinates": [ 136.308972222221996, 36.327444444444403 ] } },
{ "type": "Feature", "properties": { "name": "長尾池", "(1)ｺｰﾄﾞ番": "172060039", "(2)読み": "ながおいけ", "県名": "石川県", "市町名": "加賀市", "住所": "宮町ソ3-1" }, "geometry": { "type": "Point", "coordinates": [ 136.310888888888996, 36.330388888888898 ] } },
{ "type": "Feature", "properties": { "name": "牛ヶ谷堤", "(1)ｺｰﾄﾞ番": "172060040", "(2)読み": "うしがたにつつみ", "県名": "石川県", "市町名": "加賀市", "住所": "宮町ソ5乙" }, "geometry": { "type": "Point", "coordinates": [ 136.309722222222007, 36.330833333333302 ] } },
{ "type": "Feature", "properties": { "name": "新川A池", "(1)ｺｰﾄﾞ番": "172060042", "(2)読み": "しんかわえーいけ", "県名": "石川県", "市町名": "加賀市", "住所": "高尾町" }, "geometry": { "type": "Point", "coordinates": [ 136.322777777777986, 36.330111111111101 ] } },
{ "type": "Feature", "properties": { "name": "新川B池", "(1)ｺｰﾄﾞ番": "172060043", "(2)読み": "しんかわびーいけ", "県名": "石川県", "市町名": "加賀市", "住所": "高尾町" }, "geometry": { "type": "Point", "coordinates": [ 136.322611111111001, 36.327861111111098 ] } },
{ "type": "Feature", "properties": { "name": "すが谷池", "(1)ｺｰﾄﾞ番": "172060044", "(2)読み": "すがたにいけ", "県名": "石川県", "市町名": "加賀市", "住所": "高尾町" }, "geometry": { "type": "Point", "coordinates": [ 136.325777777778001, 36.334388888888903 ] } },
{ "type": "Feature", "properties": { "name": "下福田溜池", "(1)ｺｰﾄﾞ番": "172060046", "(2)読み": "しもふくだためいけ", "県名": "石川県", "市町名": "加賀市", "住所": "下福田町" }, "geometry": { "type": "Point", "coordinates": [ 136.296388888888998, 36.32 ] } },
{ "type": "Feature", "properties": { "name": "作見新堤", "(1)ｺｰﾄﾞ番": "172060048", "(2)読み": "さくみしんつつみ", "県名": "石川県", "市町名": "加賀市", "住所": "作見町" }, "geometry": { "type": "Point", "coordinates": [ 136.353388888888986, 36.326416666666702 ] } },
{ "type": "Feature", "properties": { "name": "鞍ヶ池", "(1)ｺｰﾄﾞ番": "172060049", "(2)読み": "くらがいけ", "県名": "石川県", "市町名": "加賀市", "住所": "小塩辻町" }, "geometry": { "type": "Point", "coordinates": [ 136.338611111110993, 36.336166666666699 ] } },
{ "type": "Feature", "properties": { "name": "中尾谷新堤", "(1)ｺｰﾄﾞ番": "172060050", "(2)読み": "なかおだにしんつつみ", "県名": "石川県", "市町名": "加賀市", "住所": "小塩辻町" }, "geometry": { "type": "Point", "coordinates": [ 136.331555555556008, 36.3342777777778 ] } },
{ "type": "Feature", "properties": { "name": "堅田池", "(1)ｺｰﾄﾞ番": "172060053", "(2)読み": "かただいけ", "県名": "石川県", "市町名": "加賀市", "住所": "小塩辻町" }, "geometry": { "type": "Point", "coordinates": [ 136.332722222222003, 36.33725 ] } },
{ "type": "Feature", "properties": { "name": "亀ヶ池", "(1)ｺｰﾄﾞ番": "172060054", "(2)読み": "かめがいけ", "県名": "石川県", "市町名": "加賀市", "住所": "小塩辻町" }, "geometry": { "type": "Point", "coordinates": [ 136.334361111111008, 36.336833333333303 ] } },
{ "type": "Feature", "properties": { "name": "久保山池", "(1)ｺｰﾄﾞ番": "172060055", "(2)読み": "くぼやまいけ", "県名": "石川県", "市町名": "加賀市", "住所": "美岬町" }, "geometry": { "type": "Point", "coordinates": [ 136.324333333332987, 36.347805555555603 ] } },
{ "type": "Feature", "properties": { "name": "藤五郎池", "(1)ｺｰﾄﾞ番": "172060056", "(2)読み": "とうごろういけ", "県名": "石川県", "市町名": "加賀市", "住所": "野田町" }, "geometry": { "type": "Point", "coordinates": [ 136.340916666666999, 36.336972222222201 ] } },
{ "type": "Feature", "properties": { "name": "太四郎川堤", "(1)ｺｰﾄﾞ番": "172060057", "(2)読み": "たしろうがわつつみ", "県名": "石川県", "市町名": "加賀市", "住所": "宮地町" }, "geometry": { "type": "Point", "coordinates": [ 136.338527777778012, 36.34525 ] } },
{ "type": "Feature", "properties": { "name": "宮地新池", "(1)ｺｰﾄﾞ番": "172060059", "(2)読み": "みやじしんいけ", "県名": "石川県", "市町名": "加賀市", "住所": "宮地町" }, "geometry": { "type": "Point", "coordinates": [ 136.338, 36.3447777777778 ] } },
{ "type": "Feature", "properties": { "name": "藤四郎池", "(1)ｺｰﾄﾞ番": "172060060", "(2)読み": "とうしろういけ", "県名": "石川県", "市町名": "加賀市", "住所": "野田町" }, "geometry": { "type": "Point", "coordinates": [ 136.340583333333001, 36.338027777777803 ] } },
{ "type": "Feature", "properties": { "name": "上野堤甲", "(1)ｺｰﾄﾞ番": "172060061", "(2)読み": "うえのつつみこう", "県名": "石川県", "市町名": "加賀市", "住所": "野田町" }, "geometry": { "type": "Point", "coordinates": [ 136.343833333333009, 36.347638888888902 ] } },
{ "type": "Feature", "properties": { "name": "上野堤乙", "(1)ｺｰﾄﾞ番": "172060062", "(2)読み": "うえのつつみおつ", "県名": "石川県", "市町名": "加賀市", "住所": "野田町" }, "geometry": { "type": "Point", "coordinates": [ 136.344833333333014, 36.3486388888889 ] } },
{ "type": "Feature", "properties": { "name": "潮津大堤", "(1)ｺｰﾄﾞ番": "172060063", "(2)読み": "うしおづおおいけ", "県名": "石川県", "市町名": "加賀市", "住所": "潮津町" }, "geometry": { "type": "Point", "coordinates": [ 136.34647222222199, 36.346944444444397 ] } },
{ "type": "Feature", "properties": { "name": "真如堤", "(1)ｺｰﾄﾞ番": "172060064", "(2)読み": "にんにょつつみ", "県名": "石川県", "市町名": "加賀市", "住所": "潮津町" }, "geometry": { "type": "Point", "coordinates": [ 136.348111111110995, 36.3475 ] } },
{ "type": "Feature", "properties": { "name": "杉谷堤", "(1)ｺｰﾄﾞ番": "172060065", "(2)読み": "すぎたにつつみ", "県名": "石川県", "市町名": "加賀市", "住所": "潮津町" }, "geometry": { "type": "Point", "coordinates": [ 136.352611111111003, 36.346694444444402 ] } },
{ "type": "Feature", "properties": { "name": "琵琶ヶ池", "(1)ｺｰﾄﾞ番": "172060067", "(2)読み": "びわがいけ", "県名": "石川県", "市町名": "加賀市", "住所": "潮津町" }, "geometry": { "type": "Point", "coordinates": [ 136.347694444443988, 36.338555555555601 ] } },
{ "type": "Feature", "properties": { "name": "第1千日池（善日池）", "(1)ｺｰﾄﾞ番": "172060068", "(2)読み": "だいいちせんにちいけ（ぜんにちいけ）", "県名": "石川県", "市町名": "加賀市", "住所": "塩浜町そ51" }, "geometry": { "type": "Point", "coordinates": [ 136.331611111110988, 36.3446944444444 ] } },
{ "type": "Feature", "properties": { "name": "第2千日池（善日池）", "(1)ｺｰﾄﾞ番": "172060069", "(2)読み": "だいにせんにちいけ（ぜんにちいけ）", "県名": "石川県", "市町名": "加賀市", "住所": "塩浜町そ48" }, "geometry": { "type": "Point", "coordinates": [ 136.331527777778007, 36.343138888888902 ] } },
{ "type": "Feature", "properties": { "name": "第3千日池（善日池）", "(1)ｺｰﾄﾞ番": "172060070", "(2)読み": "だいさんせんにちいけ（善日池）", "県名": "石川県", "市町名": "加賀市", "住所": "塩浜町そ49" }, "geometry": { "type": "Point", "coordinates": [ 136.331638888888989, 36.344111111111097 ] } },
{ "type": "Feature", "properties": { "name": "第4千日池（善日池）", "(1)ｺｰﾄﾞ番": "172060071", "(2)読み": "だいよんせんにちいけ（せんにちいけ）", "県名": "石川県", "市町名": "加賀市", "住所": "塩浜町" }, "geometry": { "type": "Point", "coordinates": [ 136.331333333332992, 36.344611111111099 ] } },
{ "type": "Feature", "properties": { "name": "シンニエ池（新入池）", "(1)ｺｰﾄﾞ番": "172060072", "(2)読み": "しんにえいけ（しんにゅういけ）", "県名": "石川県", "市町名": "加賀市", "住所": "塩浜町つ7" }, "geometry": { "type": "Point", "coordinates": [ 136.330888888889007, 36.345972222222201 ] } },
{ "type": "Feature", "properties": { "name": "野々谷池", "(1)ｺｰﾄﾞ番": "172060073", "(2)読み": "ののがたにいけ", "県名": "石川県", "市町名": "加賀市", "住所": "小松市佐美町葵1,2,3番" }, "geometry": { "type": "Point", "coordinates": [ 136.380583333332993, 36.368888888888897 ] } },
{ "type": "Feature", "properties": { "name": "法ヶ谷", "(1)ｺｰﾄﾞ番": "172060074", "(2)読み": "ほうがいけ", "県名": "石川県", "市町名": "加賀市", "住所": "大聖寺敷地" }, "geometry": { "type": "Point", "coordinates": [ 136.329638888889008, 36.318388888888897 ] } },
{ "type": "Feature", "properties": { "name": "岡口堤", "(1)ｺｰﾄﾞ番": "172060076", "(2)読み": "おかぐちつつみ", "県名": "石川県", "市町名": "加賀市", "住所": "山代町" }, "geometry": { "type": "Point", "coordinates": [ 136.367916666667014, 36.288166666666697 ] } },
{ "type": "Feature", "properties": { "name": "穂地堤", "(1)ｺｰﾄﾞ番": "172060077", "(2)読み": null, "県名": "石川県", "市町名": "加賀市", "住所": "山代町8の3番乙、8の3番丙" }, "geometry": { "type": "Point", "coordinates": [ 136.361722222221999, 36.284 ] } },
{ "type": "Feature", "properties": { "name": "穂地上堤", "(1)ｺｰﾄﾞ番": "172060078", "(2)読み": null, "県名": "石川県", "市町名": "加賀市", "住所": "山代温泉" }, "geometry": { "type": "Point", "coordinates": [ 136.36247222222201, 36.283416666666703 ] } },
{ "type": "Feature", "properties": { "name": "赤穂下堤", "(1)ｺｰﾄﾞ番": "172060079", "(2)読み": "あかほしたつつみ", "県名": "石川県", "市町名": "加賀市", "住所": "山代温泉" }, "geometry": { "type": "Point", "coordinates": [ 136.360472222222, 36.279055555555601 ] } },
{ "type": "Feature", "properties": { "name": "赤穂池堤", "(1)ｺｰﾄﾞ番": "172060080", "(2)読み": "あかほいけつつみ", "県名": "石川県", "市町名": "加賀市", "住所": "山代温泉" }, "geometry": { "type": "Point", "coordinates": [ 136.361166666667003, 36.278944444444399 ] } },
{ "type": "Feature", "properties": { "name": "赤穂新池堤", "(1)ｺｰﾄﾞ番": "172060081", "(2)読み": "あかほしんいけつつみ", "県名": "石川県", "市町名": "加賀市", "住所": "山代温泉" }, "geometry": { "type": "Point", "coordinates": [ 136.412666666667008, 36.278972222222201 ] } },
{ "type": "Feature", "properties": { "name": "滝谷堤", "(1)ｺｰﾄﾞ番": "172060082", "(2)読み": "たきたにつつみ", "県名": "石川県", "市町名": "加賀市", "住所": "山代温泉" }, "geometry": { "type": "Point", "coordinates": [ 136.363944444444002, 36.276555555555603 ] } },
{ "type": "Feature", "properties": { "name": "池の谷池口", "(1)ｺｰﾄﾞ番": "172060086", "(2)読み": "いけのたにいけぐち", "県名": "石川県", "市町名": "加賀市", "住所": "上野町" }, "geometry": { "type": "Point", "coordinates": [ 136.379472222222006, 36.2907222222222 ] } },
{ "type": "Feature", "properties": { "name": "池の谷池中", "(1)ｺｰﾄﾞ番": "172060087", "(2)読み": "いけのたにいけなか", "県名": "石川県", "市町名": "加賀市", "住所": "上野町" }, "geometry": { "type": "Point", "coordinates": [ 136.378638888888986, 36.289527777777799 ] } },
{ "type": "Feature", "properties": { "name": "池の谷池奥", "(1)ｺｰﾄﾞ番": "172060088", "(2)読み": "いけのたにいけおく", "県名": "石川県", "市町名": "加賀市", "住所": "上野町" }, "geometry": { "type": "Point", "coordinates": [ 136.378444444444, 36.288944444444397 ] } },
{ "type": "Feature", "properties": { "name": "瓶焼堤", "(1)ｺｰﾄﾞ番": "172060089", "(2)読み": "びんやきつつみ", "県名": "石川県", "市町名": "加賀市", "住所": "冨塚町" }, "geometry": { "type": "Point", "coordinates": [ 136.357583333332997, 36.327638888888899 ] } },
{ "type": "Feature", "properties": { "name": "冷下堤", "(1)ｺｰﾄﾞ番": "172060090", "(2)読み": "れいげつつみ", "県名": "石川県", "市町名": "加賀市", "住所": "冨塚町" }, "geometry": { "type": "Point", "coordinates": [ 136.357916666666995, 36.327 ] } },
{ "type": "Feature", "properties": { "name": "蒲堤", "(1)ｺｰﾄﾞ番": "172060092", "(2)読み": "がまつつみ", "県名": "石川県", "市町名": "加賀市", "住所": "小菅波町" }, "geometry": { "type": "Point", "coordinates": [ 136.3475, 36.32375 ] } },
{ "type": "Feature", "properties": { "name": "小菅波大堤", "(1)ｺｰﾄﾞ番": "172060093", "(2)読み": "こすがなみおおつつみ", "県名": "石川県", "市町名": "加賀市", "住所": "小菅波町" }, "geometry": { "type": "Point", "coordinates": [ 136.34875, 36.322583333333299 ] } },
{ "type": "Feature", "properties": { "name": "大菅波大堤", "(1)ｺｰﾄﾞ番": "172060094", "(2)読み": "おおすがなみおおつつみ", "県名": "石川県", "市町名": "加賀市", "住所": "大菅波町" }, "geometry": { "type": "Point", "coordinates": [ 136.342722222221994, 36.32375 ] } },
{ "type": "Feature", "properties": { "name": "東堤", "(1)ｺｰﾄﾞ番": "172060095", "(2)読み": "ひがしつつみ", "県名": "石川県", "市町名": "加賀市", "住所": "富塚町" }, "geometry": { "type": "Point", "coordinates": [ 136.365305555556006, 36.32975 ] } },
{ "type": "Feature", "properties": { "name": "二ﾂ屋大堤池", "(1)ｺｰﾄﾞ番": "172060097", "(2)読み": "ふたつやおおつつみいけ", "県名": "石川県", "市町名": "加賀市", "住所": "二ッ屋町" }, "geometry": { "type": "Point", "coordinates": [ 136.382888888888999, 36.29025 ] } },
{ "type": "Feature", "properties": { "name": "長尾山堤1号", "(1)ｺｰﾄﾞ番": "172060098", "(2)読み": "ながおやまつつみいちごう", "県名": "石川県", "市町名": "加賀市", "住所": "二ッ屋町" }, "geometry": { "type": "Point", "coordinates": [ 136.381388888889006, 36.2897777777778 ] } },
{ "type": "Feature", "properties": { "name": "長尾山堤2号", "(1)ｺｰﾄﾞ番": "172060099", "(2)読み": "ながおやまつつみにごう", "県名": "石川県", "市町名": "加賀市", "住所": "二ッ屋町" }, "geometry": { "type": "Point", "coordinates": [ 136.381472222221987, 36.288944444444397 ] } },
{ "type": "Feature", "properties": { "name": "分校大堤", "(1)ｺｰﾄﾞ番": "172060102", "(2)読み": "ぶんぎょうおおつつみ", "県名": "石川県", "市町名": "加賀市", "住所": "分校町子の2番地" }, "geometry": { "type": "Point", "coordinates": [ 136.39627777777801, 36.317416666666702 ] } },
{ "type": "Feature", "properties": { "name": "森堤", "(1)ｺｰﾄﾞ番": "172060103", "(2)読み": "もりつつみ", "県名": "石川県", "市町名": "加賀市", "住所": "森町" }, "geometry": { "type": "Point", "coordinates": [ 136.385194444444011, 36.299305555555598 ] } },
{ "type": "Feature", "properties": { "name": "三谷池(三谷堤)", "(1)ｺｰﾄﾞ番": "172060104", "(2)読み": "みたにいけ（みたにつつみ）", "県名": "石川県", "市町名": "加賀市", "住所": "宇谷町" }, "geometry": { "type": "Point", "coordinates": [ 136.399416666667008, 36.295388888888901 ] } },
{ "type": "Feature", "properties": { "name": "山中堤", "(1)ｺｰﾄﾞ番": "172060105", "(2)読み": "やまなかつつみ", "県名": "石川県", "市町名": "加賀市", "住所": "宇谷町" }, "geometry": { "type": "Point", "coordinates": [ 136.399444444443986, 36.295277777777798 ] } },
{ "type": "Feature", "properties": { "name": "南谷池", "(1)ｺｰﾄﾞ番": "172060106", "(2)読み": "みなみたにいけ", "県名": "石川県", "市町名": "加賀市", "住所": "宇谷町" }, "geometry": { "type": "Point", "coordinates": [ 136.407722222221992, 36.2941111111111 ] } },
{ "type": "Feature", "properties": { "name": "南谷池2号", "(1)ｺｰﾄﾞ番": "172060107", "(2)読み": "みなみたにいけにごう", "県名": "石川県", "市町名": "加賀市", "住所": "宇谷町" }, "geometry": { "type": "Point", "coordinates": [ 136.408444444444001, 36.293611111111098 ] } },
{ "type": "Feature", "properties": { "name": "大谷1号（三ツ堤池）", "(1)ｺｰﾄﾞ番": "172060108", "(2)読み": "おおたにいちごう（みつつつみいけ）", "県名": "石川県", "市町名": "加賀市", "住所": "宇谷町" }, "geometry": { "type": "Point", "coordinates": [ 136.407861111111004, 36.29275 ] } },
{ "type": "Feature", "properties": { "name": "赤坂堤", "(1)ｺｰﾄﾞ番": "172060114", "(2)読み": "あかさかつつみ", "県名": "石川県", "市町名": "加賀市", "住所": "大聖寺敷地町" }, "geometry": { "type": "Point", "coordinates": [ 136.323833333332999, 36.319 ] } },
{ "type": "Feature", "properties": { "name": "荒谷堤", "(1)ｺｰﾄﾞ番": "172060115", "(2)読み": "あらたにつつみ", "県名": "石川県", "市町名": "加賀市", "住所": "大聖寺敷地町" }, "geometry": { "type": "Point", "coordinates": [ 136.328194444443994, 36.321555555555598 ] } },
{ "type": "Feature", "properties": { "name": "別福田池", "(1)ｺｰﾄﾞ番": "172060116", "(2)読み": "べつふくだいけ", "県名": "石川県", "市町名": "加賀市", "住所": "大聖寺岡町" }, "geometry": { "type": "Point", "coordinates": [ 136.319388888888994, 36.31575 ] } },
{ "type": "Feature", "properties": { "name": "岡大溜池", "(1)ｺｰﾄﾞ番": "172060117", "(2)読み": "おかおおためいけ", "県名": "石川県", "市町名": "加賀市", "住所": "大聖寺岡町" }, "geometry": { "type": "Point", "coordinates": [ 136.319944444443991, 36.315055555555602 ] } },
{ "type": "Feature", "properties": { "name": "新溜池", "(1)ｺｰﾄﾞ番": "172060118", "(2)読み": "しんためいけ", "県名": "石川県", "市町名": "加賀市", "住所": "大聖寺岡町" }, "geometry": { "type": "Point", "coordinates": [ 136.320638888888993, 36.315305555555597 ] } },
{ "type": "Feature", "properties": { "name": "骨ヶ谷堤", "(1)ｺｰﾄﾞ番": "172060119", "(2)読み": "ほねがたにつつみ", "県名": "石川県", "市町名": "加賀市", "住所": "大聖寺萩生町" }, "geometry": { "type": "Point", "coordinates": [ 136.302305555555989, 36.307222222222201 ] } },
{ "type": "Feature", "properties": { "name": "鎌谷1号", "(1)ｺｰﾄﾞ番": "172060120", "(2)読み": "かまたにいちごう", "県名": "石川県", "市町名": "加賀市", "住所": "大聖寺萩生町" }, "geometry": { "type": "Point", "coordinates": [ 136.297722222222006, 36.3085 ] } },
{ "type": "Feature", "properties": { "name": "鎌谷２号", "(1)ｺｰﾄﾞ番": "172060121", "(2)読み": "かまたに２ごう", "県名": "石川県", "市町名": "加賀市", "住所": "大聖寺荻生町" }, "geometry": { "type": "Point", "coordinates": [ 136.29775, 36.308138888888898 ] } },
{ "type": "Feature", "properties": { "name": "萩生大堤", "(1)ｺｰﾄﾞ番": "172060123", "(2)読み": "はぎゅうおおつつみ", "県名": "石川県", "市町名": "加賀市", "住所": "大聖寺萩生町" }, "geometry": { "type": "Point", "coordinates": [ 136.300638888889011, 36.307333333333297 ] } },
{ "type": "Feature", "properties": { "name": "砂堤", "(1)ｺｰﾄﾞ番": "172060124", "(2)読み": "すなつつみ", "県名": "石川県", "市町名": "加賀市", "住所": "大聖寺萩生町" }, "geometry": { "type": "Point", "coordinates": [ 136.305, 36.309555555555598 ] } },
{ "type": "Feature", "properties": { "name": "水割谷堤", "(1)ｺｰﾄﾞ番": "172060128", "(2)読み": "みずわりたにつつみ", "県名": "石川県", "市町名": "加賀市", "住所": "荒木町" }, "geometry": { "type": "Point", "coordinates": [ 136.34175, 36.281305555555598 ] } },
{ "type": "Feature", "properties": { "name": "ヨキ取堤", "(1)ｺｰﾄﾞ番": "172060129", "(2)読み": "よきとりつつみ", "県名": "石川県", "市町名": "加賀市", "住所": "黒瀬町" }, "geometry": { "type": "Point", "coordinates": [ 136.340055555556006, 36.288083333333297 ] } },
{ "type": "Feature", "properties": { "name": "熊坂すが谷堤", "(1)ｺｰﾄﾞ番": "172060136", "(2)読み": "くまさかすがたにつつみ", "県名": "石川県", "市町名": "加賀市", "住所": "熊坂町" }, "geometry": { "type": "Point", "coordinates": [ 136.302166666667006, 36.2986111111111 ] } },
{ "type": "Feature", "properties": { "name": "吉谷堤", "(1)ｺｰﾄﾞ番": "172060137", "(2)読み": "よしたにつつみ", "県名": "石川県", "市町名": "加賀市", "住所": "熊坂町" }, "geometry": { "type": "Point", "coordinates": [ 136.306666666667013, 36.289444444444399 ] } },
{ "type": "Feature", "properties": { "name": "かまたや谷", "(1)ｺｰﾄﾞ番": "172060138", "(2)読み": null, "県名": "石川県", "市町名": "加賀市", "住所": "熊坂町" }, "geometry": { "type": "Point", "coordinates": [ 136.29377777777799, 36.293333333333301 ] } },
{ "type": "Feature", "properties": { "name": "菅谷堤", "(1)ｺｰﾄﾞ番": "172060139", "(2)読み": "すがたにつつみ", "県名": "石川県", "市町名": "加賀市", "住所": "熊坂町" }, "geometry": { "type": "Point", "coordinates": [ 136.300833333333003, 36.288333333333298 ] } },
{ "type": "Feature", "properties": { "name": "長曽堤", "(1)ｺｰﾄﾞ番": "172060140", "(2)読み": "ちょうそつつみ", "県名": "石川県", "市町名": "加賀市", "住所": "細坪町" }, "geometry": { "type": "Point", "coordinates": [ 136.306583333333009, 36.286277777777798 ] } },
{ "type": "Feature", "properties": { "name": "二口堤　", "(1)ｺｰﾄﾞ番": "172060146", "(2)読み": null, "県名": "石川県", "市町名": "加賀市", "住所": "南郷町" }, "geometry": { "type": "Point", "coordinates": [ 136.327027777778, 36.2975 ] } },
{ "type": "Feature", "properties": { "name": "稲谷堤　", "(1)ｺｰﾄﾞ番": "172060148", "(2)読み": null, "県名": "石川県", "市町名": "加賀市", "住所": "曽宇町" }, "geometry": { "type": "Point", "coordinates": [ 136.310138888889014, 36.2817222222222 ] } },
{ "type": "Feature", "properties": { "name": "牛池", "(1)ｺｰﾄﾞ番": "172060151", "(2)読み": "うしいけ", "県名": "石川県", "市町名": "加賀市", "住所": "黒崎町" }, "geometry": { "type": "Point", "coordinates": [ 136.292222222221994, 36.334722222222197 ] } },
{ "type": "Feature", "properties": { "name": "赤坂池", "(1)ｺｰﾄﾞ番": "172060152", "(2)読み": "あかさかいけ", "県名": "石川県", "市町名": "加賀市", "住所": "黒崎町" }, "geometry": { "type": "Point", "coordinates": [ 136.29722222222199, 36.336111111111101 ] } },
{ "type": "Feature", "properties": { "name": "橋立大堤", "(1)ｺｰﾄﾞ番": "172060155", "(2)読み": "はしたておおつつみ", "県名": "石川県", "市町名": "加賀市", "住所": "橋立町" }, "geometry": { "type": "Point", "coordinates": [ 136.301666666666989, 36.3475 ] } },
{ "type": "Feature", "properties": { "name": "かなくそ新堤", "(1)ｺｰﾄﾞ番": "172060156", "(2)読み": "かなくそしんつつみ", "県名": "石川県", "市町名": "加賀市", "住所": "深田町39番地" }, "geometry": { "type": "Point", "coordinates": [ 136.305, 36.343888888888898 ] } },
{ "type": "Feature", "properties": { "name": "がっぺ堤", "(1)ｺｰﾄﾞ番": "172060159", "(2)読み": "がっぺつつみ", "県名": "石川県", "市町名": "加賀市", "住所": "田尻町" }, "geometry": { "type": "Point", "coordinates": [ 136.321472222222013, 36.3442222222222 ] } },
{ "type": "Feature", "properties": { "name": "豆がら堤（新堤）", "(1)ｺｰﾄﾞ番": "172060160", "(2)読み": "まめがらつつみ（しんつつみ）", "県名": "石川県", "市町名": "加賀市", "住所": "田尻町" }, "geometry": { "type": "Point", "coordinates": [ 136.323888888889002, 36.345555555555599 ] } },
{ "type": "Feature", "properties": { "name": "赤子谷堤", "(1)ｺｰﾄﾞ番": "172060161", "(2)読み": "あかごたにつつみ", "県名": "石川県", "市町名": "加賀市", "住所": "田尻町" }, "geometry": { "type": "Point", "coordinates": [ 136.315888888888992, 36.346222222222202 ] } },
{ "type": "Feature", "properties": { "name": "杉谷堤", "(1)ｺｰﾄﾞ番": "172060162", "(2)読み": "すぎたにつつみ", "県名": "石川県", "市町名": "加賀市", "住所": "田尻町" }, "geometry": { "type": "Point", "coordinates": [ 136.316111111111013, 36.348055555555597 ] } },
{ "type": "Feature", "properties": { "name": "クズカ谷B池", "(1)ｺｰﾄﾞ番": "172060164", "(2)読み": "くずかたにびーいけ", "県名": "石川県", "市町名": "加賀市", "住所": "高尾町" }, "geometry": { "type": "Point", "coordinates": [ 136.331194444444009, 36.3313611111111 ] } },
{ "type": "Feature", "properties": { "name": "新黒池", "(1)ｺｰﾄﾞ番": "172060165", "(2)読み": "しんくろいけ", "県名": "石川県", "市町名": "加賀市", "住所": "高尾町" }, "geometry": { "type": "Point", "coordinates": [ 136.324277777778008, 36.329694444444399 ] } },
{ "type": "Feature", "properties": { "name": "高尾池（旧シンドウ池）", "(1)ｺｰﾄﾞ番": "172060166", "(2)読み": null, "県名": "石川県", "市町名": "加賀市", "住所": "高尾町" }, "geometry": { "type": "Point", "coordinates": [ 136.318027777778013, 36.328222222222202 ] } },
{ "type": "Feature", "properties": { "name": "コイデ堤", "(1)ｺｰﾄﾞ番": "172060168", "(2)読み": null, "県名": "石川県", "市町名": "加賀市", "住所": "西山田町" }, "geometry": { "type": "Point", "coordinates": [ 136.339138888889011, 36.327166666666699 ] } },
{ "type": "Feature", "properties": { "name": "清明池", "(1)ｺｰﾄﾞ番": "172060170", "(2)読み": "せいみょういけ（せいめいち）", "県名": "石川県", "市町名": "加賀市", "住所": "片山津町" }, "geometry": { "type": "Point", "coordinates": [ 136.367111111111001, 36.331388888888902 ] } },
{ "type": "Feature", "properties": { "name": "はすが花池（アヒルランド）", "(1)ｺｰﾄﾞ番": "172060173", "(2)読み": "はすがはないけ（アヒルランド）", "県名": "石川県", "市町名": "加賀市", "住所": "柴山町" }, "geometry": { "type": "Point", "coordinates": [ 136.379666666666992, 36.361305555555603 ] } },
{ "type": "Feature", "properties": { "name": "学校前池（はす池）", "(1)ｺｰﾄﾞ番": "172060174", "(2)読み": "がっこうまえいけ（はすいけ）", "県名": "石川県", "市町名": "加賀市", "住所": "柴山町" }, "geometry": { "type": "Point", "coordinates": [ 136.381916666666996, 36.360916666666697 ] } },
{ "type": "Feature", "properties": { "name": "中堤", "(1)ｺｰﾄﾞ番": "172060177", "(2)読み": null, "県名": "石川県", "市町名": "加賀市", "住所": "山代温泉" }, "geometry": { "type": "Point", "coordinates": [ 136.361722222221999, 36.284 ] } },
{ "type": "Feature", "properties": { "name": "黒鍬堤", "(1)ｺｰﾄﾞ番": "172060178", "(2)読み": null, "県名": "石川県", "市町名": "加賀市", "住所": "山代温泉" }, "geometry": { "type": "Point", "coordinates": [ 136.364611111111003, 36.269638888888899 ] } },
{ "type": "Feature", "properties": { "name": "がめ池1号堤", "(1)ｺｰﾄﾞ番": "172060179", "(2)読み": "がめいけいちごうつつみ", "県名": "石川県", "市町名": "加賀市", "住所": "上野町" }, "geometry": { "type": "Point", "coordinates": [ 136.377222222222002, 36.294 ] } },
{ "type": "Feature", "properties": { "name": "がめ池２号堤", "(1)ｺｰﾄﾞ番": "172060180", "(2)読み": null, "県名": "石川県", "市町名": "加賀市", "住所": "上野町" }, "geometry": { "type": "Point", "coordinates": [ 136.376722222222014, 36.293694444444398 ] } },
{ "type": "Feature", "properties": { "name": "矢坂堤（天坂堤）", "(1)ｺｰﾄﾞ番": "172060182", "(2)読み": "やさかつつみ（あまざかつつみ）", "県名": "石川県", "市町名": "加賀市", "住所": "富塚町" }, "geometry": { "type": "Point", "coordinates": [ 136.359416666666988, 36.328333333333298 ] } },
{ "type": "Feature", "properties": { "name": "濁池", "(1)ｺｰﾄﾞ番": "172060183", "(2)読み": "にごりいけ", "県名": "石川県", "市町名": "加賀市", "住所": "富塚町" }, "geometry": { "type": "Point", "coordinates": [ 136.357277777777995, 36.328888888888898 ] } },
{ "type": "Feature", "properties": { "name": "作見大堤・上堤", "(1)ｺｰﾄﾞ番": "172060184", "(2)読み": "さくみおおつつみ・じょうてい", "県名": "石川県", "市町名": "加賀市", "住所": "作見町" }, "geometry": { "type": "Point", "coordinates": [ 136.352694444444012, 36.328277777777799 ] } },
{ "type": "Feature", "properties": { "name": "作見大堤・下堤", "(1)ｺｰﾄﾞ番": "172060185", "(2)読み": "さくみおおつつみ・かてい", "県名": "石川県", "市町名": "加賀市", "住所": "作見町" }, "geometry": { "type": "Point", "coordinates": [ 136.352777777777987, 36.327 ] } },
{ "type": "Feature", "properties": { "name": "西山田赤子谷堤", "(1)ｺｰﾄﾞ番": "172060186", "(2)読み": "にしやまだあかごだにつつみ", "県名": "石川県", "市町名": "加賀市", "住所": "西山田町" }, "geometry": { "type": "Point", "coordinates": [ 136.33594444444401, 36.3245 ] } },
{ "type": "Feature", "properties": { "name": "越中谷堤", "(1)ｺｰﾄﾞ番": "172060187", "(2)読み": "えっちゅうだにつつみ", "県名": "石川県", "市町名": "加賀市", "住所": "山代温泉56の12番、14番" }, "geometry": { "type": "Point", "coordinates": [ 136.367444444444004, 36.292388888888901 ] } },
{ "type": "Feature", "properties": { "name": "真菰池", "(1)ｺｰﾄﾞ番": "172060188", "(2)読み": "まこもいけ", "県名": "石川県", "市町名": "加賀市", "住所": "山代温泉56の25番1" }, "geometry": { "type": "Point", "coordinates": [ 136.364611111111003, 36.291527777777802 ] } },
{ "type": "Feature", "properties": { "name": "卯月谷堤", "(1)ｺｰﾄﾞ番": "172060190", "(2)読み": "うつきたにつつみ", "県名": "石川県", "市町名": "加賀市", "住所": "尾俣町" }, "geometry": { "type": "Point", "coordinates": [ 136.376666666667006, 36.285055555555601 ] } },
{ "type": "Feature", "properties": { "name": "神田1号堤", "(1)ｺｰﾄﾞ番": "172060191", "(2)読み": "かんだいちごうつつみ", "県名": "石川県", "市町名": "加賀市", "住所": "上野町" }, "geometry": { "type": "Point", "coordinates": [ 136.377166666666994, 36.291333333333299 ] } },
{ "type": "Feature", "properties": { "name": "神田2号堤", "(1)ｺｰﾄﾞ番": "172060192", "(2)読み": "かんだにごうつつみ", "県名": "石川県", "市町名": "加賀市", "住所": "上野町" }, "geometry": { "type": "Point", "coordinates": [ 136.376638888889005, 36.290861111111099 ] } },
{ "type": "Feature", "properties": { "name": "吾子堤", "(1)ｺｰﾄﾞ番": "172060193", "(2)読み": "われこつつみ", "県名": "石川県", "市町名": "加賀市", "住所": "水田丸町" }, "geometry": { "type": "Point", "coordinates": [ 136.384166666666999, 36.283111111111097 ] } },
{ "type": "Feature", "properties": { "name": "小六谷堤", "(1)ｺｰﾄﾞ番": "172060194", "(2)読み": "しょうろくたにつつみ", "県名": "石川県", "市町名": "加賀市", "住所": "水田丸町" }, "geometry": { "type": "Point", "coordinates": [ 136.388638888889005, 36.278944444444399 ] } },
{ "type": "Feature", "properties": { "name": "法皇堤", "(1)ｺｰﾄﾞ番": "172060195", "(2)読み": "ほうほうつつみ", "県名": "石川県", "市町名": "加賀市", "住所": "勅使町" }, "geometry": { "type": "Point", "coordinates": [ 136.393305555555997, 36.299888888888901 ] } },
{ "type": "Feature", "properties": { "name": "椎の木堤", "(1)ｺｰﾄﾞ番": "172060196", "(2)読み": "しいのきつつみ", "県名": "石川県", "市町名": "加賀市", "住所": "上野町" }, "geometry": { "type": "Point", "coordinates": [ 136.370138888888988, 36.301944444444402 ] } },
{ "type": "Feature", "properties": { "name": "赤目谷堤", "(1)ｺｰﾄﾞ番": "172060201", "(2)読み": "あかめたにつつみ", "県名": "石川県", "市町名": "加賀市", "住所": "栄谷町" }, "geometry": { "type": "Point", "coordinates": [ 136.40775, 36.3075277777778 ] } },
{ "type": "Feature", "properties": { "name": "水溜池", "(1)ｺｰﾄﾞ番": "172060203", "(2)読み": "みずたまりいけ", "県名": "石川県", "市町名": "加賀市", "住所": "小塩辻町" }, "geometry": { "type": "Point", "coordinates": [ 136.335333333333011, 36.337611111111102 ] } },
{ "type": "Feature", "properties": { "name": "大菅波新堤", "(1)ｺｰﾄﾞ番": "172060204", "(2)読み": "おおすがなみしんつつみ", "県名": "石川県", "市町名": "加賀市", "住所": "大菅波町" }, "geometry": { "type": "Point", "coordinates": [ 136.341638888889008, 36.320333333333302 ] } },
{ "type": "Feature", "properties": { "name": "荒出池", "(1)ｺｰﾄﾞ番": "172060205", "(2)読み": "あらでいけ", "県名": "石川県", "市町名": "加賀市", "住所": "黒崎町" }, "geometry": { "type": "Point", "coordinates": [ 136.290555555556011, 36.331111111111099 ] } },
{ "type": "Feature", "properties": { "name": "黒崎第二号池", "(1)ｺｰﾄﾞ番": "172060206", "(2)読み": "くろさきだいにごういけ", "県名": "石川県", "市町名": "加賀市", "住所": "黒崎町" }, "geometry": { "type": "Point", "coordinates": [ 136.299722222221988, 36.333611111111097 ] } },
{ "type": "Feature", "properties": { "name": "大堤", "(1)ｺｰﾄﾞ番": "172060207", "(2)読み": "おおつつみ", "県名": "石川県", "市町名": "加賀市", "住所": "大聖寺三ﾂ町" }, "geometry": { "type": "Point", "coordinates": [ 136.293277777778002, 36.299833333333297 ] } },
{ "type": "Feature", "properties": { "name": "ユノタニ堤", "(1)ｺｰﾄﾞ番": "172060208", "(2)読み": "ゆのたにつつみ", "県名": "石川県", "市町名": "加賀市", "住所": "永井町" }, "geometry": { "type": "Point", "coordinates": [ 136.263527777777995, 36.286444444444399 ] } },
{ "type": "Feature", "properties": { "name": "吉野木上堤", "(1)ｺｰﾄﾞ番": "172060209", "(2)読み": "よしのきうえつつみ", "県名": "石川県", "市町名": "加賀市", "住所": "黒崎町" }, "geometry": { "type": "Point", "coordinates": [ 136.306083333332992, 36.3315 ] } },
{ "type": "Feature", "properties": { "name": "奥の溜池", "(1)ｺｰﾄﾞ番": "172070001", "(2)読み": "おくのためいけ", "県名": "石川県", "市町名": "羽咋市", "住所": "滝谷町" }, "geometry": { "type": "Point", "coordinates": [ 136.785138888889009, 36.951055555555598 ] } },
{ "type": "Feature", "properties": { "name": "松川堤", "(1)ｺｰﾄﾞ番": "172070002", "(2)読み": "まつかわつつみ", "県名": "石川県", "市町名": "羽咋市", "住所": "柴垣町" }, "geometry": { "type": "Point", "coordinates": [ 136.775388888889012, 36.947277777777799 ] } },
{ "type": "Feature", "properties": { "name": "的奈坂堤", "(1)ｺｰﾄﾞ番": "172070003", "(2)読み": "まとなさかつつみ", "県名": "石川県", "市町名": "羽咋市", "住所": "柴垣町" }, "geometry": { "type": "Point", "coordinates": [ 136.780027777778002, 36.947166666666703 ] } },
{ "type": "Feature", "properties": { "name": "寺山堤", "(1)ｺｰﾄﾞ番": "172070004", "(2)読み": "てらやまつつみ", "県名": "石川県", "市町名": "羽咋市", "住所": "柴垣町" }, "geometry": { "type": "Point", "coordinates": [ 136.782, 36.945277777777797 ] } },
{ "type": "Feature", "properties": { "name": "盆田新堤", "(1)ｺｰﾄﾞ番": "172070005", "(2)読み": "ぼんたしんつつみ", "県名": "石川県", "市町名": "羽咋市", "住所": "柴垣町" }, "geometry": { "type": "Point", "coordinates": [ 136.783805555556, 36.942611111111098 ] } },
{ "type": "Feature", "properties": { "name": "新木堤", "(1)ｺｰﾄﾞ番": "172070006", "(2)読み": "しんきつつみ", "県名": "石川県", "市町名": "羽咋市", "住所": "柴垣町" }, "geometry": { "type": "Point", "coordinates": [ 136.787805555555991, 36.939277777777797 ] } },
{ "type": "Feature", "properties": { "name": "大池", "(1)ｺｰﾄﾞ番": "172070007", "(2)読み": "おおいけ", "県名": "石川県", "市町名": "羽咋市", "住所": "神子原町" }, "geometry": { "type": "Point", "coordinates": [ 136.877111111110992, 36.908111111111097 ] } },
{ "type": "Feature", "properties": { "name": "谷内の池", "(1)ｺｰﾄﾞ番": "172070008", "(2)読み": "やちのいけ", "県名": "石川県", "市町名": "羽咋市", "住所": "神子原町" }, "geometry": { "type": "Point", "coordinates": [ 136.857194444443991, 36.890027777777803 ] } },
{ "type": "Feature", "properties": { "name": "神子原ダム", "(1)ｺｰﾄﾞ番": "172070009", "(2)読み": "みこはらだむ", "県名": "石川県", "市町名": "羽咋市", "住所": "神子原町" }, "geometry": { "type": "Point", "coordinates": [ 136.852194444443995, 36.8828888888889 ] } },
{ "type": "Feature", "properties": { "name": "宇土野溜池", "(1)ｺｰﾄﾞ番": "172070010", "(2)読み": "うどのためいけ", "県名": "石川県", "市町名": "羽咋市", "住所": "宇土野町" }, "geometry": { "type": "Point", "coordinates": [ 136.825722222221998, 36.8925 ] } },
{ "type": "Feature", "properties": { "name": "本江堤", "(1)ｺｰﾄﾞ番": "172070011", "(2)読み": "ほんごうつつみ", "県名": "石川県", "市町名": "羽咋市", "住所": "本江町サ97番" }, "geometry": { "type": "Point", "coordinates": [ 136.834583333333001, 36.903916666666703 ] } },
{ "type": "Feature", "properties": { "name": "円山池", "(1)ｺｰﾄﾞ番": "172070012", "(2)読み": "まるやまいけ", "県名": "石川県", "市町名": "羽咋市", "住所": "菅池町" }, "geometry": { "type": "Point", "coordinates": [ 136.87319444444401, 36.869972222222202 ] } },
{ "type": "Feature", "properties": { "name": "長田池", "(1)ｺｰﾄﾞ番": "172070013", "(2)読み": "ながたいけ", "県名": "石川県", "市町名": "羽咋市", "住所": "曽祢町" }, "geometry": { "type": "Point", "coordinates": [ 136.861222222222011, 36.946527777777803 ] } },
{ "type": "Feature", "properties": { "name": "高堤", "(1)ｺｰﾄﾞ番": "172070014", "(2)読み": "たかつつみ", "県名": "石川県", "市町名": "羽咋市", "住所": "大町ロ５５番１" }, "geometry": { "type": "Point", "coordinates": [ 136.865166666666994, 36.933277777777803 ] } },
{ "type": "Feature", "properties": { "name": "長池", "(1)ｺｰﾄﾞ番": "172070015", "(2)読み": "ながいけ", "県名": "石川県", "市町名": "羽咋市", "住所": "大町ロ５６番" }, "geometry": { "type": "Point", "coordinates": [ 136.864277777778, 36.933305555555599 ] } },
{ "type": "Feature", "properties": { "name": "長池", "(1)ｺｰﾄﾞ番": "172070016", "(2)読み": "ながいけ", "県名": "石川県", "市町名": "羽咋市", "住所": "大町古堤１６７番" }, "geometry": { "type": "Point", "coordinates": [ 136.8655, 36.9324444444444 ] } },
{ "type": "Feature", "properties": { "name": "大石溜池", "(1)ｺｰﾄﾞ番": "172070017", "(2)読み": "おおいしためいけ", "県名": "石川県", "市町名": "羽咋市", "住所": "大町焼山５６番" }, "geometry": { "type": "Point", "coordinates": [ 136.865472222221996, 36.9294444444444 ] } },
{ "type": "Feature", "properties": { "name": "大谷池", "(1)ｺｰﾄﾞ番": "172070018", "(2)読み": "おおたにいけ", "県名": "石川県", "市町名": "羽咋市", "住所": "四柳町子１８０番２" }, "geometry": { "type": "Point", "coordinates": [ 136.861888888889013, 36.928194444444401 ] } },
{ "type": "Feature", "properties": { "name": "大山池", "(1)ｺｰﾄﾞ番": "172070019", "(2)読み": "おおやまいけ", "県名": "石川県", "市町名": "羽咋市", "住所": "滝町" }, "geometry": { "type": "Point", "coordinates": [ 136.758111111110992, 36.93325 ] } },
{ "type": "Feature", "properties": { "name": "瑞穂池", "(1)ｺｰﾄﾞ番": "172070020", "(2)読み": "みずほいけ", "県名": "石川県", "市町名": "羽咋市", "住所": "滝町" }, "geometry": { "type": "Point", "coordinates": [ 136.761055555555998, 36.933305555555599 ] } },
{ "type": "Feature", "properties": { "name": "赤毛池", "(1)ｺｰﾄﾞ番": "172070021", "(2)読み": "あかもいけ", "県名": "石川県", "市町名": "羽咋市", "住所": "一ノ宮町" }, "geometry": { "type": "Point", "coordinates": [ 136.759611111111013, 36.928916666666701 ] } },
{ "type": "Feature", "properties": { "name": "梶矢田堤", "(1)ｺｰﾄﾞ番": "172070022", "(2)読み": "かじやたつつみ", "県名": "石川県", "市町名": "羽咋市", "住所": "滝町" }, "geometry": { "type": "Point", "coordinates": [ 136.756083333333009, 36.927 ] } },
{ "type": "Feature", "properties": { "name": "朧季池", "(1)ｺｰﾄﾞ番": "172070023", "(2)読み": "おぼろぎいけ", "県名": "石川県", "市町名": "羽咋市", "住所": "一ノ宮町" }, "geometry": { "type": "Point", "coordinates": [ 136.762555555555991, 36.9294444444444 ] } },
{ "type": "Feature", "properties": { "name": "千池", "(1)ｺｰﾄﾞ番": "172070024", "(2)読み": "せんいけ", "県名": "石川県", "市町名": "羽咋市", "住所": "一ノ宮町" }, "geometry": { "type": "Point", "coordinates": [ 136.76425, 36.930972222222202 ] } },
{ "type": "Feature", "properties": { "name": "西山池", "(1)ｺｰﾄﾞ番": "172070025", "(2)読み": "にしやまいけ", "県名": "石川県", "市町名": "羽咋市", "住所": "柳田町６３－５１番" }, "geometry": { "type": "Point", "coordinates": [ 136.784166666667005, 36.93075 ] } },
{ "type": "Feature", "properties": { "name": "新池", "(1)ｺｰﾄﾞ番": "172070026", "(2)読み": "しんいけ", "県名": "石川県", "市町名": "羽咋市", "住所": "柳田町６５－２３番" }, "geometry": { "type": "Point", "coordinates": [ 136.782916666667006, 36.931555555555597 ] } },
{ "type": "Feature", "properties": { "name": "爺池", "(1)ｺｰﾄﾞ番": "172070027", "(2)読み": "じじいけ", "県名": "石川県", "市町名": "羽咋市", "住所": "柳田町" }, "geometry": { "type": "Point", "coordinates": [ 136.781138888888989, 36.930055555555597 ] } },
{ "type": "Feature", "properties": { "name": "麻畠池", "(1)ｺｰﾄﾞ番": "172070028", "(2)読み": "あさばたけいけ", "県名": "石川県", "市町名": "羽咋市", "住所": "柳田町" }, "geometry": { "type": "Point", "coordinates": [ 136.780194444443993, 36.929388888888901 ] } },
{ "type": "Feature", "properties": { "name": "長池", "(1)ｺｰﾄﾞ番": "172070029", "(2)読み": "ながいけ", "県名": "石川県", "市町名": "羽咋市", "住所": "柳田町６６－８番" }, "geometry": { "type": "Point", "coordinates": [ 136.78008333333301, 36.930916666666697 ] } },
{ "type": "Feature", "properties": { "name": "猪谷内池", "(1)ｺｰﾄﾞ番": "172070030", "(2)読み": "いのだにいけ", "県名": "石川県", "市町名": "羽咋市", "住所": "寺家町" }, "geometry": { "type": "Point", "coordinates": [ 136.778444444444006, 36.9305555555556 ] } },
{ "type": "Feature", "properties": { "name": "四ツ池", "(1)ｺｰﾄﾞ番": "172070031", "(2)読み": "よついけ", "県名": "石川県", "市町名": "羽咋市", "住所": "菅池町二26番甲" }, "geometry": { "type": "Point", "coordinates": [ 136.8675, 36.872194444444403 ] } },
{ "type": "Feature", "properties": { "name": "松山池", "(1)ｺｰﾄﾞ番": "172070032", "(2)読み": "まつやまいけ", "県名": "石川県", "市町名": "羽咋市", "住所": "千石町ウ5番甲" }, "geometry": { "type": "Point", "coordinates": [ 136.860611111111012, 36.877416666666697 ] } },
{ "type": "Feature", "properties": { "name": "蝋木池", "(1)ｺｰﾄﾞ番": "172070033", "(2)読み": "ろうぎいけ", "県名": "石川県", "市町名": "羽咋市", "住所": "神子原町１－３７" }, "geometry": { "type": "Point", "coordinates": [ 136.861388888888996, 36.891388888888898 ] } },
{ "type": "Feature", "properties": { "name": "矢の木溜池", "(1)ｺｰﾄﾞ番": "172070034", "(2)読み": "やのきためいけ", "県名": "石川県", "市町名": "羽咋市", "住所": "宇土野町り７０番" }, "geometry": { "type": "Point", "coordinates": [ 136.829722222221989, 36.889194444444399 ] } },
{ "type": "Feature", "properties": { "name": "詰谷溜池", "(1)ｺｰﾄﾞ番": "172070035", "(2)読み": "つめやためいけ", "県名": "石川県", "市町名": "羽咋市", "住所": "白瀬町" }, "geometry": { "type": "Point", "coordinates": [ 136.83038888888899, 36.897305555555597 ] } },
{ "type": "Feature", "properties": { "name": "矢谷溜池", "(1)ｺｰﾄﾞ番": "172070036", "(2)読み": "やたにためいけ", "県名": "石川県", "市町名": "羽咋市", "住所": "白瀬町へ１０９番１，３" }, "geometry": { "type": "Point", "coordinates": [ 136.831527777778007, 36.900638888888899 ] } },
{ "type": "Feature", "properties": { "name": "提灯溜池", "(1)ｺｰﾄﾞ番": "172070037", "(2)読み": "ちょうちんためいけ", "県名": "石川県", "市町名": "羽咋市", "住所": "一ノ宮町" }, "geometry": { "type": "Point", "coordinates": [ 136.764416666666989, 36.929166666666703 ] } },
{ "type": "Feature", "properties": { "name": "影土呂池", "(1)ｺｰﾄﾞ番": "172070038", "(2)読み": "かげどろいけ", "県名": "石川県", "市町名": "羽咋市", "住所": "一ノ宮町" }, "geometry": { "type": "Point", "coordinates": [ 136.763611111111004, 36.9285 ] } },
{ "type": "Feature", "properties": { "name": "宮の谷溜池", "(1)ｺｰﾄﾞ番": "172070039", "(2)読み": "みやのたにためいけ", "県名": "石川県", "市町名": "羽咋市", "住所": "一ノ宮町" }, "geometry": { "type": "Point", "coordinates": [ 136.768611111110999, 36.93 ] } },
{ "type": "Feature", "properties": { "name": "上野上池", "(1)ｺｰﾄﾞ番": "172070040", "(2)読み": "うえのかみいけ", "県名": "石川県", "市町名": "羽咋市", "住所": "寺家町" }, "geometry": { "type": "Point", "coordinates": [ 136.768916666666996, 36.932305555555601 ] } },
{ "type": "Feature", "properties": { "name": "杢左エ門下池", "(1)ｺｰﾄﾞ番": "172070041", "(2)読み": "もくざえもんしもいけ", "県名": "石川県", "市町名": "羽咋市", "住所": "柴垣町" }, "geometry": { "type": "Point", "coordinates": [ 136.768916666666996, 36.934333333333299 ] } },
{ "type": "Feature", "properties": { "name": "石名堤", "(1)ｺｰﾄﾞ番": "172070042", "(2)読み": "いしなつつみ", "県名": "石川県", "市町名": "羽咋市", "住所": "柴垣町" }, "geometry": { "type": "Point", "coordinates": [ 136.770305555556007, 36.937666666666701 ] } },
{ "type": "Feature", "properties": { "name": "三ツ池", "(1)ｺｰﾄﾞ番": "172070043", "(2)読み": "みついけ", "県名": "石川県", "市町名": "羽咋市", "住所": "柴垣町" }, "geometry": { "type": "Point", "coordinates": [ 136.770305555556007, 36.939805555555601 ] } },
{ "type": "Feature", "properties": { "name": "平六堤", "(1)ｺｰﾄﾞ番": "172070044", "(2)読み": "へいろくつつみ", "県名": "石川県", "市町名": "羽咋市", "住所": "柴垣町" }, "geometry": { "type": "Point", "coordinates": [ 136.77325, 36.937305555555596 ] } },
{ "type": "Feature", "properties": { "name": "谷内川大堤", "(1)ｺｰﾄﾞ番": "172070045", "(2)読み": "やちかわおおつつみ", "県名": "石川県", "市町名": "羽咋市", "住所": "柴垣町" }, "geometry": { "type": "Point", "coordinates": [ 136.775944444444008, 36.938361111111099 ] } },
{ "type": "Feature", "properties": { "name": "谷内川新池", "(1)ｺｰﾄﾞ番": "172070046", "(2)読み": "やちかわしんいけ", "県名": "石川県", "市町名": "羽咋市", "住所": "柴垣町" }, "geometry": { "type": "Point", "coordinates": [ 136.772805555556005, 36.9423055555555 ] } },
{ "type": "Feature", "properties": { "name": "大楽寺溜池", "(1)ｺｰﾄﾞ番": "172070047", "(2)読み": "だいらくじためいけ", "県名": "石川県", "市町名": "羽咋市", "住所": "寺家町" }, "geometry": { "type": "Point", "coordinates": [ 136.77197222222199, 36.927611111111098 ] } },
{ "type": "Feature", "properties": { "name": "尾上堤", "(1)ｺｰﾄﾞ番": "172070048", "(2)読み": "おがみつつみ", "県名": "石川県", "市町名": "羽咋市", "住所": "寺家町" }, "geometry": { "type": "Point", "coordinates": [ 136.77175, 36.9305555555556 ] } },
{ "type": "Feature", "properties": { "name": "底蛇溜池", "(1)ｺｰﾄﾞ番": "172070049", "(2)読み": "そこへびためいけ", "県名": "石川県", "市町名": "羽咋市", "住所": "寺家町" }, "geometry": { "type": "Point", "coordinates": [ 136.770861111111003, 36.929694444444401 ] } },
{ "type": "Feature", "properties": { "name": "円山溜池", "(1)ｺｰﾄﾞ番": "172070050", "(2)読み": "まるやまためいけ", "県名": "石川県", "市町名": "羽咋市", "住所": "寺家町" }, "geometry": { "type": "Point", "coordinates": [ 136.774138888889013, 36.9289722222222 ] } },
{ "type": "Feature", "properties": { "name": "鶴籠溜池", "(1)ｺｰﾄﾞ番": "172070051", "(2)読み": "つるかごためいけ", "県名": "石川県", "市町名": "羽咋市", "住所": "寺家町" }, "geometry": { "type": "Point", "coordinates": [ 136.774972222222004, 36.930611111111098 ] } },
{ "type": "Feature", "properties": { "name": "長堤", "(1)ｺｰﾄﾞ番": "172070052", "(2)読み": "ながつつみ", "県名": "石川県", "市町名": "羽咋市", "住所": "寺家町" }, "geometry": { "type": "Point", "coordinates": [ 136.774166666667014, 36.931555555555597 ] } },
{ "type": "Feature", "properties": { "name": "藤谷下堤", "(1)ｺｰﾄﾞ番": "172070053", "(2)読み": "ふじたにしもつつみ", "県名": "石川県", "市町名": "羽咋市", "住所": "柴垣町" }, "geometry": { "type": "Point", "coordinates": [ 136.767222222221989, 36.940361111111102 ] } },
{ "type": "Feature", "properties": { "name": "松崎上堤", "(1)ｺｰﾄﾞ番": "172070054", "(2)読み": "まつざきかみつつみ", "県名": "石川県", "市町名": "羽咋市", "住所": "柴垣町" }, "geometry": { "type": "Point", "coordinates": [ 136.770472222221997, 36.942277777777797 ] } },
{ "type": "Feature", "properties": { "name": "松崎下堤", "(1)ｺｰﾄﾞ番": "172070055", "(2)読み": "まつざきしもつつみ", "県名": "石川県", "市町名": "羽咋市", "住所": "柴垣町" }, "geometry": { "type": "Point", "coordinates": [ 136.769388888889011, 36.942333333333302 ] } },
{ "type": "Feature", "properties": { "name": "呑堤", "(1)ｺｰﾄﾞ番": "172070056", "(2)読み": "のみつつみ", "県名": "石川県", "市町名": "羽咋市", "住所": "柴垣町" }, "geometry": { "type": "Point", "coordinates": [ 136.782944444444013, 36.94 ] } },
{ "type": "Feature", "properties": { "name": "藤谷上堤", "(1)ｺｰﾄﾞ番": "172070057", "(2)読み": "ふじたにかみつつみ", "県名": "石川県", "市町名": "羽咋市", "住所": "柴垣町" }, "geometry": { "type": "Point", "coordinates": [ 136.767527777778014, 36.939833333333297 ] } },
{ "type": "Feature", "properties": { "name": "石中堤", "(1)ｺｰﾄﾞ番": "172070058", "(2)読み": "いしなかつつみ", "県名": "石川県", "市町名": "羽咋市", "住所": "柴垣町" }, "geometry": { "type": "Point", "coordinates": [ 136.767305555555993, 36.9385 ] } },
{ "type": "Feature", "properties": { "name": "砂田下堤", "(1)ｺｰﾄﾞ番": "172070059", "(2)読み": "すなだしもつつみ", "県名": "石川県", "市町名": "羽咋市", "住所": "柴垣町" }, "geometry": { "type": "Point", "coordinates": [ 136.766805555556004, 36.937527777777802 ] } },
{ "type": "Feature", "properties": { "name": "砂田上堤", "(1)ｺｰﾄﾞ番": "172070060", "(2)読み": "すなだかみつつみ", "県名": "石川県", "市町名": "羽咋市", "住所": "柴垣町" }, "geometry": { "type": "Point", "coordinates": [ 136.767666666666997, 36.937416666666699 ] } },
{ "type": "Feature", "properties": { "name": "雁造池", "(1)ｺｰﾄﾞ番": "172070061", "(2)読み": "がんぞういけ", "県名": "石川県", "市町名": "羽咋市", "住所": "柳田町５９-４１番１、２" }, "geometry": { "type": "Point", "coordinates": [ 136.78841666666699, 36.935777777777801 ] } },
{ "type": "Feature", "properties": { "name": "新開下堤", "(1)ｺｰﾄﾞ番": "172070062", "(2)読み": "しんかいしもつつみ", "県名": "石川県", "市町名": "羽咋市", "住所": "柳田町５８－６番、７番" }, "geometry": { "type": "Point", "coordinates": [ 136.794888888889005, 36.9325277777778 ] } },
{ "type": "Feature", "properties": { "name": "新開堤", "(1)ｺｰﾄﾞ番": "172070063", "(2)読み": "しんかいつつみ", "県名": "石川県", "市町名": "羽咋市", "住所": "柳田町７-２７番２" }, "geometry": { "type": "Point", "coordinates": [ 136.794111111110993, 36.9355 ] } },
{ "type": "Feature", "properties": { "name": "骨堤", "(1)ｺｰﾄﾞ番": "172070064", "(2)読み": "ほねつつみ", "県名": "石川県", "市町名": "羽咋市", "住所": "柳田町ス４番" }, "geometry": { "type": "Point", "coordinates": [ 136.78525, 36.927138888888898 ] } },
{ "type": "Feature", "properties": { "name": "兵助山田堤", "(1)ｺｰﾄﾞ番": "172070065", "(2)読み": "ひょうすけやまだつつみ", "県名": "石川県", "市町名": "羽咋市", "住所": "柳田町６３－１２番２" }, "geometry": { "type": "Point", "coordinates": [ 136.786222222221994, 36.936305555555499 ] } },
{ "type": "Feature", "properties": { "name": "乗鞍堤", "(1)ｺｰﾄﾞ番": "172070066", "(2)読み": "のりくらつつみ", "県名": "石川県", "市町名": "羽咋市", "住所": "柳田町" }, "geometry": { "type": "Point", "coordinates": [ 136.782777777777994, 36.9350555555556 ] } },
{ "type": "Feature", "properties": { "name": "瀬戸谷内堤", "(1)ｺｰﾄﾞ番": "172070067", "(2)読み": "せとやちつつみ", "県名": "石川県", "市町名": "羽咋市", "住所": "上中山町" }, "geometry": { "type": "Point", "coordinates": [ 136.796083333333002, 36.942111111111103 ] } },
{ "type": "Feature", "properties": { "name": "札抜池", "(1)ｺｰﾄﾞ番": "172070068", "(2)読み": "ふだぬきいけ", "県名": "石川県", "市町名": "羽咋市", "住所": "上中山町子１０番１" }, "geometry": { "type": "Point", "coordinates": [ 136.799222222221999, 36.939777777777799 ] } },
{ "type": "Feature", "properties": { "name": "長池", "(1)ｺｰﾄﾞ番": "172070070", "(2)読み": "ながいけ", "県名": "石川県", "市町名": "羽咋市", "住所": "上中山町" }, "geometry": { "type": "Point", "coordinates": [ 136.796805555556006, 36.940138888888903 ] } },
{ "type": "Feature", "properties": { "name": "前池", "(1)ｺｰﾄﾞ番": "172070071", "(2)読み": "まえいけ", "県名": "石川県", "市町名": "羽咋市", "住所": "上中山町ヌ１０番" }, "geometry": { "type": "Point", "coordinates": [ 136.80375, 36.943166666666698 ] } },
{ "type": "Feature", "properties": { "name": "奥池", "(1)ｺｰﾄﾞ番": "172070072", "(2)読み": "おくいけ", "県名": "石川県", "市町名": "羽咋市", "住所": "上中山町ヌ１０番" }, "geometry": { "type": "Point", "coordinates": [ 136.804472222221989, 36.942361111111097 ] } },
{ "type": "Feature", "properties": { "name": "新池", "(1)ｺｰﾄﾞ番": "172070073", "(2)読み": "しんいけ", "県名": "石川県", "市町名": "羽咋市", "住所": "上中山町り４番、り７番２" }, "geometry": { "type": "Point", "coordinates": [ 136.806361111110988, 36.942055555555598 ] } },
{ "type": "Feature", "properties": { "name": "下呂堤", "(1)ｺｰﾄﾞ番": "172070074", "(2)読み": "げろつつみ", "県名": "石川県", "市町名": "羽咋市", "住所": "千路町" }, "geometry": { "type": "Point", "coordinates": [ 136.79333333333301, 36.926027777777797 ] } },
{ "type": "Feature", "properties": { "name": "小谷川堤下", "(1)ｺｰﾄﾞ番": "172070075", "(2)読み": "おだにがわつつみした", "県名": "石川県", "市町名": "羽咋市", "住所": "千路町７８６番" }, "geometry": { "type": "Point", "coordinates": [ 136.797416666667004, 36.919694444444403 ] } },
{ "type": "Feature", "properties": { "name": "小ザカヤ堤", "(1)ｺｰﾄﾞ番": "172070077", "(2)読み": "こざやかやつつみ", "県名": "石川県", "市町名": "羽咋市", "住所": "千路町７２４番" }, "geometry": { "type": "Point", "coordinates": [ 136.801694444443996, 36.936805555555601 ] } },
{ "type": "Feature", "properties": { "name": "追分堤", "(1)ｺｰﾄﾞ番": "172070078", "(2)読み": "おいわけつつみ", "県名": "石川県", "市町名": "羽咋市", "住所": "千路町" }, "geometry": { "type": "Point", "coordinates": [ 136.796611111110991, 36.936694444444399 ] } },
{ "type": "Feature", "properties": { "name": "杢左エ門上池", "(1)ｺｰﾄﾞ番": "172070079", "(2)読み": "もくざえもんかみつつみ", "県名": "石川県", "市町名": "羽咋市", "住所": "柴垣町" }, "geometry": { "type": "Point", "coordinates": [ 136.772666666666993, 36.934361111111102 ] } },
{ "type": "Feature", "properties": { "name": "苗代谷内溜池", "(1)ｺｰﾄﾞ番": "172070080", "(2)読み": "なわしろやちためいけ", "県名": "石川県", "市町名": "羽咋市", "住所": "上中山町" }, "geometry": { "type": "Point", "coordinates": [ 136.795666666666989, 36.944138888888901 ] } },
{ "type": "Feature", "properties": { "name": "福録池", "(1)ｺｰﾄﾞ番": "172070083", "(2)読み": "ふくろくいけ", "県名": "石川県", "市町名": "羽咋市", "住所": "柴垣町" }, "geometry": { "type": "Point", "coordinates": [ 136.774861111110994, 36.940166666666698 ] } },
{ "type": "Feature", "properties": { "name": "吉堤（ヨシ堤）", "(1)ｺｰﾄﾞ番": "172070084", "(2)読み": "よしつつみ", "県名": "石川県", "市町名": "羽咋市", "住所": "柴垣町" }, "geometry": { "type": "Point", "coordinates": [ 136.774888888888995, 36.936611111111098 ] } },
{ "type": "Feature", "properties": { "name": "重右エ門堤", "(1)ｺｰﾄﾞ番": "172070085", "(2)読み": "じゅうえもんつつみ", "県名": "石川県", "市町名": "羽咋市", "住所": "柴垣町" }, "geometry": { "type": "Point", "coordinates": [ 136.764972222222013, 36.9369444444444 ] } },
{ "type": "Feature", "properties": { "name": "タキヤマ池", "(1)ｺｰﾄﾞ番": "172070086", "(2)読み": "たきやまいけ", "県名": "石川県", "市町名": "羽咋市", "住所": "滝谷町" }, "geometry": { "type": "Point", "coordinates": [ 136.7775, 36.950805555555597 ] } },
{ "type": "Feature", "properties": { "name": "稲子田（上）池", "(1)ｺｰﾄﾞ番": "172070088", "(2)読み": "いなこだ（かみ）いけ", "県名": "石川県", "市町名": "羽咋市", "住所": "滝町" }, "geometry": { "type": "Point", "coordinates": [ 136.757777777777989, 36.9311111111111 ] } },
{ "type": "Feature", "properties": { "name": "徳利池", "(1)ｺｰﾄﾞ番": "172070089", "(2)読み": "とくりいけ", "県名": "石川県", "市町名": "羽咋市", "住所": "滝町" }, "geometry": { "type": "Point", "coordinates": [ 136.759305555556011, 36.929944444444402 ] } },
{ "type": "Feature", "properties": { "name": "大小田池", "(1)ｺｰﾄﾞ番": "172070090", "(2)読み": "おおこだいけ", "県名": "石川県", "市町名": "羽咋市", "住所": "滝町" }, "geometry": { "type": "Point", "coordinates": [ 136.761, 36.936027777777802 ] } },
{ "type": "Feature", "properties": { "name": "坊主池", "(1)ｺｰﾄﾞ番": "172070091", "(2)読み": "ぼうずいけ", "県名": "石川県", "市町名": "羽咋市", "住所": "一ノ宮町" }, "geometry": { "type": "Point", "coordinates": [ 136.766333333332994, 36.927888888888901 ] } },
{ "type": "Feature", "properties": { "name": "昭和池", "(1)ｺｰﾄﾞ番": "172070092", "(2)読み": "しょうわいけ", "県名": "石川県", "市町名": "羽咋市", "住所": "一ノ宮町" }, "geometry": { "type": "Point", "coordinates": [ 136.767861111110989, 36.927888888888901 ] } },
{ "type": "Feature", "properties": { "name": "ケーシガ谷池", "(1)ｺｰﾄﾞ番": "172070093", "(2)読み": "けーつがたにいけ", "県名": "石川県", "市町名": "羽咋市", "住所": "柴垣町" }, "geometry": { "type": "Point", "coordinates": [ 136.778944444443994, 36.934861111111097 ] } },
{ "type": "Feature", "properties": { "name": "新池", "(1)ｺｰﾄﾞ番": "172070094", "(2)読み": "しんいけ", "県名": "石川県", "市町名": "羽咋市", "住所": "神子原町シ-12" }, "geometry": { "type": "Point", "coordinates": [ 136.878472222222001, 36.907111111111099 ] } },
{ "type": "Feature", "properties": { "name": "蝋木新池", "(1)ｺｰﾄﾞ番": "172070095", "(2)読み": "ろうぎしんいけ", "県名": "石川県", "市町名": "羽咋市", "住所": "神子原町" }, "geometry": { "type": "Point", "coordinates": [ 136.866972222221989, 36.8952777777778 ] } },
{ "type": "Feature", "properties": { "name": "松田池", "(1)ｺｰﾄﾞ番": "172070096", "(2)読み": "まつだいけ", "県名": "石川県", "市町名": "羽咋市", "住所": "上中山町" }, "geometry": { "type": "Point", "coordinates": [ 136.800305555556008, 36.942277777777797 ] } },
{ "type": "Feature", "properties": { "name": "谷内堤", "(1)ｺｰﾄﾞ番": "172070097", "(2)読み": "やちつつみ", "県名": "石川県", "市町名": "羽咋市", "住所": "本江町7105番" }, "geometry": { "type": "Point", "coordinates": [ 136.842833333333004, 36.907083333333297 ] } },
{ "type": "Feature", "properties": { "name": "柿が原の池", "(1)ｺｰﾄﾞ番": "172070098", "(2)読み": "かきがはらのいけ", "県名": "石川県", "市町名": "羽咋市", "住所": "菅池町" }, "geometry": { "type": "Point", "coordinates": [ 136.881666599999988, 36.88341666 ] } },
{ "type": "Feature", "properties": { "name": "新池", "(1)ｺｰﾄﾞ番": "172070099", "(2)読み": "しんいけ", "県名": "石川県", "市町名": "羽咋市", "住所": "滝谷町" }, "geometry": { "type": "Point", "coordinates": [ 136.7825832, 36.95372222 ] } },
{ "type": "Feature", "properties": { "name": "谷本堤", "(1)ｺｰﾄﾞ番": "173010001", "(2)読み": null, "県名": "石川県", "市町名": "加賀市", "住所": "山中温泉長谷田町" }, "geometry": { "type": "Point", "coordinates": [ 136.356333333332998, 36.26525 ] } },
{ "type": "Feature", "properties": { "name": "およ谷口堤", "(1)ｺｰﾄﾞ番": "173010002", "(2)読み": "およだにぐちつつみ", "県名": "石川県", "市町名": "加賀市", "住所": "山中温泉長谷田町" }, "geometry": { "type": "Point", "coordinates": [ 136.354444444443999, 36.262277777777797 ] } },
{ "type": "Feature", "properties": { "name": "水谷第１堤", "(1)ｺｰﾄﾞ番": "173010008", "(2)読み": "みずたにだいいちつつみ", "県名": "石川県", "市町名": "加賀市", "住所": "山中温泉中田町" }, "geometry": { "type": "Point", "coordinates": [ 136.352555555555995, 36.2717777777778 ] } },
{ "type": "Feature", "properties": { "name": "水谷第２堤", "(1)ｺｰﾄﾞ番": "173010009", "(2)読み": "みずたにだいにつつみ", "県名": "石川県", "市町名": "加賀市", "住所": "山中温泉中田町" }, "geometry": { "type": "Point", "coordinates": [ 136.352111111110986, 36.271138888888899 ] } },
{ "type": "Feature", "properties": { "name": "水谷第３堤", "(1)ｺｰﾄﾞ番": "173010010", "(2)読み": "みずたにだいさんつつみ", "県名": "石川県", "市町名": "加賀市", "住所": "山中温泉中田町" }, "geometry": { "type": "Point", "coordinates": [ 136.351972222222003, 36.270555555555603 ] } },
{ "type": "Feature", "properties": { "name": "大谷第1堤", "(1)ｺｰﾄﾞ番": "173010011", "(2)読み": "おおたにだいいちごうつつみ", "県名": "石川県", "市町名": "加賀市", "住所": "山中温泉中田町" }, "geometry": { "type": "Point", "coordinates": [ 136.3545, 36.268222222222199 ] } },
{ "type": "Feature", "properties": { "name": "おすが堤", "(1)ｺｰﾄﾞ番": "173010023", "(2)読み": "おすがつつみ", "県名": "石川県", "市町名": "加賀市", "住所": "山中温泉上原町" }, "geometry": { "type": "Point", "coordinates": [ 136.362944444443997, 36.253361111111097 ] } },
{ "type": "Feature", "properties": { "name": "じゅんさい堤", "(1)ｺｰﾄﾞ番": "173010025", "(2)読み": "じゅんさいつつみ", "県名": "石川県", "市町名": "加賀市", "住所": "山中温泉塚谷町" }, "geometry": { "type": "Point", "coordinates": [ 136.366055555555988, 36.2543333333333 ] } },
{ "type": "Feature", "properties": { "name": "九十歩堤", "(1)ｺｰﾄﾞ番": "173010027", "(2)読み": "きゅうじゅっぽつつみ", "県名": "石川県", "市町名": "加賀市", "住所": "山中温泉四十九院町" }, "geometry": { "type": "Point", "coordinates": [ 136.393333333333004, 36.2520555555556 ] } },
{ "type": "Feature", "properties": { "name": "さんまい堤", "(1)ｺｰﾄﾞ番": "173010028", "(2)読み": "さんまいつつみ", "県名": "石川県", "市町名": "加賀市", "住所": "山中温泉滝町" }, "geometry": { "type": "Point", "coordinates": [ 136.400305555556002, 36.259166666666701 ] } },
{ "type": "Feature", "properties": { "name": "大口堤", "(1)ｺｰﾄﾞ番": "173230002", "(2)読み": "おおくちつつみ", "県名": "石川県", "市町名": "能美市", "住所": "大口町ウ１７－乙" }, "geometry": { "type": "Point", "coordinates": [ 136.5955, 36.439694444444399 ] } },
{ "type": "Feature", "properties": { "name": "坪野堤", "(1)ｺｰﾄﾞ番": "173230003", "(2)読み": "つぼのつつみ", "県名": "石川県", "市町名": "能美市", "住所": "大口町ク１－４" }, "geometry": { "type": "Point", "coordinates": [ 136.593972222221993, 36.436333333333302 ] } },
{ "type": "Feature", "properties": { "name": "大谷堤", "(1)ｺｰﾄﾞ番": "173230004", "(2)読み": "おおやにつつみ", "県名": "石川県", "市町名": "能美市", "住所": "大口町カ４９外" }, "geometry": { "type": "Point", "coordinates": [ 136.603833333333, 36.433333333333302 ] } },
{ "type": "Feature", "properties": { "name": "ミヤシ谷堤", "(1)ｺｰﾄﾞ番": "173230005", "(2)読み": "みやしだにつつみ", "県名": "石川県", "市町名": "能美市", "住所": "湯屋町ヨ１５－乙" }, "geometry": { "type": "Point", "coordinates": [ 136.556472222221998, 36.442138888888898 ] } },
{ "type": "Feature", "properties": { "name": "和気口堤", "(1)ｺｰﾄﾞ番": "173230007", "(2)読み": "わきくちつつみ", "県名": "石川県", "市町名": "能美市", "住所": "和気町イ３４５" }, "geometry": { "type": "Point", "coordinates": [ 136.546472222222008, 36.425416666666699 ] } },
{ "type": "Feature", "properties": { "name": "徳山口堤", "(1)ｺｰﾄﾞ番": "173230009", "(2)読み": "とくさんおくつつみ", "県名": "石川県", "市町名": "能美市", "住所": "徳山町" }, "geometry": { "type": "Point", "coordinates": [ 136.558916666666988, 36.4320555555556 ] } },
{ "type": "Feature", "properties": { "name": "徳山奥堤", "(1)ｺｰﾄﾞ番": "173230010", "(2)読み": "とくさんおくつつみ", "県名": "石川県", "市町名": "能美市", "住所": "徳山町" }, "geometry": { "type": "Point", "coordinates": [ 136.559333333333001, 36.432555555555602 ] } },
{ "type": "Feature", "properties": { "name": "はんぬき谷堤", "(1)ｺｰﾄﾞ番": "173230011", "(2)読み": "はんぬきだにつつみ", "県名": "石川県", "市町名": "能美市", "住所": "金剛寺町" }, "geometry": { "type": "Point", "coordinates": [ 136.574527777778002, 36.433333333333302 ] } },
{ "type": "Feature", "properties": { "name": "蟹淵", "(1)ｺｰﾄﾞ番": "173230013", "(2)読み": "がんぶち", "県名": "石川県", "市町名": "能美市", "住所": "鍋谷町ケ２" }, "geometry": { "type": "Point", "coordinates": [ 136.598444444443999, 36.406527777777796 ] } },
{ "type": "Feature", "properties": { "name": "観音下", "(1)ｺｰﾄﾞ番": "173230014", "(2)読み": "かんのんしも", "県名": "石川県", "市町名": "能美市", "住所": "仏大寺町ト９０" }, "geometry": { "type": "Point", "coordinates": [ 136.556805555555997, 36.403916666666703 ] } },
{ "type": "Feature", "properties": { "name": "観音上", "(1)ｺｰﾄﾞ番": "173230015", "(2)読み": "かんのんかみ", "県名": "石川県", "市町名": "能美市", "住所": "仏大寺町ト２８" }, "geometry": { "type": "Point", "coordinates": [ 136.557277777778012, 36.4 ] } },
{ "type": "Feature", "properties": { "name": "蛇羅池", "(1)ｺｰﾄﾞ番": "173430001", "(2)読み": "じゃらいけ", "県名": "石川県", "市町名": "白山市", "住所": "中島町" }, "geometry": { "type": "Point", "coordinates": [ 136.636388888889002, 36.413055555555601 ] } },
{ "type": "Feature", "properties": { "name": "江津堤", "(1)ｺｰﾄﾞ番": "173450001", "(2)読み": null, "県名": "石川県", "市町名": "白山市", "住所": "河内町江津" }, "geometry": { "type": "Point", "coordinates": [ 136.617416666666998, 36.385194444444402 ] } },
{ "type": "Feature", "properties": { "name": "吉岡一ノ谷堤", "(1)ｺｰﾄﾞ番": "173450002", "(2)読み": "よしおかいちのたにつつみ", "県名": "石川県", "市町名": "白山市", "住所": "河内町吉岡" }, "geometry": { "type": "Point", "coordinates": [ 136.619972222222003, 36.379305555555597 ] } },
{ "type": "Feature", "properties": { "name": "加茂池", "(1)ｺｰﾄﾞ番": "173610001", "(2)読み": "かもいけ", "県名": "石川県", "市町名": "河北郡津幡町", "住所": "谷内井1-1" }, "geometry": { "type": "Point", "coordinates": [ 136.750055555556003, 36.692333333333302 ] } },
{ "type": "Feature", "properties": { "name": "ガッパ池", "(1)ｺｰﾄﾞ番": "173610002", "(2)読み": "がっぱいけ", "県名": "石川県", "市町名": "河北郡津幡町", "住所": "字庄タ185-1" }, "geometry": { "type": "Point", "coordinates": [ 136.731694444444003, 36.683777777777799 ] } },
{ "type": "Feature", "properties": { "name": "けやき谷堤", "(1)ｺｰﾄﾞ番": "173610003", "(2)読み": "けやきたにつつみ", "県名": "石川県", "市町名": "河北郡津幡町", "住所": "字庄ラ19" }, "geometry": { "type": "Point", "coordinates": [ 136.739888888888999, 36.6845 ] } },
{ "type": "Feature", "properties": { "name": "瓜ヶ谷池", "(1)ｺｰﾄﾞ番": "173610004", "(2)読み": "うりがたにいけ", "県名": "石川県", "市町名": "河北郡津幡町", "住所": "字清水子13" }, "geometry": { "type": "Point", "coordinates": [ 136.732333333333003, 36.679944444444402 ] } },
{ "type": "Feature", "properties": { "name": "滝ヶ谷内池", "(1)ｺｰﾄﾞ番": "173610005", "(2)読み": "たきがたにうちいけ", "県名": "石川県", "市町名": "河北郡津幡町", "住所": "字清水ツ11乙" }, "geometry": { "type": "Point", "coordinates": [ 136.741194444444005, 36.679305555555601 ] } },
{ "type": "Feature", "properties": { "name": "大谷内の池", "(1)ｺｰﾄﾞ番": "173610006", "(2)読み": "おおたにうちのいけ", "県名": "石川県", "市町名": "河北郡津幡町", "住所": "字浅田チ100乙" }, "geometry": { "type": "Point", "coordinates": [ 136.743027777777996, 36.661083333333302 ] } },
{ "type": "Feature", "properties": { "name": "源氏ヶ谷内堤", "(1)ｺｰﾄﾞ番": "173610007", "(2)読み": "げんじがたにうちいけ", "県名": "石川県", "市町名": "河北郡津幡町", "住所": "字浅田" }, "geometry": { "type": "Point", "coordinates": [ 136.743694444444003, 36.663611111111102 ] } },
{ "type": "Feature", "properties": { "name": "はんにやもん池", "(1)ｺｰﾄﾞ番": "173610008", "(2)読み": null, "県名": "石川県", "市町名": "河北郡津幡町", "住所": "字浅田へ75,76" }, "geometry": { "type": "Point", "coordinates": [ 136.746166666666994, 36.665861111111099 ] } },
{ "type": "Feature", "properties": { "name": "ガン谷池", "(1)ｺｰﾄﾞ番": "173610009", "(2)読み": "かりたにいけ", "県名": "石川県", "市町名": "河北郡津幡町", "住所": "字谷内ト55甲" }, "geometry": { "type": "Point", "coordinates": [ 136.73775, 36.693527777777803 ] } },
{ "type": "Feature", "properties": { "name": "せいまさ池", "(1)ｺｰﾄﾞ番": "173610010", "(2)読み": "せいまさいけ", "県名": "石川県", "市町名": "河北郡津幡町", "住所": "字谷内ヲ100甲" }, "geometry": { "type": "Point", "coordinates": [ 136.740194444444001, 36.6954722222222 ] } },
{ "type": "Feature", "properties": { "name": "開山上池", "(1)ｺｰﾄﾞ番": "173610011", "(2)読み": "かいざんかみいけ", "県名": "石川県", "市町名": "河北郡津幡町", "住所": "字谷内ル132" }, "geometry": { "type": "Point", "coordinates": [ 136.740305555556006, 36.693527777777803 ] } },
{ "type": "Feature", "properties": { "name": "滝尻池", "(1)ｺｰﾄﾞ番": "173610012", "(2)読み": "たきじりいけ", "県名": "石川県", "市町名": "河北郡津幡町", "住所": "字谷内カ108甲" }, "geometry": { "type": "Point", "coordinates": [ 136.7435, 36.6940555555556 ] } },
{ "type": "Feature", "properties": { "name": "開山下池", "(1)ｺｰﾄﾞ番": "173610014", "(2)読み": "かいざんしもいけ", "県名": "石川県", "市町名": "河北郡津幡町", "住所": "字谷内ル197" }, "geometry": { "type": "Point", "coordinates": [ 136.742361111110995, 36.692111111111103 ] } },
{ "type": "Feature", "properties": { "name": "御門池", "(1)ｺｰﾄﾞ番": "173610015", "(2)読み": "みかどいけ", "県名": "石川県", "市町名": "河北郡津幡町", "住所": "字谷内オ45,46,47,47-2,48,48-2,49" }, "geometry": { "type": "Point", "coordinates": [ 136.753666666666987, 36.701638888888901 ] } },
{ "type": "Feature", "properties": { "name": "二塚池", "(1)ｺｰﾄﾞ番": "173610016", "(2)読み": "ふたづかいけ", "県名": "石川県", "市町名": "河北郡津幡町", "住所": "字能瀬イ20-1,20-2" }, "geometry": { "type": "Point", "coordinates": [ 136.727, 36.689416666666702 ] } },
{ "type": "Feature", "properties": { "name": "津幡大池", "(1)ｺｰﾄﾞ番": "173610017", "(2)読み": "つばたおおいけ", "県名": "石川県", "市町名": "河北郡津幡町", "住所": "字津幡ラ83-1" }, "geometry": { "type": "Point", "coordinates": [ 136.754888888889013, 36.6845833333333 ] } },
{ "type": "Feature", "properties": { "name": "ぼけ池", "(1)ｺｰﾄﾞ番": "173610018", "(2)読み": "ぼけいけ", "県名": "石川県", "市町名": "河北郡津幡町", "住所": "字津幡ウ113" }, "geometry": { "type": "Point", "coordinates": [ 136.747777777777998, 36.687527777777802 ] } },
{ "type": "Feature", "properties": { "name": "ギョド大池", "(1)ｺｰﾄﾞ番": "173610019", "(2)読み": "ぎょどおおいけ", "県名": "石川県", "市町名": "河北郡津幡町", "住所": "字津幡ヲ99" }, "geometry": { "type": "Point", "coordinates": [ 136.74544444444399, 36.670916666666699 ] } },
{ "type": "Feature", "properties": { "name": "ギョド小池", "(1)ｺｰﾄﾞ番": "173610020", "(2)読み": "ぎょどこいけ", "県名": "石川県", "市町名": "河北郡津幡町", "住所": "字津幡ヲ74" }, "geometry": { "type": "Point", "coordinates": [ 136.744722222222009, 36.671138888888898 ] } },
{ "type": "Feature", "properties": { "name": "牛野池", "(1)ｺｰﾄﾞ番": "173610021", "(2)読み": "うしのいけ", "県名": "石川県", "市町名": "河北郡津幡町", "住所": "字津幡ツ98" }, "geometry": { "type": "Point", "coordinates": [ 136.755416666667003, 36.677333333333301 ] } },
{ "type": "Feature", "properties": { "name": "神田池", "(1)ｺｰﾄﾞ番": "173610022", "(2)読み": "かんだいけ", "県名": "石川県", "市町名": "河北郡津幡町", "住所": "字杉瀬ヌ2" }, "geometry": { "type": "Point", "coordinates": [ 136.750888888888994, 36.6671388888889 ] } },
{ "type": "Feature", "properties": { "name": "田谷内池", "(1)ｺｰﾄﾞ番": "173610025", "(2)読み": "たたにうちいけ", "県名": "石川県", "市町名": "河北郡津幡町", "住所": "字杉瀬ホ101～104、110～115" }, "geometry": { "type": "Point", "coordinates": [ 136.75588888888899, 36.666 ] } },
{ "type": "Feature", "properties": { "name": "坂谷池", "(1)ｺｰﾄﾞ番": "173610026", "(2)読み": "さかたにいけ", "県名": "石川県", "市町名": "河北郡津幡町", "住所": "字杉瀬ル59、竹橋メ21乙" }, "geometry": { "type": "Point", "coordinates": [ 136.758388888888987, 36.665416666666701 ] } },
{ "type": "Feature", "properties": { "name": "大別当池", "(1)ｺｰﾄﾞ番": "173610027", "(2)読み": "おおべつとういけ", "県名": "石川県", "市町名": "河北郡津幡町", "住所": "字倉見フ27乙" }, "geometry": { "type": "Point", "coordinates": [ 136.767861111110989, 36.682638888888903 ] } },
{ "type": "Feature", "properties": { "name": "新田池", "(1)ｺｰﾄﾞ番": "173610029", "(2)読み": "しんでんいけ", "県名": "石川県", "市町名": "河北郡津幡町", "住所": "字倉見井18乙" }, "geometry": { "type": "Point", "coordinates": [ 136.752194444444001, 36.672861111111096 ] } },
{ "type": "Feature", "properties": { "name": "堂ヶ脇池", "(1)ｺｰﾄﾞ番": "173610030", "(2)読み": "どうがわきいけ", "県名": "石川県", "市町名": "河北郡津幡町", "住所": "字倉見井22乙" }, "geometry": { "type": "Point", "coordinates": [ 136.752916666667005, 36.673361111111099 ] } },
{ "type": "Feature", "properties": { "name": "小林溜池２号", "(1)ｺｰﾄﾞ番": "173610031", "(2)読み": "こばやしためいけ２ごう", "県名": "石川県", "市町名": "河北郡津幡町", "住所": "字倉見シ11" }, "geometry": { "type": "Point", "coordinates": [ 136.76275, 36.668666666666702 ] } },
{ "type": "Feature", "properties": { "name": "小林溜池１号", "(1)ｺｰﾄﾞ番": "173610032", "(2)読み": "こばやしためいけいちごう", "県名": "石川県", "市町名": "河北郡津幡町", "住所": "字倉見シ10" }, "geometry": { "type": "Point", "coordinates": [ 136.762666666667002, 36.66875 ] } },
{ "type": "Feature", "properties": { "name": "猪谷内池", "(1)ｺｰﾄﾞ番": "173610033", "(2)読み": "いがやうちいけ", "県名": "石川県", "市町名": "河北郡津幡町", "住所": "字倉見シ9" }, "geometry": { "type": "Point", "coordinates": [ 136.761944444443998, 36.668333333333301 ] } },
{ "type": "Feature", "properties": { "name": "堤ヶ谷内池", "(1)ｺｰﾄﾞ番": "173610034", "(2)読み": "つつみがたにうちいけ", "県名": "石川県", "市町名": "河北郡津幡町", "住所": "字倉見ミ25乙" }, "geometry": { "type": "Point", "coordinates": [ 136.769527777777995, 36.672333333333299 ] } },
{ "type": "Feature", "properties": { "name": "犬川溜", "(1)ｺｰﾄﾞ番": "173610035", "(2)読み": "いぬかわたまる", "県名": "石川県", "市町名": "河北郡津幡町", "住所": "字倉見186" }, "geometry": { "type": "Point", "coordinates": [ 136.768194444443992, 36.674222222222198 ] } },
{ "type": "Feature", "properties": { "name": "川洲溜　", "(1)ｺｰﾄﾞ番": "173610036", "(2)読み": null, "県名": "石川県", "市町名": "河北郡津幡町", "住所": "字倉見へ303・304合併" }, "geometry": { "type": "Point", "coordinates": [ 136.760388888888997, 36.6725833333333 ] } },
{ "type": "Feature", "properties": { "name": "田屋谷内池", "(1)ｺｰﾄﾞ番": "173610037", "(2)読み": "たやたにうちいけ", "県名": "石川県", "市町名": "河北郡津幡町", "住所": "字倉見サ37乙" }, "geometry": { "type": "Point", "coordinates": [ 136.771, 36.681277777777801 ] } },
{ "type": "Feature", "properties": { "name": "堂向谷内２号", "(1)ｺｰﾄﾞ番": "173610038", "(2)読み": null, "県名": "石川県", "市町名": "河北郡津幡町", "住所": "字倉見レ312" }, "geometry": { "type": "Point", "coordinates": [ 136.757527777777995, 36.677666666666703 ] } },
{ "type": "Feature", "properties": { "name": "女郎ヶ谷池", "(1)ｺｰﾄﾞ番": "173610039", "(2)読み": "じょろうがたにいけ", "県名": "石川県", "市町名": "河北郡津幡町", "住所": "字倉見ソ117,118合併" }, "geometry": { "type": "Point", "coordinates": [ 136.763138888888989, 36.678611111111103 ] } },
{ "type": "Feature", "properties": { "name": "吉ヶ谷内池　", "(1)ｺｰﾄﾞ番": "173610040", "(2)読み": null, "県名": "石川県", "市町名": "河北郡津幡町", "住所": "字倉見レ270丁" }, "geometry": { "type": "Point", "coordinates": [ 136.763138888888989, 36.676305555555601 ] } },
{ "type": "Feature", "properties": { "name": "安三郎谷内池", "(1)ｺｰﾄﾞ番": "173610041", "(2)読み": "やすさぶろうやちいけ", "県名": "石川県", "市町名": "河北郡津幡町", "住所": "字倉見ヲ85,86" }, "geometry": { "type": "Point", "coordinates": [ 136.770805555555995, 36.677222222222198 ] } },
{ "type": "Feature", "properties": { "name": "峯池", "(1)ｺｰﾄﾞ番": "173610043", "(2)読み": "みねいけ", "県名": "石川県", "市町名": "河北郡津幡町", "住所": "字倉見シ13" }, "geometry": { "type": "Point", "coordinates": [ 136.763916666667001, 36.669027777777799 ] } },
{ "type": "Feature", "properties": { "name": "川淵池　", "(1)ｺｰﾄﾞ番": "173610045", "(2)読み": null, "県名": "石川県", "市町名": "河北郡津幡町", "住所": "字倉見へ339,340,341" }, "geometry": { "type": "Point", "coordinates": [ 136.759444444444, 36.671833333333304 ] } },
{ "type": "Feature", "properties": { "name": "堂向谷内1号", "(1)ｺｰﾄﾞ番": "173610046", "(2)読み": "どうこうだにやちいちごう", "県名": "石川県", "市町名": "河北郡津幡町", "住所": "字倉見ノ44" }, "geometry": { "type": "Point", "coordinates": [ 136.75725, 36.67675 ] } },
{ "type": "Feature", "properties": { "name": "ゴンガ谷内池", "(1)ｺｰﾄﾞ番": "173610047", "(2)読み": "ごんがやちいけ", "県名": "石川県", "市町名": "河北郡津幡町", "住所": "字倉見ヲ328" }, "geometry": { "type": "Point", "coordinates": [ 136.766888888889014, 36.678805555555599 ] } },
{ "type": "Feature", "properties": { "name": "新池", "(1)ｺｰﾄﾞ番": "173610049", "(2)読み": "あたらしづつみ", "県名": "石川県", "市町名": "河北郡津幡町", "住所": "字宮田ホ284" }, "geometry": { "type": "Point", "coordinates": [ 136.787, 36.6831666666667 ] } },
{ "type": "Feature", "properties": { "name": "十万堺池", "(1)ｺｰﾄﾞ番": "173610050", "(2)読み": "じゅうまんさかいいけ（あってやちのつつみ）", "県名": "石川県", "市町名": "河北郡津幡町", "住所": "字宮田リ28-3" }, "geometry": { "type": "Point", "coordinates": [ 136.784972222221995, 36.68375 ] } },
{ "type": "Feature", "properties": { "name": "大神池", "(1)ｺｰﾄﾞ番": "173610051", "(2)読み": "おおがみいけ", "県名": "石川県", "市町名": "河北郡津幡町", "住所": "字宮田ヌ12" }, "geometry": { "type": "Point", "coordinates": [ 136.791055555555999, 36.683694444444399 ] } },
{ "type": "Feature", "properties": { "name": "千馬谷内池", "(1)ｺｰﾄﾞ番": "173610052", "(2)読み": "せんまやちつつみ", "県名": "石川県", "市町名": "河北郡津幡町", "住所": "字宮田リ1" }, "geometry": { "type": "Point", "coordinates": [ 136.785583333332994, 36.684555555555598 ] } },
{ "type": "Feature", "properties": { "name": "前田池", "(1)ｺｰﾄﾞ番": "173610056", "(2)読み": "まえだいけ", "県名": "石川県", "市町名": "河北郡津幡町", "住所": "字明神ホ10" }, "geometry": { "type": "Point", "coordinates": [ 136.744611111110999, 36.6552222222222 ] } },
{ "type": "Feature", "properties": { "name": "大谷内池", "(1)ｺｰﾄﾞ番": "173610057", "(2)読み": "おおたにうちいけ", "県名": "石川県", "市町名": "河北郡津幡町", "住所": "字明神ホ61" }, "geometry": { "type": "Point", "coordinates": [ 136.742166666667003, 36.653777777777798 ] } },
{ "type": "Feature", "properties": { "name": "北谷内池", "(1)ｺｰﾄﾞ番": "173610058", "(2)読み": "きたやちいけ", "県名": "石川県", "市町名": "河北郡津幡町", "住所": "字旭山107" }, "geometry": { "type": "Point", "coordinates": [ 136.751277777778, 36.654166666666697 ] } },
{ "type": "Feature", "properties": { "name": "ぬすと谷内池", "(1)ｺｰﾄﾞ番": "173610059", "(2)読み": "ぬすとやちいけ", "県名": "石川県", "市町名": "河北郡津幡町", "住所": "字旭山88" }, "geometry": { "type": "Point", "coordinates": [ 136.752388888888987, 36.6602777777778 ] } },
{ "type": "Feature", "properties": { "name": "由ヶ谷内池", "(1)ｺｰﾄﾞ番": "173610061", "(2)読み": "よしがやちいけ", "県名": "石川県", "市町名": "河北郡津幡町", "住所": "字大坪カ133～135、137、138-1,-2、139、140-1、-2,141" }, "geometry": { "type": "Point", "coordinates": [ 136.756194444443992, 36.6555 ] } },
{ "type": "Feature", "properties": { "name": "上の谷内池", "(1)ｺｰﾄﾞ番": "173610062", "(2)読み": "うえのやちいけ", "県名": "石川県", "市町名": "河北郡津幡町", "住所": "字大坪" }, "geometry": { "type": "Point", "coordinates": [ 136.756111111111011, 36.650305555555597 ] } },
{ "type": "Feature", "properties": { "name": "大谷内池", "(1)ｺｰﾄﾞ番": "173610063", "(2)読み": "おおたにうちいけ", "県名": "石川県", "市町名": "河北郡津幡町", "住所": "字仮生ハ1～4、14、ロ10,11,13～36,76,83、へ6～11、13-1,13-2、14,15,16甲、16乙、17～22、23甲、23乙、24～29、30-1、30-2、31、33～35、39-1、39-2、40～42、57" }, "geometry": { "type": "Point", "coordinates": [ 136.760416666666998, 36.6451944444444 ] } },
{ "type": "Feature", "properties": { "name": "かもづり池", "(1)ｺｰﾄﾞ番": "173610064", "(2)読み": "かもづりいけ", "県名": "石川県", "市町名": "河北郡津幡町", "住所": "字別所甲87" }, "geometry": { "type": "Point", "coordinates": [ 136.762666666667002, 36.6497777777778 ] } },
{ "type": "Feature", "properties": { "name": "美し池", "(1)ｺｰﾄﾞ番": "173610065", "(2)読み": "うつくしいけ", "県名": "石川県", "市町名": "河北郡津幡町", "住所": "字材木六15乙" }, "geometry": { "type": "Point", "coordinates": [ 136.772694444443999, 36.642527777777801 ] } },
{ "type": "Feature", "properties": { "name": "朽の木池", "(1)ｺｰﾄﾞ番": "173610066", "(2)読み": "とちのきいけ", "県名": "石川県", "市町名": "河北郡津幡町", "住所": "字常徳レ73-1" }, "geometry": { "type": "Point", "coordinates": [ 136.776805555555995, 36.6379444444444 ] } },
{ "type": "Feature", "properties": { "name": "池田池", "(1)ｺｰﾄﾞ番": "173610067", "(2)読み": "いけだいけ", "県名": "石川県", "市町名": "河北郡津幡町", "住所": "字材木ト7-2" }, "geometry": { "type": "Point", "coordinates": [ 136.772166666667005, 36.639444444444401 ] } },
{ "type": "Feature", "properties": { "name": "高の下池", "(1)ｺｰﾄﾞ番": "173610068", "(2)読み": "たかのしたいけ", "県名": "石川県", "市町名": "河北郡津幡町", "住所": "字常徳ヨ76" }, "geometry": { "type": "Point", "coordinates": [ 136.779305555555993, 36.6350277777778 ] } },
{ "type": "Feature", "properties": { "name": "キロミ池", "(1)ｺｰﾄﾞ番": "173610069", "(2)読み": "きみろいけ", "県名": "石川県", "市町名": "河北郡津幡町", "住所": "字谷内カ108甲" }, "geometry": { "type": "Point", "coordinates": [ 136.781111111110988, 36.6369166666667 ] } },
{ "type": "Feature", "properties": { "name": "炭釜池", "(1)ｺｰﾄﾞ番": "173610070", "(2)読み": "すみかまいけ", "県名": "石川県", "市町名": "河北郡津幡町", "住所": "字常徳ナ25" }, "geometry": { "type": "Point", "coordinates": [ 136.78241666666699, 36.633638888888903 ] } },
{ "type": "Feature", "properties": { "name": "野田大池", "(1)ｺｰﾄﾞ番": "173610071", "(2)読み": "のたおおいけ", "県名": "石川県", "市町名": "河北郡津幡町", "住所": "字常徳ワ5,～8、9甲、10～12、28甲" }, "geometry": { "type": "Point", "coordinates": [ 136.783861111111008, 36.631 ] } },
{ "type": "Feature", "properties": { "name": "奥野田池", "(1)ｺｰﾄﾞ番": "173610072", "(2)読み": "おくのだいけ", "県名": "石川県", "市町名": "河北郡津幡町", "住所": "字常徳ワ104" }, "geometry": { "type": "Point", "coordinates": [ 136.784555555556011, 36.629805555555599 ] } },
{ "type": "Feature", "properties": { "name": "牛ヶ窪池", "(1)ｺｰﾄﾞ番": "173610074", "(2)読み": "うしがくぼいけ", "県名": "石川県", "市町名": "河北郡津幡町", "住所": "字七野子13" }, "geometry": { "type": "Point", "coordinates": [ 136.763222222221998, 36.655972222222204 ] } },
{ "type": "Feature", "properties": { "name": "棚谷内池", "(1)ｺｰﾄﾞ番": "173610075", "(2)読み": "たなたにうちいけ", "県名": "石川県", "市町名": "河北郡津幡町", "住所": "字七野ム1丙" }, "geometry": { "type": "Point", "coordinates": [ 136.76661111111099, 36.654388888888903 ] } },
{ "type": "Feature", "properties": { "name": "滝の江池", "(1)ｺｰﾄﾞ番": "173610076", "(2)読み": "たきのこういけ", "県名": "石川県", "市町名": "河北郡津幡町", "住所": "字七野井5乙" }, "geometry": { "type": "Point", "coordinates": [ 136.771944444443989, 36.658166666666702 ] } },
{ "type": "Feature", "properties": { "name": "西谷池　", "(1)ｺｰﾄﾞ番": "173610077", "(2)読み": "にしたにいけ", "県名": "石川県", "市町名": "河北郡津幡町", "住所": "字竹橋ヨ33,34,156" }, "geometry": { "type": "Point", "coordinates": [ 136.760805555556004, 36.66375 ] } },
{ "type": "Feature", "properties": { "name": "新保池　", "(1)ｺｰﾄﾞ番": "173610080", "(2)読み": "しんぼいけ", "県名": "石川県", "市町名": "河北郡津幡町", "住所": "字竹橋" }, "geometry": { "type": "Point", "coordinates": [ 136.766916666666987, 36.668027777777802 ] } },
{ "type": "Feature", "properties": { "name": "杉谷内池", "(1)ｺｰﾄﾞ番": "173610081", "(2)読み": "すぎたにうちいけ", "県名": "石川県", "市町名": "河北郡津幡町", "住所": "字竹橋ヌ45、ホ186、187" }, "geometry": { "type": "Point", "coordinates": [ 136.76744444444401, 36.666972222222199 ] } },
{ "type": "Feature", "properties": { "name": "大谷内下池", "(1)ｺｰﾄﾞ番": "173610082", "(2)読み": "おおたにうちしもいけ", "県名": "石川県", "市町名": "河北郡津幡町", "住所": "字竹橋二116" }, "geometry": { "type": "Point", "coordinates": [ 136.772861111111013, 36.668027777777802 ] } },
{ "type": "Feature", "properties": { "name": "大谷内上池", "(1)ｺｰﾄﾞ番": "173610083", "(2)読み": "おおたにうちかみち", "県名": "石川県", "市町名": "河北郡津幡町", "住所": "字竹橋ワ211" }, "geometry": { "type": "Point", "coordinates": [ 136.773777777778008, 36.669833333333301 ] } },
{ "type": "Feature", "properties": { "name": "六瀬池", "(1)ｺｰﾄﾞ番": "173610084", "(2)読み": "ろくせいけ", "県名": "石川県", "市町名": "河北郡津幡町", "住所": "字竹橋子132" }, "geometry": { "type": "Point", "coordinates": [ 136.779583333332994, 36.665333333333301 ] } },
{ "type": "Feature", "properties": { "name": "又木池", "(1)ｺｰﾄﾞ番": "173610086", "(2)読み": "またきいけ", "県名": "石川県", "市町名": "河北郡津幡町", "住所": "字竹橋ム194" }, "geometry": { "type": "Point", "coordinates": [ 136.7775, 36.6582222222222 ] } },
{ "type": "Feature", "properties": { "name": "ガメ谷内池", "(1)ｺｰﾄﾞ番": "173610087", "(2)読み": "がめやちいけ", "県名": "石川県", "市町名": "河北郡津幡町", "住所": "字竹橋ウ70乙、71" }, "geometry": { "type": "Point", "coordinates": [ 136.770916666667006, 36.6613055555556 ] } },
{ "type": "Feature", "properties": { "name": "新堤", "(1)ｺｰﾄﾞ番": "173610088", "(2)読み": "しんつつみ", "県名": "石川県", "市町名": "河北郡津幡町", "住所": "字富田ヤ34" }, "geometry": { "type": "Point", "coordinates": [ 136.776444444443996, 36.673305555555601 ] } },
{ "type": "Feature", "properties": { "name": "古堤", "(1)ｺｰﾄﾞ番": "173610089", "(2)読み": "ふるつつみ", "県名": "石川県", "市町名": "河北郡津幡町", "住所": "字富田マ32" }, "geometry": { "type": "Point", "coordinates": [ 136.778416666666999, 36.672166666666698 ] } },
{ "type": "Feature", "properties": { "name": "ゴンゲン池", "(1)ｺｰﾄﾞ番": "173610090", "(2)読み": "ごんげんいけ", "県名": "石川県", "市町名": "河北郡津幡町", "住所": "字富田ヶ48" }, "geometry": { "type": "Point", "coordinates": [ 136.781222222221999, 36.671916666666696 ] } },
{ "type": "Feature", "properties": { "name": "カマンヤチ池", "(1)ｺｰﾄﾞ番": "173610094", "(2)読み": "かまんやちいけ", "県名": "石川県", "市町名": "河北郡津幡町", "住所": "字七黒ツ1、吉倉1乙" }, "geometry": { "type": "Point", "coordinates": [ 136.765416666666994, 36.694611111111101 ] } },
{ "type": "Feature", "properties": { "name": "領家池", "(1)ｺｰﾄﾞ番": "173610095", "(2)読み": "りょうけいけ", "県名": "石川県", "市町名": "河北郡津幡町", "住所": "字領家" }, "geometry": { "type": "Point", "coordinates": [ 136.723444444443999, 36.701138888888899 ] } },
{ "type": "Feature", "properties": { "name": "堂ヶ谷内池", "(1)ｺｰﾄﾞ番": "173610097", "(2)読み": "どうがやちいけ", "県名": "石川県", "市町名": "河北郡津幡町", "住所": "字御門弐1-148" }, "geometry": { "type": "Point", "coordinates": [ 136.737416666667002, 36.702583333333301 ] } },
{ "type": "Feature", "properties": { "name": "サイコ池", "(1)ｺｰﾄﾞ番": "173610098", "(2)読み": "さいこいけ", "県名": "石川県", "市町名": "河北郡津幡町", "住所": "字下矢田ロ63" }, "geometry": { "type": "Point", "coordinates": [ 136.741083333332995, 36.7038333333333 ] } },
{ "type": "Feature", "properties": { "name": "コヤツ池", "(1)ｺｰﾄﾞ番": "173610099", "(2)読み": "こやついけ", "県名": "石川県", "市町名": "河北郡津幡町", "住所": "字御門タ63甲3" }, "geometry": { "type": "Point", "coordinates": [ 136.739694444444012, 36.704222222222199 ] } },
{ "type": "Feature", "properties": { "name": "いのよ池", "(1)ｺｰﾄﾞ番": "173610100", "(2)読み": "いよのいけ", "県名": "石川県", "市町名": "河北郡津幡町", "住所": "字下矢田へ66" }, "geometry": { "type": "Point", "coordinates": [ 136.745388888889011, 36.70375 ] } },
{ "type": "Feature", "properties": { "name": "大谷内池", "(1)ｺｰﾄﾞ番": "173610101", "(2)読み": "おおたにうちいけ", "県名": "石川県", "市町名": "河北郡津幡町", "住所": "字下矢田ト126" }, "geometry": { "type": "Point", "coordinates": [ 136.740138888888993, 36.707333333333303 ] } },
{ "type": "Feature", "properties": { "name": "犬ころし池", "(1)ｺｰﾄﾞ番": "173610102", "(2)読み": "いぬころしいけ", "県名": "石川県", "市町名": "河北郡津幡町", "住所": "字上矢田チ19、ヨ167-5" }, "geometry": { "type": "Point", "coordinates": [ 136.744555555555991, 36.712805555555597 ] } },
{ "type": "Feature", "properties": { "name": "巻池", "(1)ｺｰﾄﾞ番": "173610105", "(2)読み": "まきいけ", "県名": "石川県", "市町名": "河北郡津幡町", "住所": "字上矢田リ126" }, "geometry": { "type": "Point", "coordinates": [ 136.746416666666988, 36.7115 ] } },
{ "type": "Feature", "properties": { "name": "御坊谷内池", "(1)ｺｰﾄﾞ番": "173610106", "(2)読み": "おぼやちいけ", "県名": "石川県", "市町名": "河北郡津幡町", "住所": "字上矢田ロ155乙、156、157" }, "geometry": { "type": "Point", "coordinates": [ 136.751138888888988, 36.706527777777801 ] } },
{ "type": "Feature", "properties": { "name": "井紅池", "(1)ｺｰﾄﾞ番": "173610109", "(2)読み": "いいどいけ", "県名": "石川県", "市町名": "河北郡津幡町", "住所": "字中山タ30" }, "geometry": { "type": "Point", "coordinates": [ 136.748277777777986, 36.713527777777799 ] } },
{ "type": "Feature", "properties": { "name": "山本池", "(1)ｺｰﾄﾞ番": "173610110", "(2)読み": "やまもといけ", "県名": "石川県", "市町名": "河北郡津幡町", "住所": "字中山タ47" }, "geometry": { "type": "Point", "coordinates": [ 136.748972222221994, 36.713972222222203 ] } },
{ "type": "Feature", "properties": { "name": "浅谷池", "(1)ｺｰﾄﾞ番": "173610112", "(2)読み": "あさたにいけ", "県名": "石川県", "市町名": "河北郡津幡町", "住所": "字中山ヲ86甲、92" }, "geometry": { "type": "Point", "coordinates": [ 136.746305555556006, 36.718416666666698 ] } },
{ "type": "Feature", "properties": { "name": "吉本池", "(1)ｺｰﾄﾞ番": "173610113", "(2)読み": "よしもといけ", "県名": "石川県", "市町名": "河北郡津幡町", "住所": "字中山ニ28,29" }, "geometry": { "type": "Point", "coordinates": [ 136.749555555555986, 36.714194444444402 ] } },
{ "type": "Feature", "properties": { "name": "蛇池", "(1)ｺｰﾄﾞ番": "173610115", "(2)読み": "へびいけ", "県名": "石川県", "市町名": "河北郡津幡町", "住所": "字中山ル43-1" }, "geometry": { "type": "Point", "coordinates": [ 136.748, 36.718111111111099 ] } },
{ "type": "Feature", "properties": { "name": "御仏田池", "(1)ｺｰﾄﾞ番": "173610116", "(2)読み": "みほとけたいけ", "県名": "石川県", "市町名": "河北郡津幡町", "住所": "字朝日畑へ84" }, "geometry": { "type": "Point", "coordinates": [ 136.782444444443996, 36.646277777777797 ] } },
{ "type": "Feature", "properties": { "name": "喜保田池", "(1)ｺｰﾄﾞ番": "173610117", "(2)読み": "きほたいけ", "県名": "石川県", "市町名": "河北郡津幡町", "住所": "字朝日畑へ86" }, "geometry": { "type": "Point", "coordinates": [ 136.782, 36.6458333333333 ] } },
{ "type": "Feature", "properties": { "name": "池田池", "(1)ｺｰﾄﾞ番": "173610118", "(2)読み": "いけだいけ", "県名": "石川県", "市町名": "河北郡津幡町", "住所": "字朝日畑" }, "geometry": { "type": "Point", "coordinates": [ 136.783777777777999, 36.646555555555601 ] } },
{ "type": "Feature", "properties": { "name": "草先池　", "(1)ｺｰﾄﾞ番": "173610119", "(2)読み": "くささきいけ", "県名": "石川県", "市町名": "河北郡津幡町", "住所": "字相窪" }, "geometry": { "type": "Point", "coordinates": [ 136.781305555556003, 36.643166666666701 ] } },
{ "type": "Feature", "properties": { "name": "池田上池　", "(1)ｺｰﾄﾞ番": "173610120", "(2)読み": "いけだかみいけ", "県名": "石川県", "市町名": "河北郡津幡町", "住所": "字相窪ナ３乙" }, "geometry": { "type": "Point", "coordinates": [ 136.786138888889013, 36.646722222222202 ] } },
{ "type": "Feature", "properties": { "name": "二枚田上池　", "(1)ｺｰﾄﾞ番": "173610121", "(2)読み": "にまいだかみいけ", "県名": "石川県", "市町名": "河北郡津幡町", "住所": "字相窪" }, "geometry": { "type": "Point", "coordinates": [ 136.785694444444005, 36.649194444444397 ] } },
{ "type": "Feature", "properties": { "name": "二枚田下池　", "(1)ｺｰﾄﾞ番": "173610122", "(2)読み": "にまいだしもいけ", "県名": "石川県", "市町名": "河北郡津幡町", "住所": "字相窪ト44" }, "geometry": { "type": "Point", "coordinates": [ 136.784861111111013, 36.6482777777778 ] } },
{ "type": "Feature", "properties": { "name": "新開田小池", "(1)ｺｰﾄﾞ番": "173610123", "(2)読み": "しんかいたこいけ", "県名": "石川県", "市町名": "河北郡津幡町", "住所": "字相窪9乙" }, "geometry": { "type": "Point", "coordinates": [ 136.786888888888996, 36.645666666666699 ] } },
{ "type": "Feature", "properties": { "name": "池田下池", "(1)ｺｰﾄﾞ番": "173610124", "(2)読み": "いけだしもいけ", "県名": "石川県", "市町名": "河北郡津幡町", "住所": "字相窪ナ6乙" }, "geometry": { "type": "Point", "coordinates": [ 136.784944444443994, 36.6455 ] } },
{ "type": "Feature", "properties": { "name": "新開田池　", "(1)ｺｰﾄﾞ番": "173610125", "(2)読み": "しんかいだいけ", "県名": "石川県", "市町名": "河北郡津幡町", "住所": "字相窪" }, "geometry": { "type": "Point", "coordinates": [ 136.787, 36.643722222222202 ] } },
{ "type": "Feature", "properties": { "name": "新開田大池", "(1)ｺｰﾄﾞ番": "173610126", "(2)読み": "しんかいたおおいけ", "県名": "石川県", "市町名": "河北郡津幡町", "住所": "字相窪子8乙" }, "geometry": { "type": "Point", "coordinates": [ 136.786666666667003, 36.6448055555556 ] } },
{ "type": "Feature", "properties": { "name": "山中池", "(1)ｺｰﾄﾞ番": "173610127", "(2)読み": "やまなかいけ", "県名": "石川県", "市町名": "河北郡津幡町", "住所": "字相窪ヲ31" }, "geometry": { "type": "Point", "coordinates": [ 136.791416666667004, 36.6452777777778 ] } },
{ "type": "Feature", "properties": { "name": "谷池", "(1)ｺｰﾄﾞ番": "173610128", "(2)読み": "たにいけ", "県名": "石川県", "市町名": "河北郡津幡町", "住所": "字相窪レ11乙" }, "geometry": { "type": "Point", "coordinates": [ 136.791027777777998, 36.647305555555597 ] } },
{ "type": "Feature", "properties": { "name": "シシマイダ池", "(1)ｺｰﾄﾞ番": "173610129", "(2)読み": "ししまいだいけ", "県名": "石川県", "市町名": "河北郡津幡町", "住所": "字北横根レ14乙" }, "geometry": { "type": "Point", "coordinates": [ 136.79269444444401, 36.647194444444402 ] } },
{ "type": "Feature", "properties": { "name": "池田の池", "(1)ｺｰﾄﾞ番": "173610130", "(2)読み": "いけだのいけ", "県名": "石川県", "市町名": "河北郡津幡町", "住所": "字相窪レ52、53甲、53乙、54" }, "geometry": { "type": "Point", "coordinates": [ 136.795472222222003, 36.646277777777797 ] } },
{ "type": "Feature", "properties": { "name": "三百刈の池", "(1)ｺｰﾄﾞ番": "173610131", "(2)読み": "さんびゃくかりのいけ", "県名": "石川県", "市町名": "河北郡津幡町", "住所": "字相窪ヲ7戌" }, "geometry": { "type": "Point", "coordinates": [ 136.795305555556013, 36.6475 ] } },
{ "type": "Feature", "properties": { "name": "日ノ木池", "(1)ｺｰﾄﾞ番": "173610133", "(2)読み": "ひのきいけ", "県名": "石川県", "市町名": "河北郡津幡町", "住所": "字種東188-1,188-2" }, "geometry": { "type": "Point", "coordinates": [ 136.766888888889014, 36.723944444444399 ] } },
{ "type": "Feature", "properties": { "name": "三郎どん池", "(1)ｺｰﾄﾞ番": "173610134", "(2)読み": "さぶろうどんいけ", "県名": "石川県", "市町名": "河北郡津幡町", "住所": "字種東178-2" }, "geometry": { "type": "Point", "coordinates": [ 136.76527777777801, 36.722972222222197 ] } },
{ "type": "Feature", "properties": { "name": "北山池", "(1)ｺｰﾄﾞ番": "173610135", "(2)読み": "きたやまいけ", "県名": "石川県", "市町名": "河北郡津幡町", "住所": "字種子1015" }, "geometry": { "type": "Point", "coordinates": [ 136.759138888888998, 36.728916666666699 ] } },
{ "type": "Feature", "properties": { "name": "池田の池", "(1)ｺｰﾄﾞ番": "173610136", "(2)読み": "いけだのいけ", "県名": "石川県", "市町名": "河北郡津幡町", "住所": "字仮生252" }, "geometry": { "type": "Point", "coordinates": [ 136.781555555555997, 36.648666666666699 ] } },
{ "type": "Feature", "properties": { "name": "竹の谷内池", "(1)ｺｰﾄﾞ番": "173610137", "(2)読み": "たけのたにうちいけ", "県名": "石川県", "市町名": "河北郡津幡町", "住所": "字仮生子6-1" }, "geometry": { "type": "Point", "coordinates": [ 136.767583333332993, 36.646166666666701 ] } },
{ "type": "Feature", "properties": { "name": "宮の前池", "(1)ｺｰﾄﾞ番": "173610138", "(2)読み": "みやのまえいけ", "県名": "石川県", "市町名": "河北郡津幡町", "住所": "字岩崎イ110" }, "geometry": { "type": "Point", "coordinates": [ 136.775916666667001, 36.677888888888901 ] } },
{ "type": "Feature", "properties": { "name": "谷内池", "(1)ｺｰﾄﾞ番": "173610139", "(2)読み": "やちいけ", "県名": "石川県", "市町名": "河北郡津幡町", "住所": "字岩崎へ118-1" }, "geometry": { "type": "Point", "coordinates": [ 136.773027777777997, 36.676388888888901 ] } },
{ "type": "Feature", "properties": { "name": "トンニヤ谷内池", "(1)ｺｰﾄﾞ番": "173610140", "(2)読み": "とんにややちいけ", "県名": "石川県", "市町名": "河北郡津幡町", "住所": "字岩崎イ149乙" }, "geometry": { "type": "Point", "coordinates": [ 136.7745, 36.6786666666667 ] } },
{ "type": "Feature", "properties": { "name": "中野谷内池", "(1)ｺｰﾄﾞ番": "173610141", "(2)読み": "なかのやちいけ", "県名": "石川県", "市町名": "河北郡津幡町", "住所": "字田屋ツ50,51,53" }, "geometry": { "type": "Point", "coordinates": [ 136.774388888889007, 36.678777777777803 ] } },
{ "type": "Feature", "properties": { "name": "小峰池", "(1)ｺｰﾄﾞ番": "173610142", "(2)読み": "こみねいけ", "県名": "石川県", "市町名": "河北郡津幡町", "住所": "字興津ノ23-1、-2、-3" }, "geometry": { "type": "Point", "coordinates": [ 136.779333333333, 36.726972222222201 ] } },
{ "type": "Feature", "properties": { "name": "八田池", "(1)ｺｰﾄﾞ番": "173610143", "(2)読み": "はったいけ", "県名": "石川県", "市町名": "河北郡津幡町", "住所": "字興津ク51-1、52-1、52-2" }, "geometry": { "type": "Point", "coordinates": [ 136.78177777777799, 36.72625 ] } },
{ "type": "Feature", "properties": { "name": "折戸池", "(1)ｺｰﾄﾞ番": "173610144", "(2)読み": "おりといけ", "県名": "石川県", "市町名": "河北郡津幡町", "住所": "字興津井13" }, "geometry": { "type": "Point", "coordinates": [ 136.7745, 36.7301944444444 ] } },
{ "type": "Feature", "properties": { "name": "芹谷池", "(1)ｺｰﾄﾞ番": "173610145", "(2)読み": "せりだにいけ", "県名": "石川県", "市町名": "河北郡津幡町", "住所": "字興津シ44-2、48-2、62" }, "geometry": { "type": "Point", "coordinates": [ 136.788138888888994, 36.727222222222203 ] } },
{ "type": "Feature", "properties": { "name": "蛇目池", "(1)ｺｰﾄﾞ番": "173610146", "(2)読み": "じゃもくいけ", "県名": "石川県", "市町名": "河北郡津幡町", "住所": "字下河合ラ2" }, "geometry": { "type": "Point", "coordinates": [ 136.786, 36.731166666666702 ] } },
{ "type": "Feature", "properties": { "name": "蛇喰池", "(1)ｺｰﾄﾞ番": "173610147", "(2)読み": "じゃくいいけ", "県名": "石川県", "市町名": "河北郡津幡町", "住所": "字興津イ88" }, "geometry": { "type": "Point", "coordinates": [ 136.781472222221993, 36.730055555555602 ] } },
{ "type": "Feature", "properties": { "name": "長池", "(1)ｺｰﾄﾞ番": "173610148", "(2)読み": "ながいけ", "県名": "石川県", "市町名": "河北郡津幡町", "住所": "字下河合ラ62" }, "geometry": { "type": "Point", "coordinates": [ 136.787333333333009, 36.730416666666699 ] } },
{ "type": "Feature", "properties": { "name": "娚池", "(1)ｺｰﾄﾞ番": "173610151", "(2)読み": "めおといけ", "県名": "石川県", "市町名": "河北郡津幡町", "住所": "字池ヶ原西79" }, "geometry": { "type": "Point", "coordinates": [ 136.77797222222199, 36.715472222222203 ] } },
{ "type": "Feature", "properties": { "name": "八郎池", "(1)ｺｰﾄﾞ番": "173610152", "(2)読み": "はちろういけ", "県名": "石川県", "市町名": "河北郡津幡町", "住所": "字池ヶ原ラ11-1" }, "geometry": { "type": "Point", "coordinates": [ 136.789222222222008, 36.720888888888901 ] } },
{ "type": "Feature", "properties": { "name": "裏谷池", "(1)ｺｰﾄﾞ番": "173610153", "(2)読み": "うらたにいけ", "県名": "石川県", "市町名": "河北郡津幡町", "住所": "字池ヶ原ロ22" }, "geometry": { "type": "Point", "coordinates": [ 136.78325, 36.713111111111097 ] } },
{ "type": "Feature", "properties": { "name": "崖下池", "(1)ｺｰﾄﾞ番": "173610154", "(2)読み": "がけしたいけ", "県名": "石川県", "市町名": "河北郡津幡町", "住所": "字池ヶ原へ101" }, "geometry": { "type": "Point", "coordinates": [ 136.78025, 36.713111111111097 ] } },
{ "type": "Feature", "properties": { "name": "乙坂池", "(1)ｺｰﾄﾞ番": "173610155", "(2)読み": null, "県名": "石川県", "市町名": "河北郡津幡町", "住所": "字池ヶ原121-1,121-8～12" }, "geometry": { "type": "Point", "coordinates": [ 136.776972222222014, 36.7205 ] } },
{ "type": "Feature", "properties": { "name": "大谷内池", "(1)ｺｰﾄﾞ番": "173610156", "(2)読み": "おおたにうちいけ", "県名": "石川県", "市町名": "河北郡津幡町", "住所": "字池ヶ原ト97-1～5" }, "geometry": { "type": "Point", "coordinates": [ 136.778222222222013, 36.7143333333333 ] } },
{ "type": "Feature", "properties": { "name": "御見坂池", "(1)ｺｰﾄﾞ番": "173610160", "(2)読み": "おやんざかいけ", "県名": "石川県", "市町名": "河北郡津幡町", "住所": "字上河合ヌ86" }, "geometry": { "type": "Point", "coordinates": [ 136.796888888888986, 36.732583333333302 ] } },
{ "type": "Feature", "properties": { "name": "ずん池", "(1)ｺｰﾄﾞ番": "173610162", "(2)読み": "ずんいけ", "県名": "石川県", "市町名": "河北郡津幡町", "住所": "字上河合ヲ12丁" }, "geometry": { "type": "Point", "coordinates": [ 136.801972222221991, 36.731305555555601 ] } },
{ "type": "Feature", "properties": { "name": "一の谷池　", "(1)ｺｰﾄﾞ番": "173610164", "(2)読み": "いちのたにいけ", "県名": "石川県", "市町名": "河北郡津幡町", "住所": "字牛首サ24,25,26,35" }, "geometry": { "type": "Point", "coordinates": [ 136.819388888888994, 36.732111111111102 ] } },
{ "type": "Feature", "properties": { "name": "宮地上池", "(1)ｺｰﾄﾞ番": "173610167", "(2)読み": "みやちかみいけ", "県名": "石川県", "市町名": "河北郡津幡町", "住所": "字牛首シ85" }, "geometry": { "type": "Point", "coordinates": [ 136.832666666666995, 36.749777777777801 ] } },
{ "type": "Feature", "properties": { "name": "トッタン池", "(1)ｺｰﾄﾞ番": "173610168", "(2)読み": "とったんいけ", "県名": "石川県", "市町名": "河北郡津幡町", "住所": "字牛首タ84" }, "geometry": { "type": "Point", "coordinates": [ 136.827305555555995, 36.744527777777797 ] } },
{ "type": "Feature", "properties": { "name": "青石上池", "(1)ｺｰﾄﾞ番": "173610169", "(2)読み": "あおいしかみいけ", "県名": "石川県", "市町名": "河北郡津幡町", "住所": "字牛首テ54" }, "geometry": { "type": "Point", "coordinates": [ 136.824222222222005, 36.736388888888897 ] } },
{ "type": "Feature", "properties": { "name": "入道池", "(1)ｺｰﾄﾞ番": "173610172", "(2)読み": "にゅうどういけ", "県名": "石川県", "市町名": "河北郡津幡町", "住所": "字牛首" }, "geometry": { "type": "Point", "coordinates": [ 136.837472222222004, 36.760666666666701 ] } },
{ "type": "Feature", "properties": { "name": "宮地下池", "(1)ｺｰﾄﾞ番": "173610174", "(2)読み": "みやちしもいけ", "県名": "石川県", "市町名": "河北郡津幡町", "住所": "字牛首ヱ166" }, "geometry": { "type": "Point", "coordinates": [ 136.830194444444004, 36.748777777777804 ] } },
{ "type": "Feature", "properties": { "name": "南谷池", "(1)ｺｰﾄﾞ番": "173610176", "(2)読み": "みなみたにいけ", "県名": "石川県", "市町名": "河北郡津幡町", "住所": "字常徳ホ1乙、2・3合併4,8・9・10合併、11,12" }, "geometry": { "type": "Point", "coordinates": [ 136.79275, 36.637166666666701 ] } },
{ "type": "Feature", "properties": { "name": "塩田池", "(1)ｺｰﾄﾞ番": "173610177", "(2)読み": "しおたいけ", "県名": "石川県", "市町名": "河北郡津幡町", "住所": "字常徳ニ108,109,110-1.110-2" }, "geometry": { "type": "Point", "coordinates": [ 136.792083333333011, 36.636083333333303 ] } },
{ "type": "Feature", "properties": { "name": "西谷上池　", "(1)ｺｰﾄﾞ番": "173610181", "(2)読み": "にしやかみいけ", "県名": "石川県", "市町名": "河北郡津幡町", "住所": "字常徳ヌ34" }, "geometry": { "type": "Point", "coordinates": [ 136.78797222222201, 36.630861111111102 ] } },
{ "type": "Feature", "properties": { "name": "久保池", "(1)ｺｰﾄﾞ番": "173610182", "(2)読み": "くぼいけ", "県名": "石川県", "市町名": "河北郡津幡町", "住所": "字山森イ49～54、55乙、56-1、57、62-1" }, "geometry": { "type": "Point", "coordinates": [ 136.807083333332997, 36.662472222222199 ] } },
{ "type": "Feature", "properties": { "name": "蛇池", "(1)ｺｰﾄﾞ番": "173610184", "(2)読み": "じゃいけ", "県名": "石川県", "市町名": "河北郡津幡町", "住所": "字下中手16" }, "geometry": { "type": "Point", "coordinates": [ 136.771555555556006, 36.653583333333302 ] } },
{ "type": "Feature", "properties": { "name": "フヤダ池", "(1)ｺｰﾄﾞ番": "173610185", "(2)読み": "ふやだいけ", "県名": "石川県", "市町名": "河北郡津幡町", "住所": "字下中ハ2,3,4-1" }, "geometry": { "type": "Point", "coordinates": [ 136.774861111110994, 36.652916666666698 ] } },
{ "type": "Feature", "properties": { "name": "向谷内池", "(1)ｺｰﾄﾞ番": "173610186", "(2)読み": "むこうやちいけ", "県名": "石川県", "市町名": "河北郡津幡町", "住所": "字下中タ65" }, "geometry": { "type": "Point", "coordinates": [ 136.77852777777801, 36.654583333333299 ] } },
{ "type": "Feature", "properties": { "name": "丸山下池", "(1)ｺｰﾄﾞ番": "173610189", "(2)読み": "まるやましもいけ", "県名": "石川県", "市町名": "河北郡津幡町", "住所": "字河内114～120、122～127、129,130" }, "geometry": { "type": "Point", "coordinates": [ 136.803333333333001, 36.6760555555555 ] } },
{ "type": "Feature", "properties": { "name": "丸山上池", "(1)ｺｰﾄﾞ番": "173610190", "(2)読み": "まるやまかみいけ", "県名": "石川県", "市町名": "河北郡津幡町", "住所": "字河内ニ31乙" }, "geometry": { "type": "Point", "coordinates": [ 136.80252777777801, 36.676416666666697 ] } },
{ "type": "Feature", "properties": { "name": "ジャラ池　", "(1)ｺｰﾄﾞ番": "173610191", "(2)読み": "じゃらいけ", "県名": "石川県", "市町名": "河北郡津幡町", "住所": "字河内" }, "geometry": { "type": "Point", "coordinates": [ 136.808416666667, 36.669277777777801 ] } },
{ "type": "Feature", "properties": { "name": "モニ池", "(1)ｺｰﾄﾞ番": "173610193", "(2)読み": "もにいけ", "県名": "石川県", "市町名": "河北郡津幡町", "住所": "字大窪イ98" }, "geometry": { "type": "Point", "coordinates": [ 136.808305555555989, 36.651138888888902 ] } },
{ "type": "Feature", "properties": { "name": "モニ池２", "(1)ｺｰﾄﾞ番": "173610194", "(2)読み": "もにいけに", "県名": "石川県", "市町名": "河北郡津幡町", "住所": "字大窪イ99" }, "geometry": { "type": "Point", "coordinates": [ 136.808611111110991, 36.651027777777799 ] } },
{ "type": "Feature", "properties": { "name": "カメ池", "(1)ｺｰﾄﾞ番": "173610196", "(2)読み": "かめいけ", "県名": "石川県", "市町名": "河北郡津幡町", "住所": "字大窪リ33-1" }, "geometry": { "type": "Point", "coordinates": [ 136.804472222221989, 36.6504166666667 ] } },
{ "type": "Feature", "properties": { "name": "水上池", "(1)ｺｰﾄﾞ番": "173610197", "(2)読み": "みずかみいけ", "県名": "石川県", "市町名": "河北郡津幡町", "住所": "字大窪リ59-4" }, "geometry": { "type": "Point", "coordinates": [ 136.8065, 36.649 ] } },
{ "type": "Feature", "properties": { "name": "保切池", "(1)ｺｰﾄﾞ番": "173610198", "(2)読み": "ぼきりいけ", "県名": "石川県", "市町名": "河北郡津幡町", "住所": "字大窪ロ117" }, "geometry": { "type": "Point", "coordinates": [ 136.804916666666998, 36.647694444444397 ] } },
{ "type": "Feature", "properties": { "name": "三尻池", "(1)ｺｰﾄﾞ番": "173610199", "(2)読み": "みしりいけ", "県名": "石川県", "市町名": "河北郡津幡町", "住所": "字北横根イ123甲、123甲2" }, "geometry": { "type": "Point", "coordinates": [ 136.796777777778004, 36.642 ] } },
{ "type": "Feature", "properties": { "name": "ヒノゴ池", "(1)ｺｰﾄﾞ番": "173610200", "(2)読み": "ひのごいけ", "県名": "石川県", "市町名": "河北郡津幡町", "住所": "字北横根イ167-1,240-3" }, "geometry": { "type": "Point", "coordinates": [ 136.797361111111002, 36.641722222222199 ] } },
{ "type": "Feature", "properties": { "name": "御手洗池", "(1)ｺｰﾄﾞ番": "173610201", "(2)読み": "みたらしいけ", "県名": "石川県", "市町名": "河北郡津幡町", "住所": "字北横根ハ155" }, "geometry": { "type": "Point", "coordinates": [ 136.797555555555988, 36.642472222222203 ] } },
{ "type": "Feature", "properties": { "name": "鮒池", "(1)ｺｰﾄﾞ番": "173610202", "(2)読み": "ふないけ", "県名": "石川県", "市町名": "河北郡津幡町", "住所": "字北横根ハ163番地2" }, "geometry": { "type": "Point", "coordinates": [ 136.796194444444012, 36.642694444444402 ] } },
{ "type": "Feature", "properties": { "name": "水上池", "(1)ｺｰﾄﾞ番": "173610203", "(2)読み": "みずかみいけ", "県名": "石川県", "市町名": "河北郡津幡町", "住所": "字北横根ハ162" }, "geometry": { "type": "Point", "coordinates": [ 136.796833333333012, 36.643611111111099 ] } },
{ "type": "Feature", "properties": { "name": "カンヌキ池", "(1)ｺｰﾄﾞ番": "173610204", "(2)読み": "かんぬきいけ", "県名": "石川県", "市町名": "河北郡津幡町", "住所": "字北横根" }, "geometry": { "type": "Point", "coordinates": [ 136.798194444443993, 36.64375 ] } },
{ "type": "Feature", "properties": { "name": "四辻池", "(1)ｺｰﾄﾞ番": "173610205", "(2)読み": "よつつじいけ", "県名": "石川県", "市町名": "河北郡津幡町", "住所": "字北横根ハ134" }, "geometry": { "type": "Point", "coordinates": [ 136.799027777778008, 36.644027777777801 ] } },
{ "type": "Feature", "properties": { "name": "北谷池", "(1)ｺｰﾄﾞ番": "173610207", "(2)読み": "きただにいけ", "県名": "石川県", "市町名": "河北郡津幡町", "住所": "字北横根ハ218,219,220" }, "geometry": { "type": "Point", "coordinates": [ 136.798638888889002, 36.645638888888897 ] } },
{ "type": "Feature", "properties": { "name": "三枚田池", "(1)ｺｰﾄﾞ番": "173610208", "(2)読み": "さんまいだいけ", "県名": "石川県", "市町名": "河北郡津幡町", "住所": "字北横根ハ275～278" }, "geometry": { "type": "Point", "coordinates": [ 136.797277777777992, 36.644861111111098 ] } },
{ "type": "Feature", "properties": { "name": "スズノゴ池", "(1)ｺｰﾄﾞ番": "173610209", "(2)読み": "すずのごいけ", "県名": "石川県", "市町名": "河北郡津幡町", "住所": "字北横根イ100" }, "geometry": { "type": "Point", "coordinates": [ 136.797666666666998, 36.6403888888889 ] } },
{ "type": "Feature", "properties": { "name": "北谷小池", "(1)ｺｰﾄﾞ番": "173610210", "(2)読み": "きただにこいけ", "県名": "石川県", "市町名": "河北郡津幡町", "住所": "字北横根ハ267" }, "geometry": { "type": "Point", "coordinates": [ 136.798027777778003, 36.6451944444444 ] } },
{ "type": "Feature", "properties": { "name": "二ツ屋下池", "(1)ｺｰﾄﾞ番": "173610211", "(2)読み": "ふたつやしもいけ", "県名": "石川県", "市町名": "河北郡津幡町", "住所": "字北横根ハ52-1,52-3" }, "geometry": { "type": "Point", "coordinates": [ 136.799305555556003, 36.645694444444402 ] } },
{ "type": "Feature", "properties": { "name": "ドノキ池", "(1)ｺｰﾄﾞ番": "173610213", "(2)読み": "どのきいけ", "県名": "石川県", "市町名": "河北郡津幡町", "住所": "字北横根イ15" }, "geometry": { "type": "Point", "coordinates": [ 136.798638888889002, 36.639527777777801 ] } },
{ "type": "Feature", "properties": { "name": "ネリヤノ池", "(1)ｺｰﾄﾞ番": "173610214", "(2)読み": "ねりやのいけ", "県名": "石川県", "市町名": "河北郡津幡町", "住所": "字南横根ル5-1,6-1" }, "geometry": { "type": "Point", "coordinates": [ 136.79725, 36.639472222222203 ] } },
{ "type": "Feature", "properties": { "name": "南谷池", "(1)ｺｰﾄﾞ番": "173610215", "(2)読み": "みなみたにいけ", "県名": "石川県", "市町名": "河北郡津幡町", "住所": "字南横根リ31-2、36-2、常徳ホ32-2、36、38-2、40,41,42,43甲、43乙、44" }, "geometry": { "type": "Point", "coordinates": [ 136.79575, 36.636805555555597 ] } },
{ "type": "Feature", "properties": { "name": "下池", "(1)ｺｰﾄﾞ番": "173610216", "(2)読み": "しもいけ", "県名": "石川県", "市町名": "河北郡津幡町", "住所": "字南横根ホ125～129" }, "geometry": { "type": "Point", "coordinates": [ 136.796083333333002, 36.635833333333302 ] } },
{ "type": "Feature", "properties": { "name": "中池", "(1)ｺｰﾄﾞ番": "173610217", "(2)読み": "なかいけ", "県名": "石川県", "市町名": "河北郡津幡町", "住所": "字南横根ホ135～152、162" }, "geometry": { "type": "Point", "coordinates": [ 136.795805555556001, 36.634888888888902 ] } },
{ "type": "Feature", "properties": { "name": "中野谷内池", "(1)ｺｰﾄﾞ番": "173610218", "(2)読み": "なかのたにうちいけ", "県名": "石川県", "市町名": "河北郡津幡町", "住所": "字大熊ワ19" }, "geometry": { "type": "Point", "coordinates": [ 136.773583333332994, 36.713 ] } },
{ "type": "Feature", "properties": { "name": "しょうぶ池", "(1)ｺｰﾄﾞ番": "173610219", "(2)読み": "しょうぶいけ", "県名": "石川県", "市町名": "河北郡津幡町", "住所": "字大熊59" }, "geometry": { "type": "Point", "coordinates": [ 136.773333333332999, 36.710972222222203 ] } },
{ "type": "Feature", "properties": { "name": "越登池", "(1)ｺｰﾄﾞ番": "173610220", "(2)読み": "こいといけ", "県名": "石川県", "市町名": "河北郡津幡町", "住所": "字大熊94" }, "geometry": { "type": "Point", "coordinates": [ 136.775194444443997, 36.711944444444399 ] } },
{ "type": "Feature", "properties": { "name": "松ノ本池", "(1)ｺｰﾄﾞ番": "173610221", "(2)読み": "まつのもといけ", "県名": "石川県", "市町名": "河北郡津幡町", "住所": "字大熊ハ69-1、69-5、151-3、164乙、171,172" }, "geometry": { "type": "Point", "coordinates": [ 136.776638888889011, 36.711472222222199 ] } },
{ "type": "Feature", "properties": { "name": "二枚田池", "(1)ｺｰﾄﾞ番": "173610222", "(2)読み": "にまいだいけ", "県名": "石川県", "市町名": "河北郡津幡町", "住所": "字大熊新135" }, "geometry": { "type": "Point", "coordinates": [ 136.777833333333007, 36.711166666666699 ] } },
{ "type": "Feature", "properties": { "name": "原谷池", "(1)ｺｰﾄﾞ番": "173610225", "(2)読み": "はらだにいけ", "県名": "石川県", "市町名": "河北郡津幡町", "住所": "字大熊20～24、28～31" }, "geometry": { "type": "Point", "coordinates": [ 136.778388888888998, 36.7117222222222 ] } },
{ "type": "Feature", "properties": { "name": "大窪池", "(1)ｺｰﾄﾞ番": "173610226", "(2)読み": "おおくぼいけ", "県名": "石川県", "市町名": "河北郡津幡町", "住所": "字大熊ニ46" }, "geometry": { "type": "Point", "coordinates": [ 136.779861111110989, 36.710972222222203 ] } },
{ "type": "Feature", "properties": { "name": "丸山上池　", "(1)ｺｰﾄﾞ番": "173610227", "(2)読み": "まるやまかみいけ", "県名": "石川県", "市町名": "河北郡津幡町", "住所": "字吉倉ク14" }, "geometry": { "type": "Point", "coordinates": [ 136.771416666666994, 36.702777777777797 ] } },
{ "type": "Feature", "properties": { "name": "丸山下池　", "(1)ｺｰﾄﾞ番": "173610228", "(2)読み": null, "県名": "石川県", "市町名": "河北郡津幡町", "住所": "字吉倉ク12" }, "geometry": { "type": "Point", "coordinates": [ 136.771416666666994, 36.702777777777797 ] } },
{ "type": "Feature", "properties": { "name": "山根下池", "(1)ｺｰﾄﾞ番": "173610229", "(2)読み": "さんねしもいけ", "県名": "石川県", "市町名": "河北郡津幡町", "住所": "字吉倉ミ22巳" }, "geometry": { "type": "Point", "coordinates": [ 136.77388888888899, 36.705083333333299 ] } },
{ "type": "Feature", "properties": { "name": "山根中池", "(1)ｺｰﾄﾞ番": "173610230", "(2)読み": "さんねなかいけ", "県名": "石川県", "市町名": "河北郡津幡町", "住所": "字吉倉ミ22庚" }, "geometry": { "type": "Point", "coordinates": [ 136.77408333333301, 36.705055555555603 ] } },
{ "type": "Feature", "properties": { "name": "ボヤシキ池", "(1)ｺｰﾄﾞ番": "173610232", "(2)読み": "ぼやしきいけ", "県名": "石川県", "市町名": "河北郡津幡町", "住所": "字吉倉メ84乙" }, "geometry": { "type": "Point", "coordinates": [ 136.773361111111001, 36.699916666666702 ] } },
{ "type": "Feature", "properties": { "name": "藤ノキ池", "(1)ｺｰﾄﾞ番": "173610233", "(2)読み": "ふじのきいけ", "県名": "石川県", "市町名": "河北郡津幡町", "住所": "字吉倉サ30乙" }, "geometry": { "type": "Point", "coordinates": [ 136.775138888888989, 36.695444444444398 ] } },
{ "type": "Feature", "properties": { "name": "和谷谷内池", "(1)ｺｰﾄﾞ番": "173610235", "(2)読み": "かだがやちいけ", "県名": "石川県", "市町名": "河北郡津幡町", "住所": "字吉倉サ22乙" }, "geometry": { "type": "Point", "coordinates": [ 136.776472222221997, 36.69725 ] } },
{ "type": "Feature", "properties": { "name": "大谷内池　", "(1)ｺｰﾄﾞ番": "173610236", "(2)読み": "おおやちいけ", "県名": "石川県", "市町名": "河北郡津幡町", "住所": "字鳥屋尾へ55～71" }, "geometry": { "type": "Point", "coordinates": [ 136.785916666666992, 36.6984722222222 ] } },
{ "type": "Feature", "properties": { "name": "薦谷池", "(1)ｺｰﾄﾞ番": "173610237", "(2)読み": "こもだにいけ", "県名": "石川県", "市町名": "河北郡津幡町", "住所": "字鳥屋尾オ15" }, "geometry": { "type": "Point", "coordinates": [ 136.791194444443988, 36.698222222222199 ] } },
{ "type": "Feature", "properties": { "name": "堀田池", "(1)ｺｰﾄﾞ番": "173610239", "(2)読み": "ほったいけ", "県名": "石川県", "市町名": "河北郡津幡町", "住所": "字鳥屋尾リ99-1,99-2,97-1,97-2" }, "geometry": { "type": "Point", "coordinates": [ 136.792305555555998, 36.69575 ] } },
{ "type": "Feature", "properties": { "name": "どぶ池", "(1)ｺｰﾄﾞ番": "173610240", "(2)読み": "どぶいけ", "県名": "石川県", "市町名": "河北郡津幡町", "住所": "字市谷東44" }, "geometry": { "type": "Point", "coordinates": [ 136.794361111110987, 36.701722222222202 ] } },
{ "type": "Feature", "properties": { "name": "池尻池", "(1)ｺｰﾄﾞ番": "173610241", "(2)読み": "いけじりいけ", "県名": "石川県", "市町名": "河北郡津幡町", "住所": "字市谷" }, "geometry": { "type": "Point", "coordinates": [ 136.803111111111008, 36.704194444444397 ] } },
{ "type": "Feature", "properties": { "name": "峯池", "(1)ｺｰﾄﾞ番": "173610242", "(2)読み": "みねいけ", "県名": "石川県", "市町名": "河北郡津幡町", "住所": "字市谷" }, "geometry": { "type": "Point", "coordinates": [ 136.802472222222008, 36.704555555555601 ] } },
{ "type": "Feature", "properties": { "name": "ホサワラ池", "(1)ｺｰﾄﾞ番": "173610243", "(2)読み": "ほさわらいけ", "県名": "石川県", "市町名": "河北郡津幡町", "住所": "字市谷" }, "geometry": { "type": "Point", "coordinates": [ 136.802277777777988, 36.703277777777799 ] } },
{ "type": "Feature", "properties": { "name": "文助池", "(1)ｺｰﾄﾞ番": "173610244", "(2)読み": "ぶんすけいけ", "県名": "石川県", "市町名": "河北郡津幡町", "住所": "字市谷" }, "geometry": { "type": "Point", "coordinates": [ 136.801444444444002, 36.70275 ] } },
{ "type": "Feature", "properties": { "name": "興塚池", "(1)ｺｰﾄﾞ番": "173610245", "(2)読み": "きょうづかいけ", "県名": "石川県", "市町名": "河北郡津幡町", "住所": "字市谷弐０8乙" }, "geometry": { "type": "Point", "coordinates": [ 136.7985, 36.705222222222197 ] } },
{ "type": "Feature", "properties": { "name": "くまだか池", "(1)ｺｰﾄﾞ番": "173610246", "(2)読み": "くまだかいけ", "県名": "石川県", "市町名": "河北郡津幡町", "住所": "字市谷弐四34乙" }, "geometry": { "type": "Point", "coordinates": [ 136.7985, 36.706666666666699 ] } },
{ "type": "Feature", "properties": { "name": "仲間池", "(1)ｺｰﾄﾞ番": "173610247", "(2)読み": "なかまいけ", "県名": "石川県", "市町名": "河北郡津幡町", "住所": "字市谷七26乙" }, "geometry": { "type": "Point", "coordinates": [ 136.797583333332994, 36.7062777777778 ] } },
{ "type": "Feature", "properties": { "name": "西浦池", "(1)ｺｰﾄﾞ番": "173610248", "(2)読み": "にしうらいけ", "県名": "石川県", "市町名": "河北郡津幡町", "住所": "字市谷七10乙" }, "geometry": { "type": "Point", "coordinates": [ 136.795833333333007, 36.705138888888897 ] } },
{ "type": "Feature", "properties": { "name": "牧池", "(1)ｺｰﾄﾞ番": "173610249", "(2)読み": "まきいけ", "県名": "石川県", "市町名": "河北郡津幡町", "住所": "字市谷ヨ4・5-2合併、5-1" }, "geometry": { "type": "Point", "coordinates": [ 136.79525, 36.706972222222198 ] } },
{ "type": "Feature", "properties": { "name": "新池", "(1)ｺｰﾄﾞ番": "173610250", "(2)読み": "しんいけ", "県名": "石川県", "市町名": "河北郡津幡町", "住所": "字市谷六9-2、10-2、11、12-2、17-2、17-4、18、19-1、19-2" }, "geometry": { "type": "Point", "coordinates": [ 136.792194444443993, 36.707111111111097 ] } },
{ "type": "Feature", "properties": { "name": "宮の高上池", "(1)ｺｰﾄﾞ番": "173610251", "(2)読み": "みやのたかうえいけ", "県名": "石川県", "市町名": "河北郡津幡町", "住所": "字上大田宮21番" }, "geometry": { "type": "Point", "coordinates": [ 136.78397222222199, 36.747861111111099 ] } },
{ "type": "Feature", "properties": { "name": "大峯大池", "(1)ｺｰﾄﾞ番": "173610255", "(2)読み": "おおみねおおいけ", "県名": "石川県", "市町名": "河北郡津幡町", "住所": "字上大田宮1番" }, "geometry": { "type": "Point", "coordinates": [ 136.787666666667008, 36.747361111111097 ] } },
{ "type": "Feature", "properties": { "name": "大峯口池４号", "(1)ｺｰﾄﾞ番": "173610259", "(2)読み": null, "県名": "石川県", "市町名": "河北郡津幡町", "住所": "字上大田宮15、ヰ108" }, "geometry": { "type": "Point", "coordinates": [ 136.787666666667008, 36.745361111111102 ] } },
{ "type": "Feature", "properties": { "name": "大峯奥池", "(1)ｺｰﾄﾞ番": "173610260", "(2)読み": "おおみねおくいけ", "県名": "石川県", "市町名": "河北郡津幡町", "住所": "字上大田" }, "geometry": { "type": "Point", "coordinates": [ 136.789638888888987, 36.746888888888897 ] } },
{ "type": "Feature", "properties": { "name": "仏瀬池", "(1)ｺｰﾄﾞ番": "173610261", "(2)読み": "ぶっせいけ", "県名": "石川県", "市町名": "河北郡津幡町", "住所": "字上大田オ1018-1" }, "geometry": { "type": "Point", "coordinates": [ 136.78516666666701, 36.744666666666703 ] } },
{ "type": "Feature", "properties": { "name": "京中下池", "(1)ｺｰﾄﾞ番": "173610262", "(2)読み": "きょうなかしもいけ", "県名": "石川県", "市町名": "河北郡津幡町", "住所": "字上大田オ40" }, "geometry": { "type": "Point", "coordinates": [ 136.785, 36.745388888888897 ] } },
{ "type": "Feature", "properties": { "name": "あまらべ下池", "(1)ｺｰﾄﾞ番": "173610264", "(2)読み": "あまらべしもいけ", "県名": "石川県", "市町名": "河北郡津幡町", "住所": "字上大田雨23" }, "geometry": { "type": "Point", "coordinates": [ 136.784111111111002, 36.744611111111098 ] } },
{ "type": "Feature", "properties": { "name": "蛇豆池", "(1)ｺｰﾄﾞ番": "173610267", "(2)読み": "じゃまめいけ", "県名": "石川県", "市町名": "河北郡津幡町", "住所": "字上大田エ3甲" }, "geometry": { "type": "Point", "coordinates": [ 136.771555555556006, 36.740888888888897 ] } },
{ "type": "Feature", "properties": { "name": "笹尾下池", "(1)ｺｰﾄﾞ番": "173610268", "(2)読み": "ささおしもいけ", "県名": "石川県", "市町名": "河北郡津幡町", "住所": "字上大田笹1" }, "geometry": { "type": "Point", "coordinates": [ 136.769111111110988, 36.743083333333303 ] } },
{ "type": "Feature", "properties": { "name": "蛇目池", "(1)ｺｰﾄﾞ番": "173610279", "(2)読み": "じゃめいけ", "県名": "石川県", "市町名": "河北郡津幡町", "住所": "字下河合ム13" }, "geometry": { "type": "Point", "coordinates": [ 136.790805555556005, 36.730138888888902 ] } },
{ "type": "Feature", "properties": { "name": "一枚田池", "(1)ｺｰﾄﾞ番": "173610280", "(2)読み": "いちまいだいけ", "県名": "石川県", "市町名": "河北郡津幡町", "住所": "字下河合辺の部" }, "geometry": { "type": "Point", "coordinates": [ 136.79175, 36.7441666666667 ] } },
{ "type": "Feature", "properties": { "name": "向池", "(1)ｺｰﾄﾞ番": "173610281", "(2)読み": "むかいいけ", "県名": "石川県", "市町名": "河北郡津幡町", "住所": "字下河合ウ79" }, "geometry": { "type": "Point", "coordinates": [ 136.792861111110994, 36.730361111111101 ] } },
{ "type": "Feature", "properties": { "name": "追分池", "(1)ｺｰﾄﾞ番": "173610282", "(2)読み": "おいわけいけ", "県名": "石川県", "市町名": "河北郡津幡町", "住所": "字下河合ム62" }, "geometry": { "type": "Point", "coordinates": [ 136.791888888888991, 36.729666666666702 ] } },
{ "type": "Feature", "properties": { "name": "ガバ池（惣呂見大池）", "(1)ｺｰﾄﾞ番": "173610283", "(2)読み": "がばいけ", "県名": "石川県", "市町名": "河北郡津幡町", "住所": "字下河合ム69,70,75" }, "geometry": { "type": "Point", "coordinates": [ 136.791972222222, 36.728916666666699 ] } },
{ "type": "Feature", "properties": { "name": "ワンダシ池　", "(1)ｺｰﾄﾞ番": "173610284", "(2)読み": "わんだしいけ", "県名": "石川県", "市町名": "河北郡津幡町", "住所": "字下河合地内" }, "geometry": { "type": "Point", "coordinates": [ 136.790861111111013, 36.727916666666701 ] } },
{ "type": "Feature", "properties": { "name": "フギ谷池", "(1)ｺｰﾄﾞ番": "173610285", "(2)読み": "ふぎたにいけ", "県名": "石川県", "市町名": "河北郡津幡町", "住所": "字下河合ヌ229" }, "geometry": { "type": "Point", "coordinates": [ 136.787, 36.742694444444403 ] } },
{ "type": "Feature", "properties": { "name": "細畑上池（金田上池）", "(1)ｺｰﾄﾞ番": "173610286", "(2)読み": null, "県名": "石川県", "市町名": "河北郡津幡町", "住所": "字下河合子1038,1039" }, "geometry": { "type": "Point", "coordinates": [ 136.788555555556002, 36.739277777777801 ] } },
{ "type": "Feature", "properties": { "name": "細畑下池（金田下池）", "(1)ｺｰﾄﾞ番": "173610287", "(2)読み": null, "県名": "石川県", "市町名": "河北郡津幡町", "住所": "字下河合ト17-1" }, "geometry": { "type": "Point", "coordinates": [ 136.788555555556002, 36.740083333333303 ] } },
{ "type": "Feature", "properties": { "name": "倉畑下池", "(1)ｺｰﾄﾞ番": "173610288", "(2)読み": null, "県名": "石川県", "市町名": "河北郡津幡町", "住所": "字下河合ト38" }, "geometry": { "type": "Point", "coordinates": [ 136.789694444443995, 36.7400555555556 ] } },
{ "type": "Feature", "properties": { "name": "倉畑上池", "(1)ｺｰﾄﾞ番": "173610289", "(2)読み": null, "県名": "石川県", "市町名": "河北郡津幡町", "住所": "字下河合ト39" }, "geometry": { "type": "Point", "coordinates": [ 136.789833333333007, 36.740083333333303 ] } },
{ "type": "Feature", "properties": { "name": "大沢小池", "(1)ｺｰﾄﾞ番": "173610294", "(2)読み": "おおさわこいけ", "県名": "石川県", "市町名": "河北郡津幡町", "住所": "字下河合ナ7" }, "geometry": { "type": "Point", "coordinates": [ 136.785833333332988, 36.734555555555602 ] } },
{ "type": "Feature", "properties": { "name": "木ノ下下池", "(1)ｺｰﾄﾞ番": "173610296", "(2)読み": "きのしたかみいけしもいけ", "県名": "石川県", "市町名": "河北郡津幡町", "住所": "字小熊ヲ73" }, "geometry": { "type": "Point", "coordinates": [ 136.771777777777999, 36.713527777777799 ] } },
{ "type": "Feature", "properties": { "name": "木ノ下上池", "(1)ｺｰﾄﾞ番": "173610297", "(2)読み": "きのしたかみいけ", "県名": "石川県", "市町名": "河北郡津幡町", "住所": "字小熊ヲ74" }, "geometry": { "type": "Point", "coordinates": [ 136.772055555555994, 36.713638888888902 ] } },
{ "type": "Feature", "properties": { "name": "小谷内池", "(1)ｺｰﾄﾞ番": "173610298", "(2)読み": "こやちいけ", "県名": "石川県", "市町名": "河北郡津幡町", "住所": "字小熊リ104" }, "geometry": { "type": "Point", "coordinates": [ 136.76936111111101, 36.7165 ] } },
{ "type": "Feature", "properties": { "name": "原池", "(1)ｺｰﾄﾞ番": "173610299", "(2)読み": "はらいけ", "県名": "石川県", "市町名": "河北郡津幡町", "住所": "字小熊ヲ61-1" }, "geometry": { "type": "Point", "coordinates": [ 136.770833333333002, 36.713527777777799 ] } },
{ "type": "Feature", "properties": { "name": "中屋敷池　", "(1)ｺｰﾄﾞ番": "173610302", "(2)読み": "なかやしきいけ", "県名": "石川県", "市町名": "河北郡津幡町", "住所": "字小熊カ84-1" }, "geometry": { "type": "Point", "coordinates": [ 136.766722222222, 36.717222222222198 ] } },
{ "type": "Feature", "properties": { "name": "アワラ池", "(1)ｺｰﾄﾞ番": "173610305", "(2)読み": "あわらいけ", "県名": "石川県", "市町名": "河北郡津幡町", "住所": "字菩提寺ラ7乙" }, "geometry": { "type": "Point", "coordinates": [ 136.76916666666699, 36.7396666666667 ] } },
{ "type": "Feature", "properties": { "name": "蛇目池", "(1)ｺｰﾄﾞ番": "173610307", "(2)読み": "じゃめいけ", "県名": "石川県", "市町名": "河北郡津幡町", "住所": "字菩提寺レ7甲、7乙" }, "geometry": { "type": "Point", "coordinates": [ 136.772583333332989, 36.738055555555597 ] } },
{ "type": "Feature", "properties": { "name": "せん開池", "(1)ｺｰﾄﾞ番": "173610308", "(2)読み": "せんかいいけ", "県名": "石川県", "市町名": "河北郡津幡町", "住所": "字倶利伽羅オ11" }, "geometry": { "type": "Point", "coordinates": [ 136.804888888888996, 36.656166666666699 ] } },
{ "type": "Feature", "properties": { "name": "古屋池", "(1)ｺｰﾄﾞ番": "173610309", "(2)読み": "ふるやいけ", "県名": "石川県", "市町名": "河北郡津幡町", "住所": "字倶利伽羅ノ9" }, "geometry": { "type": "Point", "coordinates": [ 136.808777777778005, 36.656944444444399 ] } },
{ "type": "Feature", "properties": { "name": "こもや池", "(1)ｺｰﾄﾞ番": "173610312", "(2)読み": "こもやいけ", "県名": "石川県", "市町名": "河北郡津幡町", "住所": "字倶利伽羅ム7乙" }, "geometry": { "type": "Point", "coordinates": [ 136.811611111111006, 36.664277777777798 ] } },
{ "type": "Feature", "properties": { "name": "お寺池", "(1)ｺｰﾄﾞ番": "173610315", "(2)読み": "おてらいけ", "県名": "石川県", "市町名": "河北郡津幡町", "住所": "字九折リ113-1,113-4" }, "geometry": { "type": "Point", "coordinates": [ 136.81394444444399, 36.675527777777802 ] } },
{ "type": "Feature", "properties": { "name": "お寺上池", "(1)ｺｰﾄﾞ番": "173610316", "(2)読み": "おてらかみいけ", "県名": "石川県", "市町名": "河北郡津幡町", "住所": "字九折ソ6-1" }, "geometry": { "type": "Point", "coordinates": [ 136.81577777777801, 36.677777777777798 ] } },
{ "type": "Feature", "properties": { "name": "屋敷下池", "(1)ｺｰﾄﾞ番": "173610317", "(2)読み": "やしきしもいけ", "県名": "石川県", "市町名": "河北郡津幡町", "住所": "字九折ヌ78丁" }, "geometry": { "type": "Point", "coordinates": [ 136.817388888889013, 36.679333333333297 ] } },
{ "type": "Feature", "properties": { "name": "屋敷上池", "(1)ｺｰﾄﾞ番": "173610318", "(2)読み": "やしきかみいけ", "県名": "石川県", "市町名": "河北郡津幡町", "住所": "字九折ヌ28" }, "geometry": { "type": "Point", "coordinates": [ 136.817916666667003, 36.678861111111097 ] } },
{ "type": "Feature", "properties": { "name": "あねま池", "(1)ｺｰﾄﾞ番": "173610321", "(2)読み": "あねまいけ", "県名": "石川県", "市町名": "河北郡津幡町", "住所": "字九折ヌ202乙" }, "geometry": { "type": "Point", "coordinates": [ 136.818722222221993, 36.680916666666697 ] } },
{ "type": "Feature", "properties": { "name": "しょう原池", "(1)ｺｰﾄﾞ番": "173610322", "(2)読み": "しょうはらいけ", "県名": "石川県", "市町名": "河北郡津幡町", "住所": "字九折ヲ1" }, "geometry": { "type": "Point", "coordinates": [ 136.818694444443992, 36.681333333333299 ] } },
{ "type": "Feature", "properties": { "name": "しょう原上池", "(1)ｺｰﾄﾞ番": "173610324", "(2)読み": "しょうばらかみいけ", "県名": "石川県", "市町名": "河北郡津幡町", "住所": "字九折ヲ17乙" }, "geometry": { "type": "Point", "coordinates": [ 136.819333333332992, 36.6816666666667 ] } },
{ "type": "Feature", "properties": { "name": "堂田下池", "(1)ｺｰﾄﾞ番": "173610325", "(2)読み": "どうだしもいけ", "県名": "石川県", "市町名": "河北郡津幡町", "住所": "字九折ヲ40,51・52合併、103" }, "geometry": { "type": "Point", "coordinates": [ 136.819361111110993, 36.682805555555603 ] } },
{ "type": "Feature", "properties": { "name": "堂田上池", "(1)ｺｰﾄﾞ番": "173610326", "(2)読み": "どうだかみいけ", "県名": "石川県", "市町名": "河北郡津幡町", "住所": "字九折ヲ10-3" }, "geometry": { "type": "Point", "coordinates": [ 136.81986111111101, 36.682555555555602 ] } },
{ "type": "Feature", "properties": { "name": "堂田池", "(1)ｺｰﾄﾞ番": "173610327", "(2)読み": "どうだいけ", "県名": "石川県", "市町名": "河北郡津幡町", "住所": "字九折ヲ111" }, "geometry": { "type": "Point", "coordinates": [ 136.819972222221992, 36.682083333333303 ] } },
{ "type": "Feature", "properties": { "name": "番田池", "(1)ｺｰﾄﾞ番": "173610328", "(2)読み": "ばんだいけ", "県名": "石川県", "市町名": "河北郡津幡町", "住所": "字九折ヲ30.32" }, "geometry": { "type": "Point", "coordinates": [ 136.817916666667003, 36.683194444444403 ] } },
{ "type": "Feature", "properties": { "name": "ひょうき谷池", "(1)ｺｰﾄﾞ番": "173610329", "(2)読み": "ひょうきだにいけ", "県名": "石川県", "市町名": "河北郡津幡町", "住所": "字九折ル27甲2" }, "geometry": { "type": "Point", "coordinates": [ 136.817083333332988, 36.68225 ] } },
{ "type": "Feature", "properties": { "name": "新開池", "(1)ｺｰﾄﾞ番": "173610330", "(2)読み": "しんかいいけ", "県名": "石川県", "市町名": "河北郡津幡町", "住所": "字九折ル12甲、12甲3" }, "geometry": { "type": "Point", "coordinates": [ 136.816222222221995, 36.681611111111103 ] } },
{ "type": "Feature", "properties": { "name": "ウッタ池", "(1)ｺｰﾄﾞ番": "173610331", "(2)読み": "うったいけ", "県名": "石川県", "市町名": "河北郡津幡町", "住所": "字九折へ21戊" }, "geometry": { "type": "Point", "coordinates": [ 136.815055555556, 36.6825 ] } },
{ "type": "Feature", "properties": { "name": "西根上池", "(1)ｺｰﾄﾞ番": "173610334", "(2)読み": "にしねかみいけ", "県名": "石川県", "市町名": "河北郡津幡町", "住所": "字九折ク48,49" }, "geometry": { "type": "Point", "coordinates": [ 136.809611111110996, 36.672027777777799 ] } },
{ "type": "Feature", "properties": { "name": "マタバ池", "(1)ｺｰﾄﾞ番": "173610335", "(2)読み": "またばいけ", "県名": "石川県", "市町名": "河北郡津幡町", "住所": "字九折ク79" }, "geometry": { "type": "Point", "coordinates": [ 136.810388888889008, 36.67125 ] } },
{ "type": "Feature", "properties": { "name": "峠上池", "(1)ｺｰﾄﾞ番": "173610337", "(2)読み": "とおがかみいけ", "県名": "石川県", "市町名": "河北郡津幡町", "住所": "字九折ナ91,92,93甲、118" }, "geometry": { "type": "Point", "coordinates": [ 136.822138888888986, 36.689388888888899 ] } },
{ "type": "Feature", "properties": { "name": "ボクネン田池", "(1)ｺｰﾄﾞ番": "173610339", "(2)読み": "ぼくねんたいけ", "県名": "石川県", "市町名": "河北郡津幡町", "住所": "字九折ナ1-3、6-2、16-2,16-4,18-2,142" }, "geometry": { "type": "Point", "coordinates": [ 136.8185, 36.672333333333299 ] } },
{ "type": "Feature", "properties": { "name": "くらぶね池", "(1)ｺｰﾄﾞ番": "173610340", "(2)読み": "くらぶねいけ", "県名": "石川県", "市町名": "河北郡津幡町", "住所": "字九折ソ144-2,145" }, "geometry": { "type": "Point", "coordinates": [ 136.816944444444005, 36.673805555555603 ] } },
{ "type": "Feature", "properties": { "name": "本屋敷池", "(1)ｺｰﾄﾞ番": "173610341", "(2)読み": "もとやしきいけ", "県名": "石川県", "市町名": "河北郡津幡町", "住所": "字九折ツ206" }, "geometry": { "type": "Point", "coordinates": [ 136.813611111110987, 36.672055555555602 ] } },
{ "type": "Feature", "properties": { "name": "赤坂池", "(1)ｺｰﾄﾞ番": "173610342", "(2)読み": "あかさかいけ", "県名": "石川県", "市町名": "河北郡津幡町", "住所": "字上野" }, "geometry": { "type": "Point", "coordinates": [ 136.797833333332989, 36.678722222222198 ] } },
{ "type": "Feature", "properties": { "name": "新開池", "(1)ｺｰﾄﾞ番": "173610343", "(2)読み": "しんかいいけ", "県名": "石川県", "市町名": "河北郡津幡町", "住所": "字上野タ145,146" }, "geometry": { "type": "Point", "coordinates": [ 136.798666666667003, 36.678138888888903 ] } },
{ "type": "Feature", "properties": { "name": "大岩池", "(1)ｺｰﾄﾞ番": "173610344", "(2)読み": "おおいわいけ", "県名": "石川県", "市町名": "河北郡津幡町", "住所": "字上野タ148、ヲ25～27、28甲、乙丁、29～35、36甲、乙、丙、37甲乙、38-1、38-2、39、40-1、40-2、41～48、49甲、乙、丙、丁、戌、50" }, "geometry": { "type": "Point", "coordinates": [ 136.799305555556003, 36.67725 ] } },
{ "type": "Feature", "properties": { "name": "上の堤", "(1)ｺｰﾄﾞ番": "173610345", "(2)読み": "じょうのつつみ", "県名": "石川県", "市町名": "河北郡津幡町", "住所": "字上野タ153" }, "geometry": { "type": "Point", "coordinates": [ 136.794111111110993, 36.678333333333299 ] } },
{ "type": "Feature", "properties": { "name": "下の堤", "(1)ｺｰﾄﾞ番": "173610346", "(2)読み": "したのつつみ", "県名": "石川県", "市町名": "河北郡津幡町", "住所": "字上野タ152" }, "geometry": { "type": "Point", "coordinates": [ 136.793583333333004, 36.6780277777778 ] } },
{ "type": "Feature", "properties": { "name": "つちはし池", "(1)ｺｰﾄﾞ番": "173610347", "(2)読み": "つちはしいけ", "県名": "石川県", "市町名": "河北郡津幡町", "住所": "字上野ル147" }, "geometry": { "type": "Point", "coordinates": [ 136.7945, 36.6760555555555 ] } },
{ "type": "Feature", "properties": { "name": "城原堤", "(1)ｺｰﾄﾞ番": "173610348", "(2)読み": "じょうばらつつみ", "県名": "石川県", "市町名": "河北郡津幡町", "住所": "字上野リ165" }, "geometry": { "type": "Point", "coordinates": [ 136.789333333332991, 36.676083333333303 ] } },
{ "type": "Feature", "properties": { "name": "坂の尻池", "(1)ｺｰﾄﾞ番": "173610352", "(2)読み": "さかのしりいけ", "県名": "石川県", "市町名": "河北郡津幡町", "住所": "字大畠イ1～7" }, "geometry": { "type": "Point", "coordinates": [ 136.798111111111012, 36.68475 ] } },
{ "type": "Feature", "properties": { "name": "新開池", "(1)ｺｰﾄﾞ番": "173610354", "(2)読み": "しんかいいけ", "県名": "石川県", "市町名": "河北郡津幡町", "住所": "字莇谷リ90,91,92,266" }, "geometry": { "type": "Point", "coordinates": [ 136.797083333333006, 36.688277777777799 ] } },
{ "type": "Feature", "properties": { "name": "おづわ池", "(1)ｺｰﾄﾞ番": "173610355", "(2)読み": "おづわいけ", "県名": "石川県", "市町名": "河北郡津幡町", "住所": "字大畠ト27" }, "geometry": { "type": "Point", "coordinates": [ 136.794333333332986, 36.683916666666697 ] } },
{ "type": "Feature", "properties": { "name": "水上池", "(1)ｺｰﾄﾞ番": "173610356", "(2)読み": "みずかみいけ", "県名": "石川県", "市町名": "河北郡津幡町", "住所": "字坂戸二71丙" }, "geometry": { "type": "Point", "coordinates": [ 136.793166666666991, 36.674611111111098 ] } },
{ "type": "Feature", "properties": { "name": "太田湯池", "(1)ｺｰﾄﾞ番": "173610357", "(2)読み": "おおたばいけ", "県名": "石川県", "市町名": "河北郡津幡町", "住所": "字坂戸ホ22" }, "geometry": { "type": "Point", "coordinates": [ 136.792888888888996, 36.6755833333333 ] } },
{ "type": "Feature", "properties": { "name": "ドイガラ池", "(1)ｺｰﾄﾞ番": "173610358", "(2)読み": "どいがらいけ", "県名": "石川県", "市町名": "河北郡津幡町", "住所": "字坂戸ト43-2,44" }, "geometry": { "type": "Point", "coordinates": [ 136.795777777778, 36.675277777777801 ] } },
{ "type": "Feature", "properties": { "name": "池田池", "(1)ｺｰﾄﾞ番": "173610359", "(2)読み": "いけだいけ", "県名": "石川県", "市町名": "河北郡津幡町", "住所": "字坂戸ロ108" }, "geometry": { "type": "Point", "coordinates": [ 136.79505555555599, 36.674416666666701 ] } },
{ "type": "Feature", "properties": { "name": "雲海池", "(1)ｺｰﾄﾞ番": "173610362", "(2)読み": "うんかいいけ", "県名": "石川県", "市町名": "河北郡津幡町", "住所": "字坂戸ツ9乙" }, "geometry": { "type": "Point", "coordinates": [ 136.802416666667, 36.667416666666703 ] } },
{ "type": "Feature", "properties": { "name": "正窪池", "(1)ｺｰﾄﾞ番": "173610363", "(2)読み": "しょうくぼいけ", "県名": "石川県", "市町名": "河北郡津幡町", "住所": "字刈安ヨ75" }, "geometry": { "type": "Point", "coordinates": [ 136.787055555556009, 36.675388888888897 ] } },
{ "type": "Feature", "properties": { "name": "水落池", "(1)ｺｰﾄﾞ番": "173610364", "(2)読み": "みずおちいけ", "県名": "石川県", "市町名": "河北郡津幡町", "住所": "字刈安ツ28－1,30－3,31,32－4,32乙、子11～14、89～98、200、ツ222" }, "geometry": { "type": "Point", "coordinates": [ 136.791083333333006, 36.674416666666701 ] } },
{ "type": "Feature", "properties": { "name": "堂の上堤", "(1)ｺｰﾄﾞ番": "173610365", "(2)読み": "どうのうえつつみ", "県名": "石川県", "市町名": "河北郡津幡町", "住所": "字越中坂イ75" }, "geometry": { "type": "Point", "coordinates": [ 136.7915, 36.674277777777803 ] } },
{ "type": "Feature", "properties": { "name": "青池", "(1)ｺｰﾄﾞ番": "173610366", "(2)読み": "あおいけ", "県名": "石川県", "市町名": "河北郡津幡町", "住所": "字莇谷ハ147" }, "geometry": { "type": "Point", "coordinates": [ 136.808805555556006, 36.694166666666703 ] } },
{ "type": "Feature", "properties": { "name": "青池1号", "(1)ｺｰﾄﾞ番": "173610367", "(2)読み": "あおいけいちごう", "県名": "石川県", "市町名": "河北郡津幡町", "住所": "字莇谷ハ145" }, "geometry": { "type": "Point", "coordinates": [ 136.808888888888987, 36.693277777777801 ] } },
{ "type": "Feature", "properties": { "name": "番田池", "(1)ｺｰﾄﾞ番": "173610371", "(2)読み": "ばんだいけ", "県名": "石川県", "市町名": "河北郡津幡町", "住所": "字莇谷ロ48" }, "geometry": { "type": "Point", "coordinates": [ 136.809472222222013, 36.684361111111102 ] } },
{ "type": "Feature", "properties": { "name": "あらしき池", "(1)ｺｰﾄﾞ番": "173610374", "(2)読み": "あらしきいけ", "県名": "石川県", "市町名": "河北郡津幡町", "住所": "字莇谷リ189-2" }, "geometry": { "type": "Point", "coordinates": [ 136.80194444444399, 36.68625 ] } },
{ "type": "Feature", "properties": { "name": "龍月高４号池", "(1)ｺｰﾄﾞ番": "173610380", "(2)読み": "こもつきたかよんごう", "県名": "石川県", "市町名": "河北郡津幡町", "住所": "字莇谷ヨ25-4.籠月二11-5" }, "geometry": { "type": "Point", "coordinates": [ 136.793527777777996, 36.689138888888898 ] } },
{ "type": "Feature", "properties": { "name": "佃田池", "(1)ｺｰﾄﾞ番": "173610381", "(2)読み": "つくだいけ", "県名": "石川県", "市町名": "河北郡津幡町", "住所": "字蓮花寺へ33乙" }, "geometry": { "type": "Point", "coordinates": [ 136.785083333333006, 36.694472222222203 ] } },
{ "type": "Feature", "properties": { "name": "南谷内池", "(1)ｺｰﾄﾞ番": "173610382", "(2)読み": "みなみやちいけ", "県名": "石川県", "市町名": "河北郡津幡町", "住所": "字北中条ア8乙" }, "geometry": { "type": "Point", "coordinates": [ 136.734861111111002, 36.656 ] } },
{ "type": "Feature", "properties": { "name": "北谷内池", "(1)ｺｰﾄﾞ番": "173610383", "(2)読み": "きたやちいけ", "県名": "石川県", "市町名": "河北郡津幡町", "住所": "字北中条キ17乙" }, "geometry": { "type": "Point", "coordinates": [ 136.7385, 36.658361111111098 ] } },
{ "type": "Feature", "properties": { "name": "杉田池", "(1)ｺｰﾄﾞ番": "173610385", "(2)読み": "すぎたいけ", "県名": "石川県", "市町名": "河北郡津幡町", "住所": "字彦太郎畠ひ151" }, "geometry": { "type": "Point", "coordinates": [ 136.800694444443991, 36.698083333333301 ] } },
{ "type": "Feature", "properties": { "name": "バンバ池", "(1)ｺｰﾄﾞ番": "173610386", "(2)読み": "ばんばいけ", "県名": "石川県", "市町名": "河北郡津幡町", "住所": "字彦太郎畠ホ29" }, "geometry": { "type": "Point", "coordinates": [ 136.79925, 36.702111111111101 ] } },
{ "type": "Feature", "properties": { "name": "文助池", "(1)ｺｰﾄﾞ番": "173610387", "(2)読み": "ぶんすけいけ", "県名": "石川県", "市町名": "河北郡津幡町", "住所": "字彦太郎畠ホ103" }, "geometry": { "type": "Point", "coordinates": [ 136.8005, 36.700972222222198 ] } },
{ "type": "Feature", "properties": { "name": "勝崎池", "(1)ｺｰﾄﾞ番": "173610388", "(2)読み": "かつさきいけ", "県名": "石川県", "市町名": "河北郡津幡町", "住所": "字彦太郎畠チ177-1" }, "geometry": { "type": "Point", "coordinates": [ 136.797583333332994, 36.698722222222202 ] } },
{ "type": "Feature", "properties": { "name": "水上池", "(1)ｺｰﾄﾞ番": "173610390", "(2)読み": "みずかみいけ", "県名": "石川県", "市町名": "河北郡津幡町", "住所": "字彦太郎畠ホ19" }, "geometry": { "type": "Point", "coordinates": [ 136.799055555556009, 36.700666666666699 ] } },
{ "type": "Feature", "properties": { "name": "稲谷内池", "(1)ｺｰﾄﾞ番": "173610391", "(2)読み": "いねやちいけ", "県名": "石川県", "市町名": "河北郡津幡町", "住所": "字彦太郎畠ハ136" }, "geometry": { "type": "Point", "coordinates": [ 136.803722222222007, 36.700666666666699 ] } },
{ "type": "Feature", "properties": { "name": "三尻池", "(1)ｺｰﾄﾞ番": "173610392", "(2)読み": "みしりいけ", "県名": "石川県", "市町名": "河北郡津幡町", "住所": "字彦太郎畠ひ206" }, "geometry": { "type": "Point", "coordinates": [ 136.801472222222003, 36.701111111111103 ] } },
{ "type": "Feature", "properties": { "name": "奥杉田池", "(1)ｺｰﾄﾞ番": "173610393", "(2)読み": "おくすぎたいけ", "県名": "石川県", "市町名": "河北郡津幡町", "住所": "字彦太郎畠ホ55乙" }, "geometry": { "type": "Point", "coordinates": [ 136.799722222221988, 36.699861111111098 ] } },
{ "type": "Feature", "properties": { "name": "新三郎上池", "(1)ｺｰﾄﾞ番": "173610394", "(2)読み": "しんざぶろうかみいけ", "県名": "石川県", "市町名": "河北郡津幡町", "住所": "字笠池ヶ原リ39" }, "geometry": { "type": "Point", "coordinates": [ 136.812, 36.699722222222199 ] } },
{ "type": "Feature", "properties": { "name": "馬渡上池", "(1)ｺｰﾄﾞ番": "173610397", "(2)読み": "まわたりかみいけ", "県名": "石川県", "市町名": "河北郡津幡町", "住所": "字笠池ヶ原リ43" }, "geometry": { "type": "Point", "coordinates": [ 136.811583333333004, 36.698166666666701 ] } },
{ "type": "Feature", "properties": { "name": "馬渡池", "(1)ｺｰﾄﾞ番": "173610398", "(2)読み": "まわたりいけ", "県名": "石川県", "市町名": "河北郡津幡町", "住所": "字笠池ヶ原ロ15・16合併" }, "geometry": { "type": "Point", "coordinates": [ 136.810805555555987, 36.698027777777803 ] } },
{ "type": "Feature", "properties": { "name": "野田屋敷上池", "(1)ｺｰﾄﾞ番": "173610399", "(2)読み": null, "県名": "石川県", "市町名": "河北郡津幡町", "住所": "字笠池ヶ原" }, "geometry": { "type": "Point", "coordinates": [ 136.808333333332996, 36.696555555555598 ] } },
{ "type": "Feature", "properties": { "name": "野田屋敷池", "(1)ｺｰﾄﾞ番": "173610400", "(2)読み": "のだやしきいけ", "県名": "石川県", "市町名": "河北郡津幡町", "住所": "字笠池ヶ原ニ156" }, "geometry": { "type": "Point", "coordinates": [ 136.808305555555989, 36.696222222222197 ] } },
{ "type": "Feature", "properties": { "name": "中原下池", "(1)ｺｰﾄﾞ番": "173610402", "(2)読み": "ちゅうげんしもいけ", "県名": "石川県", "市町名": "河北郡津幡町", "住所": "字笠池ヶ原二159乙" }, "geometry": { "type": "Point", "coordinates": [ 136.809916666666993, 36.697861111111102 ] } },
{ "type": "Feature", "properties": { "name": "七兵衛地ヶ峰池", "(1)ｺｰﾄﾞ番": "173610405", "(2)読み": "しちべえちがみねいけ", "県名": "石川県", "市町名": "河北郡津幡町", "住所": "字笠池ヶ原リ34-2-2・35合併" }, "geometry": { "type": "Point", "coordinates": [ 136.814444444444007, 36.7 ] } },
{ "type": "Feature", "properties": { "name": "地ヶ峰１号", "(1)ｺｰﾄﾞ番": "173610407", "(2)読み": "ちがみねいちごう", "県名": "石川県", "市町名": "河北郡津幡町", "住所": "字笠池ヶ原リ27-2" }, "geometry": { "type": "Point", "coordinates": [ 136.814027777777994, 36.6998055555555 ] } },
{ "type": "Feature", "properties": { "name": "地ヶ峯2号", "(1)ｺｰﾄﾞ番": "173610408", "(2)読み": "ちがみねにごう", "県名": "石川県", "市町名": "河北郡津幡町", "住所": "字笠池ヶ原リ27-1" }, "geometry": { "type": "Point", "coordinates": [ 136.813888888889011, 36.699083333333299 ] } },
{ "type": "Feature", "properties": { "name": "ハイの池", "(1)ｺｰﾄﾞ番": "173610409", "(2)読み": "はいのいけ", "県名": "石川県", "市町名": "河北郡津幡町", "住所": "字笠池ヶ原ホ132" }, "geometry": { "type": "Point", "coordinates": [ 136.808888888888987, 36.70025 ] } },
{ "type": "Feature", "properties": { "name": "キツネ塚池", "(1)ｺｰﾄﾞ番": "173610410", "(2)読み": "きつねづかいけ", "県名": "石川県", "市町名": "河北郡津幡町", "住所": "字笠池ヶ原ホ133" }, "geometry": { "type": "Point", "coordinates": [ 136.807861111111009, 36.698777777777799 ] } },
{ "type": "Feature", "properties": { "name": "うねくじり池", "(1)ｺｰﾄﾞ番": "173610411", "(2)読み": "うねくじりいけ", "県名": "石川県", "市町名": "河北郡津幡町", "住所": "字笠池ヶ原東44" }, "geometry": { "type": "Point", "coordinates": [ 136.811888888889001, 36.7005 ] } },
{ "type": "Feature", "properties": { "name": "カバタ池", "(1)ｺｰﾄﾞ番": "173610412", "(2)読み": "かばたいけ", "県名": "石川県", "市町名": "河北郡津幡町", "住所": "字笠池ヶ原中188" }, "geometry": { "type": "Point", "coordinates": [ 136.805027777778008, 36.697111111111099 ] } },
{ "type": "Feature", "properties": { "name": "新三郎池", "(1)ｺｰﾄﾞ番": "173610413", "(2)読み": "しんさぶろういけ", "県名": "石川県", "市町名": "河北郡津幡町", "住所": "字笠池ヶ原ヨ117" }, "geometry": { "type": "Point", "coordinates": [ 136.810055555556005, 36.698666666666703 ] } },
{ "type": "Feature", "properties": { "name": "池の窪池", "(1)ｺｰﾄﾞ番": "173610414", "(2)読み": "いけのくぼいけ", "県名": "石川県", "市町名": "河北郡津幡町", "住所": "字笠池ヶ原ロ260" }, "geometry": { "type": "Point", "coordinates": [ 136.804277777777997, 36.693833333333302 ] } },
{ "type": "Feature", "properties": { "name": "蓮池", "(1)ｺｰﾄﾞ番": "173610416", "(2)読み": "はすいけ", "県名": "石川県", "市町名": "河北郡津幡町", "住所": "字篭月ロ65,232" }, "geometry": { "type": "Point", "coordinates": [ 136.796194444444012, 36.6875 ] } },
{ "type": "Feature", "properties": { "name": "梨谷内池", "(1)ｺｰﾄﾞ番": "173610417", "(2)読み": "なしたにうちいけ", "県名": "石川県", "市町名": "河北郡津幡町", "住所": "字田屋リ46" }, "geometry": { "type": "Point", "coordinates": [ 136.781916666667001, 36.679694444444401 ] } },
{ "type": "Feature", "properties": { "name": "中谷内池（松井田池）", "(1)ｺｰﾄﾞ番": "173610418", "(2)読み": "なかたにうちいけ", "県名": "石川県", "市町名": "河北郡津幡町", "住所": "字田屋わ56" }, "geometry": { "type": "Point", "coordinates": [ 136.779111111111007, 36.682083333333303 ] } },
{ "type": "Feature", "properties": { "name": "ハチガ尻池", "(1)ｺｰﾄﾞ番": "173610419", "(2)読み": "はちがしりいけ", "県名": "石川県", "市町名": "河北郡津幡町", "住所": "字山北レ81" }, "geometry": { "type": "Point", "coordinates": [ 136.783611111110986, 36.699305555555597 ] } },
{ "type": "Feature", "properties": { "name": "尻田下池", "(1)ｺｰﾄﾞ番": "173610420", "(2)読み": "しりたしもいけ", "県名": "石川県", "市町名": "河北郡津幡町", "住所": "字山北ろ43" }, "geometry": { "type": "Point", "coordinates": [ 136.780777777778013, 36.6960277777778 ] } },
{ "type": "Feature", "properties": { "name": "大池", "(1)ｺｰﾄﾞ番": "173610421", "(2)読み": "おおいけ", "県名": "石川県", "市町名": "河北郡津幡町", "住所": "字山北レ56乙" }, "geometry": { "type": "Point", "coordinates": [ 136.781166666666991, 36.698194444444397 ] } },
{ "type": "Feature", "properties": { "name": "中尾池", "(1)ｺｰﾄﾞ番": "173610422", "(2)読み": "なかおいけ", "県名": "石川県", "市町名": "河北郡津幡町", "住所": "字山北ろ22" }, "geometry": { "type": "Point", "coordinates": [ 136.781833333332997, 36.6955555555556 ] } },
{ "type": "Feature", "properties": { "name": "蛇場目池", "(1)ｺｰﾄﾞ番": "173610423", "(2)読み": "じゃばめいけ", "県名": "石川県", "市町名": "河北郡津幡町", "住所": "字山北ろ97" }, "geometry": { "type": "Point", "coordinates": [ 136.780527777777991, 36.6938055555555 ] } },
{ "type": "Feature", "properties": { "name": "村中池", "(1)ｺｰﾄﾞ番": "173610424", "(2)読み": "むらなかいけ", "県名": "石川県", "市町名": "河北郡津幡町", "住所": "字山北ル59" }, "geometry": { "type": "Point", "coordinates": [ 136.779527777777986, 36.691666666666698 ] } },
{ "type": "Feature", "properties": { "name": "西谷内池", "(1)ｺｰﾄﾞ番": "173610425", "(2)読み": "にしやちいけ", "県名": "石川県", "市町名": "河北郡津幡町", "住所": "字山北ろ114" }, "geometry": { "type": "Point", "coordinates": [ 136.776388888888988, 36.693055555555603 ] } },
{ "type": "Feature", "properties": { "name": "尻田池", "(1)ｺｰﾄﾞ番": "173610426", "(2)読み": "しりたいけ", "県名": "石川県", "市町名": "河北郡津幡町", "住所": "字山北ろ37" }, "geometry": { "type": "Point", "coordinates": [ 136.780972222222005, 36.697416666666697 ] } },
{ "type": "Feature", "properties": { "name": "キッタニ池", "(1)ｺｰﾄﾞ番": "173610427", "(2)読み": "きったにいけ", "県名": "石川県", "市町名": "河北郡津幡町", "住所": "字鳥越2-31-丙" }, "geometry": { "type": "Point", "coordinates": [ 136.775333333333009, 36.691472222222203 ] } },
{ "type": "Feature", "properties": { "name": "新開池", "(1)ｺｰﾄﾞ番": "173610428", "(2)読み": "しんかいいけ", "県名": "石川県", "市町名": "河北郡津幡町", "住所": "字鳥越203～206、232" }, "geometry": { "type": "Point", "coordinates": [ 136.776222222222003, 36.689972222222202 ] } },
{ "type": "Feature", "properties": { "name": "野田谷内池", "(1)ｺｰﾄﾞ番": "173610429", "(2)読み": "のだやちいけ", "県名": "石川県", "市町名": "河北郡津幡町", "住所": "字鳥越一-14" }, "geometry": { "type": "Point", "coordinates": [ 136.780972222222005, 36.684916666666702 ] } },
{ "type": "Feature", "properties": { "name": "薬師池", "(1)ｺｰﾄﾞ番": "173610430", "(2)読み": "やくしいけ", "県名": "石川県", "市町名": "河北郡津幡町", "住所": "字八ノ谷ロ97" }, "geometry": { "type": "Point", "coordinates": [ 136.785083333333006, 36.70975 ] } },
{ "type": "Feature", "properties": { "name": "上野上池", "(1)ｺｰﾄﾞ番": "173610431", "(2)読み": "うえのかみいけ", "県名": "石川県", "市町名": "河北郡津幡町", "住所": "字八ノ谷ソ70乙、ヨ1・2合併" }, "geometry": { "type": "Point", "coordinates": [ 136.796083333333002, 36.7107777777778 ] } },
{ "type": "Feature", "properties": { "name": "大窪池", "(1)ｺｰﾄﾞ番": "173610432", "(2)読み": "おおくぼいけ", "県名": "石川県", "市町名": "河北郡津幡町", "住所": "字八ノ谷四173" }, "geometry": { "type": "Point", "coordinates": [ 136.795583333333013, 36.711861111111098 ] } },
{ "type": "Feature", "properties": { "name": "蛇持谷池", "(1)ｺｰﾄﾞ番": "173610433", "(2)読み": "じゃもたにいけ", "県名": "石川県", "市町名": "河北郡津幡町", "住所": "字八ノ谷" }, "geometry": { "type": "Point", "coordinates": [ 136.793, 36.717638888888899 ] } },
{ "type": "Feature", "properties": { "name": "日矢志池", "(1)ｺｰﾄﾞ番": "173610436", "(2)読み": "にちやしいけ", "県名": "石川県", "市町名": "河北郡津幡町", "住所": "字八ノ谷レ4乙" }, "geometry": { "type": "Point", "coordinates": [ 136.792083333333011, 36.714194444444402 ] } },
{ "type": "Feature", "properties": { "name": "中田池", "(1)ｺｰﾄﾞ番": "173610437", "(2)読み": "なかだいけ", "県名": "石川県", "市町名": "河北郡津幡町", "住所": "字八ノ谷レ39,40" }, "geometry": { "type": "Point", "coordinates": [ 136.790277777777987, 36.717694444444398 ] } },
{ "type": "Feature", "properties": { "name": "菅田池", "(1)ｺｰﾄﾞ番": "173610438", "(2)読み": "すがたいけ", "県名": "石川県", "市町名": "河北郡津幡町", "住所": "字八ノ谷レ1乙" }, "geometry": { "type": "Point", "coordinates": [ 136.790916666666988, 36.713833333333298 ] } },
{ "type": "Feature", "properties": { "name": "高塚池", "(1)ｺｰﾄﾞ番": "173610439", "(2)読み": "たかつかいけ", "県名": "石川県", "市町名": "河北郡津幡町", "住所": "字八ノ谷カ71乙" }, "geometry": { "type": "Point", "coordinates": [ 136.793638888889006, 36.7125 ] } },
{ "type": "Feature", "properties": { "name": "向い原池", "(1)ｺｰﾄﾞ番": "173610440", "(2)読み": "むかいはらいけ", "県名": "石川県", "市町名": "河北郡津幡町", "住所": "字八ノ谷ハ37" }, "geometry": { "type": "Point", "coordinates": [ 136.782888888889005, 36.707805555555602 ] } },
{ "type": "Feature", "properties": { "name": "峰池", "(1)ｺｰﾄﾞ番": "173610441", "(2)読み": "みねいけ", "県名": "石川県", "市町名": "河北郡津幡町", "住所": "字八ノ谷壱60" }, "geometry": { "type": "Point", "coordinates": [ 136.791333333333, 36.709638888888897 ] } },
{ "type": "Feature", "properties": { "name": "一枚田池", "(1)ｺｰﾄﾞ番": "173610442", "(2)読み": "いちまいたいけ", "県名": "石川県", "市町名": "河北郡津幡町", "住所": "字朝日畑カ9" }, "geometry": { "type": "Point", "coordinates": [ 136.776166666666995, 36.641583333333301 ] } },
{ "type": "Feature", "properties": { "name": "大谷内池", "(1)ｺｰﾄﾞ番": "173610443", "(2)読み": "おおたにうちいけ", "県名": "石川県", "市町名": "河北郡津幡町", "住所": "字倉見ヤ56" }, "geometry": { "type": "Point", "coordinates": [ 136.76725, 36.686694444444399 ] } },
{ "type": "Feature", "properties": { "name": "やぶ山池", "(1)ｺｰﾄﾞ番": "173620001", "(2)読み": "やぶやまいけ", "県名": "石川県", "市町名": "かほく市", "住所": "内高松" }, "geometry": { "type": "Point", "coordinates": [ 136.743888888888989, 36.764444444444401 ] } },
{ "type": "Feature", "properties": { "name": "弁天池", "(1)ｺｰﾄﾞ番": "173620002", "(2)読み": "べんてんいけ", "県名": "石川県", "市町名": "かほく市", "住所": "長柄町イ3" }, "geometry": { "type": "Point", "coordinates": [ 136.748333333332994, 36.772833333333303 ] } },
{ "type": "Feature", "properties": { "name": "がわ谷池", "(1)ｺｰﾄﾞ番": "173620003", "(2)読み": "がわたにいけ", "県名": "石川県", "市町名": "かほく市", "住所": "若緑" }, "geometry": { "type": "Point", "coordinates": [ 136.761388888889002, 36.7558333333333 ] } },
{ "type": "Feature", "properties": { "name": "新開地池", "(1)ｺｰﾄﾞ番": "173620004", "(2)読み": "しんかいちいけ", "県名": "石川県", "市町名": "かほく市", "住所": "若緑ッ3" }, "geometry": { "type": "Point", "coordinates": [ 136.754194444444011, 36.755277777777799 ] } },
{ "type": "Feature", "properties": { "name": "大畑池", "(1)ｺｰﾄﾞ番": "173620005", "(2)読み": "おおばたけいけ", "県名": "石川県", "市町名": "かほく市", "住所": "若緑ヌ63" }, "geometry": { "type": "Point", "coordinates": [ 136.755833333332987, 36.763055555555603 ] } },
{ "type": "Feature", "properties": { "name": "流坂溜池", "(1)ｺｰﾄﾞ番": "173620006", "(2)読み": "ながれさかためいけ", "県名": "石川県", "市町名": "かほく市", "住所": "元女へ16" }, "geometry": { "type": "Point", "coordinates": [ 136.753888888889009, 36.768444444444398 ] } },
{ "type": "Feature", "properties": { "name": "新保谷溜池", "(1)ｺｰﾄﾞ番": "173620007", "(2)読み": "しんぼだにためいけ", "県名": "石川県", "市町名": "かほく市", "住所": "元女カ14" }, "geometry": { "type": "Point", "coordinates": [ 136.761944444443998, 36.760555555555598 ] } },
{ "type": "Feature", "properties": { "name": "大谷内溜池", "(1)ｺｰﾄﾞ番": "173620008", "(2)読み": "おおやちためいけ", "県名": "石川県", "市町名": "かほく市", "住所": "元女カ14" }, "geometry": { "type": "Point", "coordinates": [ 136.761111111111006, 36.761388888888902 ] } },
{ "type": "Feature", "properties": { "name": "中島溜池", "(1)ｺｰﾄﾞ番": "173620009", "(2)読み": "なかじまためいけ", "県名": "石川県", "市町名": "かほく市", "住所": "元女六40" }, "geometry": { "type": "Point", "coordinates": [ 136.76, 36.7633333333333 ] } },
{ "type": "Feature", "properties": { "name": "西山池", "(1)ｺｰﾄﾞ番": "173620010", "(2)読み": "にしやまいけ", "県名": "石川県", "市町名": "かほく市", "住所": "夏栗団27" }, "geometry": { "type": "Point", "coordinates": [ 136.753333333332989, 36.773055555555601 ] } },
{ "type": "Feature", "properties": { "name": "カミノ堤", "(1)ｺｰﾄﾞ番": "173640001", "(2)読み": "かみのつつみ", "県名": "石川県", "市町名": "かほく市", "住所": "余地ト1" }, "geometry": { "type": "Point", "coordinates": [ 136.745, 36.756111111111103 ] } },
{ "type": "Feature", "properties": { "name": "波砂池", "(1)ｺｰﾄﾞ番": "173640002", "(2)読み": "なみすないけ", "県名": "石川県", "市町名": "かほく市", "住所": "笠島" }, "geometry": { "type": "Point", "coordinates": [ 136.730555555556009, 36.752777777777801 ] } },
{ "type": "Feature", "properties": { "name": "御手洗池", "(1)ｺｰﾄﾞ番": "173640003", "(2)読み": "みたらいいけ", "県名": "石川県", "市町名": "かほく市", "住所": "横山" }, "geometry": { "type": "Point", "coordinates": [ 136.719166666667007, 36.744722222222201 ] } },
{ "type": "Feature", "properties": { "name": "フーロー堤", "(1)ｺｰﾄﾞ番": "173640004", "(2)読み": "ふーろーつつみ", "県名": "石川県", "市町名": "かほく市", "住所": "余地ル103" }, "geometry": { "type": "Point", "coordinates": [ 136.745833333332996, 36.7430555555556 ] } },
{ "type": "Feature", "properties": { "name": "後谷堤", "(1)ｺｰﾄﾞ番": "173640005", "(2)読み": "うしろたにつつみ", "県名": "石川県", "市町名": "かほく市", "住所": "上田名ト160" }, "geometry": { "type": "Point", "coordinates": [ 136.738888888888994, 36.740555555555602 ] } },
{ "type": "Feature", "properties": { "name": "高広堤", "(1)ｺｰﾄﾞ番": "173640006", "(2)読み": "たかひろつつみ", "県名": "石川県", "市町名": "かほく市", "住所": "上田名チ47" }, "geometry": { "type": "Point", "coordinates": [ 136.738055555556002, 36.738333333333301 ] } },
{ "type": "Feature", "properties": { "name": "ヒエ谷堤", "(1)ｺｰﾄﾞ番": "173640007", "(2)読み": "ひえたにつつみ", "県名": "石川県", "市町名": "かほく市", "住所": "上田名子17番1" }, "geometry": { "type": "Point", "coordinates": [ 136.749444444444009, 36.739166666666698 ] } },
{ "type": "Feature", "properties": { "name": "藤内地池", "(1)ｺｰﾄﾞ番": "173640008", "(2)読み": null, "県名": "石川県", "市町名": "かほく市", "住所": "谷" }, "geometry": { "type": "Point", "coordinates": [ 136.726527777777989, 36.7399722222222 ] } },
{ "type": "Feature", "properties": { "name": "合光堤", "(1)ｺｰﾄﾞ番": "173640009", "(2)読み": "ごうひかりつつみ", "県名": "石川県", "市町名": "かほく市", "住所": "横山" }, "geometry": { "type": "Point", "coordinates": [ 136.721916666666999, 36.7395833333333 ] } },
{ "type": "Feature", "properties": { "name": "西谷内堤", "(1)ｺｰﾄﾞ番": "173640011", "(2)読み": "にしやちつつみ", "県名": "石川県", "市町名": "かほく市", "住所": "市谷ル81甲" }, "geometry": { "type": "Point", "coordinates": [ 136.728611111111007, 36.736388888888897 ] } },
{ "type": "Feature", "properties": { "name": "前田堤", "(1)ｺｰﾄﾞ番": "173640012", "(2)読み": "まえだつつみ", "県名": "石川県", "市町名": "かほく市", "住所": "宇気ロ72乙" }, "geometry": { "type": "Point", "coordinates": [ 136.717777777777997, 36.733055555555602 ] } },
{ "type": "Feature", "properties": { "name": "谷堤", "(1)ｺｰﾄﾞ番": "173640013", "(2)読み": "たにづつみ", "県名": "石川県", "市町名": "かほく市", "住所": "谷ヌ108" }, "geometry": { "type": "Point", "coordinates": [ 136.730555555556009, 36.734166666666702 ] } },
{ "type": "Feature", "properties": { "name": "沈砂池", "(1)ｺｰﾄﾞ番": "173640014", "(2)読み": "ちんさいけ", "県名": "石川県", "市町名": "かほく市", "住所": "上田名辰50～53" }, "geometry": { "type": "Point", "coordinates": [ 136.733055555556007, 36.733055555555602 ] } },
{ "type": "Feature", "properties": { "name": "有越堤", "(1)ｺｰﾄﾞ番": "173640015", "(2)読み": "ありごづつみ", "県名": "石川県", "市町名": "かほく市", "住所": "鉢伏ル433" }, "geometry": { "type": "Point", "coordinates": [ 136.728888888889003, 36.731666666666698 ] } },
{ "type": "Feature", "properties": { "name": "栃ノ木堤", "(1)ｺｰﾄﾞ番": "173640016", "(2)読み": "とちのきつつみ", "県名": "石川県", "市町名": "かほく市", "住所": "鉢伏ヲ210" }, "geometry": { "type": "Point", "coordinates": [ 136.725, 36.731388888888901 ] } },
{ "type": "Feature", "properties": { "name": "人工池", "(1)ｺｰﾄﾞ番": "173640017", "(2)読み": "じんこういけ", "県名": "石川県", "市町名": "かほく市", "住所": "鉢伏" }, "geometry": { "type": "Point", "coordinates": [ 136.728611111111007, 36.728055555555599 ] } },
{ "type": "Feature", "properties": { "name": "新池", "(1)ｺｰﾄﾞ番": "173640018", "(2)読み": "しんいけ", "県名": "石川県", "市町名": "かほく市", "住所": "鉢伏ナ101" }, "geometry": { "type": "Point", "coordinates": [ 136.732222222221992, 36.726944444444399 ] } },
{ "type": "Feature", "properties": { "name": "古堤", "(1)ｺｰﾄﾞ番": "173640019", "(2)読み": "ふるづつみ", "県名": "石川県", "市町名": "かほく市", "住所": "鉢伏ヨ139" }, "geometry": { "type": "Point", "coordinates": [ 136.729722222221994, 36.726111111111102 ] } },
{ "type": "Feature", "properties": { "name": "大谷堤", "(1)ｺｰﾄﾞ番": "173640020", "(2)読み": "おおたにつつみ", "県名": "石川県", "市町名": "かほく市", "住所": "気屋菩提寺チ68" }, "geometry": { "type": "Point", "coordinates": [ 136.750277777777995, 36.73 ] } },
{ "type": "Feature", "properties": { "name": "大谷池", "(1)ｺｰﾄﾞ番": "173640021", "(2)読み": "おおたにいけ", "県名": "石川県", "市町名": "かほく市", "住所": "気屋ル1" }, "geometry": { "type": "Point", "coordinates": [ 136.737777777778007, 36.726111111111102 ] } },
{ "type": "Feature", "properties": { "name": "寺畑堤", "(1)ｺｰﾄﾞ番": "173640022", "(2)読み": "てらばたけづつみ", "県名": "石川県", "市町名": "かほく市", "住所": "気屋へ119" }, "geometry": { "type": "Point", "coordinates": [ 136.736111111111001, 36.723611111111097 ] } },
{ "type": "Feature", "properties": { "name": "竹ノ下堤", "(1)ｺｰﾄﾞ番": "173640023", "(2)読み": "たけのしたつつみ", "県名": "石川県", "市町名": "かほく市", "住所": "気屋ヲ99" }, "geometry": { "type": "Point", "coordinates": [ 136.742777777778002, 36.723611111111097 ] } },
{ "type": "Feature", "properties": { "name": "アマ谷内堤", "(1)ｺｰﾄﾞ番": "173640024", "(2)読み": "あまやちつつみ", "県名": "石川県", "市町名": "かほく市", "住所": "気屋ナ92" }, "geometry": { "type": "Point", "coordinates": [ 136.7325, 36.717777777777798 ] } },
{ "type": "Feature", "properties": { "name": "堂下谷堤", "(1)ｺｰﾄﾞ番": "173640025", "(2)読み": "どうしたたにつつみ", "県名": "石川県", "市町名": "かほく市", "住所": "気屋ヌ37" }, "geometry": { "type": "Point", "coordinates": [ 136.733888888888998, 36.716111111111097 ] } },
{ "type": "Feature", "properties": { "name": "カジ山堤", "(1)ｺｰﾄﾞ番": "173640026", "(2)読み": "かじやまつつみ", "県名": "石川県", "市町名": "かほく市", "住所": "下山田ヲ13番1" }, "geometry": { "type": "Point", "coordinates": [ 136.7275, 36.718888888888898 ] } },
{ "type": "Feature", "properties": { "name": "アツラ堤", "(1)ｺｰﾄﾞ番": "173640027", "(2)読み": "あつらつつみ", "県名": "石川県", "市町名": "かほく市", "住所": "下山田二95" }, "geometry": { "type": "Point", "coordinates": [ 136.724166666667003, 36.717777777777798 ] } },
{ "type": "Feature", "properties": { "name": "学校堤", "(1)ｺｰﾄﾞ番": "173640028", "(2)読み": "がっこうづつみ", "県名": "石川県", "市町名": "かほく市", "住所": "下山田ヨ701" }, "geometry": { "type": "Point", "coordinates": [ 136.72527777777799, 36.721388888888903 ] } },
{ "type": "Feature", "properties": { "name": "猿ヶ谷堤", "(1)ｺｰﾄﾞ番": "173640029", "(2)読み": "さるがたにつつみ", "県名": "石川県", "市町名": "かほく市", "住所": "多田ヌ194" }, "geometry": { "type": "Point", "coordinates": [ 136.736666666666991, 36.712777777777802 ] } },
{ "type": "Feature", "properties": { "name": "牛ヶ谷内堤", "(1)ｺｰﾄﾞ番": "173640030", "(2)読み": "うしがやちつつみ", "県名": "石川県", "市町名": "かほく市", "住所": "多田チ1番甲" }, "geometry": { "type": "Point", "coordinates": [ 136.731388888889001, 36.710277777777797 ] } },
{ "type": "Feature", "properties": { "name": "ヨシビ堤", "(1)ｺｰﾄﾞ番": "173640031", "(2)読み": "よしびつつみ", "県名": "石川県", "市町名": "かほく市", "住所": "指江ヨ62" }, "geometry": { "type": "Point", "coordinates": [ 136.728333333333012, 36.709166666666697 ] } },
{ "type": "Feature", "properties": { "name": "新池", "(1)ｺｰﾄﾞ番": "173640032", "(2)読み": "しんいけ", "県名": "石川県", "市町名": "かほく市", "住所": "指江ヨ61番1,2" }, "geometry": { "type": "Point", "coordinates": [ 136.72725, 36.707972222222203 ] } },
{ "type": "Feature", "properties": { "name": "大堤", "(1)ｺｰﾄﾞ番": "173640033", "(2)読み": "おおづつみ", "県名": "石川県", "市町名": "かほく市", "住所": "指江ヨ60" }, "geometry": { "type": "Point", "coordinates": [ 136.721666666667005, 36.708055555555603 ] } },
{ "type": "Feature", "properties": { "name": "中堤", "(1)ｺｰﾄﾞ番": "173640034", "(2)読み": "なかづつみ", "県名": "石川県", "市町名": "かほく市", "住所": "狩鹿野ソ73" }, "geometry": { "type": "Point", "coordinates": [ 136.719166666667007, 36.709722222222197 ] } },
{ "type": "Feature", "properties": { "name": "谷内口堤", "(1)ｺｰﾄﾞ番": "173640035", "(2)読み": "やちぐちづつみ", "県名": "石川県", "市町名": "かほく市", "住所": "上山田ノ1" }, "geometry": { "type": "Point", "coordinates": [ 136.729722222221994, 36.713611111111099 ] } },
{ "type": "Feature", "properties": { "name": "谷内堤", "(1)ｺｰﾄﾞ番": "173640036", "(2)読み": "やちづつみ", "県名": "石川県", "市町名": "かほく市", "住所": "狩鹿野カ140" }, "geometry": { "type": "Point", "coordinates": [ 136.715, 36.711388888888898 ] } },
{ "type": "Feature", "properties": { "name": "間野堤", "(1)ｺｰﾄﾞ番": "173640037", "(2)読み": "まのづつみ", "県名": "石川県", "市町名": "かほく市", "住所": "狩鹿野ツ95" }, "geometry": { "type": "Point", "coordinates": [ 136.71666666666701, 36.708611111111097 ] } },
{ "type": "Feature", "properties": { "name": "藤和谷堤", "(1)ｺｰﾄﾞ番": "173640039", "(2)読み": "とうわたにつつみ", "県名": "石川県", "市町名": "かほく市", "住所": "谷" }, "geometry": { "type": "Point", "coordinates": [ 136.726388888889005, 36.737777777777801 ] } },
{ "type": "Feature", "properties": { "name": "杓和堤", "(1)ｺｰﾄﾞ番": "173640042", "(2)読み": "しゃくわつつみ", "県名": "石川県", "市町名": "かほく市", "住所": "上山田タ89" }, "geometry": { "type": "Point", "coordinates": [ 136.715833333332995, 36.713611111111099 ] } },
{ "type": "Feature", "properties": { "name": "小山谷堤", "(1)ｺｰﾄﾞ番": "173640043", "(2)読み": null, "県名": "石川県", "市町名": "かほく市", "住所": "谷チ46" }, "geometry": { "type": "Point", "coordinates": [ 136.729666666666986, 36.7395833333333 ] } },
{ "type": "Feature", "properties": { "name": "新古淵池", "(1)ｺｰﾄﾞ番": "173820001", "(2)読み": "しんこぶちいけ", "県名": "石川県", "市町名": "羽咋郡志賀町", "住所": "鹿頭ウ104番乙" }, "geometry": { "type": "Point", "coordinates": [ 136.680722222221988, 37.184222222222203 ] } },
{ "type": "Feature", "properties": { "name": "グミノ木谷池", "(1)ｺｰﾄﾞ番": "173820002", "(2)読み": "ぐみのきだにいけ", "県名": "石川県", "市町名": "羽咋郡志賀町", "住所": "鹿頭ヒ2番乙" }, "geometry": { "type": "Point", "coordinates": [ 136.689194444444013, 37.185694444444401 ] } },
{ "type": "Feature", "properties": { "name": "北谷内池", "(1)ｺｰﾄﾞ番": "173820003", "(2)読み": "きたやちいけ", "県名": "石川県", "市町名": "羽咋郡志賀町", "住所": "鹿頭31番乙" }, "geometry": { "type": "Point", "coordinates": [ 136.695444444444007, 37.183222222222199 ] } },
{ "type": "Feature", "properties": { "name": "小滝上池", "(1)ｺｰﾄﾞ番": "173820004", "(2)読み": "こだきかみいけ", "県名": "石川県", "市町名": "羽咋郡志賀町", "住所": "鹿頭セ42番ハ" }, "geometry": { "type": "Point", "coordinates": [ 136.697055555556005, 37.1820555555556 ] } },
{ "type": "Feature", "properties": { "name": "小滝下池", "(1)ｺｰﾄﾞ番": "173820005", "(2)読み": "こだきしもいけ", "県名": "石川県", "市町名": "羽咋郡志賀町", "住所": "鹿頭セ38番甲" }, "geometry": { "type": "Point", "coordinates": [ 136.695277777777989, 37.18175 ] } },
{ "type": "Feature", "properties": { "name": "間谷内上池", "(1)ｺｰﾄﾞ番": "173820006", "(2)読み": "まやちかみいけ", "県名": "石川県", "市町名": "羽咋郡志賀町", "住所": "鹿頭セ50番丁" }, "geometry": { "type": "Point", "coordinates": [ 136.698805555555992, 37.181138888888903 ] } },
{ "type": "Feature", "properties": { "name": "間谷内下池", "(1)ｺｰﾄﾞ番": "173820007", "(2)読み": "まやちしもいけ", "県名": "石川県", "市町名": "羽咋郡志賀町", "住所": "鹿頭セ50番丙" }, "geometry": { "type": "Point", "coordinates": [ 136.69747222222199, 37.18125 ] } },
{ "type": "Feature", "properties": { "name": "堂ヶ谷内池", "(1)ｺｰﾄﾞ番": "173820008", "(2)読み": "どうがやちいけ", "県名": "石川県", "市町名": "羽咋郡志賀町", "住所": "酒見参壱" }, "geometry": { "type": "Point", "coordinates": [ 136.695333333332997, 37.174833333333297 ] } },
{ "type": "Feature", "properties": { "name": "赤田新渕池", "(1)ｺｰﾄﾞ番": "173820009", "(2)読み": "あかだしんふちいけ", "県名": "石川県", "市町名": "羽咋郡志賀町", "住所": "鹿頭ヨ10番丁" }, "geometry": { "type": "Point", "coordinates": [ 136.689638888888993, 37.1685 ] } },
{ "type": "Feature", "properties": { "name": "新池", "(1)ｺｰﾄﾞ番": "173820010", "(2)読み": "しんいけ", "県名": "石川県", "市町名": "羽咋郡志賀町", "住所": "小窪" }, "geometry": { "type": "Point", "coordinates": [ 136.686611111111006, 37.16825 ] } },
{ "type": "Feature", "properties": { "name": "不動池", "(1)ｺｰﾄﾞ番": "173820011", "(2)読み": "ふどういけ", "県名": "石川県", "市町名": "羽咋郡志賀町", "住所": "小窪" }, "geometry": { "type": "Point", "coordinates": [ 136.685805555555987, 37.16775 ] } },
{ "type": "Feature", "properties": { "name": "下谷内下池", "(1)ｺｰﾄﾞ番": "173820012", "(2)読み": "しもやちしもいけ", "県名": "石川県", "市町名": "羽咋郡志賀町", "住所": "赤崎参47番乙" }, "geometry": { "type": "Point", "coordinates": [ 136.686555555555998, 37.164416666666703 ] } },
{ "type": "Feature", "properties": { "name": "下谷内上池", "(1)ｺｰﾄﾞ番": "173820013", "(2)読み": "しもやちかみいけ", "県名": "石川県", "市町名": "羽咋郡志賀町", "住所": "赤崎参47番丙" }, "geometry": { "type": "Point", "coordinates": [ 136.687444444443997, 37.164527777777799 ] } },
{ "type": "Feature", "properties": { "name": "上谷内下池", "(1)ｺｰﾄﾞ番": "173820014", "(2)読み": "かみやちしもいけ", "県名": "石川県", "市町名": "羽咋郡志賀町", "住所": "赤崎参42番乙" }, "geometry": { "type": "Point", "coordinates": [ 136.68525, 37.161666666666697 ] } },
{ "type": "Feature", "properties": { "name": "上谷内上池", "(1)ｺｰﾄﾞ番": "173820015", "(2)読み": "かみやちかみいけ", "県名": "石川県", "市町名": "羽咋郡志賀町", "住所": "赤崎参31番乙" }, "geometry": { "type": "Point", "coordinates": [ 136.686694444443987, 37.162027777777801 ] } },
{ "type": "Feature", "properties": { "name": "新堤", "(1)ｺｰﾄﾞ番": "173820016", "(2)読み": "しんつつみ", "県名": "石川県", "市町名": "羽咋郡志賀町", "住所": "赤崎タ1番" }, "geometry": { "type": "Point", "coordinates": [ 136.685388888889008, 37.158666666666697 ] } },
{ "type": "Feature", "properties": { "name": "笠蓑池", "(1)ｺｰﾄﾞ番": "173820017", "(2)読み": "かさみのいけ", "県名": "石川県", "市町名": "羽咋郡志賀町", "住所": "笹波エ7番" }, "geometry": { "type": "Point", "coordinates": [ 136.701944444443996, 37.204805555555602 ] } },
{ "type": "Feature", "properties": { "name": "鴨池", "(1)ｺｰﾄﾞ番": "173820018", "(2)読み": "かもいけ", "県名": "石川県", "市町名": "羽咋郡志賀町", "住所": "笹波コ14番" }, "geometry": { "type": "Point", "coordinates": [ 136.704, 37.203694444444402 ] } },
{ "type": "Feature", "properties": { "name": "平田池", "(1)ｺｰﾄﾞ番": "173820019", "(2)読み": "ひらたいけ", "県名": "石川県", "市町名": "羽咋郡志賀町", "住所": "笹波ル53番" }, "geometry": { "type": "Point", "coordinates": [ 136.692194444443999, 37.196444444444403 ] } },
{ "type": "Feature", "properties": { "name": "平田下池", "(1)ｺｰﾄﾞ番": "173820020", "(2)読み": "ひらたしもいけ", "県名": "石川県", "市町名": "羽咋郡志賀町", "住所": "笹波ル47番" }, "geometry": { "type": "Point", "coordinates": [ 136.691555555555993, 37.196361111111102 ] } },
{ "type": "Feature", "properties": { "name": "銭茂谷内池", "(1)ｺｰﾄﾞ番": "173820021", "(2)読み": "ぜにもやちいけ", "県名": "石川県", "市町名": "羽咋郡志賀町", "住所": "笹波参26番乙" }, "geometry": { "type": "Point", "coordinates": [ 136.699833333333004, 37.195611111111099 ] } },
{ "type": "Feature", "properties": { "name": "銭茂谷内下池", "(1)ｺｰﾄﾞ番": "173820022", "(2)読み": "ぜにもやちしもいけ", "県名": "石川県", "市町名": "羽咋郡志賀町", "住所": "笹波参30番乙" }, "geometry": { "type": "Point", "coordinates": [ 136.694916666667012, 37.194666666666699 ] } },
{ "type": "Feature", "properties": { "name": "車谷内池", "(1)ｺｰﾄﾞ番": "173820023", "(2)読み": "くるまやちいけ", "県名": "石川県", "市町名": "羽咋郡志賀町", "住所": "荒屋ニ15番乙、15番丙、15番戊" }, "geometry": { "type": "Point", "coordinates": [ 136.755, 37.112583333333298 ] } },
{ "type": "Feature", "properties": { "name": "ボンタ池", "(1)ｺｰﾄﾞ番": "173820024", "(2)読み": "ぼんたいけ", "県名": "石川県", "市町名": "羽咋郡志賀町", "住所": "草木参86番" }, "geometry": { "type": "Point", "coordinates": [ 136.762777777778012, 37.120916666666702 ] } },
{ "type": "Feature", "properties": { "name": "中田谷内池", "(1)ｺｰﾄﾞ番": "173820025", "(2)読み": "なかだやちいけ", "県名": "石川県", "市町名": "羽咋郡志賀町", "住所": "草木壱参90番" }, "geometry": { "type": "Point", "coordinates": [ 136.766583333332989, 37.105138888888902 ] } },
{ "type": "Feature", "properties": { "name": "カマンクチ池", "(1)ｺｰﾄﾞ番": "173820026", "(2)読み": "かまんくちいけ", "県名": "石川県", "市町名": "羽咋郡志賀町", "住所": "三明ロ71番、71番1" }, "geometry": { "type": "Point", "coordinates": [ 136.764722222221991, 37.093833333333301 ] } },
{ "type": "Feature", "properties": { "name": "寺ヶ谷内池", "(1)ｺｰﾄﾞ番": "173820027", "(2)読み": "てらがやちいけ", "県名": "石川県", "市町名": "羽咋郡志賀町", "住所": "豊後名ヲ53番" }, "geometry": { "type": "Point", "coordinates": [ 136.772, 37.090444444444401 ] } },
{ "type": "Feature", "properties": { "name": "勝谷池", "(1)ｺｰﾄﾞ番": "173820028", "(2)読み": "かつたにいけ", "県名": "石川県", "市町名": "羽咋郡志賀町", "住所": "町居ヌ19番乙" }, "geometry": { "type": "Point", "coordinates": [ 136.776777777777994, 37.109444444444399 ] } },
{ "type": "Feature", "properties": { "name": "市ノ谷池", "(1)ｺｰﾄﾞ番": "173820029", "(2)読み": "いちのたにいけ", "県名": "石川県", "市町名": "羽咋郡志賀町", "住所": "町居参壱1番" }, "geometry": { "type": "Point", "coordinates": [ 136.775, 37.119666666666703 ] } },
{ "type": "Feature", "properties": { "name": "カナクソ池", "(1)ｺｰﾄﾞ番": "173820031", "(2)読み": "かなくそいけ", "県名": "石川県", "市町名": "羽咋郡志賀町", "住所": "中山" }, "geometry": { "type": "Point", "coordinates": [ 136.778583333332989, 37.090694444444402 ] } },
{ "type": "Feature", "properties": { "name": "カイシャチ池", "(1)ｺｰﾄﾞ番": "173820032", "(2)読み": "かいしゃちいけ", "県名": "石川県", "市町名": "羽咋郡志賀町", "住所": "中山" }, "geometry": { "type": "Point", "coordinates": [ 136.787277777778002, 37.086833333333303 ] } },
{ "type": "Feature", "properties": { "name": "シノ池", "(1)ｺｰﾄﾞ番": "173820033", "(2)読み": "しのいけ", "県名": "石川県", "市町名": "羽咋郡志賀町", "住所": "中山" }, "geometry": { "type": "Point", "coordinates": [ 136.7955, 37.091416666666703 ] } },
{ "type": "Feature", "properties": { "name": "大堤", "(1)ｺｰﾄﾞ番": "173820034", "(2)読み": "おおつつみ", "県名": "石川県", "市町名": "羽咋郡志賀町", "住所": "風無ム1番" }, "geometry": { "type": "Point", "coordinates": [ 136.6845, 37.146055555555598 ] } },
{ "type": "Feature", "properties": { "name": "欅ヶ寺大池", "(1)ｺｰﾄﾞ番": "173820036", "(2)読み": "けやきがてらおおいけ", "県名": "石川県", "市町名": "羽咋郡志賀町", "住所": "酒見" }, "geometry": { "type": "Point", "coordinates": [ 136.71075, 37.174888888888901 ] } },
{ "type": "Feature", "properties": { "name": "欅ヶ寺小池", "(1)ｺｰﾄﾞ番": "173820037", "(2)読み": "けやきがてらこいけ", "県名": "石川県", "市町名": "羽咋郡志賀町", "住所": "酒見" }, "geometry": { "type": "Point", "coordinates": [ 136.709944444444005, 37.175694444444403 ] } },
{ "type": "Feature", "properties": { "name": "鴨池", "(1)ｺｰﾄﾞ番": "173820038", "(2)読み": "かもいけ", "県名": "石川県", "市町名": "羽咋郡志賀町", "住所": "稲敷カ22番" }, "geometry": { "type": "Point", "coordinates": [ 136.710305555556005, 37.172222222222203 ] } },
{ "type": "Feature", "properties": { "name": "大谷内池", "(1)ｺｰﾄﾞ番": "173820039", "(2)読み": "おおやちいけ", "県名": "石川県", "市町名": "羽咋郡志賀町", "住所": "稲敷ル8番" }, "geometry": { "type": "Point", "coordinates": [ 136.712611111110988, 37.169805555555598 ] } },
{ "type": "Feature", "properties": { "name": "草江上池", "(1)ｺｰﾄﾞ番": "173820040", "(2)読み": "そうごかみいけ", "県名": "石川県", "市町名": "羽咋郡志賀町", "住所": "相神マ14番" }, "geometry": { "type": "Point", "coordinates": [ 136.723138888888997, 37.1658055555556 ] } },
{ "type": "Feature", "properties": { "name": "草江下池", "(1)ｺｰﾄﾞ番": "173820041", "(2)読み": "そうごしもいけ", "県名": "石川県", "市町名": "羽咋郡志賀町", "住所": "草江チ136番1" }, "geometry": { "type": "Point", "coordinates": [ 136.722777777777992, 37.164805555555603 ] } },
{ "type": "Feature", "properties": { "name": "大池", "(1)ｺｰﾄﾞ番": "173820042", "(2)読み": "おおいけ", "県名": "石川県", "市町名": "羽咋郡志賀町", "住所": "福浦港" }, "geometry": { "type": "Point", "coordinates": [ 136.74275, 37.07525 ] } },
{ "type": "Feature", "properties": { "name": "新九郎下池", "(1)ｺｰﾄﾞ番": "173820043", "(2)読み": "しんくろうしもいけ", "県名": "石川県", "市町名": "羽咋郡志賀町", "住所": "草江へ101番" }, "geometry": { "type": "Point", "coordinates": [ 136.723027777777986, 37.163305555555603 ] } },
{ "type": "Feature", "properties": { "name": "国木の堤", "(1)ｺｰﾄﾞ番": "173820044", "(2)読み": "くにきのつつみ", "県名": "石川県", "市町名": "羽咋郡志賀町", "住所": "給分" }, "geometry": { "type": "Point", "coordinates": [ 136.728166666666993, 37.166777777777803 ] } },
{ "type": "Feature", "properties": { "name": "石坂池", "(1)ｺｰﾄﾞ番": "173820045", "(2)読み": "いしざかいけ", "県名": "石川県", "市町名": "羽咋郡志賀町", "住所": "給分" }, "geometry": { "type": "Point", "coordinates": [ 136.729138888888997, 37.162472222222199 ] } },
{ "type": "Feature", "properties": { "name": "持坂池", "(1)ｺｰﾄﾞ番": "173820046", "(2)読み": "もっさかいけ", "県名": "石川県", "市町名": "羽咋郡志賀町", "住所": "里本江" }, "geometry": { "type": "Point", "coordinates": [ 136.739611111111003, 37.176777777777801 ] } },
{ "type": "Feature", "properties": { "name": "小浦池", "(1)ｺｰﾄﾞ番": "173820047", "(2)読み": "こうらいけ", "県名": "石川県", "市町名": "羽咋郡志賀町", "住所": "里本江" }, "geometry": { "type": "Point", "coordinates": [ 136.740583333333007, 37.176111111111098 ] } },
{ "type": "Feature", "properties": { "name": "大谷池", "(1)ｺｰﾄﾞ番": "173820048", "(2)読み": "おおたにいけ", "県名": "石川県", "市町名": "羽咋郡志賀町", "住所": "給分" }, "geometry": { "type": "Point", "coordinates": [ 136.73147222222201, 37.174777777777798 ] } },
{ "type": "Feature", "properties": { "name": "水鶏谷池", "(1)ｺｰﾄﾞ番": "173820049", "(2)読み": "くいなだにいけ", "県名": "石川県", "市町名": "羽咋郡志賀町", "住所": "里本江" }, "geometry": { "type": "Point", "coordinates": [ 136.739611111111003, 37.168 ] } },
{ "type": "Feature", "properties": { "name": "野々谷上池", "(1)ｺｰﾄﾞ番": "173820050", "(2)読み": "ののたにかみいけ", "県名": "石川県", "市町名": "羽咋郡志賀町", "住所": "里本江" }, "geometry": { "type": "Point", "coordinates": [ 136.74325, 37.171833333333304 ] } },
{ "type": "Feature", "properties": { "name": "野々谷下池", "(1)ｺｰﾄﾞ番": "173820051", "(2)読み": "ののたにしもいけ", "県名": "石川県", "市町名": "羽咋郡志賀町", "住所": "里本江" }, "geometry": { "type": "Point", "coordinates": [ 136.742861111111011, 37.169555555555597 ] } },
{ "type": "Feature", "properties": { "name": "浅谷大池", "(1)ｺｰﾄﾞ番": "173820052", "(2)読み": "あさたにおおいけ", "県名": "石川県", "市町名": "羽咋郡志賀町", "住所": "八幡リ25番" }, "geometry": { "type": "Point", "coordinates": [ 136.750388888889006, 37.1691111111111 ] } },
{ "type": "Feature", "properties": { "name": "貝田大池", "(1)ｺｰﾄﾞ番": "173820053", "(2)読み": "かいだおおいけ", "県名": "石川県", "市町名": "羽咋郡志賀町", "住所": "貝田五37番乙" }, "geometry": { "type": "Point", "coordinates": [ 136.752666666667011, 37.163444444444401 ] } },
{ "type": "Feature", "properties": { "name": "野手原池", "(1)ｺｰﾄﾞ番": "173820054", "(2)読み": "のてはらいけ", "県名": "石川県", "市町名": "羽咋郡志賀町", "住所": "千ノ浦壱壱6番乙" }, "geometry": { "type": "Point", "coordinates": [ 136.682361111110993, 37.1568055555556 ] } },
{ "type": "Feature", "properties": { "name": "柏梨", "(1)ｺｰﾄﾞ番": "173820055", "(2)読み": "かっしゃなし", "県名": "石川県", "市町名": "羽咋郡志賀町", "住所": "西海千ノ浦8-13-1" }, "geometry": { "type": "Point", "coordinates": [ 136.682805555556001, 37.1523055555556 ] } },
{ "type": "Feature", "properties": { "name": "古池", "(1)ｺｰﾄﾞ番": "173820056", "(2)読み": "ふるいけ", "県名": "石川県", "市町名": "羽咋郡志賀町", "住所": "西海千ノ浦11-12-丙" }, "geometry": { "type": "Point", "coordinates": [ 136.680555555555998, 37.144083333333299 ] } },
{ "type": "Feature", "properties": { "name": "五次郎池", "(1)ｺｰﾄﾞ番": "173820057", "(2)読み": "ごんじろういけ", "県名": "石川県", "市町名": "羽咋郡志賀町", "住所": "西海千ノ浦9-43-丙" }, "geometry": { "type": "Point", "coordinates": [ 136.680194444443998, 37.1498611111111 ] } },
{ "type": "Feature", "properties": { "name": "中山池", "(1)ｺｰﾄﾞ番": "173820059", "(2)読み": "なかやまいけ", "県名": "石川県", "市町名": "羽咋郡志賀町", "住所": "西海千ノ浦9-14-丙" }, "geometry": { "type": "Point", "coordinates": [ 136.68077777777799, 37.1477222222222 ] } },
{ "type": "Feature", "properties": { "name": "唐竹谷内堤", "(1)ｺｰﾄﾞ番": "173820060", "(2)読み": "からたけやちつつみ", "県名": "石川県", "市町名": "羽咋郡志賀町", "住所": "富来地頭町26-18番" }, "geometry": { "type": "Point", "coordinates": [ 136.734194444444, 37.137638888888901 ] } },
{ "type": "Feature", "properties": { "name": "大堤", "(1)ｺｰﾄﾞ番": "173820061", "(2)読み": "おおつつみ", "県名": "石川県", "市町名": "羽咋郡志賀町", "住所": "富来地頭町26-24番" }, "geometry": { "type": "Point", "coordinates": [ 136.734888888889003, 37.1360555555556 ] } },
{ "type": "Feature", "properties": { "name": "化堤", "(1)ｺｰﾄﾞ番": "173820062", "(2)読み": "かつつみ", "県名": "石川県", "市町名": "羽咋郡志賀町", "住所": "富来地頭町26-21番" }, "geometry": { "type": "Point", "coordinates": [ 136.733861111110997, 37.136027777777798 ] } },
{ "type": "Feature", "properties": { "name": "生神池", "(1)ｺｰﾄﾞ番": "173820063", "(2)読み": "うるかみいけ", "県名": "石川県", "市町名": "羽咋郡志賀町", "住所": "富来生神ロ52番" }, "geometry": { "type": "Point", "coordinates": [ 136.733055555556007, 37.1136388888889 ] } },
{ "type": "Feature", "properties": { "name": "アブ谷池", "(1)ｺｰﾄﾞ番": "173820064", "(2)読み": "あぶたにいけ", "県名": "石川県", "市町名": "羽咋郡志賀町", "住所": "富来牛下ニ1番甲" }, "geometry": { "type": "Point", "coordinates": [ 136.731416666667002, 37.106777777777801 ] } },
{ "type": "Feature", "properties": { "name": "浦池", "(1)ｺｰﾄﾞ番": "173820065", "(2)読み": "うらいけ", "県名": "石川県", "市町名": "羽咋郡志賀町", "住所": "富来牛下" }, "geometry": { "type": "Point", "coordinates": [ 136.740138888888993, 37.106111111111098 ] } },
{ "type": "Feature", "properties": { "name": "切輪谷内", "(1)ｺｰﾄﾞ番": "173820066", "(2)読み": null, "県名": "石川県", "市町名": "羽咋郡志賀町", "住所": "町荒屋チ92番乙" }, "geometry": { "type": "Point", "coordinates": [ 136.746583333333007, 37.109083333333302 ] } },
{ "type": "Feature", "properties": { "name": "カブロ池", "(1)ｺｰﾄﾞ番": "173820067", "(2)読み": "かぶろいけ", "県名": "石川県", "市町名": "羽咋郡志賀町", "住所": "谷神イ113番丙" }, "geometry": { "type": "Point", "coordinates": [ 136.755305555555992, 37.096916666666701 ] } },
{ "type": "Feature", "properties": { "name": "滝谷", "(1)ｺｰﾄﾞ番": "173820068", "(2)読み": "たきだに", "県名": "石川県", "市町名": "羽咋郡志賀町", "住所": "草木13-110番" }, "geometry": { "type": "Point", "coordinates": [ 136.773055555555999, 37.0996666666667 ] } },
{ "type": "Feature", "properties": { "name": "エモジャ池", "(1)ｺｰﾄﾞ番": "173820069", "(2)読み": "えもじゃいけ", "県名": "石川県", "市町名": "羽咋郡志賀町", "住所": "町居イ1番" }, "geometry": { "type": "Point", "coordinates": [ 136.785666666666998, 37.1015 ] } },
{ "type": "Feature", "properties": { "name": "五郎平田池", "(1)ｺｰﾄﾞ番": "173820070", "(2)読み": "ごろべだいけ", "県名": "石川県", "市町名": "羽咋郡志賀町", "住所": "西海千ノ浦11-12番戊" }, "geometry": { "type": "Point", "coordinates": [ 136.684916666666993, 37.15175 ] } },
{ "type": "Feature", "properties": { "name": "七廻り池", "(1)ｺｰﾄﾞ番": "173820071", "(2)読み": "ななまわりいけ", "県名": "石川県", "市町名": "羽咋郡志賀町", "住所": "西海千ノ浦11-24" }, "geometry": { "type": "Point", "coordinates": [ 136.683833333333013, 37.151027777777799 ] } },
{ "type": "Feature", "properties": { "name": "山の田池", "(1)ｺｰﾄﾞ番": "173820072", "(2)読み": "やまんたいけ", "県名": "石川県", "市町名": "羽咋郡志賀町", "住所": "西海千ノ浦9-25-乙" }, "geometry": { "type": "Point", "coordinates": [ 136.682583333333014, 37.149555555555601 ] } },
{ "type": "Feature", "properties": { "name": "昭和池", "(1)ｺｰﾄﾞ番": "173820073", "(2)読み": "しょうわいけ", "県名": "石川県", "市町名": "羽咋郡志賀町", "住所": "富来高田八乙" }, "geometry": { "type": "Point", "coordinates": [ 136.743194444443986, 37.139611111111101 ] } },
{ "type": "Feature", "properties": { "name": "大堤", "(1)ｺｰﾄﾞ番": "173820074", "(2)読み": "おおつつみ", "県名": "石川県", "市町名": "羽咋郡志賀町", "住所": "富来高田イ37" }, "geometry": { "type": "Point", "coordinates": [ 136.749944444443997, 37.138777777777797 ] } },
{ "type": "Feature", "properties": { "name": "新堤", "(1)ｺｰﾄﾞ番": "173820075", "(2)読み": "しんつつみ", "県名": "石川県", "市町名": "羽咋郡志賀町", "住所": "富来高田ロ12乙" }, "geometry": { "type": "Point", "coordinates": [ 136.747305555556011, 37.138777777777797 ] } },
{ "type": "Feature", "properties": { "name": "ジョガ谷", "(1)ｺｰﾄﾞ番": "173820077", "(2)読み": "じょがたに", "県名": "石川県", "市町名": "羽咋郡志賀町", "住所": "日下田ハ22番" }, "geometry": { "type": "Point", "coordinates": [ 136.781083333332987, 37.098416666666701 ] } },
{ "type": "Feature", "properties": { "name": "カリゴ池", "(1)ｺｰﾄﾞ番": "173820078", "(2)読み": "かりごいけ", "県名": "石川県", "市町名": "羽咋郡志賀町", "住所": "日下田イ49番庚、49番6" }, "geometry": { "type": "Point", "coordinates": [ 136.787666666667008, 37.095972222222201 ] } },
{ "type": "Feature", "properties": { "name": "竹の内池１号", "(1)ｺｰﾄﾞ番": "173820079", "(2)読み": null, "県名": "石川県", "市町名": "羽咋郡志賀町", "住所": "福浦港" }, "geometry": { "type": "Point", "coordinates": [ 136.729638888889014, 37.067138888888898 ] } },
{ "type": "Feature", "properties": { "name": "竹の内池２号", "(1)ｺｰﾄﾞ番": "173820080", "(2)読み": null, "県名": "石川県", "市町名": "羽咋郡志賀町", "住所": "福浦港ハ137番" }, "geometry": { "type": "Point", "coordinates": [ 136.727583333333001, 37.066305555555601 ] } },
{ "type": "Feature", "properties": { "name": "畑田大池", "(1)ｺｰﾄﾞ番": "173820081", "(2)読み": "はただおおいけ", "県名": "石川県", "市町名": "羽咋郡志賀町", "住所": "福浦港" }, "geometry": { "type": "Point", "coordinates": [ 136.730166666667003, 37.068722222222199 ] } },
{ "type": "Feature", "properties": { "name": "畑田池", "(1)ｺｰﾄﾞ番": "173820082", "(2)読み": "はただいけ", "県名": "石川県", "市町名": "羽咋郡志賀町", "住所": "福浦港ハ154番" }, "geometry": { "type": "Point", "coordinates": [ 136.727361111111009, 37.067888888888902 ] } },
{ "type": "Feature", "properties": { "name": "上田の池１号", "(1)ｺｰﾄﾞ番": "173820083", "(2)読み": null, "県名": "石川県", "市町名": "羽咋郡志賀町", "住所": "福浦港" }, "geometry": { "type": "Point", "coordinates": [ 136.728694444443988, 37.070111111111103 ] } },
{ "type": "Feature", "properties": { "name": "上田の池２号", "(1)ｺｰﾄﾞ番": "173820084", "(2)読み": null, "県名": "石川県", "市町名": "羽咋郡志賀町", "住所": "福浦港" }, "geometry": { "type": "Point", "coordinates": [ 136.726722222222008, 37.069388888888902 ] } },
{ "type": "Feature", "properties": { "name": "上田の下池", "(1)ｺｰﾄﾞ番": "173820085", "(2)読み": null, "県名": "石川県", "市町名": "羽咋郡志賀町", "住所": "福浦港" }, "geometry": { "type": "Point", "coordinates": [ 136.727833333332995, 37.06925 ] } },
{ "type": "Feature", "properties": { "name": "庄助池", "(1)ｺｰﾄﾞ番": "173820086", "(2)読み": null, "県名": "石川県", "市町名": "羽咋郡志賀町", "住所": "福浦港" }, "geometry": { "type": "Point", "coordinates": [ 136.723638888889013, 37.0725 ] } },
{ "type": "Feature", "properties": { "name": "開の池１号", "(1)ｺｰﾄﾞ番": "173820087", "(2)読み": null, "県名": "石川県", "市町名": "羽咋郡志賀町", "住所": "福浦港" }, "geometry": { "type": "Point", "coordinates": [ 136.727972222222007, 37.0715 ] } },
{ "type": "Feature", "properties": { "name": "開の池２号", "(1)ｺｰﾄﾞ番": "173820088", "(2)読み": null, "県名": "石川県", "市町名": "羽咋郡志賀町", "住所": "福浦港" }, "geometry": { "type": "Point", "coordinates": [ 136.729611111111012, 37.071444444444403 ] } },
{ "type": "Feature", "properties": { "name": "開の池３号", "(1)ｺｰﾄﾞ番": "173820089", "(2)読み": null, "県名": "石川県", "市町名": "羽咋郡志賀町", "住所": "福浦港" }, "geometry": { "type": "Point", "coordinates": [ 136.725444444444008, 37.071388888888897 ] } },
{ "type": "Feature", "properties": { "name": "宮谷内池", "(1)ｺｰﾄﾞ番": "173820091", "(2)読み": "みややちいけ", "県名": "石川県", "市町名": "羽咋郡志賀町", "住所": "福浦港" }, "geometry": { "type": "Point", "coordinates": [ 136.727333333333007, 37.077083333333299 ] } },
{ "type": "Feature", "properties": { "name": "栂堂の池", "(1)ｺｰﾄﾞ番": "173820092", "(2)読み": "とがどうのいけ", "県名": "石川県", "市町名": "羽咋郡志賀町", "住所": "福浦港ム9番" }, "geometry": { "type": "Point", "coordinates": [ 136.724361111110994, 37.077166666666699 ] } },
{ "type": "Feature", "properties": { "name": "瀬戸池", "(1)ｺｰﾄﾞ番": "173820093", "(2)読み": null, "県名": "石川県", "市町名": "羽咋郡志賀町", "住所": "福浦港ナ77番" }, "geometry": { "type": "Point", "coordinates": [ 136.741305555556011, 37.075944444444403 ] } },
{ "type": "Feature", "properties": { "name": "新池", "(1)ｺｰﾄﾞ番": "173820094", "(2)読み": "しんいけ", "県名": "石川県", "市町名": "羽咋郡志賀町", "住所": "福浦港ナ1番" }, "geometry": { "type": "Point", "coordinates": [ 136.736138888889002, 37.076 ] } },
{ "type": "Feature", "properties": { "name": "滝ヶ谷内池", "(1)ｺｰﾄﾞ番": "173820095", "(2)読み": "たきがやちいけ", "県名": "石川県", "市町名": "羽咋郡志賀町", "住所": "大福寺ヤ90番" }, "geometry": { "type": "Point", "coordinates": [ 136.705666666667014, 37.181 ] } },
{ "type": "Feature", "properties": { "name": "高の巣池", "(1)ｺｰﾄﾞ番": "173820096", "(2)読み": "たかのすいけ", "県名": "石川県", "市町名": "羽咋郡志賀町", "住所": "笹波モ18番" }, "geometry": { "type": "Point", "coordinates": [ 136.699666666667014, 37.210138888888899 ] } },
{ "type": "Feature", "properties": { "name": "大中の倉池", "(1)ｺｰﾄﾞ番": "173820097", "(2)読み": "おおなかのくらいけ", "県名": "石川県", "市町名": "羽咋郡志賀町", "住所": "笹波ア1番" }, "geometry": { "type": "Point", "coordinates": [ 136.698277777778003, 37.205444444444403 ] } },
{ "type": "Feature", "properties": { "name": "中谷内池", "(1)ｺｰﾄﾞ番": "173820099", "(2)読み": "なかやちいけ", "県名": "石川県", "市町名": "羽咋郡志賀町", "住所": "笹波チ25番甲" }, "geometry": { "type": "Point", "coordinates": [ 136.695027777777995, 37.191222222222201 ] } },
{ "type": "Feature", "properties": { "name": "ウルシ谷池", "(1)ｺｰﾄﾞ番": "173820101", "(2)読み": "うるしだにいけ", "県名": "石川県", "市町名": "羽咋郡志賀町", "住所": "谷神ホ1番" }, "geometry": { "type": "Point", "coordinates": [ 136.76475, 37.0975 ] } },
{ "type": "Feature", "properties": { "name": "風無大池", "(1)ｺｰﾄﾞ番": "173820103", "(2)読み": null, "県名": "石川県", "市町名": "羽咋郡志賀町", "住所": "酒見宮田6番" }, "geometry": { "type": "Point", "coordinates": [ 136.688388888888994, 37.15125 ] } },
{ "type": "Feature", "properties": { "name": "谷内寺池", "(1)ｺｰﾄﾞ番": "173820105", "(2)読み": "やちてらいけ", "県名": "石川県", "市町名": "羽咋郡志賀町", "住所": "酒見" }, "geometry": { "type": "Point", "coordinates": [ 136.69575, 37.160805555555598 ] } },
{ "type": "Feature", "properties": { "name": "浦田堤", "(1)ｺｰﾄﾞ番": "173820106", "(2)読み": null, "県名": "石川県", "市町名": "羽咋郡志賀町", "住所": "鹿頭ソ2番甲" }, "geometry": { "type": "Point", "coordinates": [ 136.685, 37.173555555555602 ] } },
{ "type": "Feature", "properties": { "name": "深谷池　　　目的外", "(1)ｺｰﾄﾞ番": "173820107", "(2)読み": null, "県名": "石川県", "市町名": "羽咋郡志賀町", "住所": "深谷ヨ" }, "geometry": { "type": "Point", "coordinates": [ 136.70883333333299, 37.218888888888898 ] } },
{ "type": "Feature", "properties": { "name": "市の谷上池", "(1)ｺｰﾄﾞ番": "173820109", "(2)読み": null, "県名": "石川県", "市町名": "羽咋郡志賀町", "住所": "町居31の1番" }, "geometry": { "type": "Point", "coordinates": [ 136.774361111111006, 37.121666666666698 ] } },
{ "type": "Feature", "properties": { "name": "ミの部大池", "(1)ｺｰﾄﾞ番": "173830001", "(2)読み": "みのぶおおいけ", "県名": "石川県", "市町名": "羽咋郡宝達志水町", "住所": "杉野屋ミの1番地" }, "geometry": { "type": "Point", "coordinates": [ 136.818972222221987, 36.876888888888899 ] } },
{ "type": "Feature", "properties": { "name": "ケの部大池", "(1)ｺｰﾄﾞ番": "173830002", "(2)読み": "けのぶおおいけ", "県名": "石川県", "市町名": "羽咋郡宝達志水町", "住所": "杉野屋ケの95番地" }, "geometry": { "type": "Point", "coordinates": [ 136.827083333333007, 36.876333333333299 ] } },
{ "type": "Feature", "properties": { "name": "菅原池", "(1)ｺｰﾄﾞ番": "173830003", "(2)読み": "すがはらいけ", "県名": "石川県", "市町名": "羽咋郡宝達志水町", "住所": "菅原ヱ1" }, "geometry": { "type": "Point", "coordinates": [ 136.810805555555987, 36.874833333333299 ] } },
{ "type": "Feature", "properties": { "name": "浅谷内池", "(1)ｺｰﾄﾞ番": "173830004", "(2)読み": "あさやちいけ", "県名": "石川県", "市町名": "羽咋郡宝達志水町", "住所": "菅原ア8" }, "geometry": { "type": "Point", "coordinates": [ 136.800972222221986, 36.87075 ] } },
{ "type": "Feature", "properties": { "name": "向山溜池", "(1)ｺｰﾄﾞ番": "173830005", "(2)読み": "むこうやまためいけ", "県名": "石川県", "市町名": "羽咋郡宝達志水町", "住所": "石坂ロ149-甲" }, "geometry": { "type": "Point", "coordinates": [ 136.819805555556002, 36.861388888888897 ] } },
{ "type": "Feature", "properties": { "name": "吉野屋大池", "(1)ｺｰﾄﾞ番": "173830006", "(2)読み": "よしのやおおいけ", "県名": "石川県", "市町名": "羽咋郡宝達志水町", "住所": "吉野屋ヌ5-1" }, "geometry": { "type": "Point", "coordinates": [ 136.808055555555995, 36.862388888888901 ] } },
{ "type": "Feature", "properties": { "name": "新開池", "(1)ｺｰﾄﾞ番": "173830007", "(2)読み": "しんかいいけ", "県名": "石川県", "市町名": "羽咋郡宝達志水町", "住所": "石坂ロ185" }, "geometry": { "type": "Point", "coordinates": [ 136.82113888888901, 36.861888888888899 ] } },
{ "type": "Feature", "properties": { "name": "的場池", "(1)ｺｰﾄﾞ番": "173830008", "(2)読み": "まとばいけ", "県名": "石川県", "市町名": "羽咋郡宝達志水町", "住所": "石坂ホ14" }, "geometry": { "type": "Point", "coordinates": [ 136.820833333333013, 36.86275 ] } },
{ "type": "Feature", "properties": { "name": "大谷屋池", "(1)ｺｰﾄﾞ番": "173830009", "(2)読み": "おおたにやいけ", "県名": "石川県", "市町名": "羽咋郡宝達志水町", "住所": "子浦ム91" }, "geometry": { "type": "Point", "coordinates": [ 136.794583333333009, 36.856333333333303 ] } },
{ "type": "Feature", "properties": { "name": "中谷池", "(1)ｺｰﾄﾞ番": "173830010", "(2)読み": "なかたにいけ", "県名": "石川県", "市町名": "羽咋郡宝達志水町", "住所": "荻市ヲ40" }, "geometry": { "type": "Point", "coordinates": [ 136.79186111111099, 36.858361111111101 ] } },
{ "type": "Feature", "properties": { "name": "西谷池", "(1)ｺｰﾄﾞ番": "173830011", "(2)読み": "にしやちいけ", "県名": "石川県", "市町名": "羽咋郡宝達志水町", "住所": "荻市カ5" }, "geometry": { "type": "Point", "coordinates": [ 136.78988888888901, 36.858416666666699 ] } },
{ "type": "Feature", "properties": { "name": "此ノ田池", "(1)ｺｰﾄﾞ番": "173830012", "(2)読み": "このだいけ", "県名": "石川県", "市町名": "羽咋郡宝達志水町", "住所": "荻谷ヲ27" }, "geometry": { "type": "Point", "coordinates": [ 136.794388888888989, 36.849527777777801 ] } },
{ "type": "Feature", "properties": { "name": "山田池", "(1)ｺｰﾄﾞ番": "173830013", "(2)読み": "やまだいけ", "県名": "石川県", "市町名": "羽咋郡宝達志水町", "住所": "荻谷ワ121" }, "geometry": { "type": "Point", "coordinates": [ 136.794472222221998, 36.845083333333299 ] } },
{ "type": "Feature", "properties": { "name": "西ノ谷池", "(1)ｺｰﾄﾞ番": "173830014", "(2)読み": "にしのたにいけ", "県名": "石川県", "市町名": "羽咋郡宝達志水町", "住所": "荻谷チ84" }, "geometry": { "type": "Point", "coordinates": [ 136.783083333332996, 36.849222222222203 ] } },
{ "type": "Feature", "properties": { "name": "桜ヶ池", "(1)ｺｰﾄﾞ番": "173830015", "(2)読み": "さくらがいけ", "県名": "石川県", "市町名": "羽咋郡宝達志水町", "住所": "敷浪カ52" }, "geometry": { "type": "Point", "coordinates": [ 136.780666666667003, 36.846388888888903 ] } },
{ "type": "Feature", "properties": { "name": "松ヶ池", "(1)ｺｰﾄﾞ番": "173830016", "(2)読み": "まつがいけ", "県名": "石川県", "市町名": "羽咋郡宝達志水町", "住所": "敷浪ル56" }, "geometry": { "type": "Point", "coordinates": [ 136.777833333333007, 36.845638888888899 ] } },
{ "type": "Feature", "properties": { "name": "聖川大池", "(1)ｺｰﾄﾞ番": "173830017", "(2)読み": "ひじりかわおおいけ", "県名": "石川県", "市町名": "羽咋郡宝達志水町", "住所": "聖川子66" }, "geometry": { "type": "Point", "coordinates": [ 136.802722222222002, 36.838666666666697 ] } },
{ "type": "Feature", "properties": { "name": "水上の池", "(1)ｺｰﾄﾞ番": "173830019", "(2)読み": "みずかみのいけ", "県名": "石川県", "市町名": "羽咋郡宝達志水町", "住所": "走入カ100" }, "geometry": { "type": "Point", "coordinates": [ 136.855583333332987, 36.86875 ] } },
{ "type": "Feature", "properties": { "name": "ガワ山池", "(1)ｺｰﾄﾞ番": "173830020", "(2)読み": "がわやまいけ", "県名": "石川県", "市町名": "羽咋郡宝達志水町", "住所": "走入カワ98" }, "geometry": { "type": "Point", "coordinates": [ 136.854, 36.866972222222202 ] } },
{ "type": "Feature", "properties": { "name": "とつ畑池", "(1)ｺｰﾄﾞ番": "173830021", "(2)読み": null, "県名": "石川県", "市町名": "羽咋郡宝達志水町", "住所": "走入ト297" }, "geometry": { "type": "Point", "coordinates": [ 136.854638888889014, 36.865666666666698 ] } },
{ "type": "Feature", "properties": { "name": "丸山谷内池", "(1)ｺｰﾄﾞ番": "173830022", "(2)読み": "まるやまやちいけ", "県名": "石川県", "市町名": "羽咋郡宝達志水町", "住所": "走入リ107" }, "geometry": { "type": "Point", "coordinates": [ 136.846944444444006, 36.8615 ] } },
{ "type": "Feature", "properties": { "name": "峯ノ池", "(1)ｺｰﾄﾞ番": "173830025", "(2)読み": "みねのいけ", "県名": "石川県", "市町名": "羽咋郡宝達志水町", "住所": "清水原へ25-1" }, "geometry": { "type": "Point", "coordinates": [ 136.86625, 36.869694444444399 ] } },
{ "type": "Feature", "properties": { "name": "宮ノ谷池", "(1)ｺｰﾄﾞ番": "173830026", "(2)読み": "みやのたにいけ", "県名": "石川県", "市町名": "羽咋郡宝達志水町", "住所": "清水原二の69" }, "geometry": { "type": "Point", "coordinates": [ 136.866666666666987, 36.867611111111103 ] } },
{ "type": "Feature", "properties": { "name": "片クボノ池", "(1)ｺｰﾄﾞ番": "173830027", "(2)読み": "かたくぼのいけ", "県名": "石川県", "市町名": "羽咋郡宝達志水町", "住所": "清水原ヌ5" }, "geometry": { "type": "Point", "coordinates": [ 136.869194444443991, 36.862888888888897 ] } },
{ "type": "Feature", "properties": { "name": "モッタ池下", "(1)ｺｰﾄﾞ番": "173830031", "(2)読み": "もったいけした", "県名": "石川県", "市町名": "羽咋郡宝達志水町", "住所": "見砂カ15" }, "geometry": { "type": "Point", "coordinates": [ 136.858111111110986, 36.856361111111099 ] } },
{ "type": "Feature", "properties": { "name": "見砂大池", "(1)ｺｰﾄﾞ番": "173830032", "(2)読み": "みさごおおいけ", "県名": "石川県", "市町名": "羽咋郡宝達志水町", "住所": "見砂り404" }, "geometry": { "type": "Point", "coordinates": [ 136.855, 36.855694444444403 ] } },
{ "type": "Feature", "properties": { "name": "前の池", "(1)ｺｰﾄﾞ番": "173830035", "(2)読み": "まえのいけ", "県名": "石川県", "市町名": "羽咋郡宝達志水町", "住所": "見砂ロ12-1" }, "geometry": { "type": "Point", "coordinates": [ 136.844305555555991, 36.858194444444401 ] } },
{ "type": "Feature", "properties": { "name": "ホ１１１", "(1)ｺｰﾄﾞ番": "173830036", "(2)読み": "ほひゃくじゅういち", "県名": "石川県", "市町名": "羽咋郡宝達志水町", "住所": "石坂ホ81" }, "geometry": { "type": "Point", "coordinates": [ 136.822388888889009, 36.863694444444398 ] } },
{ "type": "Feature", "properties": { "name": "ホ１２１", "(1)ｺｰﾄﾞ番": "173830037", "(2)読み": "ほひゃくにじゅういち", "県名": "石川県", "市町名": "羽咋郡宝達志水町", "住所": "石坂ホ17" }, "geometry": { "type": "Point", "coordinates": [ 136.821027777777999, 36.863194444444403 ] } },
{ "type": "Feature", "properties": { "name": "チ１５９池", "(1)ｺｰﾄﾞ番": "173830039", "(2)読み": null, "県名": "石川県", "市町名": "羽咋郡宝達志水町", "住所": "石坂チ159" }, "geometry": { "type": "Point", "coordinates": [ 136.825083333332998, 36.8565 ] } },
{ "type": "Feature", "properties": { "name": "南谷内池", "(1)ｺｰﾄﾞ番": "173830040", "(2)読み": "みなみやちいけ", "県名": "石川県", "市町名": "羽咋郡宝達志水町", "住所": "石坂チ150" }, "geometry": { "type": "Point", "coordinates": [ 136.823166666666992, 36.857333333333301 ] } },
{ "type": "Feature", "properties": { "name": "ロ１４９１甲", "(1)ｺｰﾄﾞ番": "173830041", "(2)読み": "ろせんよんひゃくきゅうじゅういち", "県名": "石川県", "市町名": "羽咋郡宝達志水町", "住所": "石坂イ182" }, "geometry": { "type": "Point", "coordinates": [ 136.813888888889011, 36.860333333333301 ] } },
{ "type": "Feature", "properties": { "name": "小谷内池", "(1)ｺｰﾄﾞ番": "173830042", "(2)読み": "こだにやいけ", "県名": "石川県", "市町名": "羽咋郡宝達志水町", "住所": "聖川ヌ9-丁" }, "geometry": { "type": "Point", "coordinates": [ 136.807, 36.846722222222198 ] } },
{ "type": "Feature", "properties": { "name": "大池", "(1)ｺｰﾄﾞ番": "173830043", "(2)読み": "おおいけ", "県名": "石川県", "市町名": "羽咋郡宝達志水町", "住所": "聖川タ2-1" }, "geometry": { "type": "Point", "coordinates": [ 136.806444444443997, 36.834027777777798 ] } },
{ "type": "Feature", "properties": { "name": "上野", "(1)ｺｰﾄﾞ番": "173830044", "(2)読み": "うえの", "県名": "石川県", "市町名": "羽咋郡宝達志水町", "住所": "聖川ヲ26-丙" }, "geometry": { "type": "Point", "coordinates": [ 136.809916666666993, 36.839166666666699 ] } },
{ "type": "Feature", "properties": { "name": "総新開", "(1)ｺｰﾄﾞ番": "173830045", "(2)読み": null, "県名": "石川県", "市町名": "羽咋郡宝達志水町", "住所": "聖川ワ28-乙" }, "geometry": { "type": "Point", "coordinates": [ 136.807777777778, 36.836388888888898 ] } },
{ "type": "Feature", "properties": { "name": "稚児池", "(1)ｺｰﾄﾞ番": "173830047", "(2)読み": "ちごのいけ", "県名": "石川県", "市町名": "羽咋郡宝達志水町", "住所": "聖川ワ29-丁" }, "geometry": { "type": "Point", "coordinates": [ 136.80975, 36.836611111111097 ] } },
{ "type": "Feature", "properties": { "name": "赤坂池", "(1)ｺｰﾄﾞ番": "173830048", "(2)読み": null, "県名": "石川県", "市町名": "羽咋郡宝達志水町", "住所": "所司原" }, "geometry": { "type": "Point", "coordinates": [ 136.849555555556009, 36.84475 ] } },
{ "type": "Feature", "properties": { "name": "まがり池", "(1)ｺｰﾄﾞ番": "173830049", "(2)読み": null, "県名": "石川県", "市町名": "羽咋郡宝達志水町", "住所": "所司原" }, "geometry": { "type": "Point", "coordinates": [ 136.835083333332989, 36.851055555555597 ] } },
{ "type": "Feature", "properties": { "name": "中屋古池", "(1)ｺｰﾄﾞ番": "173830056", "(2)読み": null, "県名": "石川県", "市町名": "羽咋郡宝達志水町", "住所": "清水原ヲ61" }, "geometry": { "type": "Point", "coordinates": [ 136.864138888888988, 36.869277777777803 ] } },
{ "type": "Feature", "properties": { "name": "ツバタ池", "(1)ｺｰﾄﾞ番": "173830059", "(2)読み": "つばたいけ", "県名": "石川県", "市町名": "羽咋郡宝達志水町", "住所": "見砂つ13" }, "geometry": { "type": "Point", "coordinates": [ 136.858138888888988, 36.857861111111099 ] } },
{ "type": "Feature", "properties": { "name": "尾花の池", "(1)ｺｰﾄﾞ番": "173830061", "(2)読み": null, "県名": "石川県", "市町名": "羽咋郡宝達志水町", "住所": "見砂カ87" }, "geometry": { "type": "Point", "coordinates": [ 136.85908333333299, 36.856916666666699 ] } },
{ "type": "Feature", "properties": { "name": "コモの池", "(1)ｺｰﾄﾞ番": "173830062", "(2)読み": "こものいけ", "県名": "石川県", "市町名": "羽咋郡宝達志水町", "住所": "見砂カ151" }, "geometry": { "type": "Point", "coordinates": [ 136.860638888889014, 36.85875 ] } },
{ "type": "Feature", "properties": { "name": "むらの池", "(1)ｺｰﾄﾞ番": "173830064", "(2)読み": "むらのいけ", "県名": "石川県", "市町名": "羽咋郡宝達志水町", "住所": "見砂ワ24" }, "geometry": { "type": "Point", "coordinates": [ 136.857611111110998, 36.859666666666698 ] } },
{ "type": "Feature", "properties": { "name": "イサシバホ3233", "(1)ｺｰﾄﾞ番": "173830065", "(2)読み": "いさしばほ3323", "県名": "石川県", "市町名": "羽咋郡宝達志水町", "住所": "下石" }, "geometry": { "type": "Point", "coordinates": [ 136.831833333333009, 36.849694444444403 ] } },
{ "type": "Feature", "properties": { "name": "中尾池", "(1)ｺｰﾄﾞ番": "173830066", "(2)読み": "なかおいけ", "県名": "石川県", "市町名": "羽咋郡宝達志水町", "住所": "下石" }, "geometry": { "type": "Point", "coordinates": [ 136.830861111111005, 36.851055555555597 ] } },
{ "type": "Feature", "properties": { "name": "坪野池", "(1)ｺｰﾄﾞ番": "173830068", "(2)読み": "つぼのいけ", "県名": "石川県", "市町名": "羽咋郡宝達志水町", "住所": "所司原ヨ61" }, "geometry": { "type": "Point", "coordinates": [ 136.846555555555994, 36.828722222222197 ] } },
{ "type": "Feature", "properties": { "name": "中尾池", "(1)ｺｰﾄﾞ番": "173830069", "(2)読み": "なかおいけ", "県名": "石川県", "市町名": "羽咋郡宝達志水町", "住所": "所司原タ1003-3" }, "geometry": { "type": "Point", "coordinates": [ 136.847416666666987, 36.8293888888889 ] } },
{ "type": "Feature", "properties": { "name": "はかなお池", "(1)ｺｰﾄﾞ番": "173830070", "(2)読み": "はかなをいけ", "県名": "石川県", "市町名": "羽咋郡宝達志水町", "住所": "下石" }, "geometry": { "type": "Point", "coordinates": [ 136.822972222222006, 36.845555555555599 ] } },
{ "type": "Feature", "properties": { "name": "オトシ", "(1)ｺｰﾄﾞ番": "173830071", "(2)読み": null, "県名": "石川県", "市町名": "羽咋郡宝達志水町", "住所": "所司原" }, "geometry": { "type": "Point", "coordinates": [ 136.848944444443987, 36.830277777777802 ] } },
{ "type": "Feature", "properties": { "name": "宮の久保池", "(1)ｺｰﾄﾞ番": "173830072", "(2)読み": "みやのくぼいけ", "県名": "石川県", "市町名": "羽咋郡宝達志水町", "住所": "所司原" }, "geometry": { "type": "Point", "coordinates": [ 136.84702777777801, 36.830555555555598 ] } },
{ "type": "Feature", "properties": { "name": "ユダ池（鎌口）", "(1)ｺｰﾄﾞ番": "173830075", "(2)読み": "ゆだいけ", "県名": "石川県", "市町名": "羽咋郡宝達志水町", "住所": "原ヌ20" }, "geometry": { "type": "Point", "coordinates": [ 136.833888888888993, 36.817166666666701 ] } },
{ "type": "Feature", "properties": { "name": "ユダ池（中野・村本）", "(1)ｺｰﾄﾞ番": "173830076", "(2)読み": "ゆだいけ", "県名": "石川県", "市町名": "羽咋郡宝達志水町", "住所": "原ホ196" }, "geometry": { "type": "Point", "coordinates": [ 136.82458333333301, 36.816777777777801 ] } },
{ "type": "Feature", "properties": { "name": "一口坂池", "(1)ｺｰﾄﾞ番": "173830077", "(2)読み": "ひとくちざかいけ", "県名": "石川県", "市町名": "羽咋郡宝達志水町", "住所": "原イ59" }, "geometry": { "type": "Point", "coordinates": [ 136.835805555555993, 36.828305555555602 ] } },
{ "type": "Feature", "properties": { "name": "スギノヤチ池", "(1)ｺｰﾄﾞ番": "173830079", "(2)読み": "すぎのやちいけ", "県名": "石川県", "市町名": "羽咋郡宝達志水町", "住所": "原ホ194" }, "geometry": { "type": "Point", "coordinates": [ 136.82777777777801, 36.8184166666667 ] } },
{ "type": "Feature", "properties": { "name": "久保の池（山本の池）", "(1)ｺｰﾄﾞ番": "173830080", "(2)読み": "くぼのいけ", "県名": "石川県", "市町名": "羽咋郡宝達志水町", "住所": "散田二18" }, "geometry": { "type": "Point", "coordinates": [ 136.809583333332995, 36.851888888888901 ] } },
{ "type": "Feature", "properties": { "name": "松浦の池", "(1)ｺｰﾄﾞ番": "173830081", "(2)読み": "まつうらのいけ", "県名": "石川県", "市町名": "羽咋郡宝達志水町", "住所": "散田二9" }, "geometry": { "type": "Point", "coordinates": [ 136.808222222222014, 36.854416666666701 ] } },
{ "type": "Feature", "properties": { "name": "ヌの３１池", "(1)ｺｰﾄﾞ番": "173830082", "(2)読み": "ぬのさんじゅういちいけ", "県名": "石川県", "市町名": "羽咋郡宝達志水町", "住所": "散田ヌ31" }, "geometry": { "type": "Point", "coordinates": [ 136.812222222222005, 36.850722222222203 ] } },
{ "type": "Feature", "properties": { "name": "カリヤス池", "(1)ｺｰﾄﾞ番": "173830083", "(2)読み": "かりやすいけ", "県名": "石川県", "市町名": "羽咋郡宝達志水町", "住所": "散田ヌ6" }, "geometry": { "type": "Point", "coordinates": [ 136.81225, 36.8502222222222 ] } },
{ "type": "Feature", "properties": { "name": "散田総池", "(1)ｺｰﾄﾞ番": "173830084", "(2)読み": "さんでんそういけ", "県名": "石川県", "市町名": "羽咋郡宝達志水町", "住所": "散田ツ41" }, "geometry": { "type": "Point", "coordinates": [ 136.821222222221991, 36.8535 ] } },
{ "type": "Feature", "properties": { "name": "ツ４１", "(1)ｺｰﾄﾞ番": "173830085", "(2)読み": "つよんじゅういち", "県名": "石川県", "市町名": "羽咋郡宝達志水町", "住所": "散田ツ40" }, "geometry": { "type": "Point", "coordinates": [ 136.822444444443988, 36.853666666666697 ] } },
{ "type": "Feature", "properties": { "name": "ツ４４", "(1)ｺｰﾄﾞ番": "173830086", "(2)読み": "つよんじゅうよん", "県名": "石川県", "市町名": "羽咋郡宝達志水町", "住所": "散田42" }, "geometry": { "type": "Point", "coordinates": [ 136.82125, 36.854 ] } },
{ "type": "Feature", "properties": { "name": "スワ谷池", "(1)ｺｰﾄﾞ番": "173830087", "(2)読み": "すわたにいけ", "県名": "石川県", "市町名": "羽咋郡宝達志水町", "住所": "新宮ハ62-3" }, "geometry": { "type": "Point", "coordinates": [ 136.812833333333003, 36.8485 ] } },
{ "type": "Feature", "properties": { "name": "宮の下奥池", "(1)ｺｰﾄﾞ番": "173830088", "(2)読み": "みやのしたおくいけ", "県名": "石川県", "市町名": "羽咋郡宝達志水町", "住所": "清水原リ50" }, "geometry": { "type": "Point", "coordinates": [ 136.866888888889008, 36.868111111111098 ] } },
{ "type": "Feature", "properties": { "name": "蓮池", "(1)ｺｰﾄﾞ番": "173830092", "(2)読み": "はすいけ", "県名": "石川県", "市町名": "羽咋郡宝達志水町", "住所": "石坂ホ79" }, "geometry": { "type": "Point", "coordinates": [ 136.822333333333006, 36.864277777777801 ] } },
{ "type": "Feature", "properties": { "name": "万寿松池", "(1)ｺｰﾄﾞ番": "173830094", "(2)読み": "まんじゅうまついけ", "県名": "石川県", "市町名": "羽咋郡宝達志水町", "住所": "向瀬マ9" }, "geometry": { "type": "Point", "coordinates": [ 136.823083333332988, 36.86425 ] } },
{ "type": "Feature", "properties": { "name": "松原池", "(1)ｺｰﾄﾞ番": "173830095", "(2)読み": "まつばらいけ", "県名": "石川県", "市町名": "羽咋郡宝達志水町", "住所": "向瀬ツ176" }, "geometry": { "type": "Point", "coordinates": [ 136.843027777777991, 36.870611111111103 ] } },
{ "type": "Feature", "properties": { "name": "平田池", "(1)ｺｰﾄﾞ番": "173830096", "(2)読み": "ひらたいけ", "県名": "石川県", "市町名": "羽咋郡宝達志水町", "住所": "平床ワ1番地" }, "geometry": { "type": "Point", "coordinates": [ 136.807305555556013, 36.819 ] } },
{ "type": "Feature", "properties": { "name": "針山溜池", "(1)ｺｰﾄﾞ番": "173830097", "(2)読み": "はりやまためいけ", "県名": "石川県", "市町名": "羽咋郡宝達志水町", "住所": "針山ト11" }, "geometry": { "type": "Point", "coordinates": [ 136.819055555555991, 36.828888888888898 ] } },
{ "type": "Feature", "properties": { "name": "シン池", "(1)ｺｰﾄﾞ番": "173830098", "(2)読み": "しんいけ", "県名": "石川県", "市町名": "羽咋郡宝達志水町", "住所": "海老坂へ95" }, "geometry": { "type": "Point", "coordinates": [ 136.827611111110997, 36.825194444444399 ] } },
{ "type": "Feature", "properties": { "name": "海老坂池", "(1)ｺｰﾄﾞ番": "173830099", "(2)読み": "えびさかいけ", "県名": "石川県", "市町名": "羽咋郡宝達志水町", "住所": "海老坂ト4" }, "geometry": { "type": "Point", "coordinates": [ 136.822916666666998, 36.826138888888899 ] } },
{ "type": "Feature", "properties": { "name": "中の池", "(1)ｺｰﾄﾞ番": "173830100", "(2)読み": "なかのいけ", "県名": "石川県", "市町名": "羽咋郡宝達志水町", "住所": "海老坂へ60" }, "geometry": { "type": "Point", "coordinates": [ 136.827277777777994, 36.824166666666699 ] } },
{ "type": "Feature", "properties": { "name": "花野池", "(1)ｺｰﾄﾞ番": "173830101", "(2)読み": "はなのいけ", "県名": "石川県", "市町名": "羽咋郡宝達志水町", "住所": "所司原キ7" }, "geometry": { "type": "Point", "coordinates": [ 136.847388888888986, 36.844333333333303 ] } },
{ "type": "Feature", "properties": { "name": "ミシリ池", "(1)ｺｰﾄﾞ番": "173830102", "(2)読み": "みしりいけ", "県名": "石川県", "市町名": "羽咋郡宝達志水町", "住所": "所司原" }, "geometry": { "type": "Point", "coordinates": [ 136.851777777778011, 36.847666666666697 ] } },
{ "type": "Feature", "properties": { "name": "カツンバラ池", "(1)ｺｰﾄﾞ番": "173830104", "(2)読み": "かつんばらいけ", "県名": "石川県", "市町名": "羽咋郡宝達志水町", "住所": "所司原" }, "geometry": { "type": "Point", "coordinates": [ 136.848222222222006, 36.846694444444402 ] } },
{ "type": "Feature", "properties": { "name": "宮津溜池", "(1)ｺｰﾄﾞ番": "173830107", "(2)読み": "みやつためいけ", "県名": "石川県", "市町名": "羽咋郡宝達志水町", "住所": "所司原三45" }, "geometry": { "type": "Point", "coordinates": [ 136.857472222221986, 36.843027777777799 ] } },
{ "type": "Feature", "properties": { "name": "ツ７６池", "(1)ｺｰﾄﾞ番": "173830112", "(2)読み": "つななじゅうろくいけ", "県名": "石川県", "市町名": "羽咋郡宝達志水町", "住所": "散田ツ76" }, "geometry": { "type": "Point", "coordinates": [ 136.819805555556002, 36.854194444444403 ] } },
{ "type": "Feature", "properties": { "name": "あま池", "(1)ｺｰﾄﾞ番": "173830113", "(2)読み": "あまいけ", "県名": "石川県", "市町名": "羽咋郡宝達志水町", "住所": "散田ツ159-2" }, "geometry": { "type": "Point", "coordinates": [ 136.81975, 36.856638888888902 ] } },
{ "type": "Feature", "properties": { "name": "まつ池", "(1)ｺｰﾄﾞ番": "173830114", "(2)読み": "まついけ", "県名": "石川県", "市町名": "羽咋郡宝達志水町", "住所": "散田ツ109" }, "geometry": { "type": "Point", "coordinates": [ 136.819083333332998, 36.855527777777802 ] } },
{ "type": "Feature", "properties": { "name": "古池", "(1)ｺｰﾄﾞ番": "173830115", "(2)読み": "ふるいけ", "県名": "石川県", "市町名": "羽咋郡宝達志水町", "住所": "散田ツ111" }, "geometry": { "type": "Point", "coordinates": [ 136.818638888889012, 36.855777777777803 ] } },
{ "type": "Feature", "properties": { "name": "あま新池", "(1)ｺｰﾄﾞ番": "173830116", "(2)読み": "あましんいけ", "県名": "石川県", "市町名": "羽咋郡宝達志水町", "住所": "散田ツ161" }, "geometry": { "type": "Point", "coordinates": [ 136.820277777777989, 36.856416666666703 ] } },
{ "type": "Feature", "properties": { "name": "新宮ダム", "(1)ｺｰﾄﾞ番": "173830118", "(2)読み": "しんぐうだむ", "県名": "石川県", "市町名": "羽咋郡宝達志水町", "住所": "新宮ヌ1035-2～1063-1" }, "geometry": { "type": "Point", "coordinates": [ 136.819583333332986, 36.836638888888899 ] } },
{ "type": "Feature", "properties": { "name": "新え池", "(1)ｺｰﾄﾞ番": "173840001", "(2)読み": "しんえいけ", "県名": "石川県", "市町名": "羽咋郡志賀町", "住所": "赤住ヌ33番乙" }, "geometry": { "type": "Point", "coordinates": [ 136.738194444443991, 37.064805555555601 ] } },
{ "type": "Feature", "properties": { "name": "高池", "(1)ｺｰﾄﾞ番": "173840002", "(2)読み": "たかいけ", "県名": "石川県", "市町名": "羽咋郡志賀町", "住所": "赤住ル3番乙" }, "geometry": { "type": "Point", "coordinates": [ 136.733138888888988, 37.059611111111103 ] } },
{ "type": "Feature", "properties": { "name": "下の新池", "(1)ｺｰﾄﾞ番": "173840003", "(2)読み": "しものしんいけ", "県名": "石川県", "市町名": "羽咋郡志賀町", "住所": "百浦ホ46番乙" }, "geometry": { "type": "Point", "coordinates": [ 136.7465, 37.04575 ] } },
{ "type": "Feature", "properties": { "name": "竹仁谷内", "(1)ｺｰﾄﾞ番": "173840004", "(2)読み": "たけにやち", "県名": "石川県", "市町名": "羽咋郡志賀町", "住所": "百浦ニ30番" }, "geometry": { "type": "Point", "coordinates": [ 136.752388888888987, 37.046111111111102 ] } },
{ "type": "Feature", "properties": { "name": "網笠池", "(1)ｺｰﾄﾞ番": "173840005", "(2)読み": "あみかさいけ", "県名": "石川県", "市町名": "羽咋郡志賀町", "住所": "百浦ハ18番乙" }, "geometry": { "type": "Point", "coordinates": [ 136.753583333333012, 37.042055555555599 ] } },
{ "type": "Feature", "properties": { "name": "宮山池", "(1)ｺｰﾄﾞ番": "173840006", "(2)読み": "みややまいけ", "県名": "石川県", "市町名": "羽咋郡志賀町", "住所": "百浦イ3番乙" }, "geometry": { "type": "Point", "coordinates": [ 136.752416666666988, 37.0365 ] } },
{ "type": "Feature", "properties": { "name": "芳池", "(1)ｺｰﾄﾞ番": "173840007", "(2)読み": "よしいけ", "県名": "石川県", "市町名": "羽咋郡志賀町", "住所": "小浦松ノ打4番乙" }, "geometry": { "type": "Point", "coordinates": [ 136.75052777777799, 37.033388888888901 ] } },
{ "type": "Feature", "properties": { "name": "大堤ノ池", "(1)ｺｰﾄﾞ番": "173840008", "(2)読み": "おおつつみのいけ", "県名": "石川県", "市町名": "羽咋郡志賀町", "住所": "町五123番丙" }, "geometry": { "type": "Point", "coordinates": [ 136.762555555555991, 37.018722222222202 ] } },
{ "type": "Feature", "properties": { "name": "大谷池", "(1)ｺｰﾄﾞ番": "173840009", "(2)読み": "おおやいけ", "県名": "石川県", "市町名": "羽咋郡志賀町", "住所": "倉垣垣申3番" }, "geometry": { "type": "Point", "coordinates": [ 136.845388888889005, 37.018055555555598 ] } },
{ "type": "Feature", "properties": { "name": "新池", "(1)ｺｰﾄﾞ番": "173840010", "(2)読み": "しんいけ", "県名": "石川県", "市町名": "羽咋郡志賀町", "住所": "大津尻無30番" }, "geometry": { "type": "Point", "coordinates": [ 136.758611111111009, 37.029361111111101 ] } },
{ "type": "Feature", "properties": { "name": "二ツ池", "(1)ｺｰﾄﾞ番": "173840011", "(2)読み": "ふたついけ", "県名": "石川県", "市町名": "羽咋郡志賀町", "住所": "小浦丙23番" }, "geometry": { "type": "Point", "coordinates": [ 136.758388888888987, 37.03375 ] } },
{ "type": "Feature", "properties": { "name": "菱池", "(1)ｺｰﾄﾞ番": "173840012", "(2)読み": "ひしいけ", "県名": "石川県", "市町名": "羽咋郡志賀町", "住所": "上野リ6番" }, "geometry": { "type": "Point", "coordinates": [ 136.750916666666996, 37.022944444444398 ] } },
{ "type": "Feature", "properties": { "name": "宮ノ谷池", "(1)ｺｰﾄﾞ番": "173840013", "(2)読み": "みやのたにいけ", "県名": "石川県", "市町名": "羽咋郡志賀町", "住所": "倉垣23の24番" }, "geometry": { "type": "Point", "coordinates": [ 136.826194444444013, 37.011888888888897 ] } },
{ "type": "Feature", "properties": { "name": "野田町池", "(1)ｺｰﾄﾞ番": "173840014", "(2)読み": "のだのまちいけ", "県名": "石川県", "市町名": "羽咋郡志賀町", "住所": "直海タ3番、3番1" }, "geometry": { "type": "Point", "coordinates": [ 136.769, 37.081638888888897 ] } },
{ "type": "Feature", "properties": { "name": "猪の谷溜池", "(1)ｺｰﾄﾞ番": "173840015", "(2)読み": "いのたにためいけ", "県名": "石川県", "市町名": "羽咋郡志賀町", "住所": "大笹" }, "geometry": { "type": "Point", "coordinates": [ 136.77525, 37.04225 ] } },
{ "type": "Feature", "properties": { "name": "殿町池", "(1)ｺｰﾄﾞ番": "173840016", "(2)読み": "とのまちいけ", "県名": "石川県", "市町名": "羽咋郡志賀町", "住所": "仏木ヒ1番4" }, "geometry": { "type": "Point", "coordinates": [ 136.797055555556, 37.0675 ] } },
{ "type": "Feature", "properties": { "name": "天行寺池", "(1)ｺｰﾄﾞ番": "173840017", "(2)読み": "てんぎょうじいけ", "県名": "石川県", "市町名": "羽咋郡志賀町", "住所": "徳田" }, "geometry": { "type": "Point", "coordinates": [ 136.828916666666998, 37.06625 ] } },
{ "type": "Feature", "properties": { "name": "竹ヶ谷池", "(1)ｺｰﾄﾞ番": "173840018", "(2)読み": "たけがやちいけ", "県名": "石川県", "市町名": "羽咋郡志賀町", "住所": "舘開丑13番" }, "geometry": { "type": "Point", "coordinates": [ 136.814027777777994, 37.038944444444397 ] } },
{ "type": "Feature", "properties": { "name": "厚原池", "(1)ｺｰﾄﾞ番": "173840019", "(2)読み": "あつはらいけ", "県名": "石川県", "市町名": "羽咋郡志賀町", "住所": "矢駄11の31番1" }, "geometry": { "type": "Point", "coordinates": [ 136.836027777778014, 37.002611111111101 ] } },
{ "type": "Feature", "properties": { "name": "牛ヶ渕池", "(1)ｺｰﾄﾞ番": "173840020", "(2)読み": "うしがふちいけ", "県名": "石川県", "市町名": "羽咋郡志賀町", "住所": "矢駄2の52番1" }, "geometry": { "type": "Point", "coordinates": [ 136.831277777778013, 36.9919444444444 ] } },
{ "type": "Feature", "properties": { "name": "出萩池", "(1)ｺｰﾄﾞ番": "173840022", "(2)読み": "でいはぎいけ", "県名": "石川県", "市町名": "羽咋郡志賀町", "住所": "上野ヨ1番" }, "geometry": { "type": "Point", "coordinates": [ 136.750666666667001, 37.02025 ] } },
{ "type": "Feature", "properties": { "name": "新池", "(1)ｺｰﾄﾞ番": "173840023", "(2)読み": "しんいけ", "県名": "石川県", "市町名": "羽咋郡志賀町", "住所": "上野タ2番" }, "geometry": { "type": "Point", "coordinates": [ 136.753555555556005, 37.020138888888901 ] } },
{ "type": "Feature", "properties": { "name": "大池", "(1)ｺｰﾄﾞ番": "173840024", "(2)読み": "たいいけ", "県名": "石川県", "市町名": "羽咋郡志賀町", "住所": "上野レ1番" }, "geometry": { "type": "Point", "coordinates": [ 136.752805555555994, 37.022611111111097 ] } },
{ "type": "Feature", "properties": { "name": "長池", "(1)ｺｰﾄﾞ番": "173840025", "(2)読み": "ながいけ", "県名": "石川県", "市町名": "羽咋郡志賀町", "住所": "町四13番" }, "geometry": { "type": "Point", "coordinates": [ 136.763944444444007, 37.020805555555597 ] } },
{ "type": "Feature", "properties": { "name": "七曲の池", "(1)ｺｰﾄﾞ番": "173840026", "(2)読み": "ななまがりのいけ", "県名": "石川県", "市町名": "羽咋郡志賀町", "住所": "大津出山15番" }, "geometry": { "type": "Point", "coordinates": [ 136.758916666667005, 37.027888888888903 ] } },
{ "type": "Feature", "properties": { "name": "平床池", "(1)ｺｰﾄﾞ番": "173840027", "(2)読み": "ひらとこいけ", "県名": "石川県", "市町名": "羽咋郡志賀町", "住所": "百浦ハ23番乙" }, "geometry": { "type": "Point", "coordinates": [ 136.751055555556007, 37.038888888888899 ] } },
{ "type": "Feature", "properties": { "name": "伯父谷池", "(1)ｺｰﾄﾞ番": "173840028", "(2)読み": "おじやいけ", "県名": "石川県", "市町名": "羽咋郡志賀町", "住所": "安津見55-5番1" }, "geometry": { "type": "Point", "coordinates": [ 136.815, 37.017944444444403 ] } },
{ "type": "Feature", "properties": { "name": "茨子池", "(1)ｺｰﾄﾞ番": "173840029", "(2)読み": "いばらごいけ", "県名": "石川県", "市町名": "羽咋郡志賀町", "住所": "安津見葵17番乙" }, "geometry": { "type": "Point", "coordinates": [ 136.828777777777987, 37.016055555555603 ] } },
{ "type": "Feature", "properties": { "name": "椎木谷池", "(1)ｺｰﾄﾞ番": "173840030", "(2)読み": "しいのきだにいけ", "県名": "石川県", "市町名": "羽咋郡志賀町", "住所": "安津見丙2番乙" }, "geometry": { "type": "Point", "coordinates": [ 136.820888888888987, 37.0276944444444 ] } },
{ "type": "Feature", "properties": { "name": "寺田谷池", "(1)ｺｰﾄﾞ番": "173840032", "(2)読み": "てらだたにいけ", "県名": "石川県", "市町名": "羽咋郡志賀町", "住所": "矢駄16の29番丙" }, "geometry": { "type": "Point", "coordinates": [ 136.809833333332989, 36.998277777777801 ] } },
{ "type": "Feature", "properties": { "name": "杉谷内池", "(1)ｺｰﾄﾞ番": "173840033", "(2)読み": null, "県名": "石川県", "市町名": "羽咋郡志賀町", "住所": "矢駄1の18番1" }, "geometry": { "type": "Point", "coordinates": [ 136.818888888889006, 36.985666666666702 ] } },
{ "type": "Feature", "properties": { "name": "三十刈池", "(1)ｺｰﾄﾞ番": "173840034", "(2)読み": null, "県名": "石川県", "市町名": "羽咋郡志賀町", "住所": "代田ヨ9番" }, "geometry": { "type": "Point", "coordinates": [ 136.820361111110998, 37.060416666666697 ] } },
{ "type": "Feature", "properties": { "name": "殿町池", "(1)ｺｰﾄﾞ番": "173840035", "(2)読み": "とのまちいけ", "県名": "石川県", "市町名": "羽咋郡志賀町", "住所": "小室" }, "geometry": { "type": "Point", "coordinates": [ 136.796222222222013, 37.0688888888889 ] } },
{ "type": "Feature", "properties": { "name": "六谷池", "(1)ｺｰﾄﾞ番": "173840036", "(2)読み": "ろくたんいけ", "県名": "石川県", "市町名": "羽咋郡志賀町", "住所": "代田ヤ49番" }, "geometry": { "type": "Point", "coordinates": [ 136.810555555555993, 37.058416666666702 ] } },
{ "type": "Feature", "properties": { "name": "檜堤", "(1)ｺｰﾄﾞ番": "173840037", "(2)読み": "ひのきつつみ", "県名": "石川県", "市町名": "羽咋郡志賀町", "住所": "代田ヨ1番" }, "geometry": { "type": "Point", "coordinates": [ 136.819583333332986, 37.062166666666698 ] } },
{ "type": "Feature", "properties": { "name": "神谷池", "(1)ｺｰﾄﾞ番": "173840038", "(2)読み": "かみやちいけ", "県名": "石川県", "市町名": "羽咋郡志賀町", "住所": "舘開ソ10番" }, "geometry": { "type": "Point", "coordinates": [ 136.819972222221992, 37.043555555555599 ] } },
{ "type": "Feature", "properties": { "name": "新堤", "(1)ｺｰﾄﾞ番": "173840039", "(2)読み": "しんつつみ", "県名": "石川県", "市町名": "羽咋郡志賀町", "住所": "舘開" }, "geometry": { "type": "Point", "coordinates": [ 136.825694444443997, 37.0415 ] } },
{ "type": "Feature", "properties": { "name": "谷内池", "(1)ｺｰﾄﾞ番": "173840040", "(2)読み": "やちいけ", "県名": "石川県", "市町名": "羽咋郡志賀町", "住所": "釈迦堂ホ30番" }, "geometry": { "type": "Point", "coordinates": [ 136.78905555555599, 37.081388888888902 ] } },
{ "type": "Feature", "properties": { "name": "チリボ池", "(1)ｺｰﾄﾞ番": "173840041", "(2)読み": "ちりぼいけ", "県名": "石川県", "市町名": "羽咋郡志賀町", "住所": "釈迦堂二63番" }, "geometry": { "type": "Point", "coordinates": [ 136.78988888888901, 37.078611111111101 ] } },
{ "type": "Feature", "properties": { "name": "西田谷内池", "(1)ｺｰﾄﾞ番": "173840042", "(2)読み": "にしだやちいけ", "県名": "石川県", "市町名": "羽咋郡志賀町", "住所": "直海ケ1番" }, "geometry": { "type": "Point", "coordinates": [ 136.795416666666995, 37.082472222222201 ] } },
{ "type": "Feature", "properties": { "name": "天遠田池", "(1)ｺｰﾄﾞ番": "173840043", "(2)読み": "あまとうだいけ", "県名": "石川県", "市町名": "羽咋郡志賀町", "住所": "直海" }, "geometry": { "type": "Point", "coordinates": [ 136.770166666666995, 37.0693611111111 ] } },
{ "type": "Feature", "properties": { "name": "後平池", "(1)ｺｰﾄﾞ番": "173840044", "(2)読み": "ごへいいけ", "県名": "石川県", "市町名": "羽咋郡志賀町", "住所": "直海" }, "geometry": { "type": "Point", "coordinates": [ 136.771444444444001, 37.064611111111098 ] } },
{ "type": "Feature", "properties": { "name": "深笹池", "(1)ｺｰﾄﾞ番": "173840045", "(2)読み": "ふかささいけ", "県名": "石川県", "市町名": "羽咋郡志賀町", "住所": "大笹27の78番" }, "geometry": { "type": "Point", "coordinates": [ 136.776777777777994, 37.047444444444402 ] } },
{ "type": "Feature", "properties": { "name": "中尾池", "(1)ｺｰﾄﾞ番": "173840046", "(2)読み": null, "県名": "石川県", "市町名": "羽咋郡志賀町", "住所": "赤住へ5番甲29" }, "geometry": { "type": "Point", "coordinates": [ 136.74072222222199, 37.05375 ] } },
{ "type": "Feature", "properties": { "name": "ねね池", "(1)ｺｰﾄﾞ番": "173840047", "(2)読み": "ねねいけ", "県名": "石川県", "市町名": "羽咋郡志賀町", "住所": "赤住ロ3番丙" }, "geometry": { "type": "Point", "coordinates": [ 136.741694444443993, 37.048333333333296 ] } },
{ "type": "Feature", "properties": { "name": "山下の池", "(1)ｺｰﾄﾞ番": "173840048", "(2)読み": null, "県名": "石川県", "市町名": "羽咋郡志賀町", "住所": "赤住ロ43番乙" }, "geometry": { "type": "Point", "coordinates": [ 136.748277777777986, 37.050805555555598 ] } },
{ "type": "Feature", "properties": { "name": "相当橋池", "(1)ｺｰﾄﾞ番": "173840049", "(2)読み": "あいとうばしいけ", "県名": "石川県", "市町名": "羽咋郡志賀町", "住所": "百浦ニ56番乙" }, "geometry": { "type": "Point", "coordinates": [ 136.745305555556001, 37.0445 ] } },
{ "type": "Feature", "properties": { "name": "北山池", "(1)ｺｰﾄﾞ番": "173840050", "(2)読み": "きたやまいけ", "県名": "石川県", "市町名": "羽咋郡志賀町", "住所": "百浦ムの73" }, "geometry": { "type": "Point", "coordinates": [ 136.744305555555997, 37.041027777777799 ] } },
{ "type": "Feature", "properties": { "name": "新池", "(1)ｺｰﾄﾞ番": "173840051", "(2)読み": "しんいけ", "県名": "石川県", "市町名": "羽咋郡志賀町", "住所": "百浦ハ23番丙" }, "geometry": { "type": "Point", "coordinates": [ 136.749888888888989, 37.037527777777797 ] } },
{ "type": "Feature", "properties": { "name": "長尾根の池", "(1)ｺｰﾄﾞ番": "173840052", "(2)読み": null, "県名": "石川県", "市町名": "羽咋郡志賀町", "住所": "松の木" }, "geometry": { "type": "Point", "coordinates": [ 136.776166666666995, 37.062527777777802 ] } },
{ "type": "Feature", "properties": { "name": "黒田堤", "(1)ｺｰﾄﾞ番": "173840053", "(2)読み": null, "県名": "石川県", "市町名": "羽咋郡志賀町", "住所": "松の木" }, "geometry": { "type": "Point", "coordinates": [ 136.777638888888987, 37.061888888888902 ] } },
{ "type": "Feature", "properties": { "name": "前田池", "(1)ｺｰﾄﾞ番": "173840055", "(2)読み": "まえだいけ", "県名": "石川県", "市町名": "羽咋郡志賀町", "住所": "小室2の90番" }, "geometry": { "type": "Point", "coordinates": [ 136.782472222221998, 37.064222222222199 ] } },
{ "type": "Feature", "properties": { "name": "野田上池", "(1)ｺｰﾄﾞ番": "173840056", "(2)読み": null, "県名": "石川県", "市町名": "羽咋郡志賀町", "住所": "米町リ66番" }, "geometry": { "type": "Point", "coordinates": [ 136.774972222222004, 37.058861111111099 ] } },
{ "type": "Feature", "properties": { "name": "野田下池", "(1)ｺｰﾄﾞ番": "173840057", "(2)読み": "のだしもいけ", "県名": "石川県", "市町名": "羽咋郡志賀町", "住所": "米町り56番" }, "geometry": { "type": "Point", "coordinates": [ 136.775166666666991, 37.058111111111103 ] } },
{ "type": "Feature", "properties": { "name": "奥山堤(下)", "(1)ｺｰﾄﾞ番": "173840059", "(2)読み": "おっきゃまのつつみ（した）", "県名": "石川県", "市町名": "羽咋郡志賀町", "住所": "火打谷" }, "geometry": { "type": "Point", "coordinates": [ 136.8115, 37.031833333333303 ] } },
{ "type": "Feature", "properties": { "name": "火谷内上の池", "(1)ｺｰﾄﾞ番": "173840060", "(2)読み": "ひうちがみのいけ", "県名": "石川県", "市町名": "羽咋郡志賀町", "住所": "火打谷3の22番乙" }, "geometry": { "type": "Point", "coordinates": [ 136.813861111111009, 37.0321944444444 ] } },
{ "type": "Feature", "properties": { "name": "貝ばみ池", "(1)ｺｰﾄﾞ番": "173840062", "(2)読み": "かいばみいけ", "県名": "石川県", "市町名": "羽咋郡志賀町", "住所": "舘開丑67番乙" }, "geometry": { "type": "Point", "coordinates": [ 136.820277777777989, 37.034222222222198 ] } },
{ "type": "Feature", "properties": { "name": "道辻の池", "(1)ｺｰﾄﾞ番": "173840063", "(2)読み": "みちづじのいけ", "県名": "石川県", "市町名": "羽咋郡志賀町", "住所": "舘開元仏木ヱ2番乙" }, "geometry": { "type": "Point", "coordinates": [ 136.817777777777991, 37.033805555555602 ] } },
{ "type": "Feature", "properties": { "name": "椎木谷大池", "(1)ｺｰﾄﾞ番": "173840064", "(2)読み": "しいのきだにおおいけ", "県名": "石川県", "市町名": "羽咋郡志賀町", "住所": "安津見丙2番乙" }, "geometry": { "type": "Point", "coordinates": [ 136.819916666667012, 37.027166666666702 ] } },
{ "type": "Feature", "properties": { "name": "池谷内池", "(1)ｺｰﾄﾞ番": "173840065", "(2)読み": "いけがやちいけ", "県名": "石川県", "市町名": "羽咋郡志賀町", "住所": "安津見69の25番" }, "geometry": { "type": "Point", "coordinates": [ 136.810194444443994, 37.020555555555603 ] } },
{ "type": "Feature", "properties": { "name": "岩田池", "(1)ｺｰﾄﾞ番": "173840066", "(2)読み": "いわたいけ", "県名": "石川県", "市町名": "羽咋郡志賀町", "住所": "安津見た1番1、53番、53番1" }, "geometry": { "type": "Point", "coordinates": [ 136.827305555555995, 37.016972222222201 ] } },
{ "type": "Feature", "properties": { "name": "寺ノ腰池", "(1)ｺｰﾄﾞ番": "173840067", "(2)読み": "てらのこしいけ", "県名": "石川県", "市町名": "羽咋郡志賀町", "住所": "倉垣45の120番" }, "geometry": { "type": "Point", "coordinates": [ 136.818416666666991, 37.005777777777801 ] } },
{ "type": "Feature", "properties": { "name": "じんさい池", "(1)ｺｰﾄﾞ番": "173840068", "(2)読み": null, "県名": "石川県", "市町名": "羽咋郡志賀町", "住所": "倉垣寅41番" }, "geometry": { "type": "Point", "coordinates": [ 136.820222222221986, 37.005583333333298 ] } },
{ "type": "Feature", "properties": { "name": "藤ケ谷内池", "(1)ｺｰﾄﾞ番": "173840069", "(2)読み": "ふじがやちいけ", "県名": "石川県", "市町名": "羽咋郡志賀町", "住所": "館開元仏木ヱ1番丙" }, "geometry": { "type": "Point", "coordinates": [ 136.815388888889004, 37.034305555555598 ] } },
{ "type": "Feature", "properties": { "name": "中池", "(1)ｺｰﾄﾞ番": "173840070", "(2)読み": "なかいけ", "県名": "石川県", "市町名": "羽咋郡志賀町", "住所": "赤住ル3番丙" }, "geometry": { "type": "Point", "coordinates": [ 136.731777777778007, 37.059 ] } },
{ "type": "Feature", "properties": { "name": "浦池", "(1)ｺｰﾄﾞ番": "173840071", "(2)読み": "うらいけ", "県名": "石川県", "市町名": "羽咋郡志賀町", "住所": "赤住3番丁" }, "geometry": { "type": "Point", "coordinates": [ 136.73125, 37.05775 ] } },
{ "type": "Feature", "properties": { "name": "上之池", "(1)ｺｰﾄﾞ番": "173840072", "(2)読み": "かみのいけ", "県名": "石川県", "市町名": "羽咋郡志賀町", "住所": "小浦大人防52番" }, "geometry": { "type": "Point", "coordinates": [ 136.752361111110986, 37.0305 ] } },
{ "type": "Feature", "properties": { "name": "和尚谷の池", "(1)ｺｰﾄﾞ番": "173840073", "(2)読み": "おしょうだにのいけ", "県名": "石川県", "市町名": "羽咋郡志賀町", "住所": "大津木場ノ髙33番" }, "geometry": { "type": "Point", "coordinates": [ 136.753027777777987, 37.025583333333302 ] } },
{ "type": "Feature", "properties": { "name": "新池", "(1)ｺｰﾄﾞ番": "173840074", "(2)読み": "しんいけ", "県名": "石川県", "市町名": "羽咋郡志賀町", "住所": "小浦ラ41番" }, "geometry": { "type": "Point", "coordinates": [ 136.75716666666699, 37.0317222222222 ] } },
{ "type": "Feature", "properties": { "name": "千堤", "(1)ｺｰﾄﾞ番": "173840075", "(2)読み": "せんつつみ", "県名": "石川県", "市町名": "羽咋郡志賀町", "住所": "安部屋戌2番乙" }, "geometry": { "type": "Point", "coordinates": [ 136.758083333332991, 37.0205 ] } },
{ "type": "Feature", "properties": { "name": "うつくし池", "(1)ｺｰﾄﾞ番": "173840076", "(2)読み": null, "県名": "石川県", "市町名": "羽咋郡志賀町", "住所": "長田3の28番1" }, "geometry": { "type": "Point", "coordinates": [ 136.767388888889002, 37.077944444444398 ] } },
{ "type": "Feature", "properties": { "name": "平葱池", "(1)ｺｰﾄﾞ番": "173840077", "(2)読み": "ひらそいけ", "県名": "石川県", "市町名": "羽咋郡志賀町", "住所": "長田ご57番" }, "geometry": { "type": "Point", "coordinates": [ 136.761333333332999, 37.075638888888903 ] } },
{ "type": "Feature", "properties": { "name": "小室池", "(1)ｺｰﾄﾞ番": "173840078", "(2)読み": null, "県名": "石川県", "市町名": "羽咋郡志賀町", "住所": "小室23の1番" }, "geometry": { "type": "Point", "coordinates": [ 136.770027777778012, 37.0654166666667 ] } },
{ "type": "Feature", "properties": { "name": "森屋池", "(1)ｺｰﾄﾞ番": "173840079", "(2)読み": "もりやいけ", "県名": "石川県", "市町名": "羽咋郡志賀町", "住所": "大笹6-31番" }, "geometry": { "type": "Point", "coordinates": [ 136.781888888889, 37.055416666666702 ] } },
{ "type": "Feature", "properties": { "name": "栗山口池", "(1)ｺｰﾄﾞ番": "173840080", "(2)読み": "くりやまぐちいけ", "県名": "石川県", "市町名": "羽咋郡志賀町", "住所": "牛ヶ首99番、463番" }, "geometry": { "type": "Point", "coordinates": [ 136.7675, 37.048555555555602 ] } },
{ "type": "Feature", "properties": { "name": "天が沢池", "(1)ｺｰﾄﾞ番": "173840081", "(2)読み": "てんがさわいけ", "県名": "石川県", "市町名": "羽咋郡志賀町", "住所": "牛ヶ首5番1、523番" }, "geometry": { "type": "Point", "coordinates": [ 136.76975, 37.045833333333299 ] } },
{ "type": "Feature", "properties": { "name": "品久保池", "(1)ｺｰﾄﾞ番": "173840082", "(2)読み": "しなくぼいけ", "県名": "石川県", "市町名": "羽咋郡志賀町", "住所": "矢田28の63番乙、63番2" }, "geometry": { "type": "Point", "coordinates": [ 136.826583333332991, 37.069555555555603 ] } },
{ "type": "Feature", "properties": { "name": "山ノ堤", "(1)ｺｰﾄﾞ番": "173840083", "(2)読み": "やまのつつみ", "県名": "石川県", "市町名": "羽咋郡志賀町", "住所": "印内ヤ5番" }, "geometry": { "type": "Point", "coordinates": [ 136.813805555556002, 37.0675555555556 ] } },
{ "type": "Feature", "properties": { "name": "小浅田ノ池", "(1)ｺｰﾄﾞ番": "173840084", "(2)読み": "こあさだのいけ", "県名": "石川県", "市町名": "羽咋郡志賀町", "住所": "印内レ11番、11番1" }, "geometry": { "type": "Point", "coordinates": [ 136.814111111111004, 37.061388888888899 ] } },
{ "type": "Feature", "properties": { "name": "晒ケ谷ノ池", "(1)ｺｰﾄﾞ番": "173840085", "(2)読み": "さらしがたに", "県名": "石川県", "市町名": "羽咋郡志賀町", "住所": "印内ケ5番乙" }, "geometry": { "type": "Point", "coordinates": [ 136.81075, 37.064972222222202 ] } },
{ "type": "Feature", "properties": { "name": "小谷谷内ノ池", "(1)ｺｰﾄﾞ番": "173840086", "(2)読み": null, "県名": "石川県", "市町名": "羽咋郡志賀町", "住所": "印内ク15番" }, "geometry": { "type": "Point", "coordinates": [ 136.815916666666993, 37.064888888888902 ] } },
{ "type": "Feature", "properties": { "name": "婆々谷ノ池", "(1)ｺｰﾄﾞ番": "173840087", "(2)読み": "ばばだにのいけ", "県名": "石川県", "市町名": "羽咋郡志賀町", "住所": "館開乙1番" }, "geometry": { "type": "Point", "coordinates": [ 136.830722222221993, 37.040472222222199 ] } },
{ "type": "Feature", "properties": { "name": "広手の池", "(1)ｺｰﾄﾞ番": "173840088", "(2)読み": null, "県名": "石川県", "市町名": "羽咋郡志賀町", "住所": "上棚ワ103番" }, "geometry": { "type": "Point", "coordinates": [ 136.832, 36.982138888888898 ] } },
{ "type": "Feature", "properties": { "name": "蛇の口池", "(1)ｺｰﾄﾞ番": "173840089", "(2)読み": "じゃのくちいけ", "県名": "石川県", "市町名": "羽咋郡志賀町", "住所": "ニ所宮コ29番" }, "geometry": { "type": "Point", "coordinates": [ 136.809916666666993, 36.972833333333298 ] } },
{ "type": "Feature", "properties": { "name": "柿ノ木谷堤", "(1)ｺｰﾄﾞ番": "173840090", "(2)読み": "かきのきたにつつみ", "県名": "石川県", "市町名": "羽咋郡志賀町", "住所": "ニ所宮ヱ39番" }, "geometry": { "type": "Point", "coordinates": [ 136.807666666666989, 36.97075 ] } },
{ "type": "Feature", "properties": { "name": "大堤", "(1)ｺｰﾄﾞ番": "173840091", "(2)読み": "おおつつみ", "県名": "石川県", "市町名": "羽咋郡志賀町", "住所": "大坂レ29番甲" }, "geometry": { "type": "Point", "coordinates": [ 136.807305555556013, 36.996 ] } },
{ "type": "Feature", "properties": { "name": "谷内田池", "(1)ｺｰﾄﾞ番": "173840092", "(2)読み": "やちだいけ", "県名": "石川県", "市町名": "羽咋郡志賀町", "住所": "大坂ノ74番" }, "geometry": { "type": "Point", "coordinates": [ 136.810888888888996, 36.994666666666703 ] } },
{ "type": "Feature", "properties": { "name": "川堤", "(1)ｺｰﾄﾞ番": "173840093", "(2)読み": "かわつつみ", "県名": "石川県", "市町名": "羽咋郡志賀町", "住所": "甘田レ26番" }, "geometry": { "type": "Point", "coordinates": [ 136.794666666667013, 36.95675 ] } },
{ "type": "Feature", "properties": { "name": "蛇池", "(1)ｺｰﾄﾞ番": "173840094", "(2)読み": "へびいけ", "県名": "石川県", "市町名": "羽咋郡志賀町", "住所": "堀松チ10番1" }, "geometry": { "type": "Point", "coordinates": [ 136.771722222221996, 37.034138888888897 ] } },
{ "type": "Feature", "properties": { "name": "芹原池（上）", "(1)ｺｰﾄﾞ番": "173840095", "(2)読み": "せりわらいけうえ", "県名": "石川県", "市町名": "羽咋郡志賀町", "住所": "小浦松ハツレ6番乙" }, "geometry": { "type": "Point", "coordinates": [ 136.757833333332997, 37.035722222222198 ] } },
{ "type": "Feature", "properties": { "name": "芹原池（下）", "(1)ｺｰﾄﾞ番": "173840096", "(2)読み": "せりわらいけした", "県名": "石川県", "市町名": "羽咋郡志賀町", "住所": "小浦松ハツレ6番乙" }, "geometry": { "type": "Point", "coordinates": [ 136.757583333333002, 37.035444444444401 ] } },
{ "type": "Feature", "properties": { "name": "室の池（上）", "(1)ｺｰﾄﾞ番": "173840097", "(2)読み": "むろのいけうえ", "県名": "石川県", "市町名": "羽咋郡志賀町", "住所": "小浦ヲ78～81番" }, "geometry": { "type": "Point", "coordinates": [ 136.754, 37.034888888888901 ] } },
{ "type": "Feature", "properties": { "name": "室の池（下）", "(1)ｺｰﾄﾞ番": "173840098", "(2)読み": "むろのいけした", "県名": "石川県", "市町名": "羽咋郡志賀町", "住所": "小浦ヲ76、77番" }, "geometry": { "type": "Point", "coordinates": [ 136.75327777777801, 37.034944444444399 ] } },
{ "type": "Feature", "properties": { "name": "湾田池", "(1)ｺｰﾄﾞ番": "173840099", "(2)読み": "わんだいけ", "県名": "石川県", "市町名": "羽咋郡志賀町", "住所": "町六147番乙" }, "geometry": { "type": "Point", "coordinates": [ 136.761194444443987, 37.018055555555598 ] } },
{ "type": "Feature", "properties": { "name": "深田の池", "(1)ｺｰﾄﾞ番": "173840100", "(2)読み": "ふかだのいけ", "県名": "石川県", "市町名": "羽咋郡志賀町", "住所": "安部屋末10番乙" }, "geometry": { "type": "Point", "coordinates": [ 136.757305555556002, 37.013722222222199 ] } },
{ "type": "Feature", "properties": { "name": "にぐり池", "(1)ｺｰﾄﾞ番": "173840103", "(2)読み": "にぐりいけ", "県名": "石川県", "市町名": "羽咋郡志賀町", "住所": "川尻イ6番甲、6番1" }, "geometry": { "type": "Point", "coordinates": [ 136.765666666666988, 37.008 ] } },
{ "type": "Feature", "properties": { "name": "魚ツ手池", "(1)ｺｰﾄﾞ番": "173840104", "(2)読み": "さかなっていけ", "県名": "石川県", "市町名": "羽咋郡志賀町", "住所": "神代" }, "geometry": { "type": "Point", "coordinates": [ 136.76852777777799, 37.008972222222198 ] } },
{ "type": "Feature", "properties": { "name": "ドウダ池", "(1)ｺｰﾄﾞ番": "173840105", "(2)読み": "どうだいけ", "県名": "石川県", "市町名": "羽咋郡志賀町", "住所": "神代4の1番乙、1番2" }, "geometry": { "type": "Point", "coordinates": [ 136.767305555555993, 37.0134166666667 ] } },
{ "type": "Feature", "properties": { "name": "タラクチの池", "(1)ｺｰﾄﾞ番": "173840107", "(2)読み": "たらくちのいけ", "県名": "石川県", "市町名": "羽咋郡志賀町", "住所": "矢蔵谷ワ14番" }, "geometry": { "type": "Point", "coordinates": [ 136.769083333332986, 37.016916666666702 ] } },
{ "type": "Feature", "properties": { "name": "ロクロの池", "(1)ｺｰﾄﾞ番": "173840108", "(2)読み": "ろくろのいけ", "県名": "石川県", "市町名": "羽咋郡志賀町", "住所": "矢蔵谷チ35番" }, "geometry": { "type": "Point", "coordinates": [ 136.77261111111099, 37.022027777777801 ] } },
{ "type": "Feature", "properties": { "name": "長池", "(1)ｺｰﾄﾞ番": "173840109", "(2)読み": "ながいけ", "県名": "石川県", "市町名": "羽咋郡志賀町", "住所": "矢蔵谷チ28番" }, "geometry": { "type": "Point", "coordinates": [ 136.77425, 37.021805555555602 ] } },
{ "type": "Feature", "properties": { "name": "ワケダの池", "(1)ｺｰﾄﾞ番": "173840110", "(2)読み": "わけだのいけ", "県名": "石川県", "市町名": "羽咋郡志賀町", "住所": "矢蔵谷チ1番" }, "geometry": { "type": "Point", "coordinates": [ 136.775027777778007, 37.020055555555601 ] } },
{ "type": "Feature", "properties": { "name": "小堤", "(1)ｺｰﾄﾞ番": "173840111", "(2)読み": "こつつみ", "県名": "石川県", "市町名": "羽咋郡志賀町", "住所": "堀松ヌ43番" }, "geometry": { "type": "Point", "coordinates": [ 136.77472222222201, 37.028777777777798 ] } },
{ "type": "Feature", "properties": { "name": "大藤の池", "(1)ｺｰﾄﾞ番": "173840113", "(2)読み": "おおふじのいけ", "県名": "石川県", "市町名": "羽咋郡志賀町", "住所": "赤住ホ2番" }, "geometry": { "type": "Point", "coordinates": [ 136.753611111111013, 37.054722222222203 ] } },
{ "type": "Feature", "properties": { "name": "牛のの池", "(1)ｺｰﾄﾞ番": "173840114", "(2)読み": null, "県名": "石川県", "市町名": "羽咋郡志賀町", "住所": "赤住ホ5番" }, "geometry": { "type": "Point", "coordinates": [ 136.755194444443987, 37.058333333333302 ] } },
{ "type": "Feature", "properties": { "name": "新池", "(1)ｺｰﾄﾞ番": "173840115", "(2)読み": "しんいけ", "県名": "石川県", "市町名": "羽咋郡志賀町", "住所": "赤住ホ4番甲3" }, "geometry": { "type": "Point", "coordinates": [ 136.756916666666996, 37.058055555555597 ] } },
{ "type": "Feature", "properties": { "name": "浦義政の池", "(1)ｺｰﾄﾞ番": "173840116", "(2)読み": "うらよしまさのいけ", "県名": "石川県", "市町名": "羽咋郡志賀町", "住所": "百浦ニ47番乙" }, "geometry": { "type": "Point", "coordinates": [ 136.752055555556012, 37.042944444444402 ] } },
{ "type": "Feature", "properties": { "name": "亀谷内池", "(1)ｺｰﾄﾞ番": "173840118", "(2)読み": "かめやちいけ", "県名": "石川県", "市町名": "羽咋郡志賀町", "住所": "百浦ヱ16番" }, "geometry": { "type": "Point", "coordinates": [ 136.759055555555989, 37.048833333333299 ] } },
{ "type": "Feature", "properties": { "name": "山田ノ池", "(1)ｺｰﾄﾞ番": "173840119", "(2)読み": "やまだのいけ", "県名": "石川県", "市町名": "羽咋郡志賀町", "住所": "大津峯山2番" }, "geometry": { "type": "Point", "coordinates": [ 136.766222222222012, 37.030583333333297 ] } },
{ "type": "Feature", "properties": { "name": "新の池", "(1)ｺｰﾄﾞ番": "173840120", "(2)読み": "しんのいけ", "県名": "石川県", "市町名": "羽咋郡志賀町", "住所": "上野レ10番" }, "geometry": { "type": "Point", "coordinates": [ 136.756166666667013, 37.022833333333303 ] } },
{ "type": "Feature", "properties": { "name": "大岩池", "(1)ｺｰﾄﾞ番": "173840121", "(2)読み": "おおいわいけ", "県名": "石川県", "市町名": "羽咋郡志賀町", "住所": "上野ソ2番、2番1" }, "geometry": { "type": "Point", "coordinates": [ 136.760416666666998, 37.021638888888901 ] } },
{ "type": "Feature", "properties": { "name": "大世町溜池", "(1)ｺｰﾄﾞ番": "173840122", "(2)読み": "おおせまちためいけ", "県名": "石川県", "市町名": "羽咋郡志賀町", "住所": "栗山大世町1番" }, "geometry": { "type": "Point", "coordinates": [ 136.803694444444005, 37.078583333333299 ] } },
{ "type": "Feature", "properties": { "name": "コアセの堤", "(1)ｺｰﾄﾞ番": "173840123", "(2)読み": null, "県名": "石川県", "市町名": "羽咋郡志賀町", "住所": "谷屋ル64番" }, "geometry": { "type": "Point", "coordinates": [ 136.8045, 37.061972222222202 ] } },
{ "type": "Feature", "properties": { "name": "柴中堤", "(1)ｺｰﾄﾞ番": "173840124", "(2)読み": "しばなかつつみ", "県名": "石川県", "市町名": "羽咋郡志賀町", "住所": "仏木ヌ11番乙、11番3" }, "geometry": { "type": "Point", "coordinates": [ 136.800861111111004, 37.056444444444402 ] } },
{ "type": "Feature", "properties": { "name": "土谷内の池", "(1)ｺｰﾄﾞ番": "173840125", "(2)読み": "どやちのいけ", "県名": "石川県", "市町名": "羽咋郡志賀町", "住所": "上棚へ1番甲" }, "geometry": { "type": "Point", "coordinates": [ 136.822138888888986, 36.9798055555556 ] } },
{ "type": "Feature", "properties": { "name": "草木の池", "(1)ｺｰﾄﾞ番": "173840127", "(2)読み": "くさきのいけ", "県名": "石川県", "市町名": "羽咋郡志賀町", "住所": "上棚" }, "geometry": { "type": "Point", "coordinates": [ 136.815333333333001, 36.974777777777803 ] } },
{ "type": "Feature", "properties": { "name": "大石の池", "(1)ｺｰﾄﾞ番": "173840128", "(2)読み": "おおいしのいけ", "県名": "石川県", "市町名": "羽咋郡志賀町", "住所": "上棚ケ69番" }, "geometry": { "type": "Point", "coordinates": [ 136.81625, 36.97425 ] } },
{ "type": "Feature", "properties": { "name": "?谷の池", "(1)ｺｰﾄﾞ番": "173840129", "(2)読み": "わらたにのいけ", "県名": "石川県", "市町名": "羽咋郡志賀町", "住所": "上棚" }, "geometry": { "type": "Point", "coordinates": [ 136.816277777777998, 36.972972222222197 ] } },
{ "type": "Feature", "properties": { "name": "カナクソ池", "(1)ｺｰﾄﾞ番": "173840130", "(2)読み": null, "県名": "石川県", "市町名": "羽咋郡志賀町", "住所": "仏木ウ1番1" }, "geometry": { "type": "Point", "coordinates": [ 136.808916666666988, 37.042083333333302 ] } },
{ "type": "Feature", "properties": { "name": "岩谷内池", "(1)ｺｰﾄﾞ番": "173840134", "(2)読み": "いわやちいけ", "県名": "石川県", "市町名": "羽咋郡志賀町", "住所": "矢田" }, "geometry": { "type": "Point", "coordinates": [ 136.823394444444006, 37.076513888888897 ] } },
{ "type": "Feature", "properties": { "name": "シナッポウ池", "(1)ｺｰﾄﾞ番": "173840135", "(2)読み": "しなっぽういけ", "県名": "石川県", "市町名": "羽咋郡志賀町", "住所": "矢田11の20番乙" }, "geometry": { "type": "Point", "coordinates": [ 136.820222222221986, 37.0769444444445 ] } },
{ "type": "Feature", "properties": { "name": "オヤニヤチ池", "(1)ｺｰﾄﾞ番": "173840136", "(2)読み": "おやにやちいけ", "県名": "石川県", "市町名": "羽咋郡志賀町", "住所": "矢田11の20番乙" }, "geometry": { "type": "Point", "coordinates": [ 136.820222222221986, 37.0769444444445 ] } },
{ "type": "Feature", "properties": { "name": "ヒノキ谷池", "(1)ｺｰﾄﾞ番": "173840137", "(2)読み": "ひのきたにいけ", "県名": "石川県", "市町名": "羽咋郡志賀町", "住所": "徳田" }, "geometry": { "type": "Point", "coordinates": [ 136.830361111110989, 37.070611111111099 ] } },
{ "type": "Feature", "properties": { "name": "西田谷内の池", "(1)ｺｰﾄﾞ番": "173840138", "(2)読み": "にしだやちのいけ", "県名": "石川県", "市町名": "羽咋郡志賀町", "住所": "直海ケ4番" }, "geometry": { "type": "Point", "coordinates": [ 136.796305555555989, 37.080361111111102 ] } },
{ "type": "Feature", "properties": { "name": "ハザマ谷内の池", "(1)ｺｰﾄﾞ番": "173840139", "(2)読み": "はざまやちのいけ", "県名": "石川県", "市町名": "羽咋郡志賀町", "住所": "小室五1番" }, "geometry": { "type": "Point", "coordinates": [ 136.783277777778011, 37.062805555555599 ] } },
{ "type": "Feature", "properties": { "name": "殿町下池", "(1)ｺｰﾄﾞ番": "173840141", "(2)読み": "とのまちしもいけ", "県名": "石川県", "市町名": "羽咋郡志賀町", "住所": "小室七1番" }, "geometry": { "type": "Point", "coordinates": [ 136.798555555555993, 37.070333333333302 ] } },
{ "type": "Feature", "properties": { "name": "殿町上池", "(1)ｺｰﾄﾞ番": "173840142", "(2)読み": "とのまちかみいけ", "県名": "石川県", "市町名": "羽咋郡志賀町", "住所": "小室七2番" }, "geometry": { "type": "Point", "coordinates": [ 136.797611111110996, 37.071527777777803 ] } },
{ "type": "Feature", "properties": { "name": "長谷ノ池", "(1)ｺｰﾄﾞ番": "173840143", "(2)読み": "はせのいけ", "県名": "石川県", "市町名": "羽咋郡志賀町", "住所": "上棚46の31番" }, "geometry": { "type": "Point", "coordinates": [ 136.80386111111099, 36.956638888888897 ] } },
{ "type": "Feature", "properties": { "name": "瑠璃谷の池", "(1)ｺｰﾄﾞ番": "173840145", "(2)読み": "るりたにのいけ", "県名": "石川県", "市町名": "羽咋郡志賀町", "住所": "甘田元坪野ラ4番" }, "geometry": { "type": "Point", "coordinates": [ 136.802166666667006, 36.958972222222201 ] } },
{ "type": "Feature", "properties": { "name": "むじな郷堤", "(1)ｺｰﾄﾞ番": "173840146", "(2)読み": null, "県名": "石川県", "市町名": "羽咋郡志賀町", "住所": "上棚44の9番" }, "geometry": { "type": "Point", "coordinates": [ 136.798666666667003, 36.951555555555601 ] } },
{ "type": "Feature", "properties": { "name": "柳谷堤", "(1)ｺｰﾄﾞ番": "173840147", "(2)読み": "やなぎたにつつみ", "県名": "石川県", "市町名": "羽咋郡志賀町", "住所": "甘田ヨ34番丙" }, "geometry": { "type": "Point", "coordinates": [ 136.792305555555998, 36.950527777777801 ] } },
{ "type": "Feature", "properties": { "name": "鷺池", "(1)ｺｰﾄﾞ番": "173840153", "(2)読み": "さぎいけ", "県名": "石川県", "市町名": "羽咋郡志賀町", "住所": "末吉ノ16番乙、16番2" }, "geometry": { "type": "Point", "coordinates": [ 136.788583333333008, 37.0073333333333 ] } },
{ "type": "Feature", "properties": { "name": "長田第１ダム", "(1)ｺｰﾄﾞ番": "173840155", "(2)読み": "ながただいいちだむ", "県名": "石川県", "市町名": "羽咋郡志賀町", "住所": "長田ロ31番2" }, "geometry": { "type": "Point", "coordinates": [ 136.759944444443988, 37.077277777777802 ] } },
{ "type": "Feature", "properties": { "name": "長田第２ダム", "(1)ｺｰﾄﾞ番": "173840156", "(2)読み": "ながただいにだむ", "県名": "石川県", "市町名": "羽咋郡志賀町", "住所": "長田ロ34番3" }, "geometry": { "type": "Point", "coordinates": [ 136.761222222221988, 37.08 ] } },
{ "type": "Feature", "properties": { "name": "婆谷内堤", "(1)ｺｰﾄﾞ番": "173840157", "(2)読み": "ばばやちつつみ", "県名": "石川県", "市町名": "羽咋郡志賀町", "住所": "釈迦堂エ11番乙" }, "geometry": { "type": "Point", "coordinates": [ 136.780194444443993, 37.077361111111102 ] } },
{ "type": "Feature", "properties": { "name": "長池", "(1)ｺｰﾄﾞ番": "173840161", "(2)読み": "ながいけ", "県名": "石川県", "市町名": "羽咋郡志賀町", "住所": "火打谷マ52番" }, "geometry": { "type": "Point", "coordinates": [ 136.810277777777998, 37.025583333333302 ] } },
{ "type": "Feature", "properties": { "name": "イシヤ池", "(1)ｺｰﾄﾞ番": "173840162", "(2)読み": "いしやいけ", "県名": "石川県", "市町名": "羽咋郡志賀町", "住所": "安津見15の3番3" }, "geometry": { "type": "Point", "coordinates": [ 136.830055555555987, 37.016222222222197 ] } },
{ "type": "Feature", "properties": { "name": "花野奥池", "(1)ｺｰﾄﾞ番": "173840163", "(2)読み": "はなのおくいけ", "県名": "石川県", "市町名": "羽咋郡志賀町", "住所": "安津見15の13番1" }, "geometry": { "type": "Point", "coordinates": [ 136.83058333333301, 37.016944444444398 ] } },
{ "type": "Feature", "properties": { "name": "大堤", "(1)ｺｰﾄﾞ番": "173840164", "(2)読み": "おおつつみ", "県名": "石川県", "市町名": "羽咋郡志賀町", "住所": "長沢ウ27番" }, "geometry": { "type": "Point", "coordinates": [ 136.802166666667006, 36.985722222222201 ] } },
{ "type": "Feature", "properties": { "name": "小堤", "(1)ｺｰﾄﾞ番": "173840165", "(2)読み": null, "県名": "石川県", "市町名": "羽咋郡志賀町", "住所": "長沢オ11番" }, "geometry": { "type": "Point", "coordinates": [ 136.803638888888997, 36.981555555555602 ] } },
{ "type": "Feature", "properties": { "name": "宿女大堤", "(1)ｺｰﾄﾞ番": "173840166", "(2)読み": "やどめおおつつみ", "県名": "石川県", "市町名": "羽咋郡志賀町", "住所": "宿女ウ6番" }, "geometry": { "type": "Point", "coordinates": [ 136.789833333333007, 36.974972222222199 ] } },
{ "type": "Feature", "properties": { "name": "長峰池", "(1)ｺｰﾄﾞ番": "173850001", "(2)読み": "ながみねいけ", "県名": "石川県", "市町名": "羽咋郡宝達志水町", "住所": "宿コ1" }, "geometry": { "type": "Point", "coordinates": [ 136.775055555556008, 36.841861111111101 ] } },
{ "type": "Feature", "properties": { "name": "釜谷池", "(1)ｺｰﾄﾞ番": "173850002", "(2)読み": "かまたにいけ", "県名": "石川県", "市町名": "羽咋郡宝達志水町", "住所": "宿マ76" }, "geometry": { "type": "Point", "coordinates": [ 136.776388888888988, 36.83925 ] } },
{ "type": "Feature", "properties": { "name": "口堤", "(1)ｺｰﾄﾞ番": "173850003", "(2)読み": "くちづつみ", "県名": "石川県", "市町名": "羽咋郡宝達志水町", "住所": "宿子11" }, "geometry": { "type": "Point", "coordinates": [ 136.769638888889006, 36.835472222222201 ] } },
{ "type": "Feature", "properties": { "name": "口堤奥池", "(1)ｺｰﾄﾞ番": "173850004", "(2)読み": "くちづちつみおくいけ", "県名": "石川県", "市町名": "羽咋郡宝達志水町", "住所": "宿子12-甲" }, "geometry": { "type": "Point", "coordinates": [ 136.77025, 36.8358611111111 ] } },
{ "type": "Feature", "properties": { "name": "奥の池", "(1)ｺｰﾄﾞ番": "173850005", "(2)読み": "おくのいけ", "県名": "石川県", "市町名": "羽咋郡宝達志水町", "住所": "竹生野ト53-1" }, "geometry": { "type": "Point", "coordinates": [ 136.772055555555994, 36.831416666666698 ] } },
{ "type": "Feature", "properties": { "name": "黒谷池", "(1)ｺｰﾄﾞ番": "173850006", "(2)読み": "くろたにいけ", "県名": "石川県", "市町名": "羽咋郡宝達志水町", "住所": "南吉田ミ51" }, "geometry": { "type": "Point", "coordinates": [ 136.777694444443995, 36.827611111111104 ] } },
{ "type": "Feature", "properties": { "name": "城丸池", "(1)ｺｰﾄﾞ番": "173850007", "(2)読み": "しろまるいけ", "県名": "石川県", "市町名": "羽咋郡宝達志水町", "住所": "南吉田ア2" }, "geometry": { "type": "Point", "coordinates": [ 136.783583333333013, 36.8278888888889 ] } },
{ "type": "Feature", "properties": { "name": "凄谷池", "(1)ｺｰﾄﾞ番": "173850008", "(2)読み": "すごたにいけ", "県名": "石川県", "市町名": "羽咋郡宝達志水町", "住所": "南吉田ケ38" }, "geometry": { "type": "Point", "coordinates": [ 136.7885, 36.823027777777803 ] } },
{ "type": "Feature", "properties": { "name": "中谷内池", "(1)ｺｰﾄﾞ番": "173850009", "(2)読み": "なかやちいけ", "県名": "石川県", "市町名": "羽咋郡宝達志水町", "住所": "河原ワ2" }, "geometry": { "type": "Point", "coordinates": [ 136.777611111111014, 36.816861111111102 ] } },
{ "type": "Feature", "properties": { "name": "奥谷内池", "(1)ｺｰﾄﾞ番": "173850010", "(2)読み": "おくやちいけ", "県名": "石川県", "市町名": "羽咋郡宝達志水町", "住所": "河原ワ124" }, "geometry": { "type": "Point", "coordinates": [ 136.780805555555986, 36.816083333333303 ] } },
{ "type": "Feature", "properties": { "name": "獅子ケ池", "(1)ｺｰﾄﾞ番": "173850011", "(2)読み": "ししがいけ", "県名": "石川県", "市町名": "羽咋郡宝達志水町", "住所": "河原イ1" }, "geometry": { "type": "Point", "coordinates": [ 136.777916666667011, 36.812888888888899 ] } },
{ "type": "Feature", "properties": { "name": "宮田池", "(1)ｺｰﾄﾞ番": "173850012", "(2)読み": "みやでんいけ", "県名": "石川県", "市町名": "羽咋郡宝達志水町", "住所": "上田ユ245" }, "geometry": { "type": "Point", "coordinates": [ 136.778, 36.810388888888902 ] } },
{ "type": "Feature", "properties": { "name": "三ケ天池", "(1)ｺｰﾄﾞ番": "173850013", "(2)読み": "さんがてんいけ", "県名": "石川県", "市町名": "羽咋郡宝達志水町", "住所": "上田ロ172" }, "geometry": { "type": "Point", "coordinates": [ 136.782916666667006, 36.804638888888903 ] } },
{ "type": "Feature", "properties": { "name": "籾川谷池", "(1)ｺｰﾄﾞ番": "173850014", "(2)読み": "もみかわたにいけ", "県名": "石川県", "市町名": "羽咋郡宝達志水町", "住所": "御舘外壱弐字入会壱1番1～4番3" }, "geometry": { "type": "Point", "coordinates": [ 136.787888888889, 36.797916666666701 ] } },
{ "type": "Feature", "properties": { "name": "西の谷池", "(1)ｺｰﾄﾞ番": "173850015", "(2)読み": "にしのたにいけ", "県名": "石川県", "市町名": "羽咋郡宝達志水町", "住所": "坪山ヌ4" }, "geometry": { "type": "Point", "coordinates": [ 136.758111111110992, 36.794277777777801 ] } },
{ "type": "Feature", "properties": { "name": "現代池", "(1)ｺｰﾄﾞ番": "173850016", "(2)読み": "げんだいいけ", "県名": "石川県", "市町名": "羽咋郡宝達志水町", "住所": "冬野レ94" }, "geometry": { "type": "Point", "coordinates": [ 136.756111111111011, 36.790916666666703 ] } },
{ "type": "Feature", "properties": { "name": "法師川池", "(1)ｺｰﾄﾞ番": "173850019", "(2)読み": "ほおしがわいけ", "県名": "石川県", "市町名": "羽咋郡宝達志水町", "住所": "東間レ53" }, "geometry": { "type": "Point", "coordinates": [ 136.778166666667005, 36.794888888888899 ] } },
{ "type": "Feature", "properties": { "name": "火の谷池", "(1)ｺｰﾄﾞ番": "173850020", "(2)読み": "ひのたにいけ", "県名": "石川県", "市町名": "羽咋郡宝達志水町", "住所": "東野チ1" }, "geometry": { "type": "Point", "coordinates": [ 136.778555555556011, 36.7930833333333 ] } },
{ "type": "Feature", "properties": { "name": "新堤上池", "(1)ｺｰﾄﾞ番": "173850022", "(2)読み": "しんづつみうえいけ", "県名": "石川県", "市町名": "羽咋郡宝達志水町", "住所": "小川ヨ185" }, "geometry": { "type": "Point", "coordinates": [ 136.759583333333012, 36.818 ] } },
{ "type": "Feature", "properties": { "name": "中尾の池", "(1)ｺｰﾄﾞ番": "173850023", "(2)読み": "なかおのいけ", "県名": "石川県", "市町名": "羽咋郡宝達志水町", "住所": "宝達リ100-1" }, "geometry": { "type": "Point", "coordinates": [ 136.786694444444009, 36.806222222222203 ] } },
{ "type": "Feature", "properties": { "name": "垣ヶ谷池（大）", "(1)ｺｰﾄﾞ番": "173850024", "(2)読み": "かきがだにいけ", "県名": "石川県", "市町名": "羽咋郡宝達志水町", "住所": "上田出18、19、21、22、23－甲、乙、24、26" }, "geometry": { "type": "Point", "coordinates": [ 136.78675, 36.8041388888889 ] } },
{ "type": "Feature", "properties": { "name": "垣ヶ谷池（中）", "(1)ｺｰﾄﾞ番": "173850025", "(2)読み": "かきがだにいけ", "県名": "石川県", "市町名": "羽咋郡宝達志水町", "住所": "宝達リ157" }, "geometry": { "type": "Point", "coordinates": [ 136.786083333333011, 36.8046111111111 ] } },
{ "type": "Feature", "properties": { "name": "大堤池", "(1)ｺｰﾄﾞ番": "173850027", "(2)読み": "おおづつみいけ", "県名": "石川県", "市町名": "羽咋郡宝達志水町", "住所": "中野ホ25" }, "geometry": { "type": "Point", "coordinates": [ 136.776472222221997, 36.803722222222198 ] } },
{ "type": "Feature", "properties": { "name": "小堤", "(1)ｺｰﾄﾞ番": "173850028", "(2)読み": "こづつみいけ", "県名": "石川県", "市町名": "羽咋郡宝達志水町", "住所": "中野ホ26" }, "geometry": { "type": "Point", "coordinates": [ 136.776305555556007, 36.803333333333299 ] } },
{ "type": "Feature", "properties": { "name": "蓮花の池", "(1)ｺｰﾄﾞ番": "173850029", "(2)読み": "れんげのいけ", "県名": "石川県", "市町名": "羽咋郡宝達志水町", "住所": "三日町へ2" }, "geometry": { "type": "Point", "coordinates": [ 136.777166666667, 36.80375 ] } },
{ "type": "Feature", "properties": { "name": "背戸の池", "(1)ｺｰﾄﾞ番": "173850031", "(2)読み": "せどのいけ", "県名": "石川県", "市町名": "羽咋郡宝達志水町", "住所": "三日町イ67" }, "geometry": { "type": "Point", "coordinates": [ 136.769944444444008, 36.804222222222201 ] } },
{ "type": "Feature", "properties": { "name": "清光寺谷池", "(1)ｺｰﾄﾞ番": "173850034", "(2)読み": "せいこうじだにいけ", "県名": "石川県", "市町名": "羽咋郡宝達志水町", "住所": "森本ロ1" }, "geometry": { "type": "Point", "coordinates": [ 136.760916666666986, 36.786055555555599 ] } },
{ "type": "Feature", "properties": { "name": "雄池", "(1)ｺｰﾄﾞ番": "173850035", "(2)読み": "おいけ", "県名": "石川県", "市町名": "羽咋郡宝達志水町", "住所": "紺屋町外六字入会10号小坂谷6" }, "geometry": { "type": "Point", "coordinates": [ 136.804555555555993, 36.7776944444444 ] } },
{ "type": "Feature", "properties": { "name": "雌池", "(1)ｺｰﾄﾞ番": "173850036", "(2)読み": "めいけ", "県名": "石川県", "市町名": "羽咋郡宝達志水町", "住所": "紺屋町外六字入会10号小坂谷3" }, "geometry": { "type": "Point", "coordinates": [ 136.804972222222005, 36.775388888888898 ] } },
{ "type": "Feature", "properties": { "name": "青井谷池", "(1)ｺｰﾄﾞ番": "173850037", "(2)読み": "あおいだにいけ", "県名": "石川県", "市町名": "羽咋郡宝達志水町", "住所": "上田イ1" }, "geometry": { "type": "Point", "coordinates": [ 136.784, 36.8015 ] } },
{ "type": "Feature", "properties": { "name": "岡次池", "(1)ｺｰﾄﾞ番": "173850038", "(2)読み": "おかつぐいけ", "県名": "石川県", "市町名": "羽咋郡宝達志水町", "住所": "宿ウ2" }, "geometry": { "type": "Point", "coordinates": [ 136.772055555555994, 36.834861111111103 ] } },
{ "type": "Feature", "properties": { "name": "開谷池", "(1)ｺｰﾄﾞ番": "173850039", "(2)読み": "ひらきだにいけ", "県名": "石川県", "市町名": "羽咋郡宝達志水町", "住所": "坪山子26" }, "geometry": { "type": "Point", "coordinates": [ 136.767055555555999, 36.7876388888889 ] } },
{ "type": "Feature", "properties": { "name": "住吉池", "(1)ｺｰﾄﾞ番": "173850040", "(2)読み": "すみよしいけ", "県名": "石川県", "市町名": "羽咋郡宝達志水町", "住所": "三日町イ7" }, "geometry": { "type": "Point", "coordinates": [ 136.770777777777994, 36.80325 ] } },
{ "type": "Feature", "properties": { "name": "七株谷前堤", "(1)ｺｰﾄﾞ番": "173850041", "(2)読み": "ななかぶだにまえづつみ", "県名": "石川県", "市町名": "羽咋郡宝達志水町", "住所": "御舘ツ１" }, "geometry": { "type": "Point", "coordinates": [ 136.778194444444011, 36.8000277777778 ] } },
{ "type": "Feature", "properties": { "name": "七株谷後堤", "(1)ｺｰﾄﾞ番": "173850042", "(2)読み": "ななかぶだにうしろづつみ", "県名": "石川県", "市町名": "羽咋郡宝達志水町", "住所": "御舘ラ８" }, "geometry": { "type": "Point", "coordinates": [ 136.782, 36.799777777777798 ] } },
{ "type": "Feature", "properties": { "name": "八幡池", "(1)ｺｰﾄﾞ番": "173850043", "(2)読み": "はちまんいけ", "県名": "石川県", "市町名": "羽咋郡宝達志水町", "住所": "上田八幡16" }, "geometry": { "type": "Point", "coordinates": [ 136.772055555555994, 36.804916666666699 ] } },
{ "type": "Feature", "properties": { "name": "八の谷池", "(1)ｺｰﾄﾞ番": "173850044", "(2)読み": "はちのたにいけ", "県名": "石川県", "市町名": "羽咋郡宝達志水町", "住所": "山崎ト20" }, "geometry": { "type": "Point", "coordinates": [ 136.791027777777998, 36.811861111111099 ] } },
{ "type": "Feature", "properties": { "name": "米出第１池", "(1)ｺｰﾄﾞ番": "173850046", "(2)読み": "こめだしだいいちいけ", "県名": "石川県", "市町名": "羽咋郡宝達志水町", "住所": "米出へ239" }, "geometry": { "type": "Point", "coordinates": [ 136.7505, 36.820277777777797 ] } },
{ "type": "Feature", "properties": { "name": "米出第２池", "(1)ｺｰﾄﾞ番": "173850047", "(2)読み": "こめだしだいにいけ", "県名": "石川県", "市町名": "羽咋郡宝達志水町", "住所": "米出ホ67-1" }, "geometry": { "type": "Point", "coordinates": [ 136.750027777778001, 36.820166666666701 ] } },
{ "type": "Feature", "properties": { "name": "正ヶ谷池", "(1)ｺｰﾄﾞ番": "173850048", "(2)読み": "しょうがたにいけ", "県名": "石川県", "市町名": "羽咋郡宝達志水町", "住所": "河原元南吉田ミ13番乙" }, "geometry": { "type": "Point", "coordinates": [ 136.787944444444008, 36.816555555555603 ] } },
{ "type": "Feature", "properties": { "name": "雌池奥池", "(1)ｺｰﾄﾞ番": "173850050", "(2)読み": "めいけおくいけ", "県名": "石川県", "市町名": "羽咋郡宝達志水町", "住所": "宿ユ1-甲" }, "geometry": { "type": "Point", "coordinates": [ 136.784777777778004, 36.8378333333333 ] } },
{ "type": "Feature", "properties": { "name": "雌池新池", "(1)ｺｰﾄﾞ番": "173850051", "(2)読み": "めいけしんいけ", "県名": "石川県", "市町名": "羽咋郡宝達志水町", "住所": "宿ア60" }, "geometry": { "type": "Point", "coordinates": [ 136.782722222221992, 36.839444444444403 ] } },
{ "type": "Feature", "properties": { "name": "鳥ヶ井上堤", "(1)ｺｰﾄﾞ番": "173850052", "(2)読み": "とりがいうえづつみ", "県名": "石川県", "市町名": "羽咋郡宝達志水町", "住所": "紺屋町ワ35" }, "geometry": { "type": "Point", "coordinates": [ 136.770055555556013, 36.790916666666703 ] } },
{ "type": "Feature", "properties": { "name": "鳥ヶ井下堤", "(1)ｺｰﾄﾞ番": "173850053", "(2)読み": "とりがいしたづつみ", "県名": "石川県", "市町名": "羽咋郡宝達志水町", "住所": "紺屋町ワ33-1" }, "geometry": { "type": "Point", "coordinates": [ 136.769527777777995, 36.791166666666697 ] } },
{ "type": "Feature", "properties": { "name": "新堤", "(1)ｺｰﾄﾞ番": "173850054", "(2)読み": "しんづつみ", "県名": "石川県", "市町名": "羽咋郡宝達志水町", "住所": "坪山タ47-2" }, "geometry": { "type": "Point", "coordinates": [ 136.76661111111099, 36.7901666666667 ] } },
{ "type": "Feature", "properties": { "name": "中堤", "(1)ｺｰﾄﾞ番": "173850055", "(2)読み": "なかづつみ", "県名": "石川県", "市町名": "羽咋郡宝達志水町", "住所": "坪山タ2" }, "geometry": { "type": "Point", "coordinates": [ 136.765638888888986, 36.7906388888889 ] } },
{ "type": "Feature", "properties": { "name": "下堤", "(1)ｺｰﾄﾞ番": "173850056", "(2)読み": "したづつみ", "県名": "石川県", "市町名": "羽咋郡宝達志水町", "住所": "坪山タ1" }, "geometry": { "type": "Point", "coordinates": [ 136.764583333333007, 36.7912777777778 ] } },
{ "type": "Feature", "properties": { "name": "石唐戸池", "(1)ｺｰﾄﾞ番": "174010001", "(2)読み": "いしからといけ", "県名": "石川県", "市町名": "七尾市", "住所": "大津町" }, "geometry": { "type": "Point", "coordinates": [ 136.849083333332999, 37.055916666666697 ] } },
{ "type": "Feature", "properties": { "name": "椎木谷池", "(1)ｺｰﾄﾞ番": "174010002", "(2)読み": "しいのきたにいけ", "県名": "石川県", "市町名": "七尾市", "住所": "大津町南椎木谷8-1" }, "geometry": { "type": "Point", "coordinates": [ 136.836111111110995, 37.062472222222198 ] } },
{ "type": "Feature", "properties": { "name": "二切池", "(1)ｺｰﾄﾞ番": "174010003", "(2)読み": "ふたきりいけ", "県名": "石川県", "市町名": "七尾市", "住所": "大津町イ63" }, "geometry": { "type": "Point", "coordinates": [ 136.851416666667006, 37.0763888888889 ] } },
{ "type": "Feature", "properties": { "name": "杉本池", "(1)ｺｰﾄﾞ番": "174010004", "(2)読み": "すぎもといけ", "県名": "石川県", "市町名": "七尾市", "住所": "白浜町17-25-1、17-26" }, "geometry": { "type": "Point", "coordinates": [ 136.875722222222009, 37.067194444444397 ] } },
{ "type": "Feature", "properties": { "name": "嶽ヶ越", "(1)ｺｰﾄﾞ番": "174010005", "(2)読み": "だけがこし", "県名": "石川県", "市町名": "七尾市", "住所": "三引町20-105" }, "geometry": { "type": "Point", "coordinates": [ 136.878222222222007, 37.049388888888899 ] } },
{ "type": "Feature", "properties": { "name": "御尻池", "(1)ｺｰﾄﾞ番": "174010006", "(2)読み": "みしりいけ", "県名": "石川県", "市町名": "七尾市", "住所": "三引町" }, "geometry": { "type": "Point", "coordinates": [ 136.8785, 37.051333333333297 ] } },
{ "type": "Feature", "properties": { "name": "大谷池", "(1)ｺｰﾄﾞ番": "174010007", "(2)読み": "おおたにいけ", "県名": "石川県", "市町名": "七尾市", "住所": "伊久留町ヶ46" }, "geometry": { "type": "Point", "coordinates": [ 136.872, 37.018361111111098 ] } },
{ "type": "Feature", "properties": { "name": "木越", "(1)ｺｰﾄﾞ番": "174010008", "(2)読み": null, "県名": "石川県", "市町名": "七尾市", "住所": "七原町" }, "geometry": { "type": "Point", "coordinates": [ 136.868111111111006, 37.019916666666703 ] } },
{ "type": "Feature", "properties": { "name": "鎌塚池", "(1)ｺｰﾄﾞ番": "174010009", "(2)読み": "かまづかいけ", "県名": "石川県", "市町名": "七尾市", "住所": "吉田町ヨ5乙" }, "geometry": { "type": "Point", "coordinates": [ 136.870555555555995, 37.026111111111099 ] } },
{ "type": "Feature", "properties": { "name": "甲羅池", "(1)ｺｰﾄﾞ番": "174010010", "(2)読み": "こうらいけ", "県名": "石川県", "市町名": "七尾市", "住所": "舟尾町井26-1" }, "geometry": { "type": "Point", "coordinates": [ 136.906166666666991, 37.062416666666699 ] } },
{ "type": "Feature", "properties": { "name": "西ヶ谷池", "(1)ｺｰﾄﾞ番": "174010011", "(2)読み": "にしがたにいけ", "県名": "石川県", "市町名": "七尾市", "住所": "大津町レ50" }, "geometry": { "type": "Point", "coordinates": [ 136.837472222222004, 37.067777777777799 ] } },
{ "type": "Feature", "properties": { "name": "中山池", "(1)ｺｰﾄﾞ番": "174010012", "(2)読み": "なかやまいけ", "県名": "石川県", "市町名": "七尾市", "住所": "白浜町23-38" }, "geometry": { "type": "Point", "coordinates": [ 136.868055555555998, 37.063611111111101 ] } },
{ "type": "Feature", "properties": { "name": "遅田池", "(1)ｺｰﾄﾞ番": "174010013", "(2)読み": "おそだいけ", "県名": "石川県", "市町名": "七尾市", "住所": "舟尾町ム1-1" }, "geometry": { "type": "Point", "coordinates": [ 136.911305555555998, 37.063694444444401 ] } },
{ "type": "Feature", "properties": { "name": "宮がいち", "(1)ｺｰﾄﾞ番": "174010014", "(2)読み": null, "県名": "石川県", "市町名": "七尾市", "住所": "吉田町" }, "geometry": { "type": "Point", "coordinates": [ 136.870888888888999, 37.037277777777803 ] } },
{ "type": "Feature", "properties": { "name": "右谷内", "(1)ｺｰﾄﾞ番": "174010015", "(2)読み": "みぎやち", "県名": "石川県", "市町名": "七尾市", "住所": "伊久留町ソ79" }, "geometry": { "type": "Point", "coordinates": [ 136.879333333332994, 37.022833333333303 ] } },
{ "type": "Feature", "properties": { "name": "土畠", "(1)ｺｰﾄﾞ番": "174010016", "(2)読み": "つちばたけ", "県名": "石川県", "市町名": "七尾市", "住所": "三引町リ19" }, "geometry": { "type": "Point", "coordinates": [ 136.879777777778003, 37.054194444444398 ] } },
{ "type": "Feature", "properties": { "name": "椎木谷下池", "(1)ｺｰﾄﾞ番": "174010017", "(2)読み": "しいのきたにしたいけ", "県名": "石川県", "市町名": "七尾市", "住所": "大津町ツ12" }, "geometry": { "type": "Point", "coordinates": [ 136.838638888888994, 37.063583333333298 ] } },
{ "type": "Feature", "properties": { "name": "丹後池", "(1)ｺｰﾄﾞ番": "174020001", "(2)読み": "たんごいけ", "県名": "石川県", "市町名": "鹿島郡中能登町", "住所": "良川ゑ部56番地" }, "geometry": { "type": "Point", "coordinates": [ 136.895055555556013, 36.972083333333302 ] } },
{ "type": "Feature", "properties": { "name": "第2山池", "(1)ｺｰﾄﾞ番": "174020002", "(2)読み": "だいにやまいけ", "県名": "石川県", "市町名": "鹿島郡中能登町", "住所": "良川弐号14番地" }, "geometry": { "type": "Point", "coordinates": [ 136.889805555555995, 36.984388888888901 ] } },
{ "type": "Feature", "properties": { "name": "第1山池", "(1)ｺｰﾄﾞ番": "174020003", "(2)読み": "だいいちやまいけ", "県名": "石川県", "市町名": "鹿島郡中能登町", "住所": "良川弐号10番地" }, "geometry": { "type": "Point", "coordinates": [ 136.890722222221996, 36.983638888888898 ] } },
{ "type": "Feature", "properties": { "name": "長池", "(1)ｺｰﾄﾞ番": "174020004", "(2)読み": "ながいけ", "県名": "石川県", "市町名": "鹿島郡中能登町", "住所": "黒氏ロ部102番地" }, "geometry": { "type": "Point", "coordinates": [ 136.914277777778011, 36.976138888888897 ] } },
{ "type": "Feature", "properties": { "name": "浦子池", "(1)ｺｰﾄﾞ番": "174020005", "(2)読み": "うらごいけ", "県名": "石川県", "市町名": "鹿島郡中能登町", "住所": "一青リ部45番地" }, "geometry": { "type": "Point", "coordinates": [ 136.915722222222001, 36.987111111111098 ] } },
{ "type": "Feature", "properties": { "name": "上河原池", "(1)ｺｰﾄﾞ番": "174020006", "(2)読み": "かぐらいけ", "県名": "石川県", "市町名": "鹿島郡中能登町", "住所": "新庄イ部73番地" }, "geometry": { "type": "Point", "coordinates": [ 136.914166666667001, 36.999583333333298 ] } },
{ "type": "Feature", "properties": { "name": "大池", "(1)ｺｰﾄﾞ番": "174020007", "(2)読み": "おおいけ", "県名": "石川県", "市町名": "鹿島郡中能登町", "住所": "川田壬部1番地" }, "geometry": { "type": "Point", "coordinates": [ 136.914472222222003, 37.013305555555597 ] } },
{ "type": "Feature", "properties": { "name": "新池", "(1)ｺｰﾄﾞ番": "174020009", "(2)読み": "しんいけ", "県名": "石川県", "市町名": "鹿島郡中能登町", "住所": "春木サ部11番甲地" }, "geometry": { "type": "Point", "coordinates": [ 136.890861111111008, 37.001111111111101 ] } },
{ "type": "Feature", "properties": { "name": "桜松池", "(1)ｺｰﾄﾞ番": "174020010", "(2)読み": "さくらまついけ", "県名": "石川県", "市町名": "鹿島郡中能登町", "住所": "黒氏参部9番地" }, "geometry": { "type": "Point", "coordinates": [ 136.915083333333001, 36.978861111111101 ] } },
{ "type": "Feature", "properties": { "name": "油田池", "(1)ｺｰﾄﾞ番": "174020011", "(2)読み": "あぶらでんいけ", "県名": "石川県", "市町名": "鹿島郡中能登町", "住所": "黒氏ロ部102番地" }, "geometry": { "type": "Point", "coordinates": [ 136.914694444443995, 36.980611111111102 ] } },
{ "type": "Feature", "properties": { "name": "杉田池", "(1)ｺｰﾄﾞ番": "174020012", "(2)読み": "すぎたいけ", "県名": "石川県", "市町名": "鹿島郡中能登町", "住所": "一青イ部7番地" }, "geometry": { "type": "Point", "coordinates": [ 136.914527777778005, 36.982361111111103 ] } },
{ "type": "Feature", "properties": { "name": "桑原池", "(1)ｺｰﾄﾞ番": "174020013", "(2)読み": "くわばらいけ", "県名": "石川県", "市町名": "鹿島郡中能登町", "住所": "末坂五郎69番地" }, "geometry": { "type": "Point", "coordinates": [ 136.909388888888998, 36.9890277777778 ] } },
{ "type": "Feature", "properties": { "name": "南谷池", "(1)ｺｰﾄﾞ番": "174020014", "(2)読み": "みなみだにいけ", "県名": "石川県", "市町名": "鹿島郡中能登町", "住所": "末坂ム部62番地" }, "geometry": { "type": "Point", "coordinates": [ 136.893277777777996, 36.9929722222222 ] } },
{ "type": "Feature", "properties": { "name": "北谷池", "(1)ｺｰﾄﾞ番": "174020015", "(2)読み": "きただにいけ", "県名": "石川県", "市町名": "鹿島郡中能登町", "住所": "末坂ク部119番地" }, "geometry": { "type": "Point", "coordinates": [ 136.892722222222005, 36.993722222222203 ] } },
{ "type": "Feature", "properties": { "name": "新池", "(1)ｺｰﾄﾞ番": "174020016", "(2)読み": "しんいけ", "県名": "石川県", "市町名": "鹿島郡中能登町", "住所": "羽坂弐０部58番地1" }, "geometry": { "type": "Point", "coordinates": [ 136.914833333333007, 36.989888888888899 ] } },
{ "type": "Feature", "properties": { "name": "大池", "(1)ｺｰﾄﾞ番": "174020019", "(2)読み": "おおいけ", "県名": "石川県", "市町名": "鹿島郡中能登町", "住所": "良川ら部33番地" }, "geometry": { "type": "Point", "coordinates": [ 136.90575, 36.977861111111103 ] } },
{ "type": "Feature", "properties": { "name": "新池", "(1)ｺｰﾄﾞ番": "174020020", "(2)読み": "しんいけ", "県名": "石川県", "市町名": "鹿島郡中能登町", "住所": "良川き部77番地" }, "geometry": { "type": "Point", "coordinates": [ 136.903222222222013, 36.973138888888897 ] } },
{ "type": "Feature", "properties": { "name": "仙洞池", "(1)ｺｰﾄﾞ番": "174020021", "(2)読み": "せんどういけ", "県名": "石川県", "市町名": "鹿島郡中能登町", "住所": "良川へ部63番地" }, "geometry": { "type": "Point", "coordinates": [ 136.883722222221991, 36.976611111111097 ] } },
{ "type": "Feature", "properties": { "name": "八幡谷上池", "(1)ｺｰﾄﾞ番": "174020022", "(2)読み": "はちまんだにかみいけ", "県名": "石川県", "市町名": "鹿島郡中能登町", "住所": "黒氏壱壱部90番地" }, "geometry": { "type": "Point", "coordinates": [ 136.893583333332998, 36.9866666666667 ] } },
{ "type": "Feature", "properties": { "name": "八幡谷下池", "(1)ｺｰﾄﾞ番": "174020023", "(2)読み": "はちまんだにしもいけ", "県名": "石川県", "市町名": "鹿島郡中能登町", "住所": "黒氏ロ部102番地" }, "geometry": { "type": "Point", "coordinates": [ 136.894055555556008, 36.986472222222197 ] } },
{ "type": "Feature", "properties": { "name": "大門池", "(1)ｺｰﾄﾞ番": "174020024", "(2)読み": "だいもんいけ", "県名": "石川県", "市町名": "鹿島郡中能登町", "住所": "末坂ナ部1番甲地" }, "geometry": { "type": "Point", "coordinates": [ 136.89888888888899, 36.991361111111097 ] } },
{ "type": "Feature", "properties": { "name": "今羽坂池", "(1)ｺｰﾄﾞ番": "174020025", "(2)読み": "いまはざかいけ", "県名": "石川県", "市町名": "鹿島郡中能登町", "住所": "今羽坂イ部6番甲地" }, "geometry": { "type": "Point", "coordinates": [ 136.913666666667012, 36.995777777777803 ] } },
{ "type": "Feature", "properties": { "name": "杵池", "(1)ｺｰﾄﾞ番": "174020026", "(2)読み": "きねいけ", "県名": "石川県", "市町名": "鹿島郡中能登町", "住所": "新庄イ部8番地" }, "geometry": { "type": "Point", "coordinates": [ 136.915722222222001, 37.001305555555597 ] } },
{ "type": "Feature", "properties": { "name": "三十刈池", "(1)ｺｰﾄﾞ番": "174020027", "(2)読み": "さんじょうがりいけ", "県名": "石川県", "市町名": "鹿島郡中能登町", "住所": "新庄レ部216番地1" }, "geometry": { "type": "Point", "coordinates": [ 136.915166666667005, 37.0053611111111 ] } },
{ "type": "Feature", "properties": { "name": "常楽池", "(1)ｺｰﾄﾞ番": "174020030", "(2)読み": "じょうらくいけ", "県名": "石川県", "市町名": "鹿島郡中能登町", "住所": "大槻ヤ部11番地" }, "geometry": { "type": "Point", "coordinates": [ 136.900416666667013, 37.012222222222199 ] } },
{ "type": "Feature", "properties": { "name": "宮池", "(1)ｺｰﾄﾞ番": "174020031", "(2)読み": "みやいけ", "県名": "石川県", "市町名": "鹿島郡中能登町", "住所": "春木ナ部86番甲地" }, "geometry": { "type": "Point", "coordinates": [ 136.899972222222004, 36.995527777777802 ] } },
{ "type": "Feature", "properties": { "name": "長谷池", "(1)ｺｰﾄﾞ番": "174020032", "(2)読み": "はせいけ", "県名": "石川県", "市町名": "鹿島郡中能登町", "住所": "春木ヰ部59番地" }, "geometry": { "type": "Point", "coordinates": [ 136.89375, 36.999083333333303 ] } },
{ "type": "Feature", "properties": { "name": "蛇池", "(1)ｺｰﾄﾞ番": "174020033", "(2)読み": "じゃいけ", "県名": "石川県", "市町名": "鹿島郡中能登町", "住所": "春木サ部11番乙地" }, "geometry": { "type": "Point", "coordinates": [ 136.891472222222006, 36.999722222222204 ] } },
{ "type": "Feature", "properties": { "name": "佛面上池", "(1)ｺｰﾄﾞ番": "174020034", "(2)読み": "ぶつめんがみいけ", "県名": "石川県", "市町名": "鹿島郡中能登町", "住所": "春木フ甲部73番地" }, "geometry": { "type": "Point", "coordinates": [ 136.892833333332987, 37.003166666666701 ] } },
{ "type": "Feature", "properties": { "name": "佛面下池", "(1)ｺｰﾄﾞ番": "174020035", "(2)読み": "ぶつめんしもいけ", "県名": "石川県", "市町名": "鹿島郡中能登町", "住所": "春木フ甲部72番地" }, "geometry": { "type": "Point", "coordinates": [ 136.893277777777996, 37.003111111111103 ] } },
{ "type": "Feature", "properties": { "name": "行水池", "(1)ｺｰﾄﾞ番": "174020036", "(2)読み": "ぎょうずいいけ", "県名": "石川県", "市町名": "鹿島郡中能登町", "住所": "春木ナ部85番甲地" }, "geometry": { "type": "Point", "coordinates": [ 136.899888888888995, 36.996166666666703 ] } },
{ "type": "Feature", "properties": { "name": "谷内池", "(1)ｺｰﾄﾞ番": "174020037", "(2)読み": "やちいけ", "県名": "石川県", "市町名": "鹿島郡中能登町", "住所": "大槻マ部59番甲地" }, "geometry": { "type": "Point", "coordinates": [ 136.899777777778013, 37.011333333333297 ] } },
{ "type": "Feature", "properties": { "name": "貴比谷池", "(1)ｺｰﾄﾞ番": "174020038", "(2)読み": "きびたにいけ", "県名": "石川県", "市町名": "鹿島郡中能登町", "住所": "春木エ部116番地" }, "geometry": { "type": "Point", "coordinates": [ 136.897444444444005, 37.004777777777797 ] } },
{ "type": "Feature", "properties": { "name": "上町堤", "(1)ｺｰﾄﾞ番": "174030001", "(2)読み": "かんまちつつみ", "県名": "石川県", "市町名": "七尾市", "住所": "中島町上町リ73" }, "geometry": { "type": "Point", "coordinates": [ 136.835777777777992, 37.123083333333298 ] } },
{ "type": "Feature", "properties": { "name": "漆谷第二堤", "(1)ｺｰﾄﾞ番": "174030002", "(2)読み": "うるしだにだいにつつみ", "県名": "石川県", "市町名": "七尾市", "住所": "中島町中島38-15-1" }, "geometry": { "type": "Point", "coordinates": [ 136.863138888889011, 37.128138888888898 ] } },
{ "type": "Feature", "properties": { "name": "漆谷第一堤", "(1)ｺｰﾄﾞ番": "174030003", "(2)読み": "うるしだにだいいちつつみ", "県名": "石川県", "市町名": "七尾市", "住所": "中島町中島38-15-乙" }, "geometry": { "type": "Point", "coordinates": [ 136.863277777777995, 37.126 ] } },
{ "type": "Feature", "properties": { "name": "嫁ヶ池", "(1)ｺｰﾄﾞ番": "174030004", "(2)読み": "よめがいけ", "県名": "石川県", "市町名": "七尾市", "住所": "中島町浜田イ1" }, "geometry": { "type": "Point", "coordinates": [ 136.832027777777995, 37.1155 ] } },
{ "type": "Feature", "properties": { "name": "若狭堤", "(1)ｺｰﾄﾞ番": "174030005", "(2)読み": "わかさつつみ", "県名": "石川県", "市町名": "七尾市", "住所": "中島町豊田町井24" }, "geometry": { "type": "Point", "coordinates": [ 136.830027777778014, 37.105444444444402 ] } },
{ "type": "Feature", "properties": { "name": "南谷堤", "(1)ｺｰﾄﾞ番": "174030006", "(2)読み": "みなみだにつつみ", "県名": "石川県", "市町名": "七尾市", "住所": "中島町奥吉田ワ38" }, "geometry": { "type": "Point", "coordinates": [ 136.83377777777801, 37.094361111111098 ] } },
{ "type": "Feature", "properties": { "name": "三丈ヶ谷内堤", "(1)ｺｰﾄﾞ番": "174030007", "(2)読み": "さんじょうがやちつつみ", "県名": "石川県", "市町名": "七尾市", "住所": "中島町河崎ル80" }, "geometry": { "type": "Point", "coordinates": [ 136.846777777777987, 37.110444444444397 ] } },
{ "type": "Feature", "properties": { "name": "海老ヶ谷", "(1)ｺｰﾄﾞ番": "174030008", "(2)読み": "えびがたに", "県名": "石川県", "市町名": "七尾市", "住所": "中島町笠師サ１" }, "geometry": { "type": "Point", "coordinates": [ 136.819277777778012, 37.085166666666701 ] } },
{ "type": "Feature", "properties": { "name": "牛ヶ谷第１", "(1)ｺｰﾄﾞ番": "174030009", "(2)読み": "うしがたにだいいち", "県名": "石川県", "市町名": "七尾市", "住所": "中島町笠師" }, "geometry": { "type": "Point", "coordinates": [ 136.843694444443997, 37.093444444444401 ] } },
{ "type": "Feature", "properties": { "name": "戸西堤", "(1)ｺｰﾄﾞ番": "174030010", "(2)読み": "とにしつつみ", "県名": "石川県", "市町名": "七尾市", "住所": "中島町塩津り49" }, "geometry": { "type": "Point", "coordinates": [ 136.854972222221988, 37.088888888888903 ] } },
{ "type": "Feature", "properties": { "name": "深田谷内堤", "(1)ｺｰﾄﾞ番": "174030011", "(2)読み": "ふかだやちつつみ", "県名": "石川県", "市町名": "七尾市", "住所": "中島町塩津ホ1" }, "geometry": { "type": "Point", "coordinates": [ 136.864861111110997, 37.088916666666698 ] } },
{ "type": "Feature", "properties": { "name": "盆谷内堤", "(1)ｺｰﾄﾞ番": "174030012", "(2)読み": "ぼんやちつつみ", "県名": "石川県", "市町名": "七尾市", "住所": "中島町塩津モ67" }, "geometry": { "type": "Point", "coordinates": [ 136.839583333332996, 37.0735 ] } },
{ "type": "Feature", "properties": { "name": "角知田堤", "(1)ｺｰﾄﾞ番": "174030013", "(2)読み": "かくちたつつみ", "県名": "石川県", "市町名": "七尾市", "住所": "中島町横田ソ32～37" }, "geometry": { "type": "Point", "coordinates": [ 136.824361111110989, 37.132138888888903 ] } },
{ "type": "Feature", "properties": { "name": "宮の町堤", "(1)ｺｰﾄﾞ番": "174030014", "(2)読み": "みやのまちつつみ", "県名": "石川県", "市町名": "七尾市", "住所": "中島町山戸田ヨ111" }, "geometry": { "type": "Point", "coordinates": [ 136.82458333333301, 37.120722222222199 ] } },
{ "type": "Feature", "properties": { "name": "式比多羅第１", "(1)ｺｰﾄﾞ番": "174030015", "(2)読み": "しきひだらだいいち", "県名": "石川県", "市町名": "七尾市", "住所": "中島町中島" }, "geometry": { "type": "Point", "coordinates": [ 136.850777777778006, 37.126805555555599 ] } },
{ "type": "Feature", "properties": { "name": "式比多羅第２", "(1)ｺｰﾄﾞ番": "174030016", "(2)読み": "しきひだらだいに", "県名": "石川県", "市町名": "七尾市", "住所": "中島町中島1-91" }, "geometry": { "type": "Point", "coordinates": [ 136.849916666667013, 37.126361111111102 ] } },
{ "type": "Feature", "properties": { "name": "矢戸木谷内堤", "(1)ｺｰﾄﾞ番": "174030017", "(2)読み": "やどぎやちてい", "県名": "石川県", "市町名": "七尾市", "住所": "中島町中島" }, "geometry": { "type": "Point", "coordinates": [ 136.855466666667013, 37.123419444444401 ] } },
{ "type": "Feature", "properties": { "name": "荒谷谷内堤", "(1)ｺｰﾄﾞ番": "174030018", "(2)読み": "あらだにやちつつみ", "県名": "石川県", "市町名": "七尾市", "住所": "中島町河崎ヲ40" }, "geometry": { "type": "Point", "coordinates": [ 136.842277777778008, 37.108805555555598 ] } },
{ "type": "Feature", "properties": { "name": "有田谷内堤", "(1)ｺｰﾄﾞ番": "174030019", "(2)読み": "ありたやちつつみ", "県名": "石川県", "市町名": "七尾市", "住所": "中島町塩津へ30" }, "geometry": { "type": "Point", "coordinates": [ 136.862666666666996, 37.089666666666702 ] } },
{ "type": "Feature", "properties": { "name": "谷内堤", "(1)ｺｰﾄﾞ番": "174030020", "(2)読み": "やちつつみ", "県名": "石川県", "市町名": "七尾市", "住所": "中島町長浦チ65" }, "geometry": { "type": "Point", "coordinates": [ 136.889527777778, 37.129833333333302 ] } },
{ "type": "Feature", "properties": { "name": "尾名倉堤", "(1)ｺｰﾄﾞ番": "174030021", "(2)読み": "おなぐらつつみ", "県名": "石川県", "市町名": "七尾市", "住所": "中島町長浦タ42" }, "geometry": { "type": "Point", "coordinates": [ 136.895916666667006, 37.130944444444403 ] } },
{ "type": "Feature", "properties": { "name": "苦竹堤", "(1)ｺｰﾄﾞ番": "174030022", "(2)読み": "にがたけつつみ", "県名": "石川県", "市町名": "七尾市", "住所": "中島町長浦ロ67" }, "geometry": { "type": "Point", "coordinates": [ 136.890638888888986, 37.1240555555556 ] } },
{ "type": "Feature", "properties": { "name": "空谷堤", "(1)ｺｰﾄﾞ番": "174030023", "(2)読み": "そらたにつつみ", "県名": "石川県", "市町名": "七尾市", "住所": "中島町深浦チ48" }, "geometry": { "type": "Point", "coordinates": [ 136.884861111111007, 37.1308333333333 ] } },
{ "type": "Feature", "properties": { "name": "穴谷堤", "(1)ｺｰﾄﾞ番": "174030024", "(2)読み": "あなたにつつみ", "県名": "石川県", "市町名": "七尾市", "住所": "中島町塩津カ1" }, "geometry": { "type": "Point", "coordinates": [ 136.859138888888992, 37.085666666666697 ] } },
{ "type": "Feature", "properties": { "name": "柳谷内堤", "(1)ｺｰﾄﾞ番": "174030025", "(2)読み": "やなぎやちつつみ", "県名": "石川県", "市町名": "七尾市", "住所": "中島町塩津レ98" }, "geometry": { "type": "Point", "coordinates": [ 136.863277777777995, 37.085833333333298 ] } },
{ "type": "Feature", "properties": { "name": "大谷堤", "(1)ｺｰﾄﾞ番": "174030026", "(2)読み": "おおたにつつみ", "県名": "石川県", "市町名": "七尾市", "住所": "中島町河内" }, "geometry": { "type": "Point", "coordinates": [ 136.849194444444009, 37.195916666666697 ] } },
{ "type": "Feature", "properties": { "name": "山本堤", "(1)ｺｰﾄﾞ番": "174030027", "(2)読み": null, "県名": "石川県", "市町名": "七尾市", "住所": "中島町別所" }, "geometry": { "type": "Point", "coordinates": [ 136.839055555556001, 37.172861111111096 ] } },
{ "type": "Feature", "properties": { "name": "善光寺堤", "(1)ｺｰﾄﾞ番": "174030028", "(2)読み": "ぜんこうじつつみ", "県名": "石川県", "市町名": "七尾市", "住所": "中島町谷内ト51甲" }, "geometry": { "type": "Point", "coordinates": [ 136.836, 37.132444444444403 ] } },
{ "type": "Feature", "properties": { "name": "天子堤", "(1)ｺｰﾄﾞ番": "174030029", "(2)読み": "てんこつつみ", "県名": "石川県", "市町名": "七尾市", "住所": "中島町山戸田" }, "geometry": { "type": "Point", "coordinates": [ 136.833361111111003, 37.1245 ] } },
{ "type": "Feature", "properties": { "name": "広見谷内堤", "(1)ｺｰﾄﾞ番": "174030030", "(2)読み": "ひろみやちつつみ", "県名": "石川県", "市町名": "七尾市", "住所": "中島町土川22-42丙" }, "geometry": { "type": "Point", "coordinates": [ 136.811361111111012, 37.115416666666697 ] } },
{ "type": "Feature", "properties": { "name": "七十刈堤", "(1)ｺｰﾄﾞ番": "174030031", "(2)読み": "ななじょうがりつつみ", "県名": "石川県", "市町名": "七尾市", "住所": "中島町長浦マ19庚" }, "geometry": { "type": "Point", "coordinates": [ 136.89175, 37.139416666666698 ] } },
{ "type": "Feature", "properties": { "name": "口ヶ谷堤", "(1)ｺｰﾄﾞ番": "174030032", "(2)読み": "くちがたにつつみ", "県名": "石川県", "市町名": "七尾市", "住所": "中島町鳥越" }, "geometry": { "type": "Point", "coordinates": [ 136.796277777777988, 37.149111111111097 ] } },
{ "type": "Feature", "properties": { "name": "ビシャグソ堤", "(1)ｺｰﾄﾞ番": "174030033", "(2)読み": "びしゃぐそつつみ", "県名": "石川県", "市町名": "七尾市", "住所": "中島町土川27-1" }, "geometry": { "type": "Point", "coordinates": [ 136.807666666666989, 37.1185 ] } },
{ "type": "Feature", "properties": { "name": "願成寺第１", "(1)ｺｰﾄﾞ番": "174030034", "(2)読み": "がんじょうじだいいち", "県名": "石川県", "市町名": "七尾市", "住所": "中島町豊田15-85-甲" }, "geometry": { "type": "Point", "coordinates": [ 136.823888888889002, 37.090888888888898 ] } },
{ "type": "Feature", "properties": { "name": "親木谷内堤", "(1)ｺｰﾄﾞ番": "174030035", "(2)読み": "おやきやちつつみ", "県名": "石川県", "市町名": "七尾市", "住所": "中島町河崎ニ43" }, "geometry": { "type": "Point", "coordinates": [ 136.828083333333012, 37.110055555555597 ] } },
{ "type": "Feature", "properties": { "name": "五蛇谷堤", "(1)ｺｰﾄﾞ番": "174030036", "(2)読み": "ごじゃたにてい", "県名": "石川県", "市町名": "七尾市", "住所": "中島町長浦リ1" }, "geometry": { "type": "Point", "coordinates": [ 136.888761111110995, 37.126305555555597 ] } },
{ "type": "Feature", "properties": { "name": "拾木谷堤", "(1)ｺｰﾄﾞ番": "174030037", "(2)読み": "すてぎだにてい（ながうらやまだ）", "県名": "石川県", "市町名": "七尾市", "住所": "中島町長浦ヌ1～6" }, "geometry": { "type": "Point", "coordinates": [ 136.886138888889008, 37.1256611111111 ] } },
{ "type": "Feature", "properties": { "name": "熊谷堤", "(1)ｺｰﾄﾞ番": "174030038", "(2)読み": null, "県名": "石川県", "市町名": "七尾市", "住所": "中島町山戸田" }, "geometry": { "type": "Point", "coordinates": [ 136.82, 37.122333333333302 ] } },
{ "type": "Feature", "properties": { "name": "野木谷内堤", "(1)ｺｰﾄﾞ番": "174030039", "(2)読み": "のぎやちつつみ", "県名": "石川県", "市町名": "七尾市", "住所": "中島町中島六88" }, "geometry": { "type": "Point", "coordinates": [ 136.853055555556011, 37.123722222222199 ] } },
{ "type": "Feature", "properties": { "name": "山田池", "(1)ｺｰﾄﾞ番": "174030040", "(2)読み": "やまだいけ", "県名": "石川県", "市町名": "七尾市", "住所": "中島町浜田イ11" }, "geometry": { "type": "Point", "coordinates": [ 136.831611111110988, 37.1146666666667 ] } },
{ "type": "Feature", "properties": { "name": "とつのき", "(1)ｺｰﾄﾞ番": "174030041", "(2)読み": "とつのき", "県名": "石川県", "市町名": "七尾市", "住所": "中島町外原二41-乙" }, "geometry": { "type": "Point", "coordinates": [ 136.780055555556004, 37.1214444444444 ] } },
{ "type": "Feature", "properties": { "name": "成谷池", "(1)ｺｰﾄﾞ番": "174030042", "(2)読み": "なりやいけ", "県名": "石川県", "市町名": "七尾市", "住所": "中島町土川44-1-1" }, "geometry": { "type": "Point", "coordinates": [ 136.820833333333013, 37.106 ] } },
{ "type": "Feature", "properties": { "name": "釜谷池", "(1)ｺｰﾄﾞ番": "174030043", "(2)読み": "かまたにいけ", "県名": "石川県", "市町名": "七尾市", "住所": "中島町豊田22-61" }, "geometry": { "type": "Point", "coordinates": [ 136.807166666667001, 37.09425 ] } },
{ "type": "Feature", "properties": { "name": "大久保堤", "(1)ｺｰﾄﾞ番": "174030044", "(2)読み": "おおくぼつつみ", "県名": "石川県", "市町名": "七尾市", "住所": "中島町奥吉田ワ38" }, "geometry": { "type": "Point", "coordinates": [ 136.837666666666991, 37.094361111111098 ] } },
{ "type": "Feature", "properties": { "name": "後堤", "(1)ｺｰﾄﾞ番": "174030045", "(2)読み": "うしろつつみ", "県名": "石川県", "市町名": "七尾市", "住所": "中島町筆染二20-1,20-3" }, "geometry": { "type": "Point", "coordinates": [ 136.856333333332998, 37.101 ] } },
{ "type": "Feature", "properties": { "name": "荒木堤", "(1)ｺｰﾄﾞ番": "174030046", "(2)読み": "あらきつつみ", "県名": "石川県", "市町名": "七尾市", "住所": "中島町笠師ナ224" }, "geometry": { "type": "Point", "coordinates": [ 136.838027777777995, 37.084305555555602 ] } },
{ "type": "Feature", "properties": { "name": "牛ヶ谷池", "(1)ｺｰﾄﾞ番": "174030047", "(2)読み": "うしがたにつつみ", "県名": "石川県", "市町名": "七尾市", "住所": "中島町笠師" }, "geometry": { "type": "Point", "coordinates": [ 136.842555555556004, 37.092694444444398 ] } },
{ "type": "Feature", "properties": { "name": "深谷池", "(1)ｺｰﾄﾞ番": "174030048", "(2)読み": "ふかだにいけ", "県名": "石川県", "市町名": "七尾市", "住所": "中島町瀬嵐" }, "geometry": { "type": "Point", "coordinates": [ 136.874583333332993, 37.118888888888897 ] } },
{ "type": "Feature", "properties": { "name": "鳥霜池", "(1)ｺｰﾄﾞ番": "174030049", "(2)読み": "とりしもいけ", "県名": "石川県", "市町名": "七尾市", "住所": "中島町瀬嵐" }, "geometry": { "type": "Point", "coordinates": [ 136.877416666666988, 37.118194444444399 ] } },
{ "type": "Feature", "properties": { "name": "田屋堤", "(1)ｺｰﾄﾞ番": "174030050", "(2)読み": "たやつつみ", "県名": "石川県", "市町名": "七尾市", "住所": "中島町土川31-50" }, "geometry": { "type": "Point", "coordinates": [ 136.824805555555997, 37.115305555555601 ] } },
{ "type": "Feature", "properties": { "name": "髙の堤", "(1)ｺｰﾄﾞ番": "174030051", "(2)読み": "たかのつつみ", "県名": "石川県", "市町名": "七尾市", "住所": "中島町筆染イ-49" }, "geometry": { "type": "Point", "coordinates": [ 136.861277777778014, 37.100416666666703 ] } },
{ "type": "Feature", "properties": { "name": "堀谷堤", "(1)ｺｰﾄﾞ番": "174030052", "(2)読み": "ほったんつつみ", "県名": "石川県", "市町名": "七尾市", "住所": "中島町長浦" }, "geometry": { "type": "Point", "coordinates": [ 136.890444444444, 37.132083333333298 ] } },
{ "type": "Feature", "properties": { "name": "オッシャマ田堤", "(1)ｺｰﾄﾞ番": "174030053", "(2)読み": "おっしゃまだつつみ", "県名": "石川県", "市町名": "七尾市", "住所": "中島町瀬嵐" }, "geometry": { "type": "Point", "coordinates": [ 136.881361111111005, 37.128833333333297 ] } },
{ "type": "Feature", "properties": { "name": "小谷内堤", "(1)ｺｰﾄﾞ番": "174030054", "(2)読み": "こやちつつみ", "県名": "石川県", "市町名": "七尾市", "住所": "中島町塩津井7" }, "geometry": { "type": "Point", "coordinates": [ 136.853388888888986, 37.077388888888898 ] } },
{ "type": "Feature", "properties": { "name": "トの部堤", "(1)ｺｰﾄﾞ番": "174030055", "(2)読み": "とのべつつみ", "県名": "石川県", "市町名": "七尾市", "住所": "中島町古江ロ1089乙" }, "geometry": { "type": "Point", "coordinates": [ 136.789638888888987, 37.156916666666703 ] } },
{ "type": "Feature", "properties": { "name": "長谷堤１", "(1)ｺｰﾄﾞ番": "174030056", "(2)読み": "はせつつみいち", "県名": "石川県", "市町名": "七尾市", "住所": "中島町小牧" }, "geometry": { "type": "Point", "coordinates": [ 136.868861111110988, 37.130388888888902 ] } },
{ "type": "Feature", "properties": { "name": "萩谷池", "(1)ｺｰﾄﾞ番": "174030057", "(2)読み": "はぎやいけ", "県名": "石川県", "市町名": "七尾市", "住所": "中島町土川二1" }, "geometry": { "type": "Point", "coordinates": [ 136.789305555556012, 37.1033055555556 ] } },
{ "type": "Feature", "properties": { "name": "田尻堤", "(1)ｺｰﾄﾞ番": "174030058", "(2)読み": "たじりつつみ", "県名": "石川県", "市町名": "七尾市", "住所": "中島町西谷内" }, "geometry": { "type": "Point", "coordinates": [ 136.802166666667006, 37.174833333333297 ] } },
{ "type": "Feature", "properties": { "name": "寺谷谷内堤", "(1)ｺｰﾄﾞ番": "174030059", "(2)読み": "てらややちつつみ", "県名": "石川県", "市町名": "七尾市", "住所": "中島町河崎カ158" }, "geometry": { "type": "Point", "coordinates": [ 136.842944444443987, 37.105444444444402 ] } },
{ "type": "Feature", "properties": { "name": "谷内堤２", "(1)ｺｰﾄﾞ番": "174030060", "(2)読み": "やちつつみに", "県名": "石川県", "市町名": "七尾市", "住所": "中島町田岸ウ31" }, "geometry": { "type": "Point", "coordinates": [ 136.874305555555992, 37.158416666666703 ] } },
{ "type": "Feature", "properties": { "name": "二天浦堤", "(1)ｺｰﾄﾞ番": "174030061", "(2)読み": "にてんうらつつみ", "県名": "石川県", "市町名": "七尾市", "住所": "中島町長浦マ50-戊" }, "geometry": { "type": "Point", "coordinates": [ 136.890083333332996, 37.141111111111101 ] } },
{ "type": "Feature", "properties": { "name": "ニ天浦堤（２）", "(1)ｺｰﾄﾞ番": "174030062", "(2)読み": "にてんうらつつみ（に）", "県名": "石川県", "市町名": "七尾市", "住所": "中島町長浦マ50-丁" }, "geometry": { "type": "Point", "coordinates": [ 136.8905, 37.1415 ] } },
{ "type": "Feature", "properties": { "name": "六十刈堤", "(1)ｺｰﾄﾞ番": "174030063", "(2)読み": "ろくじょうがりつつみ", "県名": "石川県", "市町名": "七尾市", "住所": "中島町長浦ク83、83-乙" }, "geometry": { "type": "Point", "coordinates": [ 136.892455555556012, 37.136322222222198 ] } },
{ "type": "Feature", "properties": { "name": "不動田堤", "(1)ｺｰﾄﾞ番": "174030064", "(2)読み": "ふどうだつつみ", "県名": "石川県", "市町名": "七尾市", "住所": "中島町長浦ハ69" }, "geometry": { "type": "Point", "coordinates": [ 136.895138888888994, 37.125638888888901 ] } },
{ "type": "Feature", "properties": { "name": "馬けい場堤", "(1)ｺｰﾄﾞ番": "174030065", "(2)読み": null, "県名": "石川県", "市町名": "七尾市", "住所": "中島町鹿島台" }, "geometry": { "type": "Point", "coordinates": [ 136.875361111111005, 37.1284722222222 ] } },
{ "type": "Feature", "properties": { "name": "木出場堤", "(1)ｺｰﾄﾞ番": "174030066", "(2)読み": "こでばてい", "県名": "石川県", "市町名": "七尾市", "住所": "中島町鹿島台" }, "geometry": { "type": "Point", "coordinates": [ 136.875277777777995, 37.12455 ] } },
{ "type": "Feature", "properties": { "name": "馬かえり", "(1)ｺｰﾄﾞ番": "174030068", "(2)読み": "うまかえり", "県名": "石川県", "市町名": "七尾市", "住所": "中島町塩津ヒ39" }, "geometry": { "type": "Point", "coordinates": [ 136.83722222222201, 37.0785 ] } },
{ "type": "Feature", "properties": { "name": "小谷内溜池", "(1)ｺｰﾄﾞ番": "174030069", "(2)読み": "こやちためいけ", "県名": "石川県", "市町名": "七尾市", "住所": "中島町外ハ17" }, "geometry": { "type": "Point", "coordinates": [ 136.866805555555999, 37.154 ] } },
{ "type": "Feature", "properties": { "name": "山田池", "(1)ｺｰﾄﾞ番": "174040001", "(2)読み": "やまだいけ", "県名": "石川県", "市町名": "鹿島郡中能登町", "住所": "武部ユ部21番地" }, "geometry": { "type": "Point", "coordinates": [ 136.931805555555997, 36.990333333333297 ] } },
{ "type": "Feature", "properties": { "name": "五郎左ヱ衛門池", "(1)ｺｰﾄﾞ番": "174040002", "(2)読み": "ごろざえもんいけ", "県名": "石川県", "市町名": "鹿島郡中能登町", "住所": "久乃木に部51番地" }, "geometry": { "type": "Point", "coordinates": [ 136.92752777777801, 36.992694444444403 ] } },
{ "type": "Feature", "properties": { "name": "新池", "(1)ｺｰﾄﾞ番": "174040003", "(2)読み": "しんいけ", "県名": "石川県", "市町名": "鹿島郡中能登町", "住所": "武部い部62番地" }, "geometry": { "type": "Point", "coordinates": [ 136.927055555555995, 36.983722222222198 ] } },
{ "type": "Feature", "properties": { "name": "歳上池", "(1)ｺｰﾄﾞ番": "174040004", "(2)読み": "さいのかみいけ", "県名": "石川県", "市町名": "鹿島郡中能登町", "住所": "井田五郎31番地" }, "geometry": { "type": "Point", "coordinates": [ 136.915083333333001, 36.963472222222201 ] } },
{ "type": "Feature", "properties": { "name": "湯ノ谷池", "(1)ｺｰﾄﾞ番": "174040005", "(2)読み": "ゆのたにいけ", "県名": "石川県", "市町名": "鹿島郡中能登町", "住所": "小竹戊部7番地" }, "geometry": { "type": "Point", "coordinates": [ 136.925, 36.9433333333333 ] } },
{ "type": "Feature", "properties": { "name": "山手池", "(1)ｺｰﾄﾞ番": "174040006", "(2)読み": "やまていけ", "県名": "石川県", "市町名": "鹿島郡中能登町", "住所": "小田中コ部12番地" }, "geometry": { "type": "Point", "coordinates": [ 136.883416666666989, 36.944861111111102 ] } },
{ "type": "Feature", "properties": { "name": "裾池", "(1)ｺｰﾄﾞ番": "174040007", "(2)読み": "すそいけ", "県名": "石川県", "市町名": "鹿島郡中能登町", "住所": "藤井イ部1番地" }, "geometry": { "type": "Point", "coordinates": [ 136.876888888888999, 36.936416666666702 ] } },
{ "type": "Feature", "properties": { "name": "釜地池", "(1)ｺｰﾄﾞ番": "174040008", "(2)読み": "かまちいけ", "県名": "石川県", "市町名": "鹿島郡中能登町", "住所": "在江ユ部1番甲地" }, "geometry": { "type": "Point", "coordinates": [ 136.923972222222005, 37.003972222222203 ] } },
{ "type": "Feature", "properties": { "name": "古池", "(1)ｺｰﾄﾞ番": "174040009", "(2)読み": "ふるいけ", "県名": "石川県", "市町名": "鹿島郡中能登町", "住所": "徳前い部１番地" }, "geometry": { "type": "Point", "coordinates": [ 136.919722222221992, 36.973027777777801 ] } },
{ "type": "Feature", "properties": { "name": "木入通池", "(1)ｺｰﾄﾞ番": "174040010", "(2)読み": "きいれどおりいけ", "県名": "石川県", "市町名": "鹿島郡中能登町", "住所": "最勝講る部36番地" }, "geometry": { "type": "Point", "coordinates": [ 136.902472222222002, 36.969055555555599 ] } },
{ "type": "Feature", "properties": { "name": "蓮根池", "(1)ｺｰﾄﾞ番": "174040011", "(2)読み": "れんこんいけ", "県名": "石川県", "市町名": "鹿島郡中能登町", "住所": "小竹メ部133番地" }, "geometry": { "type": "Point", "coordinates": [ 136.907666666667012, 36.954888888888902 ] } },
{ "type": "Feature", "properties": { "name": "本池", "(1)ｺｰﾄﾞ番": "174040012", "(2)読み": "ほんいけ", "県名": "石川県", "市町名": "鹿島郡中能登町", "住所": "水白ヨ部33番地" }, "geometry": { "type": "Point", "coordinates": [ 136.897055555555994, 36.95125 ] } },
{ "type": "Feature", "properties": { "name": "源作池", "(1)ｺｰﾄﾞ番": "174040013", "(2)読み": "げんさくいけ", "県名": "石川県", "市町名": "鹿島郡中能登町", "住所": "曽祢イ部81番地1" }, "geometry": { "type": "Point", "coordinates": [ 136.86775, 36.934055555555602 ] } },
{ "type": "Feature", "properties": { "name": "鳥野池", "(1)ｺｰﾄﾞ番": "174040014", "(2)読み": "とんのいけ", "県名": "石川県", "市町名": "鹿島郡中能登町", "住所": "在江レ部3番地" }, "geometry": { "type": "Point", "coordinates": [ 136.923638888889002, 37.00075 ] } },
{ "type": "Feature", "properties": { "name": "本名池", "(1)ｺｰﾄﾞ番": "174040015", "(2)読み": "ほんないけ", "県名": "石川県", "市町名": "鹿島郡中能登町", "住所": "在江る部27番地" }, "geometry": { "type": "Point", "coordinates": [ 136.922, 37.000388888888899 ] } },
{ "type": "Feature", "properties": { "name": "堂田池", "(1)ｺｰﾄﾞ番": "174040016", "(2)読み": "どうだいけ", "県名": "石川県", "市町名": "鹿島郡中能登町", "住所": "曽祢へ部1番地1" }, "geometry": { "type": "Point", "coordinates": [ 136.861277777778014, 36.939444444444398 ] } },
{ "type": "Feature", "properties": { "name": "多畑池", "(1)ｺｰﾄﾞ番": "174040017", "(2)読み": "たばたいけ", "県名": "石川県", "市町名": "鹿島郡中能登町", "住所": "坪川南部9番地" }, "geometry": { "type": "Point", "coordinates": [ 136.923555555555993, 36.995333333333299 ] } },
{ "type": "Feature", "properties": { "name": "新池", "(1)ｺｰﾄﾞ番": "174040018", "(2)読み": "しんいけ", "県名": "石川県", "市町名": "鹿島郡中能登町", "住所": "徳前壱四部68番地" }, "geometry": { "type": "Point", "coordinates": [ 136.922361111111002, 36.972916666666698 ] } },
{ "type": "Feature", "properties": { "name": "九助池", "(1)ｺｰﾄﾞ番": "174040019", "(2)読み": "くすけいけ", "県名": "石川県", "市町名": "鹿島郡中能登町", "住所": "井田59部14番地" }, "geometry": { "type": "Point", "coordinates": [ 136.904333333333, 36.962805555555597 ] } },
{ "type": "Feature", "properties": { "name": "鐘撞堂池", "(1)ｺｰﾄﾞ番": "174040020", "(2)読み": "かねつきどういけ", "県名": "石川県", "市町名": "鹿島郡中能登町", "住所": "東馬場井部6番乙地" }, "geometry": { "type": "Point", "coordinates": [ 136.902166666667, 36.966888888888903 ] } },
{ "type": "Feature", "properties": { "name": "高柳池", "(1)ｺｰﾄﾞ番": "174040021", "(2)読み": "たかやなぎいけ", "県名": "石川県", "市町名": "鹿島郡中能登町", "住所": "東馬場ツ部3番地" }, "geometry": { "type": "Point", "coordinates": [ 136.897083333333001, 36.96375 ] } },
{ "type": "Feature", "properties": { "name": "新池", "(1)ｺｰﾄﾞ番": "174040022", "(2)読み": "しんいけ", "県名": "石川県", "市町名": "鹿島郡中能登町", "住所": "水白ワ部35番地" }, "geometry": { "type": "Point", "coordinates": [ 136.897527777778009, 36.952472222222198 ] } },
{ "type": "Feature", "properties": { "name": "宮池", "(1)ｺｰﾄﾞ番": "174040023", "(2)読み": "みやいけ", "県名": "石川県", "市町名": "鹿島郡中能登町", "住所": "尾崎リ部41番地" }, "geometry": { "type": "Point", "coordinates": [ 136.894388888889011, 36.961083333333299 ] } },
{ "type": "Feature", "properties": { "name": "かんめん池", "(1)ｺｰﾄﾞ番": "174040024", "(2)読み": "かんめんいけ", "県名": "石川県", "市町名": "鹿島郡中能登町", "住所": "尾崎コ部24番地" }, "geometry": { "type": "Point", "coordinates": [ 136.891916666666987, 36.9588055555556 ] } },
{ "type": "Feature", "properties": { "name": "原山池", "(1)ｺｰﾄﾞ番": "174040025", "(2)読み": "はらやまいけ", "県名": "石川県", "市町名": "鹿島郡中能登町", "住所": "福田巳部6番地" }, "geometry": { "type": "Point", "coordinates": [ 136.891472222222006, 36.925555555555597 ] } },
{ "type": "Feature", "properties": { "name": "原山大池", "(1)ｺｰﾄﾞ番": "174040026", "(2)読み": "はらやまおおいけ", "県名": "石川県", "市町名": "鹿島郡中能登町", "住所": "高畠原山分ケ部2番地" }, "geometry": { "type": "Point", "coordinates": [ 136.890083333332996, 36.921972222222202 ] } },
{ "type": "Feature", "properties": { "name": "腰前池", "(1)ｺｰﾄﾞ番": "174040027", "(2)読み": "こしまえいけ", "県名": "石川県", "市町名": "鹿島郡中能登町", "住所": "小金森へ部42番地" }, "geometry": { "type": "Point", "coordinates": [ 136.86675, 36.9355 ] } },
{ "type": "Feature", "properties": { "name": "カラス谷池", "(1)ｺｰﾄﾞ番": "174040028", "(2)読み": "からすだにいけ", "県名": "石川県", "市町名": "鹿島郡中能登町", "住所": "久乃木シ部10番地" }, "geometry": { "type": "Point", "coordinates": [ 136.935138888889014, 36.990888888888897 ] } },
{ "type": "Feature", "properties": { "name": "ソブコ池", "(1)ｺｰﾄﾞ番": "174040029", "(2)読み": "そぶこいけ", "県名": "石川県", "市町名": "鹿島郡中能登町", "住所": "久乃木イ部46番地" }, "geometry": { "type": "Point", "coordinates": [ 136.928055555556, 36.990944444444402 ] } },
{ "type": "Feature", "properties": { "name": "菱池", "(1)ｺｰﾄﾞ番": "174040030", "(2)読み": "ひしいけ", "県名": "石川県", "市町名": "鹿島郡中能登町", "住所": "坪川南部25番地" }, "geometry": { "type": "Point", "coordinates": [ 136.920916666667011, 36.994 ] } },
{ "type": "Feature", "properties": { "name": "袋谷池", "(1)ｺｰﾄﾞ番": "174040031", "(2)読み": null, "県名": "石川県", "市町名": "鹿島郡中能登町", "住所": "石動山" }, "geometry": { "type": "Point", "coordinates": [ 136.972638888889009, 36.959305555555602 ] } },
{ "type": "Feature", "properties": { "name": "二宮口池", "(1)ｺｰﾄﾞ番": "174040032", "(2)読み": null, "県名": "石川県", "市町名": "鹿島郡中能登町", "住所": "石動山ヨ部21番地" }, "geometry": { "type": "Point", "coordinates": [ 136.966888888889002, 36.962944444444403 ] } },
{ "type": "Feature", "properties": { "name": "谷内田池", "(1)ｺｰﾄﾞ番": "174040033", "(2)読み": "やちだいけ", "県名": "石川県", "市町名": "鹿島郡中能登町", "住所": "曽祢" }, "geometry": { "type": "Point", "coordinates": [ 136.866944444443988, 36.9325277777778 ] } },
{ "type": "Feature", "properties": { "name": "三条刈池", "(1)ｺｰﾄﾞ番": "174040034", "(2)読み": "さんじょうがりいけ", "県名": "石川県", "市町名": "鹿島郡中能登町", "住所": "坪川沖部10番地" }, "geometry": { "type": "Point", "coordinates": [ 136.919194444444003, 36.996361111111099 ] } },
{ "type": "Feature", "properties": { "name": "馬場池", "(1)ｺｰﾄﾞ番": "174040035", "(2)読み": "ばばいけ", "県名": "石川県", "市町名": "鹿島郡中能登町", "住所": "西ろ部27番地" }, "geometry": { "type": "Point", "coordinates": [ 136.917888888888996, 36.997972222222202 ] } },
{ "type": "Feature", "properties": { "name": "棚林池", "(1)ｺｰﾄﾞ番": "174040036", "(2)読み": "たのんばやしいけ", "県名": "石川県", "市町名": "鹿島郡中能登町", "住所": "武部ヱ部34番甲地" }, "geometry": { "type": "Point", "coordinates": [ 136.933222222222014, 36.986722222222198 ] } },
{ "type": "Feature", "properties": { "name": "蛇ヶ池", "(1)ｺｰﾄﾞ番": "174040037", "(2)読み": "じゃがいけ", "県名": "石川県", "市町名": "鹿島郡中能登町", "住所": "芹川七部1番地1" }, "geometry": { "type": "Point", "coordinates": [ 136.935166666666987, 36.955777777777797 ] } },
{ "type": "Feature", "properties": { "name": "新池", "(1)ｺｰﾄﾞ番": "174040038", "(2)読み": "しんいけ", "県名": "石川県", "市町名": "鹿島郡中能登町", "住所": "小竹戊部5番地1" }, "geometry": { "type": "Point", "coordinates": [ 136.920222222222009, 36.939305555555499 ] } },
{ "type": "Feature", "properties": { "name": "稲葉池", "(1)ｺｰﾄﾞ番": "174040039", "(2)読み": "いなばいけ", "県名": "石川県", "市町名": "鹿島郡中能登町", "住所": "坪川よ部1番地" }, "geometry": { "type": "Point", "coordinates": [ 136.926611111110986, 36.997388888888899 ] } },
{ "type": "Feature", "properties": { "name": "菱池", "(1)ｺｰﾄﾞ番": "174040040", "(2)読み": "ひしいけ", "県名": "石川県", "市町名": "鹿島郡中能登町", "住所": "西ち部19番地" }, "geometry": { "type": "Point", "coordinates": [ 136.919472222221998, 36.994833333333297 ] } },
{ "type": "Feature", "properties": { "name": "原山池", "(1)ｺｰﾄﾞ番": "174040041", "(2)読み": "はらやまいけ", "県名": "石川県", "市町名": "鹿島郡中能登町", "住所": "久江原山分リ部11番地" }, "geometry": { "type": "Point", "coordinates": [ 136.905138888889013, 36.929944444444402 ] } },
{ "type": "Feature", "properties": { "name": "菖蒲池", "(1)ｺｰﾄﾞ番": "174040042", "(2)読み": "しょうぶいけ", "県名": "石川県", "市町名": "鹿島郡中能登町", "住所": "武部ぬ部36番地1" }, "geometry": { "type": "Point", "coordinates": [ 136.927666666666994, 36.986055555555602 ] } },
{ "type": "Feature", "properties": { "name": "昭和池", "(1)ｺｰﾄﾞ番": "174040043", "(2)読み": "しょうわいけ", "県名": "石川県", "市町名": "鹿島郡中能登町", "住所": "武部ヒ部77番地" }, "geometry": { "type": "Point", "coordinates": [ 136.933111111111003, 36.985444444444397 ] } },
{ "type": "Feature", "properties": { "name": "大正池", "(1)ｺｰﾄﾞ番": "174040044", "(2)読み": "たいしょういけ", "県名": "石川県", "市町名": "鹿島郡中能登町", "住所": "武部" }, "geometry": { "type": "Point", "coordinates": [ 136.9325, 36.982222222222198 ] } },
{ "type": "Feature", "properties": { "name": "穴田池", "(1)ｺｰﾄﾞ番": "174040045", "(2)読み": "あなだいけ", "県名": "石川県", "市町名": "鹿島郡中能登町", "住所": "芹川二部91・93合併" }, "geometry": { "type": "Point", "coordinates": [ 136.923138888889014, 36.964611111111097 ] } },
{ "type": "Feature", "properties": { "name": "新池", "(1)ｺｰﾄﾞ番": "174040046", "(2)読み": "しんいけ", "県名": "石川県", "市町名": "鹿島郡中能登町", "住所": "井田二部107番地" }, "geometry": { "type": "Point", "coordinates": [ 136.915472222222007, 36.959527777777801 ] } },
{ "type": "Feature", "properties": { "name": "百万石", "(1)ｺｰﾄﾞ番": "174050001", "(2)読み": "ひゃくまんごく", "県名": "石川県", "市町名": "七尾市", "住所": "能登島百万石町" }, "geometry": { "type": "Point", "coordinates": [ 136.913666666667012, 37.136638888888903 ] } },
{ "type": "Feature", "properties": { "name": "トガンタ", "(1)ｺｰﾄﾞ番": "174050002", "(2)読み": "とがんた", "県名": "石川県", "市町名": "七尾市", "住所": "能登島閨町69-14" }, "geometry": { "type": "Point", "coordinates": [ 136.933722222222002, 37.132583333333301 ] } },
{ "type": "Feature", "properties": { "name": "山城大溜", "(1)ｺｰﾄﾞ番": "174050003", "(2)読み": "やまぎおおいけ", "県名": "石川県", "市町名": "七尾市", "住所": "能登島鰀目町1-9-1、9-2、10" }, "geometry": { "type": "Point", "coordinates": [ 137.033, 37.149527777777799 ] } },
{ "type": "Feature", "properties": { "name": "山城", "(1)ｺｰﾄﾞ番": "174050004", "(2)読み": "やまぎ", "県名": "石川県", "市町名": "七尾市", "住所": "能登島鰀目町3-4甲" }, "geometry": { "type": "Point", "coordinates": [ 137.03452777777801, 37.150388888888898 ] } },
{ "type": "Feature", "properties": { "name": "細田", "(1)ｺｰﾄﾞ番": "174050005", "(2)読み": "ほそだ", "県名": "石川県", "市町名": "七尾市", "住所": "能登島小浦町三11" }, "geometry": { "type": "Point", "coordinates": [ 137.033222222222008, 37.132444444444403 ] } },
{ "type": "Feature", "properties": { "name": "山田", "(1)ｺｰﾄﾞ番": "174050006", "(2)読み": "やまだ", "県名": "石川県", "市町名": "七尾市", "住所": "能登島野崎町30-10" }, "geometry": { "type": "Point", "coordinates": [ 137.034472222222007, 37.121555555555602 ] } },
{ "type": "Feature", "properties": { "name": "峠", "(1)ｺｰﾄﾞ番": "174050007", "(2)読み": "とうげ", "県名": "石川県", "市町名": "七尾市", "住所": "能登島二穴町ノ1" }, "geometry": { "type": "Point", "coordinates": [ 137.012805555556014, 37.1240555555556 ] } },
{ "type": "Feature", "properties": { "name": "小谷内", "(1)ｺｰﾄﾞ番": "174050008", "(2)読み": "こやち", "県名": "石川県", "市町名": "七尾市", "住所": "能登島半浦町28丙20,21,22" }, "geometry": { "type": "Point", "coordinates": [ 136.949194444444004, 37.106472222222202 ] } },
{ "type": "Feature", "properties": { "name": "平床", "(1)ｺｰﾄﾞ番": "174050009", "(2)読み": "ひらとこ", "県名": "石川県", "市町名": "七尾市", "住所": "能登島久木町" }, "geometry": { "type": "Point", "coordinates": [ 136.913944444444013, 37.147527777777803 ] } },
{ "type": "Feature", "properties": { "name": "トモカケ上堤", "(1)ｺｰﾄﾞ番": "174050010", "(2)読み": "ともかけうえつつみ", "県名": "石川県", "市町名": "七尾市", "住所": "能登島閨町" }, "geometry": { "type": "Point", "coordinates": [ 136.947833333332994, 37.127333333333297 ] } },
{ "type": "Feature", "properties": { "name": "寺ヶ谷内", "(1)ｺｰﾄﾞ番": "174050011", "(2)読み": "てらがやち", "県名": "石川県", "市町名": "七尾市", "住所": "能登島向田町54-3" }, "geometry": { "type": "Point", "coordinates": [ 137.015638888888986, 37.128361111111097 ] } },
{ "type": "Feature", "properties": { "name": "西ヶ谷内", "(1)ｺｰﾄﾞ番": "174050012", "(2)読み": "にしがやち", "県名": "石川県", "市町名": "七尾市", "住所": "能登島二穴町キ1" }, "geometry": { "type": "Point", "coordinates": [ 137.019111111110988, 37.120805555555599 ] } },
{ "type": "Feature", "properties": { "name": "親奈内", "(1)ｺｰﾄﾞ番": "174050013", "(2)読み": "おやなうち", "県名": "石川県", "市町名": "七尾市", "住所": "能登島野崎町65-4-1" }, "geometry": { "type": "Point", "coordinates": [ 137.026333333333014, 37.126055555555602 ] } },
{ "type": "Feature", "properties": { "name": "峠谷内", "(1)ｺｰﾄﾞ番": "174050014", "(2)読み": "とうげやち", "県名": "石川県", "市町名": "七尾市", "住所": "能登島祖母ヶ浦町" }, "geometry": { "type": "Point", "coordinates": [ 137.022027777777993, 37.136861111111102 ] } },
{ "type": "Feature", "properties": { "name": "深田", "(1)ｺｰﾄﾞ番": "174050015", "(2)読み": "ふかだ", "県名": "石川県", "市町名": "七尾市", "住所": "能登島八ヶ崎町22-4" }, "geometry": { "type": "Point", "coordinates": [ 137.035944444443999, 37.1541944444444 ] } },
{ "type": "Feature", "properties": { "name": "岩屋第１", "(1)ｺｰﾄﾞ番": "174050016", "(2)読み": "いわやだいいち", "県名": "石川県", "市町名": "七尾市", "住所": "能登島鰀目町69-21" }, "geometry": { "type": "Point", "coordinates": [ 137.034222222222013, 37.162222222222198 ] } },
{ "type": "Feature", "properties": { "name": "大谷内", "(1)ｺｰﾄﾞ番": "174050017", "(2)読み": "おおやち", "県名": "石川県", "市町名": "七尾市", "住所": "能登島長崎町48-1" }, "geometry": { "type": "Point", "coordinates": [ 137.0285, 37.140833333333298 ] } },
{ "type": "Feature", "properties": { "name": "小浦", "(1)ｺｰﾄﾞ番": "174050018", "(2)読み": "こうら", "県名": "石川県", "市町名": "七尾市", "住所": "能登島野崎町" }, "geometry": { "type": "Point", "coordinates": [ 137.03305555555599, 37.135944444444398 ] } },
{ "type": "Feature", "properties": { "name": "スガンニヤ", "(1)ｺｰﾄﾞ番": "174050019", "(2)読み": "すがんにや", "県名": "石川県", "市町名": "七尾市", "住所": "能登島日出ヶ島町ト11" }, "geometry": { "type": "Point", "coordinates": [ 137.021777777777999, 37.1160833333333 ] } },
{ "type": "Feature", "properties": { "name": "白崎", "(1)ｺｰﾄﾞ番": "174050020", "(2)読み": "しらさき", "県名": "石川県", "市町名": "七尾市", "住所": "能登島二穴町" }, "geometry": { "type": "Point", "coordinates": [ 137.014861111111003, 37.11475 ] } },
{ "type": "Feature", "properties": { "name": "浅瀬", "(1)ｺｰﾄﾞ番": "174050021", "(2)読み": "あさせ", "県名": "石川県", "市町名": "七尾市", "住所": "能登島向田町91-37" }, "geometry": { "type": "Point", "coordinates": [ 137.0035, 37.126722222222199 ] } },
{ "type": "Feature", "properties": { "name": "チシ", "(1)ｺｰﾄﾞ番": "174050022", "(2)読み": null, "県名": "石川県", "市町名": "七尾市", "住所": "能登島曲町" }, "geometry": { "type": "Point", "coordinates": [ 136.982944444444001, 37.142888888888898 ] } },
{ "type": "Feature", "properties": { "name": "風ケ谷", "(1)ｺｰﾄﾞ番": "174050023", "(2)読み": "かぜがたに", "県名": "石川県", "市町名": "七尾市", "住所": "能登島向田" }, "geometry": { "type": "Point", "coordinates": [ 136.993138888889007, 37.126527777777802 ] } },
{ "type": "Feature", "properties": { "name": "ツボライチ", "(1)ｺｰﾄﾞ番": "174050024", "(2)読み": "つぼらいち", "県名": "石川県", "市町名": "七尾市", "住所": "能登島別所町51-1" }, "geometry": { "type": "Point", "coordinates": [ 136.970694444444007, 37.121805555555603 ] } },
{ "type": "Feature", "properties": { "name": "シラカタ", "(1)ｺｰﾄﾞ番": "174050025", "(2)読み": "しらかた", "県名": "石川県", "市町名": "七尾市", "住所": "能登島閨町" }, "geometry": { "type": "Point", "coordinates": [ 136.928888888888991, 37.129138888888903 ] } },
{ "type": "Feature", "properties": { "name": "宮ノ本", "(1)ｺｰﾄﾞ番": "174050027", "(2)読み": "みやのもと", "県名": "石川県", "市町名": "七尾市", "住所": "能登島田尻町ヨ35" }, "geometry": { "type": "Point", "coordinates": [ 136.907833333333002, 37.143055555555598 ] } },
{ "type": "Feature", "properties": { "name": "しんがんにゃ", "(1)ｺｰﾄﾞ番": "174050028", "(2)読み": "しんがんにゃ", "県名": "石川県", "市町名": "七尾市", "住所": "能登島八ヶ崎町19-16" }, "geometry": { "type": "Point", "coordinates": [ 137.037638888889006, 37.156583333333302 ] } },
{ "type": "Feature", "properties": { "name": "新田谷内", "(1)ｺｰﾄﾞ番": "174050029", "(2)読み": "しんでんやち", "県名": "石川県", "市町名": "七尾市", "住所": "能登島八ヶ崎町37-11" }, "geometry": { "type": "Point", "coordinates": [ 137.027555555556006, 37.150666666666702 ] } },
{ "type": "Feature", "properties": { "name": "岩屋第２", "(1)ｺｰﾄﾞ番": "174050030", "(2)読み": "いわやだいに", "県名": "石川県", "市町名": "七尾市", "住所": "能登島鰀目町69-39" }, "geometry": { "type": "Point", "coordinates": [ 137.035194444443988, 37.161666666666697 ] } },
{ "type": "Feature", "properties": { "name": "そうだ", "(1)ｺｰﾄﾞ番": "174050031", "(2)読み": "そうだ", "県名": "石川県", "市町名": "七尾市", "住所": "能登島鰀目町41-3" }, "geometry": { "type": "Point", "coordinates": [ 137.04122222222199, 37.153972222222201 ] } },
{ "type": "Feature", "properties": { "name": "ヨノギ池", "(1)ｺｰﾄﾞ番": "174050032", "(2)読み": "よのぎいけ", "県名": "石川県", "市町名": "七尾市", "住所": "能登島鰀目町59-47" }, "geometry": { "type": "Point", "coordinates": [ 137.044861111111004, 37.156472222222199 ] } },
{ "type": "Feature", "properties": { "name": "堂ヶ谷内", "(1)ｺｰﾄﾞ番": "174050033", "(2)読み": "どうがやち", "県名": "石川県", "市町名": "七尾市", "住所": "能登島長崎町22-7" }, "geometry": { "type": "Point", "coordinates": [ 137.03275, 37.143166666666701 ] } },
{ "type": "Feature", "properties": { "name": "鮒谷内", "(1)ｺｰﾄﾞ番": "174050034", "(2)読み": "ふなやち", "県名": "石川県", "市町名": "七尾市", "住所": "能登島長崎町13-1" }, "geometry": { "type": "Point", "coordinates": [ 137.03333333333299, 37.141138888888896 ] } },
{ "type": "Feature", "properties": { "name": "長面", "(1)ｺｰﾄﾞ番": "174050035", "(2)読み": "ながおもて", "県名": "石川県", "市町名": "七尾市", "住所": "能登島野崎町81-9" }, "geometry": { "type": "Point", "coordinates": [ 137.027388888888993, 37.1314722222222 ] } },
{ "type": "Feature", "properties": { "name": "新田", "(1)ｺｰﾄﾞ番": "174050036", "(2)読み": "しんでん", "県名": "石川県", "市町名": "七尾市", "住所": "能登島野崎町6-1,6-2,6-3" }, "geometry": { "type": "Point", "coordinates": [ 137.034833333333012, 37.1323333333333 ] } },
{ "type": "Feature", "properties": { "name": "小谷奈内", "(1)ｺｰﾄﾞ番": "174050037", "(2)読み": "こやなうち", "県名": "石川県", "市町名": "七尾市", "住所": "能登島野崎町54-2" }, "geometry": { "type": "Point", "coordinates": [ 137.036472222221988, 37.125333333333302 ] } },
{ "type": "Feature", "properties": { "name": "佐ヶ堤第２", "(1)ｺｰﾄﾞ番": "174050038", "(2)読み": "さがつつみだいに", "県名": "石川県", "市町名": "七尾市", "住所": "能登島日出ヶ島町ト1" }, "geometry": { "type": "Point", "coordinates": [ 137.023111111111007, 37.116972222222202 ] } },
{ "type": "Feature", "properties": { "name": "コゴ", "(1)ｺｰﾄﾞ番": "174050040", "(2)読み": "こご", "県名": "石川県", "市町名": "七尾市", "住所": "能登島無関町ヨ24" }, "geometry": { "type": "Point", "coordinates": [ 136.946861111110991, 37.136222222222202 ] } },
{ "type": "Feature", "properties": { "name": "コゴ奥", "(1)ｺｰﾄﾞ番": "174050041", "(2)読み": "こごおく", "県名": "石川県", "市町名": "七尾市", "住所": "能登島無関町ヨ25" }, "geometry": { "type": "Point", "coordinates": [ 136.946583333332995, 37.13575 ] } },
{ "type": "Feature", "properties": { "name": "アラタ", "(1)ｺｰﾄﾞ番": "174050042", "(2)読み": "あらた", "県名": "石川県", "市町名": "七尾市", "住所": "能登島無関町ラ19" }, "geometry": { "type": "Point", "coordinates": [ 136.947, 37.13225 ] } },
{ "type": "Feature", "properties": { "name": "トモカケ下堤", "(1)ｺｰﾄﾞ番": "174050043", "(2)読み": "ともかけしたつつみ", "県名": "石川県", "市町名": "七尾市", "住所": "能登島閨町ホ15" }, "geometry": { "type": "Point", "coordinates": [ 136.943416666666991, 37.126861111111097 ] } },
{ "type": "Feature", "properties": { "name": "新堤", "(1)ｺｰﾄﾞ番": "174050044", "(2)読み": "しんつつみ", "県名": "石川県", "市町名": "七尾市", "住所": "能登島閨町79" }, "geometry": { "type": "Point", "coordinates": [ 136.94325, 37.13025 ] } },
{ "type": "Feature", "properties": { "name": "大谷内", "(1)ｺｰﾄﾞ番": "174050045", "(2)読み": "おおやち", "県名": "石川県", "市町名": "七尾市", "住所": "能登島半浦町32-17" }, "geometry": { "type": "Point", "coordinates": [ 136.949805555555997, 37.103277777777798 ] } },
{ "type": "Feature", "properties": { "name": "金浦", "(1)ｺｰﾄﾞ番": "174050046", "(2)読み": "かなうら（かんら）", "県名": "石川県", "市町名": "七尾市", "住所": "能登島久木町ト6甲" }, "geometry": { "type": "Point", "coordinates": [ 136.913444444443996, 37.151055555555601 ] } },
{ "type": "Feature", "properties": { "name": "宮谷内池", "(1)ｺｰﾄﾞ番": "174050047", "(2)読み": "みやのやちいけ", "県名": "石川県", "市町名": "七尾市", "住所": "能登島鰀目町25-33" }, "geometry": { "type": "Point", "coordinates": [ 137.043527777777996, 37.150083333333299 ] } },
{ "type": "Feature", "properties": { "name": "宮ノ下", "(1)ｺｰﾄﾞ番": "174050048", "(2)読み": "みやのした", "県名": "石川県", "市町名": "七尾市", "住所": "能登島鰀目町29-10-187" }, "geometry": { "type": "Point", "coordinates": [ 137.0515, 37.151027777777799 ] } },
{ "type": "Feature", "properties": { "name": "木浦", "(1)ｺｰﾄﾞ番": "174050049", "(2)読み": null, "県名": "石川県", "市町名": "七尾市", "住所": "能登島向田町" }, "geometry": { "type": "Point", "coordinates": [ 137.017861111110989, 37.140555555555601 ] } },
{ "type": "Feature", "properties": { "name": "ソワジ池", "(1)ｺｰﾄﾞ番": "174050051", "(2)読み": "そわじいけ", "県名": "石川県", "市町名": "七尾市", "住所": "能登島向田町" }, "geometry": { "type": "Point", "coordinates": [ 137.017222222221989, 37.13825 ] } },
{ "type": "Feature", "properties": { "name": "宮田", "(1)ｺｰﾄﾞ番": "174050052", "(2)読み": "みやた", "県名": "石川県", "市町名": "七尾市", "住所": "能登島祖母ヶ浦町" }, "geometry": { "type": "Point", "coordinates": [ 137.024694444444009, 37.138638888888899 ] } },
{ "type": "Feature", "properties": { "name": "ミヨ崎", "(1)ｺｰﾄﾞ番": "174050053", "(2)読み": "みよざき", "県名": "石川県", "市町名": "七尾市", "住所": "能登島向田町71" }, "geometry": { "type": "Point", "coordinates": [ 137.006166666667013, 37.133027777777798 ] } },
{ "type": "Feature", "properties": { "name": "屋見", "(1)ｺｰﾄﾞ番": "174050054", "(2)読み": "やみ", "県名": "石川県", "市町名": "七尾市", "住所": "能登島向田町98-20" }, "geometry": { "type": "Point", "coordinates": [ 136.998666666666992, 37.125388888888899 ] } },
{ "type": "Feature", "properties": { "name": "モッタ", "(1)ｺｰﾄﾞ番": "174050056", "(2)読み": "もった", "県名": "石川県", "市町名": "七尾市", "住所": "能登島閨町リ1" }, "geometry": { "type": "Point", "coordinates": [ 136.935277777777998, 37.133294444444402 ] } },
{ "type": "Feature", "properties": { "name": "大浦", "(1)ｺｰﾄﾞ番": "174050057", "(2)読み": "おおうら", "県名": "石川県", "市町名": "七尾市", "住所": "能登島半浦町" }, "geometry": { "type": "Point", "coordinates": [ 136.949888888889006, 37.100416666666703 ] } },
{ "type": "Feature", "properties": { "name": "薬師", "(1)ｺｰﾄﾞ番": "174050058", "(2)読み": null, "県名": "石川県", "市町名": "七尾市", "住所": "能登島久木町" }, "geometry": { "type": "Point", "coordinates": [ 136.917055555556004, 37.14525 ] } },
{ "type": "Feature", "properties": { "name": "ウシロヤチ", "(1)ｺｰﾄﾞ番": "174050059", "(2)読み": "うしろやち", "県名": "石川県", "市町名": "七尾市", "住所": "能登島久木町" }, "geometry": { "type": "Point", "coordinates": [ 136.91275, 37.149138888888899 ] } },
{ "type": "Feature", "properties": { "name": "サンダ", "(1)ｺｰﾄﾞ番": "174050060", "(2)読み": "さんだ", "県名": "石川県", "市町名": "七尾市", "住所": "能登島通町ヲ1" }, "geometry": { "type": "Point", "coordinates": [ 136.909138888889004, 37.136277777777799 ] } },
{ "type": "Feature", "properties": { "name": "ホソビヤチ", "(1)ｺｰﾄﾞ番": "174050061", "(2)読み": "ほそびやち", "県名": "石川県", "市町名": "七尾市", "住所": "能登島百万石町" }, "geometry": { "type": "Point", "coordinates": [ 136.909472222222007, 37.138305555555597 ] } },
{ "type": "Feature", "properties": { "name": "ハカド", "(1)ｺｰﾄﾞ番": "174050062", "(2)読み": "はかど", "県名": "石川県", "市町名": "七尾市", "住所": "能登島半浦町5-19-1,19-2" }, "geometry": { "type": "Point", "coordinates": [ 136.929083333333011, 37.124416666666697 ] } },
{ "type": "Feature", "properties": { "name": "はざま池", "(1)ｺｰﾄﾞ番": "174050063", "(2)読み": "はざまいけ", "県名": "石川県", "市町名": "七尾市", "住所": "能登島鰀目町76-1" }, "geometry": { "type": "Point", "coordinates": [ 137.0365, 37.164666666666697 ] } },
{ "type": "Feature", "properties": { "name": "トチンニヤ", "(1)ｺｰﾄﾞ番": "174050064", "(2)読み": "とちんにや", "県名": "石川県", "市町名": "七尾市", "住所": "能登島町向田町21-3" }, "geometry": { "type": "Point", "coordinates": [ 137.012916666666996, 37.137166666666701 ] } },
{ "type": "Feature", "properties": { "name": "モッタ（下堤）", "(1)ｺｰﾄﾞ番": "174050065", "(2)読み": "もった（したつつみ）", "県名": "石川県", "市町名": "七尾市", "住所": "能登島町" }, "geometry": { "type": "Point", "coordinates": [ 136.948416666666986, 37.128666666666703 ] } },
{ "type": "Feature", "properties": { "name": "モッタ（上堤）", "(1)ｺｰﾄﾞ番": "174050066", "(2)読み": "もった（うえつつみ）", "県名": "石川県", "市町名": "七尾市", "住所": "能登島町" }, "geometry": { "type": "Point", "coordinates": [ 136.948861111111, 37.1284722222222 ] } },
{ "type": "Feature", "properties": { "name": "佐ヶ堤第１", "(1)ｺｰﾄﾞ番": "174050067", "(2)読み": "さがつつみだいいち", "県名": "石川県", "市町名": "七尾市", "住所": "能登島日出ヶ島町ト1" }, "geometry": { "type": "Point", "coordinates": [ 137.023722222222005, 37.117638888888898 ] } },
{ "type": "Feature", "properties": { "name": "山城新ため池", "(1)ｺｰﾄﾞ番": "174050068", "(2)読み": "やまぎしんためいけ", "県名": "石川県", "市町名": "七尾市", "住所": "能登島鰀目町22-1" }, "geometry": { "type": "Point", "coordinates": [ 137.038027777778012, 37.150777777777797 ] } },
{ "type": "Feature", "properties": { "name": "神前", "(1)ｺｰﾄﾞ番": "174050069", "(2)読み": "かんのまえ", "県名": "石川県", "市町名": "七尾市", "住所": "能登島町" }, "geometry": { "type": "Point", "coordinates": [ 137.041305555555994, 37.159083333333299 ] } },
{ "type": "Feature", "properties": { "name": "名草池", "(1)ｺｰﾄﾞ番": "174050070", "(2)読み": "なぐさいけ", "県名": "石川県", "市町名": "七尾市", "住所": "能登島鰀目町67-1" }, "geometry": { "type": "Point", "coordinates": [ 137.039555555556007, 37.156416666666701 ] } },
{ "type": "Feature", "properties": { "name": "横手の池", "(1)ｺｰﾄﾞ番": "174060001", "(2)読み": "よこてのいけ", "県名": "石川県", "市町名": "鹿島郡中能登町", "住所": "西馬場マ部30番地" }, "geometry": { "type": "Point", "coordinates": [ 136.889777777777994, 36.968666666666699 ] } },
{ "type": "Feature", "properties": { "name": "谷内堤", "(1)ｺｰﾄﾞ番": "174060002", "(2)読み": "やちいけてい", "県名": "石川県", "市町名": "鹿島郡中能登町", "住所": "能登部上ハ部62番地" }, "geometry": { "type": "Point", "coordinates": [ 136.873, 36.969388888888901 ] } },
{ "type": "Feature", "properties": { "name": "万五郎池", "(1)ｺｰﾄﾞ番": "174060003", "(2)読み": "まんごろういけ", "県名": "石川県", "市町名": "鹿島郡中能登町", "住所": "能登部上ソ部38番地" }, "geometry": { "type": "Point", "coordinates": [ 136.88561111111099, 36.962305555555602 ] } },
{ "type": "Feature", "properties": { "name": "大谷内池", "(1)ｺｰﾄﾞ番": "174060004", "(2)読み": "おおやちいけ", "県名": "石川県", "市町名": "鹿島郡中能登町", "住所": "能登部下リ部13番地" }, "geometry": { "type": "Point", "coordinates": [ 136.862444444444009, 36.96425 ] } },
{ "type": "Feature", "properties": { "name": "小谷内池", "(1)ｺｰﾄﾞ番": "174060005", "(2)読み": "こやちいけ", "県名": "石川県", "市町名": "鹿島郡中能登町", "住所": "能登部下壱弐五甲部29番地" }, "geometry": { "type": "Point", "coordinates": [ 136.862833333332986, 36.963833333333298 ] } },
{ "type": "Feature", "properties": { "name": "棚谷内池", "(1)ｺｰﾄﾞ番": "174060006", "(2)読み": "たなやちいけ", "県名": "石川県", "市町名": "鹿島郡中能登町", "住所": "能登部下ホ部1番乙地" }, "geometry": { "type": "Point", "coordinates": [ 136.859361111111014, 36.961194444444402 ] } },
{ "type": "Feature", "properties": { "name": "杉谷池", "(1)ｺｰﾄﾞ番": "174060007", "(2)読み": "すぎたにいけ", "県名": "石川県", "市町名": "鹿島郡中能登町", "住所": "金丸イ部1番乙地" }, "geometry": { "type": "Point", "coordinates": [ 136.854194444444005, 36.957611111111099 ] } },
{ "type": "Feature", "properties": { "name": "沢池", "(1)ｺｰﾄﾞ番": "174060008", "(2)読み": "さわいけ", "県名": "石川県", "市町名": "鹿島郡中能登町", "住所": "金丸壱参部20番地2" }, "geometry": { "type": "Point", "coordinates": [ 136.841, 36.951194444444397 ] } },
{ "type": "Feature", "properties": { "name": "大谷内池", "(1)ｺｰﾄﾞ番": "174060009", "(2)読み": "おおやちいけ", "県名": "石川県", "市町名": "鹿島郡中能登町", "住所": "上後山リ部66番地3" }, "geometry": { "type": "Point", "coordinates": [ 136.853138888888992, 36.981833333333299 ] } },
{ "type": "Feature", "properties": { "name": "大陣町池", "(1)ｺｰﾄﾞ番": "174060012", "(2)読み": "おじんまちいけ", "県名": "石川県", "市町名": "鹿島郡中能登町", "住所": "上後山へ部33番地" }, "geometry": { "type": "Point", "coordinates": [ 136.856888888888989, 36.981333333333303 ] } },
{ "type": "Feature", "properties": { "name": "ほうき谷池", "(1)ｺｰﾄﾞ番": "174060013", "(2)読み": "ほうきたにいけ", "県名": "石川県", "市町名": "鹿島郡中能登町", "住所": "上後山ノ部6番地" }, "geometry": { "type": "Point", "coordinates": [ 136.844666666666996, 36.983361111111101 ] } },
{ "type": "Feature", "properties": { "name": "権兵衛池", "(1)ｺｰﾄﾞ番": "174060014", "(2)読み": "ごんべえいけ", "県名": "石川県", "市町名": "鹿島郡中能登町", "住所": "上後山ノ部17番地1" }, "geometry": { "type": "Point", "coordinates": [ 136.845, 36.982027777777802 ] } },
{ "type": "Feature", "properties": { "name": "神谷内池", "(1)ｺｰﾄﾞ番": "174060015", "(2)読み": "かみやちいけ", "県名": "石川県", "市町名": "鹿島郡中能登町", "住所": "上後山ヌ部39番地" }, "geometry": { "type": "Point", "coordinates": [ 136.850416666667002, 36.981444444444399 ] } },
{ "type": "Feature", "properties": { "name": "五郎平池", "(1)ｺｰﾄﾞ番": "174060016", "(2)読み": "ごろうべいいけ", "県名": "石川県", "市町名": "鹿島郡中能登町", "住所": "上後山マ部6番地2" }, "geometry": { "type": "Point", "coordinates": [ 136.849805555556003, 36.9805833333333 ] } },
{ "type": "Feature", "properties": { "name": "つめた水", "(1)ｺｰﾄﾞ番": "174060017", "(2)読み": "つめたみず", "県名": "石川県", "市町名": "鹿島郡中能登町", "住所": "能登部上ヱ乙部1番地" }, "geometry": { "type": "Point", "coordinates": [ 136.864472222221991, 36.974555555555597 ] } },
{ "type": "Feature", "properties": { "name": "谷内の池", "(1)ｺｰﾄﾞ番": "174060018", "(2)読み": "やちのいけ", "県名": "石川県", "市町名": "鹿島郡中能登町", "住所": "西馬場チ部5番地1" }, "geometry": { "type": "Point", "coordinates": [ 136.880666666666997, 36.97375 ] } },
{ "type": "Feature", "properties": { "name": "倉の町池", "(1)ｺｰﾄﾞ番": "174060019", "(2)読み": "くらにまちいけ", "県名": "石川県", "市町名": "鹿島郡中能登町", "住所": "西馬場へ部122番地" }, "geometry": { "type": "Point", "coordinates": [ 136.887944444444003, 36.9681944444444 ] } },
{ "type": "Feature", "properties": { "name": "谷内池", "(1)ｺｰﾄﾞ番": "174060020", "(2)読み": "やちいけ", "県名": "石川県", "市町名": "鹿島郡中能登町", "住所": "金丸ヤ部57番地乙" }, "geometry": { "type": "Point", "coordinates": [ 136.847305555556005, 36.954138888888899 ] } },
{ "type": "Feature", "properties": { "name": "沢の池", "(1)ｺｰﾄﾞ番": "174060021", "(2)読み": "さわのいけ", "県名": "石川県", "市町名": "鹿島郡中能登町", "住所": "西馬場イ部91番地" }, "geometry": { "type": "Point", "coordinates": [ 136.87616666666699, 36.971472222222197 ] } },
{ "type": "Feature", "properties": { "name": "仲大門池", "(1)ｺｰﾄﾞ番": "174060022", "(2)読み": "なかだいもんいけ", "県名": "石川県", "市町名": "鹿島郡中能登町", "住所": "西馬場ロ部14番地" }, "geometry": { "type": "Point", "coordinates": [ 136.87675, 36.97175 ] } },
{ "type": "Feature", "properties": { "name": "高柳の池", "(1)ｺｰﾄﾞ番": "174060023", "(2)読み": "たかやなぎのいけ", "県名": "石川県", "市町名": "鹿島郡中能登町", "住所": "能登部下壱０参部77番地" }, "geometry": { "type": "Point", "coordinates": [ 136.866472222222001, 36.965138888888902 ] } },
{ "type": "Feature", "properties": { "name": "しいやまの池", "(1)ｺｰﾄﾞ番": "174060024", "(2)読み": "しいやまのいけ", "県名": "石川県", "市町名": "鹿島郡中能登町", "住所": "能登部下壱壱九部50番地" }, "geometry": { "type": "Point", "coordinates": [ 136.860694444443993, 36.961666666666702 ] } },
{ "type": "Feature", "properties": { "name": "成宗池", "(1)ｺｰﾄﾞ番": "174060025", "(2)読み": "じょうじゅういけ", "県名": "石川県", "市町名": "鹿島郡中能登町", "住所": "能登部上イ部120番地" }, "geometry": { "type": "Point", "coordinates": [ 136.870555555555995, 36.968388888888903 ] } },
{ "type": "Feature", "properties": { "name": "やんたんの池", "(1)ｺｰﾄﾞ番": "174060026", "(2)読み": "やんたんのいけ", "県名": "石川県", "市町名": "鹿島郡中能登町", "住所": "能登部下" }, "geometry": { "type": "Point", "coordinates": [ 136.855444444444004, 36.957166666666701 ] } },
{ "type": "Feature", "properties": { "name": "馬飛池", "(1)ｺｰﾄﾞ番": "174210001", "(2)読み": "まんとびいけ", "県名": "石川県", "市町名": "鳳珠郡穴水町", "住所": "字沖波参3番" }, "geometry": { "type": "Point", "coordinates": [ 137.036444444443987, 37.222583333333297 ] } },
{ "type": "Feature", "properties": { "name": "苗代", "(1)ｺｰﾄﾞ番": "174210003", "(2)読み": "のしろ", "県名": "石川県", "市町名": "鳳珠郡穴水町", "住所": "字新崎15字" }, "geometry": { "type": "Point", "coordinates": [ 136.917944444444004, 37.20975 ] } },
{ "type": "Feature", "properties": { "name": "ジョウガヤチ池", "(1)ｺｰﾄﾞ番": "174210004", "(2)読み": "じょうがやちいけ", "県名": "石川県", "市町名": "鳳珠郡穴水町", "住所": "字宇加川カ4番2、7番、8番2" }, "geometry": { "type": "Point", "coordinates": [ 137.057805555556001, 37.2384722222222 ] } },
{ "type": "Feature", "properties": { "name": "金ヶ谷", "(1)ｺｰﾄﾞ番": "174210005", "(2)読み": "かねがたに", "県名": "石川県", "市町名": "鳳珠郡穴水町", "住所": "字甲ハ111番地" }, "geometry": { "type": "Point", "coordinates": [ 137.025805555555991, 37.199583333333301 ] } },
{ "type": "Feature", "properties": { "name": "こうとく谷内", "(1)ｺｰﾄﾞ番": "174210006", "(2)読み": "こうとくやち", "県名": "石川県", "市町名": "鳳珠郡穴水町", "住所": "字鹿波参参3番1" }, "geometry": { "type": "Point", "coordinates": [ 137.003333333332989, 37.203694444444402 ] } },
{ "type": "Feature", "properties": { "name": "堀田谷内", "(1)ｺｰﾄﾞ番": "174210012", "(2)読み": "ほりたやち", "県名": "石川県", "市町名": "鳳珠郡穴水町", "住所": "字志ケ浦レ1番" }, "geometry": { "type": "Point", "coordinates": [ 136.914166666667001, 37.206888888888898 ] } },
{ "type": "Feature", "properties": { "name": "宮谷内", "(1)ｺｰﾄﾞ番": "174210013", "(2)読み": "みややち", "県名": "石川県", "市町名": "鳳珠郡穴水町", "住所": "字志ケ浦イ86番、87番" }, "geometry": { "type": "Point", "coordinates": [ 136.903666666666993, 37.197305555555602 ] } },
{ "type": "Feature", "properties": { "name": "バヤチ大池", "(1)ｺｰﾄﾞ番": "174210016", "(2)読み": "ばやちおおいけ", "県名": "石川県", "市町名": "鳳珠郡穴水町", "住所": "字志ケ浦ワの部" }, "geometry": { "type": "Point", "coordinates": [ 136.91341666666699, 37.204333333333302 ] } },
{ "type": "Feature", "properties": { "name": "ワンジャラ", "(1)ｺｰﾄﾞ番": "174210017", "(2)読み": "わんじゃら", "県名": "石川県", "市町名": "鳳珠郡穴水町", "住所": "字上唐川ヨの部" }, "geometry": { "type": "Point", "coordinates": [ 136.864138888888988, 37.244611111111098 ] } },
{ "type": "Feature", "properties": { "name": "矢満谷池", "(1)ｺｰﾄﾞ番": "174210018", "(2)読み": "やまんたんいけ", "県名": "石川県", "市町名": "鳳珠郡穴水町", "住所": "字明千寺ハ60番" }, "geometry": { "type": "Point", "coordinates": [ 137.06105555555601, 37.234805555555603 ] } },
{ "type": "Feature", "properties": { "name": "中ヶ谷内池", "(1)ｺｰﾄﾞ番": "174210019", "(2)読み": "ちゅうがやちいけ", "県名": "石川県", "市町名": "鳳珠郡穴水町", "住所": "字明千寺ヌ108番" }, "geometry": { "type": "Point", "coordinates": [ 137.04913888888899, 37.230166666666697 ] } },
{ "type": "Feature", "properties": { "name": "天の谷内池", "(1)ｺｰﾄﾞ番": "174210020", "(2)読み": "てんのやちいけ", "県名": "石川県", "市町名": "鳳珠郡穴水町", "住所": "字明千寺ル6番" }, "geometry": { "type": "Point", "coordinates": [ 137.05794444444399, 37.2321666666667 ] } },
{ "type": "Feature", "properties": { "name": "風呂谷内池", "(1)ｺｰﾄﾞ番": "174210021", "(2)読み": "ふろやちいけ", "県名": "石川県", "市町名": "鳳珠郡穴水町", "住所": "字明千寺ル67番" }, "geometry": { "type": "Point", "coordinates": [ 137.05794444444399, 37.2321666666667 ] } },
{ "type": "Feature", "properties": { "name": "谷の谷内池", "(1)ｺｰﾄﾞ番": "174210022", "(2)読み": "やのやちいけ", "県名": "石川県", "市町名": "鳳珠郡穴水町", "住所": "字明千寺ソ18番1、19番" }, "geometry": { "type": "Point", "coordinates": [ 137.059833333332989, 37.232138888888898 ] } },
{ "type": "Feature", "properties": { "name": "シヤギナ池", "(1)ｺｰﾄﾞ番": "174210023", "(2)読み": "しやぎないけ", "県名": "石川県", "市町名": "鳳珠郡穴水町", "住所": "字古君二88番" }, "geometry": { "type": "Point", "coordinates": [ 137.064194444444013, 37.2345 ] } },
{ "type": "Feature", "properties": { "name": "滝ヶ谷内池", "(1)ｺｰﾄﾞ番": "174210024", "(2)読み": "たきがやちいけ", "県名": "石川県", "市町名": "鳳珠郡穴水町", "住所": "字前波タ70番。71番" }, "geometry": { "type": "Point", "coordinates": [ 137.052861111111014, 37.223888888888901 ] } },
{ "type": "Feature", "properties": { "name": "ボンダ", "(1)ｺｰﾄﾞ番": "174210025", "(2)読み": "ぼんだ", "県名": "石川県", "市町名": "鳳珠郡穴水町", "住所": "字山中52-24-甲" }, "geometry": { "type": "Point", "coordinates": [ 137.03225, 37.2336666666667 ] } },
{ "type": "Feature", "properties": { "name": "大ナマコ", "(1)ｺｰﾄﾞ番": "174210026", "(2)読み": "おおなまこ", "県名": "石川県", "市町名": "鳳珠郡穴水町", "住所": "字山中57-75番" }, "geometry": { "type": "Point", "coordinates": [ 137.031277777778001, 37.2411666666667 ] } },
{ "type": "Feature", "properties": { "name": "カタタヤチ", "(1)ｺｰﾄﾞ番": "174210028", "(2)読み": "かたたやち", "県名": "石川県", "市町名": "鳳珠郡穴水町", "住所": "字山中沖波ウ12番" }, "geometry": { "type": "Point", "coordinates": [ 137.034055555555994, 37.2286944444444 ] } },
{ "type": "Feature", "properties": { "name": "大溜", "(1)ｺｰﾄﾞ番": "174210034", "(2)読み": "おおとめ", "県名": "石川県", "市町名": "鳳珠郡穴水町", "住所": "字曽良ハ23番辛" }, "geometry": { "type": "Point", "coordinates": [ 137.007694444444013, 37.190388888888897 ] } },
{ "type": "Feature", "properties": { "name": "海老尾", "(1)ｺｰﾄﾞ番": "174210037", "(2)読み": "えびお", "県名": "石川県", "市町名": "鳳珠郡穴水町", "住所": "字岩車ワ27番" }, "geometry": { "type": "Point", "coordinates": [ 136.979138888888997, 37.20725 ] } },
{ "type": "Feature", "properties": { "name": "鯖尾", "(1)ｺｰﾄﾞ番": "174210038", "(2)読み": "さばお", "県名": "石川県", "市町名": "鳳珠郡穴水町", "住所": "字岩車ヨ1番" }, "geometry": { "type": "Point", "coordinates": [ 136.978361111111013, 37.206055555555601 ] } },
{ "type": "Feature", "properties": { "name": "シンカイ池", "(1)ｺｰﾄﾞ番": "174210043", "(2)読み": "しんかいいけ", "県名": "石川県", "市町名": "鳳珠郡穴水町", "住所": "字古君ワ78番" }, "geometry": { "type": "Point", "coordinates": [ 137.06641666666701, 37.244194444444403 ] } },
{ "type": "Feature", "properties": { "name": "庄平", "(1)ｺｰﾄﾞ番": "174210052", "(2)読み": "しょうへい", "県名": "石川県", "市町名": "鳳珠郡穴水町", "住所": "字前波レ11番、12番" }, "geometry": { "type": "Point", "coordinates": [ 137.042277777777997, 37.232805555555601 ] } },
{ "type": "Feature", "properties": { "name": "平川", "(1)ｺｰﾄﾞ番": "174210056", "(2)読み": "ひらかわ", "県名": "石川県", "市町名": "鳳珠郡穴水町", "住所": "字沖波イ42番2" }, "geometry": { "type": "Point", "coordinates": [ 137.045083333332997, 37.211555555555599 ] } },
{ "type": "Feature", "properties": { "name": "弥平の堤", "(1)ｺｰﾄﾞ番": "174210058", "(2)読み": "やへいのつつみ", "県名": "石川県", "市町名": "鳳珠郡穴水町", "住所": "字甲ナ159番、160番1" }, "geometry": { "type": "Point", "coordinates": [ 137.037666666667008, 37.207138888888899 ] } },
{ "type": "Feature", "properties": { "name": "神谷内", "(1)ｺｰﾄﾞ番": "174210063", "(2)読み": null, "県名": "石川県", "市町名": "鳳珠郡穴水町", "住所": "字甲レ90番2" }, "geometry": { "type": "Point", "coordinates": [ 137.026083333332991, 37.208472222222198 ] } },
{ "type": "Feature", "properties": { "name": "大蓮寺", "(1)ｺｰﾄﾞ番": "174210064", "(2)読み": "らいれんでら", "県名": "石川県", "市町名": "鳳珠郡穴水町", "住所": "字甲レ238番" }, "geometry": { "type": "Point", "coordinates": [ 137.027027777777988, 37.2077777777778 ] } },
{ "type": "Feature", "properties": { "name": "又六", "(1)ｺｰﾄﾞ番": "174210068", "(2)読み": "またろく", "県名": "石川県", "市町名": "鳳珠郡穴水町", "住所": "字甲ト271番" }, "geometry": { "type": "Point", "coordinates": [ 137.02408333333301, 37.2023333333333 ] } },
{ "type": "Feature", "properties": { "name": "宮ノ谷内", "(1)ｺｰﾄﾞ番": "174210069", "(2)読み": "みやのやち", "県名": "石川県", "市町名": "鳳珠郡穴水町", "住所": "字甲ト189番" }, "geometry": { "type": "Point", "coordinates": [ 137.024944444444003, 37.20175 ] } },
{ "type": "Feature", "properties": { "name": "七まわり", "(1)ｺｰﾄﾞ番": "174210070", "(2)読み": "ななまわり", "県名": "石川県", "市町名": "鳳珠郡穴水町", "住所": "字甲へ35番2、37番、39番" }, "geometry": { "type": "Point", "coordinates": [ 137.02075, 37.199666666666701 ] } },
{ "type": "Feature", "properties": { "name": "フセゴロウ", "(1)ｺｰﾄﾞ番": "174210071", "(2)読み": "ふせごろう", "県名": "石川県", "市町名": "鳳珠郡穴水町", "住所": "字山中6-13番" }, "geometry": { "type": "Point", "coordinates": [ 137.0135, 37.243027777777797 ] } },
{ "type": "Feature", "properties": { "name": "ザリガ谷", "(1)ｺｰﾄﾞ番": "174210073", "(2)読み": "さりがや", "県名": "石川県", "市町名": "鳳珠郡穴水町", "住所": "字山中3-3番乙" }, "geometry": { "type": "Point", "coordinates": [ 137.014583333333007, 37.233972222222199 ] } },
{ "type": "Feature", "properties": { "name": "ミクボ", "(1)ｺｰﾄﾞ番": "174210075", "(2)読み": "みぐぼ", "県名": "石川県", "市町名": "鳳珠郡穴水町", "住所": "字山中8-11番" }, "geometry": { "type": "Point", "coordinates": [ 137.010333333332994, 37.241888888888901 ] } },
{ "type": "Feature", "properties": { "name": "マンジュ畑", "(1)ｺｰﾄﾞ番": "174210077", "(2)読み": "まんじゅばたけ", "県名": "石川県", "市町名": "鳳珠郡穴水町", "住所": "字山中14-3番乙" }, "geometry": { "type": "Point", "coordinates": [ 137.008277777778005, 37.231861111111101 ] } },
{ "type": "Feature", "properties": { "name": "堀田寺下", "(1)ｺｰﾄﾞ番": "174210083", "(2)読み": "ほりたてらした", "県名": "石川県", "市町名": "鳳珠郡穴水町", "住所": "字曽良ハ107番2" }, "geometry": { "type": "Point", "coordinates": [ 137.010527777778009, 37.189833333333297 ] } },
{ "type": "Feature", "properties": { "name": "トチガ谷", "(1)ｺｰﾄﾞ番": "174210085", "(2)読み": "とちがや", "県名": "石川県", "市町名": "鳳珠郡穴水町", "住所": "字曽良ロ137番" }, "geometry": { "type": "Point", "coordinates": [ 137.010583333332988, 37.186416666666702 ] } },
{ "type": "Feature", "properties": { "name": "新堤", "(1)ｺｰﾄﾞ番": "174210086", "(2)読み": "しんつつみ", "県名": "石川県", "市町名": "鳳珠郡穴水町", "住所": "字曽良ロ153番丙" }, "geometry": { "type": "Point", "coordinates": [ 137.010416666666998, 37.187555555555598 ] } },
{ "type": "Feature", "properties": { "name": "平地替", "(1)ｺｰﾄﾞ番": "174210089", "(2)読み": "ひらちかえ", "県名": "石川県", "市町名": "鳳珠郡穴水町", "住所": "字曽良ヌ39番1.39番乙1" }, "geometry": { "type": "Point", "coordinates": [ 137.021605555555993, 37.1925 ] } },
{ "type": "Feature", "properties": { "name": "大谷内田", "(1)ｺｰﾄﾞ番": "174210091", "(2)読み": "おおやちだ", "県名": "石川県", "市町名": "鳳珠郡穴水町", "住所": "字甲キ字" }, "geometry": { "type": "Point", "coordinates": [ 137.009, 37.2252222222222 ] } },
{ "type": "Feature", "properties": { "name": "谷内田", "(1)ｺｰﾄﾞ番": "174210092", "(2)読み": "やちだ", "県名": "石川県", "市町名": "鳳珠郡穴水町", "住所": "字鹿波21-5" }, "geometry": { "type": "Point", "coordinates": [ 137.008416666666989, 37.222583333333297 ] } },
{ "type": "Feature", "properties": { "name": "大みのかずき", "(1)ｺｰﾄﾞ番": "174210093", "(2)読み": "おおみのかずき", "県名": "石川県", "市町名": "鳳珠郡穴水町", "住所": "字野並20-6番" }, "geometry": { "type": "Point", "coordinates": [ 137.008166666666995, 37.227055555555602 ] } },
{ "type": "Feature", "properties": { "name": "宿女谷", "(1)ｺｰﾄﾞ番": "174210097", "(2)読み": "よねや", "県名": "石川県", "市町名": "鳳珠郡穴水町", "住所": "字鹿波68-14番" }, "geometry": { "type": "Point", "coordinates": [ 137.001055555556007, 37.212777777777802 ] } },
{ "type": "Feature", "properties": { "name": "宿女谷その３", "(1)ｺｰﾄﾞ番": "174210099", "(2)読み": "よねやそのさん", "県名": "石川県", "市町名": "鳳珠郡穴水町", "住所": "字鹿波68-2番" }, "geometry": { "type": "Point", "coordinates": [ 137.002138888888993, 37.214138888888897 ] } },
{ "type": "Feature", "properties": { "name": "猫谷内その２", "(1)ｺｰﾄﾞ番": "174210101", "(2)読み": "ねこやちそのに", "県名": "石川県", "市町名": "鳳珠郡穴水町", "住所": "字鹿波25-81番丙" }, "geometry": { "type": "Point", "coordinates": [ 137.004722222222, 37.212777777777802 ] } },
{ "type": "Feature", "properties": { "name": "寺田", "(1)ｺｰﾄﾞ番": "174210102", "(2)読み": "てらだ", "県名": "石川県", "市町名": "鳳珠郡穴水町", "住所": "字鹿波70-17番" }, "geometry": { "type": "Point", "coordinates": [ 136.99791666666701, 37.212333333333298 ] } },
{ "type": "Feature", "properties": { "name": "めんざき", "(1)ｺｰﾄﾞ番": "174210116", "(2)読み": "めんざき", "県名": "石川県", "市町名": "鳳珠郡穴水町", "住所": "字岩車ウ104番" }, "geometry": { "type": "Point", "coordinates": [ 136.965277777777999, 37.206583333333299 ] } },
{ "type": "Feature", "properties": { "name": "バクダ", "(1)ｺｰﾄﾞ番": "174210129", "(2)読み": null, "県名": "石川県", "市町名": "鳳珠郡穴水町", "住所": "字甲ロ97番" }, "geometry": { "type": "Point", "coordinates": [ 137.02669444444399, 37.194472222222203 ] } },
{ "type": "Feature", "properties": { "name": "ジュンタテB", "(1)ｺｰﾄﾞ番": "174210131", "(2)読み": "じゅんたてびい", "県名": "石川県", "市町名": "鳳珠郡穴水町", "住所": "字東中谷へ146番、147番" }, "geometry": { "type": "Point", "coordinates": [ 137.004055555555993, 37.250361111111097 ] } },
{ "type": "Feature", "properties": { "name": "金谷第２", "(1)ｺｰﾄﾞ番": "174210139", "(2)読み": "かねたにだいに", "県名": "石川県", "市町名": "鳳珠郡穴水町", "住所": "字岩車ヌ84番" }, "geometry": { "type": "Point", "coordinates": [ 136.984138888888992, 37.216138888888899 ] } },
{ "type": "Feature", "properties": { "name": "長浜", "(1)ｺｰﾄﾞ番": "174210143", "(2)読み": "ながはま", "県名": "石川県", "市町名": "鳳珠郡穴水町", "住所": "字岩車オ40番" }, "geometry": { "type": "Point", "coordinates": [ 136.962916666667013, 37.208472222222198 ] } },
{ "type": "Feature", "properties": { "name": "穴田", "(1)ｺｰﾄﾞ番": "174210152", "(2)読み": "あなだ", "県名": "石川県", "市町名": "鳳珠郡穴水町", "住所": "字中居ト101番" }, "geometry": { "type": "Point", "coordinates": [ 136.94530555555599, 37.241888888888901 ] } },
{ "type": "Feature", "properties": { "name": "良ヶ谷内", "(1)ｺｰﾄﾞ番": "174210153", "(2)読み": "りょうがやち", "県名": "石川県", "市町名": "鳳珠郡穴水町", "住所": "字中居ト101番" }, "geometry": { "type": "Point", "coordinates": [ 136.94530555555599, 37.241888888888901 ] } },
{ "type": "Feature", "properties": { "name": "二又", "(1)ｺｰﾄﾞ番": "174210154", "(2)読み": "ふたまた", "県名": "石川県", "市町名": "鳳珠郡穴水町", "住所": "字中居22-5番" }, "geometry": { "type": "Point", "coordinates": [ 136.933194444444013, 37.2434444444444 ] } },
{ "type": "Feature", "properties": { "name": "バヤチ小池", "(1)ｺｰﾄﾞ番": "174210157", "(2)読み": "ばやちこいけ", "県名": "石川県", "市町名": "鳳珠郡穴水町", "住所": "字志ヶ浦五字" }, "geometry": { "type": "Point", "coordinates": [ 136.904888888888991, 37.206611111111101 ] } },
{ "type": "Feature", "properties": { "name": "大堤", "(1)ｺｰﾄﾞ番": "174210160", "(2)読み": "おおつつみ", "県名": "石川県", "市町名": "鳳珠郡穴水町", "住所": "字鹿島弐2番2" }, "geometry": { "type": "Point", "coordinates": [ 136.897055555555994, 37.1811111111111 ] } },
{ "type": "Feature", "properties": { "name": "牛谷", "(1)ｺｰﾄﾞ番": "174210165", "(2)読み": "うしや", "県名": "石川県", "市町名": "鳳珠郡穴水町", "住所": "字鹿波ヨ字" }, "geometry": { "type": "Point", "coordinates": [ 137.008222222222003, 37.203305555555602 ] } },
{ "type": "Feature", "properties": { "name": "えんが谷（小西）", "(1)ｺｰﾄﾞ番": "174210166", "(2)読み": "えんがや（こにし）", "県名": "石川県", "市町名": "鳳珠郡穴水町", "住所": "字鹿波タ字" }, "geometry": { "type": "Point", "coordinates": [ 136.994861111110993, 37.210888888888903 ] } },
{ "type": "Feature", "properties": { "name": "ふぎゃ谷", "(1)ｺｰﾄﾞ番": "174210168", "(2)読み": "ふぎゃや", "県名": "石川県", "市町名": "鳳珠郡穴水町", "住所": "字鹿波49-108番乙" }, "geometry": { "type": "Point", "coordinates": [ 136.995694444444013, 37.204777777777799 ] } },
{ "type": "Feature", "properties": { "name": "中右エ門", "(1)ｺｰﾄﾞ番": "174210175", "(2)読み": "ちゅうえもん", "県名": "石川県", "市町名": "鳳珠郡穴水町", "住所": "字鹿波3-213番" }, "geometry": { "type": "Point", "coordinates": [ 136.989083333333014, 37.2094444444445 ] } },
{ "type": "Feature", "properties": { "name": "旬堂", "(1)ｺｰﾄﾞ番": "174210179", "(2)読み": "じゅんどう", "県名": "石川県", "市町名": "鳳珠郡穴水町", "住所": "字鹿波39-130番" }, "geometry": { "type": "Point", "coordinates": [ 137.004055555555993, 37.189666666666703 ] } },
{ "type": "Feature", "properties": { "name": "カイダン", "(1)ｺｰﾄﾞ番": "174210184", "(2)読み": "かいだん", "県名": "石川県", "市町名": "鳳珠郡穴水町", "住所": "字明千寺二118番2" }, "geometry": { "type": "Point", "coordinates": [ 137.062111111110994, 37.234666666666698 ] } },
{ "type": "Feature", "properties": { "name": "タイガ谷", "(1)ｺｰﾄﾞ番": "174210185", "(2)読み": "たいがたに", "県名": "石川県", "市町名": "鳳珠郡穴水町", "住所": "字明千寺ロの部" }, "geometry": { "type": "Point", "coordinates": [ 137.052944444443995, 37.2384722222222 ] } },
{ "type": "Feature", "properties": { "name": "蛇谷内", "(1)ｺｰﾄﾞ番": "174210187", "(2)読み": "へびやち", "県名": "石川県", "市町名": "鳳珠郡穴水町", "住所": "字宇加川ト43番" }, "geometry": { "type": "Point", "coordinates": [ 137.055694444443986, 37.225666666666697 ] } },
{ "type": "Feature", "properties": { "name": "木原池", "(1)ｺｰﾄﾞ番": "174210193", "(2)読み": "きはらいけ", "県名": "石川県", "市町名": "鳳珠郡穴水町", "住所": "字木原い13番～25番、38番～40-1番" }, "geometry": { "type": "Point", "coordinates": [ 136.958027777778, 37.288222222222203 ] } },
{ "type": "Feature", "properties": { "name": "甲ため池", "(1)ｺｰﾄﾞ番": "174210194", "(2)読み": "かぶとためいけ", "県名": "石川県", "市町名": "鳳珠郡穴水町", "住所": "字甲" }, "geometry": { "type": "Point", "coordinates": [ 137.022722222222001, 37.205666666666701 ] } },
{ "type": "Feature", "properties": { "name": "大池", "(1)ｺｰﾄﾞ番": "174220001", "(2)読み": "おおいけ", "県名": "石川県", "市町名": "輪島市", "住所": "門前町入山30字117甲" }, "geometry": { "type": "Point", "coordinates": [ 136.73025, 37.2399722222222 ] } },
{ "type": "Feature", "properties": { "name": "大池", "(1)ｺｰﾄﾞ番": "174220002", "(2)読み": "おおいけ", "県名": "石川県", "市町名": "輪島市", "住所": "門前町黒岩子字42乙" }, "geometry": { "type": "Point", "coordinates": [ 136.717833333333004, 37.23725 ] } },
{ "type": "Feature", "properties": { "name": "大池", "(1)ｺｰﾄﾞ番": "174220003", "(2)読み": "おおいけ", "県名": "石川県", "市町名": "輪島市", "住所": "門前町剱地マ字154番地" }, "geometry": { "type": "Point", "coordinates": [ 136.712833333333009, 37.237277777777798 ] } },
{ "type": "Feature", "properties": { "name": "小池（剱地）", "(1)ｺｰﾄﾞ番": "174220004", "(2)読み": "こいけ（つるぎじ）", "県名": "石川県", "市町名": "輪島市", "住所": "門前町剱地マ字147番地" }, "geometry": { "type": "Point", "coordinates": [ 136.711611111111011, 37.236972222222199 ] } },
{ "type": "Feature", "properties": { "name": "谷内古池", "(1)ｺｰﾄﾞ番": "174220005", "(2)読み": "やちこいけ", "県名": "石川県", "市町名": "輪島市", "住所": "門前町池田2字25" }, "geometry": { "type": "Point", "coordinates": [ 136.727138888888987, 37.253611111111098 ] } },
{ "type": "Feature", "properties": { "name": "岩子の上池", "(1)ｺｰﾄﾞ番": "174220006", "(2)読み": "いわこのうえいけ", "県名": "石川県", "市町名": "輪島市", "住所": "門前町池田" }, "geometry": { "type": "Point", "coordinates": [ 136.724527777778007, 37.249833333333299 ] } },
{ "type": "Feature", "properties": { "name": "岩子の下池", "(1)ｺｰﾄﾞ番": "174220007", "(2)読み": "いわこのしたいけ", "県名": "石川県", "市町名": "輪島市", "住所": "門前町池田へ字35" }, "geometry": { "type": "Point", "coordinates": [ 136.723361111110989, 37.251 ] } },
{ "type": "Feature", "properties": { "name": "なかせの堤", "(1)ｺｰﾄﾞ番": "174220008", "(2)読み": "なかせのつつみ", "県名": "石川県", "市町名": "輪島市", "住所": "門前町千代27字1" }, "geometry": { "type": "Point", "coordinates": [ 136.736055555555993, 37.2708333333333 ] } },
{ "type": "Feature", "properties": { "name": "大堤", "(1)ｺｰﾄﾞ番": "174220009", "(2)読み": "おおつづみ", "県名": "石川県", "市町名": "輪島市", "住所": "門前町千代27-22" }, "geometry": { "type": "Point", "coordinates": [ 136.737972222221998, 37.268666666666697 ] } },
{ "type": "Feature", "properties": { "name": "神田の渕", "(1)ｺｰﾄﾞ番": "174220011", "(2)読み": "かみだのぶち", "県名": "石川県", "市町名": "輪島市", "住所": "門前町千代" }, "geometry": { "type": "Point", "coordinates": [ 136.737833333332986, 37.267194444444399 ] } },
{ "type": "Feature", "properties": { "name": "おおが口", "(1)ｺｰﾄﾞ番": "174220012", "(2)読み": "おおがくち", "県名": "石川県", "市町名": "輪島市", "住所": "門前町渡瀬26字1" }, "geometry": { "type": "Point", "coordinates": [ 136.732444444444013, 37.235333333333301 ] } },
{ "type": "Feature", "properties": { "name": "鎌谷内", "(1)ｺｰﾄﾞ番": "174220014", "(2)読み": null, "県名": "石川県", "市町名": "輪島市", "住所": "門前町渡瀬" }, "geometry": { "type": "Point", "coordinates": [ 136.730611111110989, 37.237777777777801 ] } },
{ "type": "Feature", "properties": { "name": "上野奥池", "(1)ｺｰﾄﾞ番": "174220015", "(2)読み": "うわのおくいけ", "県名": "石川県", "市町名": "輪島市", "住所": "門前町道下16字" }, "geometry": { "type": "Point", "coordinates": [ 136.750416666667007, 37.277472222222201 ] } },
{ "type": "Feature", "properties": { "name": "高の池", "(1)ｺｰﾄﾞ番": "174220016", "(2)読み": "たかのいけ", "県名": "石川県", "市町名": "輪島市", "住所": "門前町清沢ソ字24" }, "geometry": { "type": "Point", "coordinates": [ 136.745777777777988, 37.221333333333298 ] } },
{ "type": "Feature", "properties": { "name": "下の池", "(1)ｺｰﾄﾞ番": "174220017", "(2)読み": "しものいけ", "県名": "石川県", "市町名": "輪島市", "住所": "門前町清沢レ字29" }, "geometry": { "type": "Point", "coordinates": [ 136.742555555556009, 37.223055555555597 ] } },
{ "type": "Feature", "properties": { "name": "道下", "(1)ｺｰﾄﾞ番": "174220019", "(2)読み": "とうげ", "県名": "石川県", "市町名": "輪島市", "住所": "門前町道下2字" }, "geometry": { "type": "Point", "coordinates": [ 136.742861111111011, 37.280583333333297 ] } },
{ "type": "Feature", "properties": { "name": "道下２", "(1)ｺｰﾄﾞ番": "174220020", "(2)読み": "とうげ2", "県名": "石川県", "市町名": "輪島市", "住所": "門前町道下3字" }, "geometry": { "type": "Point", "coordinates": [ 136.743583333332992, 37.280194444444398 ] } },
{ "type": "Feature", "properties": { "name": "小谷内", "(1)ｺｰﾄﾞ番": "174220022", "(2)読み": "こやち", "県名": "石川県", "市町名": "輪島市", "住所": "門前町入山" }, "geometry": { "type": "Point", "coordinates": [ 136.726583333332997, 37.236861111111097 ] } },
{ "type": "Feature", "properties": { "name": "鍋池", "(1)ｺｰﾄﾞ番": "174220023", "(2)読み": "なべいけ", "県名": "石川県", "市町名": "輪島市", "住所": "門前町黒岩" }, "geometry": { "type": "Point", "coordinates": [ 136.721361111111008, 37.238194444444403 ] } },
{ "type": "Feature", "properties": { "name": "天地原", "(1)ｺｰﾄﾞ番": "174220024", "(2)読み": "あまんじはら", "県名": "石川県", "市町名": "輪島市", "住所": "門前町椎木" }, "geometry": { "type": "Point", "coordinates": [ 136.750916666666996, 37.242222222222203 ] } },
{ "type": "Feature", "properties": { "name": "大平", "(1)ｺｰﾄﾞ番": "174220025", "(2)読み": null, "県名": "石川県", "市町名": "輪島市", "住所": "門前町椎木" }, "geometry": { "type": "Point", "coordinates": [ 136.749305555555992, 37.2435277777778 ] } },
{ "type": "Feature", "properties": { "name": "百ヶ池渕池", "(1)ｺｰﾄﾞ番": "174220028", "(2)読み": null, "県名": "石川県", "市町名": "輪島市", "住所": "門前町千代" }, "geometry": { "type": "Point", "coordinates": [ 136.738194444443991, 37.269305555555597 ] } },
{ "type": "Feature", "properties": { "name": "清土池", "(1)ｺｰﾄﾞ番": "174220032", "(2)読み": "しゅうどいけ", "県名": "石川県", "市町名": "輪島市", "住所": "門前町浦上53" }, "geometry": { "type": "Point", "coordinates": [ 136.79, 37.33575 ] } },
{ "type": "Feature", "properties": { "name": "岡山池", "(1)ｺｰﾄﾞ番": "174220033", "(2)読み": "おかやまいけ", "県名": "石川県", "市町名": "輪島市", "住所": "門前町浦上47字10" }, "geometry": { "type": "Point", "coordinates": [ 136.789472222222003, 37.334138888888901 ] } },
{ "type": "Feature", "properties": { "name": "堀山池", "(1)ｺｰﾄﾞ番": "174220034", "(2)読み": "ほりやまいけ", "県名": "石川県", "市町名": "輪島市", "住所": "門前町浦上217番地" }, "geometry": { "type": "Point", "coordinates": [ 136.807555555556007, 37.311694444444399 ] } },
{ "type": "Feature", "properties": { "name": "花立池", "(1)ｺｰﾄﾞ番": "174220035", "(2)読み": "はなだていけ", "県名": "石川県", "市町名": "輪島市", "住所": "門前町浦上98字71" }, "geometry": { "type": "Point", "coordinates": [ 136.804111111111013, 37.3099722222222 ] } },
{ "type": "Feature", "properties": { "name": "江田池", "(1)ｺｰﾄﾞ番": "174220036", "(2)読み": "えだいけ", "県名": "石川県", "市町名": "輪島市", "住所": "門前町浦上壱051番" }, "geometry": { "type": "Point", "coordinates": [ 136.800388888888989, 37.293833333333303 ] } },
{ "type": "Feature", "properties": { "name": "古池", "(1)ｺｰﾄﾞ番": "174220037", "(2)読み": "ふるいけ", "県名": "石川県", "市町名": "輪島市", "住所": "門前町舘カ字1" }, "geometry": { "type": "Point", "coordinates": [ 136.765416666666994, 37.284416666666701 ] } },
{ "type": "Feature", "properties": { "name": "新堤池", "(1)ｺｰﾄﾞ番": "174220038", "(2)読み": "しんつつみいけ", "県名": "石川県", "市町名": "輪島市", "住所": "門前町舘" }, "geometry": { "type": "Point", "coordinates": [ 136.764916666667006, 37.2825 ] } },
{ "type": "Feature", "properties": { "name": "伊谷池", "(1)ｺｰﾄﾞ番": "174220039", "(2)読み": null, "県名": "石川県", "市町名": "輪島市", "住所": "門前町清水" }, "geometry": { "type": "Point", "coordinates": [ 136.759944444443988, 37.283361111111098 ] } },
{ "type": "Feature", "properties": { "name": "部落前池", "(1)ｺｰﾄﾞ番": "174220040", "(2)読み": "ぶたくまえいけ", "県名": "石川県", "市町名": "輪島市", "住所": "門前町六郎木10字5" }, "geometry": { "type": "Point", "coordinates": [ 136.743555555555986, 37.311694444444399 ] } },
{ "type": "Feature", "properties": { "name": "熊の谷池", "(1)ｺｰﾄﾞ番": "174220042", "(2)読み": "くまんやち", "県名": "石川県", "市町名": "輪島市", "住所": "門前町道下21字1番地" }, "geometry": { "type": "Point", "coordinates": [ 136.75052777777799, 37.288777777777803 ] } },
{ "type": "Feature", "properties": { "name": "芳木大池", "(1)ｺｰﾄﾞ番": "174220043", "(2)読み": "ほうきおおいけ", "県名": "石川県", "市町名": "輪島市", "住所": "門前町道下31字1番地" }, "geometry": { "type": "Point", "coordinates": [ 136.758111111110992, 37.293527777777797 ] } },
{ "type": "Feature", "properties": { "name": "棚谷内池", "(1)ｺｰﾄﾞ番": "174220044", "(2)読み": "たなやちいけ", "県名": "石川県", "市町名": "輪島市", "住所": "門前町小山へ字39番地乙" }, "geometry": { "type": "Point", "coordinates": [ 136.766777777778003, 37.249888888888897 ] } },
{ "type": "Feature", "properties": { "name": "がいの木谷池", "(1)ｺｰﾄﾞ番": "174220045", "(2)読み": "がいのきたにいけ", "県名": "石川県", "市町名": "輪島市", "住所": "門前町飯川谷49字1甲" }, "geometry": { "type": "Point", "coordinates": [ 136.746944444444011, 37.239861111111097 ] } },
{ "type": "Feature", "properties": { "name": "わるだの池", "(1)ｺｰﾄﾞ番": "174220046", "(2)読み": "わるだのいけ", "県名": "石川県", "市町名": "輪島市", "住所": "門前町飯川谷53字38" }, "geometry": { "type": "Point", "coordinates": [ 136.752666666667011, 37.233916666666701 ] } },
{ "type": "Feature", "properties": { "name": "能納屋池", "(1)ｺｰﾄﾞ番": "174220050", "(2)読み": "のうのやいけ", "県名": "石川県", "市町名": "輪島市", "住所": "門前町能納谷４字100" }, "geometry": { "type": "Point", "coordinates": [ 136.819, 37.287 ] } },
{ "type": "Feature", "properties": { "name": "武平池", "(1)ｺｰﾄﾞ番": "174220051", "(2)読み": "ぶへいいけ", "県名": "石川県", "市町名": "輪島市", "住所": "門前町二又川" }, "geometry": { "type": "Point", "coordinates": [ 136.826777777778005, 37.285777777777803 ] } },
{ "type": "Feature", "properties": { "name": "堀腰池", "(1)ｺｰﾄﾞ番": "174220052", "(2)読み": "ほりこしのつつみ", "県名": "石川県", "市町名": "輪島市", "住所": "門前町堀腰ロ字42" }, "geometry": { "type": "Point", "coordinates": [ 136.827416666667006, 37.276055555555601 ] } },
{ "type": "Feature", "properties": { "name": "上出池", "(1)ｺｰﾄﾞ番": "174220054", "(2)読み": "かみでいけ", "県名": "石川県", "市町名": "輪島市", "住所": "門前町広岡10字30甲" }, "geometry": { "type": "Point", "coordinates": [ 136.762666666667002, 37.277666666666697 ] } },
{ "type": "Feature", "properties": { "name": "宮田池", "(1)ｺｰﾄﾞ番": "174220055", "(2)読み": "みやだいけ", "県名": "石川県", "市町名": "輪島市", "住所": "門前町広岡14字48" }, "geometry": { "type": "Point", "coordinates": [ 136.761, 37.277666666666697 ] } },
{ "type": "Feature", "properties": { "name": "前の池", "(1)ｺｰﾄﾞ番": "174220056", "(2)読み": "まえのいけ", "県名": "石川県", "市町名": "輪島市", "住所": "門前町高根尾ソ字28" }, "geometry": { "type": "Point", "coordinates": [ 136.782388888888988, 37.296611111111098 ] } },
{ "type": "Feature", "properties": { "name": "こもとし池", "(1)ｺｰﾄﾞ番": "174220058", "(2)読み": "こもとしいけ", "県名": "石川県", "市町名": "輪島市", "住所": "門前町小滝14字37乙" }, "geometry": { "type": "Point", "coordinates": [ 136.766833333333011, 37.266833333333302 ] } },
{ "type": "Feature", "properties": { "name": "ちゃちゃ池", "(1)ｺｰﾄﾞ番": "174220059", "(2)読み": "ちゃちゃいけ", "県名": "石川県", "市町名": "輪島市", "住所": "門前町馬渡" }, "geometry": { "type": "Point", "coordinates": [ 136.734972222222012, 37.210638888888901 ] } },
{ "type": "Feature", "properties": { "name": "じゃらしき池", "(1)ｺｰﾄﾞ番": "174220060", "(2)読み": "じゃらしきいけ", "県名": "石川県", "市町名": "輪島市", "住所": "門前町馬渡6字5" }, "geometry": { "type": "Point", "coordinates": [ 136.73725, 37.2147222222222 ] } },
{ "type": "Feature", "properties": { "name": "おぼった池", "(1)ｺｰﾄﾞ番": "174220061", "(2)読み": "おぼったいけ", "県名": "石川県", "市町名": "輪島市", "住所": "門前町馬渡6字9" }, "geometry": { "type": "Point", "coordinates": [ 136.73683333333301, 37.213916666666698 ] } },
{ "type": "Feature", "properties": { "name": "エサシバの大堤", "(1)ｺｰﾄﾞ番": "174220062", "(2)読み": "えさしばのおおつつみ", "県名": "石川県", "市町名": "輪島市", "住所": "門前町皆月ア字55" }, "geometry": { "type": "Point", "coordinates": [ 136.76188888888899, 37.357027777777802 ] } },
{ "type": "Feature", "properties": { "name": "中谷内１", "(1)ｺｰﾄﾞ番": "174220064", "(2)読み": null, "県名": "石川県", "市町名": "輪島市", "住所": "門前町中谷内" }, "geometry": { "type": "Point", "coordinates": [ 136.75225, 37.33175 ] } },
{ "type": "Feature", "properties": { "name": "五本原", "(1)ｺｰﾄﾞ番": "174220067", "(2)読み": "ごほんじゃら", "県名": "石川県", "市町名": "輪島市", "住所": "門前町鵜山ハ字8" }, "geometry": { "type": "Point", "coordinates": [ 136.75455555555601, 37.343305555555602 ] } },
{ "type": "Feature", "properties": { "name": "小杉堤", "(1)ｺｰﾄﾞ番": "174220068", "(2)読み": "こすぎのつつみ", "県名": "石川県", "市町名": "輪島市", "住所": "門前町小杉4字13" }, "geometry": { "type": "Point", "coordinates": [ 136.749305555555992, 37.325805555555597 ] } },
{ "type": "Feature", "properties": { "name": "弓原池", "(1)ｺｰﾄﾞ番": "174220070", "(2)読み": "ゆみはらのいけ", "県名": "石川県", "市町名": "輪島市", "住所": "門前町大滝22字10" }, "geometry": { "type": "Point", "coordinates": [ 136.76125, 37.333111111111101 ] } },
{ "type": "Feature", "properties": { "name": "表ゴンゲ上", "(1)ｺｰﾄﾞ番": "174220071", "(2)読み": "おもてごんげうえ", "県名": "石川県", "市町名": "輪島市", "住所": "門前町暮坂6字60" }, "geometry": { "type": "Point", "coordinates": [ 136.780666666667003, 37.349083333333297 ] } },
{ "type": "Feature", "properties": { "name": "表ゴンゲ下", "(1)ｺｰﾄﾞ番": "174220072", "(2)読み": "おもてごんげした", "県名": "石川県", "市町名": "輪島市", "住所": "門前町暮坂6字60" }, "geometry": { "type": "Point", "coordinates": [ 136.780138888889013, 37.348972222222201 ] } },
{ "type": "Feature", "properties": { "name": "アカハギ池", "(1)ｺｰﾄﾞ番": "174220073", "(2)読み": "あかはぎいけ", "県名": "石川県", "市町名": "輪島市", "住所": "門前町暮坂6字39" }, "geometry": { "type": "Point", "coordinates": [ 136.779666666666998, 37.348055555555597 ] } },
{ "type": "Feature", "properties": { "name": "中谷内２", "(1)ｺｰﾄﾞ番": "174220074", "(2)読み": null, "県名": "石川県", "市町名": "輪島市", "住所": "門前町中谷内" }, "geometry": { "type": "Point", "coordinates": [ 136.747027777777987, 37.335444444444398 ] } },
{ "type": "Feature", "properties": { "name": "尾井の木", "(1)ｺｰﾄﾞ番": "174220077", "(2)読み": "おいのき", "県名": "石川県", "市町名": "輪島市", "住所": "門前町深田10字9" }, "geometry": { "type": "Point", "coordinates": [ 136.7755, 37.2776944444444 ] } },
{ "type": "Feature", "properties": { "name": "山の腰", "(1)ｺｰﾄﾞ番": "174220079", "(2)読み": null, "県名": "石川県", "市町名": "輪島市", "住所": "門前町館" }, "geometry": { "type": "Point", "coordinates": [ 136.766722222222, 37.282944444444396 ] } },
{ "type": "Feature", "properties": { "name": "若宮谷", "(1)ｺｰﾄﾞ番": "174220080", "(2)読み": "わかみやたに", "県名": "石川県", "市町名": "輪島市", "住所": "門前町舘" }, "geometry": { "type": "Point", "coordinates": [ 136.764583333333007, 37.280972222222204 ] } },
{ "type": "Feature", "properties": { "name": "新堤下", "(1)ｺｰﾄﾞ番": "174220084", "(2)読み": "しんつつみした", "県名": "石川県", "市町名": "輪島市", "住所": "門前町本内13字62戊" }, "geometry": { "type": "Point", "coordinates": [ 136.806694444443991, 37.291805555555598 ] } },
{ "type": "Feature", "properties": { "name": "新堤上", "(1)ｺｰﾄﾞ番": "174220086", "(2)読み": "しんつつみうえ", "県名": "石川県", "市町名": "輪島市", "住所": "門前町本内13字62丁" }, "geometry": { "type": "Point", "coordinates": [ 136.806694444443991, 37.291805555555598 ] } },
{ "type": "Feature", "properties": { "name": "二又道の池", "(1)ｺｰﾄﾞ番": "174220088", "(2)読み": null, "県名": "石川県", "市町名": "輪島市", "住所": "門前町風原" }, "geometry": { "type": "Point", "coordinates": [ 136.771611111111014, 37.250194444444404 ] } },
{ "type": "Feature", "properties": { "name": "ケヤキガ谷の池", "(1)ｺｰﾄﾞ番": "174220089", "(2)読み": "けやきがたにのいけ", "県名": "石川県", "市町名": "輪島市", "住所": "門前町風原" }, "geometry": { "type": "Point", "coordinates": [ 136.770222222222003, 37.2533888888889 ] } },
{ "type": "Feature", "properties": { "name": "長沢池", "(1)ｺｰﾄﾞ番": "174220091", "(2)読み": "ながさわいけ", "県名": "石川県", "市町名": "輪島市", "住所": "門前町道下ち字１番地" }, "geometry": { "type": "Point", "coordinates": [ 136.743527777778013, 37.283527777777799 ] } },
{ "type": "Feature", "properties": { "name": "山本池", "(1)ｺｰﾄﾞ番": "174220092", "(2)読み": "やまもといけ", "県名": "石川県", "市町名": "輪島市", "住所": "門前町道下2字" }, "geometry": { "type": "Point", "coordinates": [ 136.741888888889008, 37.282305555555602 ] } },
{ "type": "Feature", "properties": { "name": "田谷池", "(1)ｺｰﾄﾞ番": "174220093", "(2)読み": "たやいけ（ひょうすけいけ）", "県名": "石川県", "市町名": "輪島市", "住所": "門前町道下2字144番地" }, "geometry": { "type": "Point", "coordinates": [ 136.748972222221994, 37.272305555555597 ] } },
{ "type": "Feature", "properties": { "name": "松浦池", "(1)ｺｰﾄﾞ番": "174220094", "(2)読み": "まつうらいけ（へいよもいけ）", "県名": "石川県", "市町名": "輪島市", "住所": "門前町道下2字" }, "geometry": { "type": "Point", "coordinates": [ 136.741055555555988, 37.281138888888897 ] } },
{ "type": "Feature", "properties": { "name": "山下池", "(1)ｺｰﾄﾞ番": "174220095", "(2)読み": "やましたいけ（きんくち）", "県名": "石川県", "市町名": "輪島市", "住所": "門前町道下5字" }, "geometry": { "type": "Point", "coordinates": [ 136.744194444443991, 37.281555555555599 ] } },
{ "type": "Feature", "properties": { "name": "塩谷池", "(1)ｺｰﾄﾞ番": "174220096", "(2)読み": "しおやいけ（へいじろう）", "県名": "石川県", "市町名": "輪島市", "住所": "門前町道下96字" }, "geometry": { "type": "Point", "coordinates": [ 136.745027777778006, 37.2739166666667 ] } },
{ "type": "Feature", "properties": { "name": "切林池", "(1)ｺｰﾄﾞ番": "174220097", "(2)読み": "きりべいいけ", "県名": "石川県", "市町名": "輪島市", "住所": "門前町道下ぬ字75番地" }, "geometry": { "type": "Point", "coordinates": [ 136.74347222222201, 37.27825 ] } },
{ "type": "Feature", "properties": { "name": "大盤谷池", "(1)ｺｰﾄﾞ番": "174220098", "(2)読み": "だいはんやち", "県名": "石川県", "市町名": "輪島市", "住所": "門前町字道下3字" }, "geometry": { "type": "Point", "coordinates": [ 136.740555555556, 37.281388888888898 ] } },
{ "type": "Feature", "properties": { "name": "てっこり池", "(1)ｺｰﾄﾞ番": "174220100", "(2)読み": "てっこりいけ", "県名": "石川県", "市町名": "輪島市", "住所": "門前町道下9字" }, "geometry": { "type": "Point", "coordinates": [ 136.751972222222008, 37.284583333333302 ] } },
{ "type": "Feature", "properties": { "name": "江賀田池", "(1)ｺｰﾄﾞ番": "174220103", "(2)読み": "えがだいけ", "県名": "石川県", "市町名": "輪島市", "住所": "門前町道下40字211" }, "geometry": { "type": "Point", "coordinates": [ 136.748, 37.296194444444403 ] } },
{ "type": "Feature", "properties": { "name": "新台地奥堤", "(1)ｺｰﾄﾞ番": "174220104", "(2)読み": "しんだいちおくつつみ", "県名": "石川県", "市町名": "輪島市", "住所": "門前町道下40字182-3" }, "geometry": { "type": "Point", "coordinates": [ 136.745861111110997, 37.297333333333299 ] } },
{ "type": "Feature", "properties": { "name": "引地", "(1)ｺｰﾄﾞ番": "174220106", "(2)読み": null, "県名": "石川県", "市町名": "輪島市", "住所": "門前町浦上" }, "geometry": { "type": "Point", "coordinates": [ 136.796333333332996, 37.321055555555603 ] } },
{ "type": "Feature", "properties": { "name": "平岡", "(1)ｺｰﾄﾞ番": "174220107", "(2)読み": null, "県名": "石川県", "市町名": "輪島市", "住所": "門前町浦上" }, "geometry": { "type": "Point", "coordinates": [ 136.79475, 37.324666666666701 ] } },
{ "type": "Feature", "properties": { "name": "宮本の池", "(1)ｺｰﾄﾞ番": "174220113", "(2)読み": "みやもとのいけ", "県名": "石川県", "市町名": "輪島市", "住所": "門前町浦上55-79" }, "geometry": { "type": "Point", "coordinates": [ 136.7935, 37.332083333333301 ] } },
{ "type": "Feature", "properties": { "name": "竹島の池", "(1)ｺｰﾄﾞ番": "174220114", "(2)読み": "たけしまのいけ", "県名": "石川県", "市町名": "輪島市", "住所": "門前町浦上70-189" }, "geometry": { "type": "Point", "coordinates": [ 136.791694444444005, 37.3323055555556 ] } },
{ "type": "Feature", "properties": { "name": "下の堤", "(1)ｺｰﾄﾞ番": "174220120", "(2)読み": "したのつつみ", "県名": "石川県", "市町名": "輪島市", "住所": "門前町貝吹ロ字1乙" }, "geometry": { "type": "Point", "coordinates": [ 136.863666666667001, 37.281416666666701 ] } },
{ "type": "Feature", "properties": { "name": "岡山", "(1)ｺｰﾄﾞ番": "174220125", "(2)読み": "おかやま", "県名": "石川県", "市町名": "輪島市", "住所": "門前町浦上48字65" }, "geometry": { "type": "Point", "coordinates": [ 136.78797222222201, 37.3329444444445 ] } },
{ "type": "Feature", "properties": { "name": "山下（岡山と重複）", "(1)ｺｰﾄﾞ番": "174220126", "(2)読み": "やました", "県名": "石川県", "市町名": "輪島市", "住所": "門前町字浦上" }, "geometry": { "type": "Point", "coordinates": [ 136.78797222222201, 37.3329444444445 ] } },
{ "type": "Feature", "properties": { "name": "やけぶねの堤", "(1)ｺｰﾄﾞ番": "174220127", "(2)読み": "やけぶねのつつみ", "県名": "石川県", "市町名": "輪島市", "住所": "門前町矢徳ヲ字79乙" }, "geometry": { "type": "Point", "coordinates": [ 136.744027777778001, 37.325277777777799 ] } },
{ "type": "Feature", "properties": { "name": "横地池", "(1)ｺｰﾄﾞ番": "174220129", "(2)読み": "よこじいけ", "県名": "石川県", "市町名": "輪島市", "住所": "門前町東大町1字26" }, "geometry": { "type": "Point", "coordinates": [ 136.84638888888901, 37.277111111111097 ] } },
{ "type": "Feature", "properties": { "name": "二枚田池", "(1)ｺｰﾄﾞ番": "174220130", "(2)読み": "にまいだいけ", "県名": "石川県", "市町名": "輪島市", "住所": "門前町吉浦路字52" }, "geometry": { "type": "Point", "coordinates": [ 136.741722222221995, 37.338361111111098 ] } },
{ "type": "Feature", "properties": { "name": "疋の子池", "(1)ｺｰﾄﾞ番": "174220132", "(2)読み": "ひきのこいけ", "県名": "石川県", "市町名": "輪島市", "住所": "門前町二又川8字14乙" }, "geometry": { "type": "Point", "coordinates": [ 136.838944444443996, 37.277666666666697 ] } },
{ "type": "Feature", "properties": { "name": "大池", "(1)ｺｰﾄﾞ番": "174220134", "(2)読み": "おおいけ", "県名": "石川県", "市町名": "輪島市", "住所": "門前町赤神" }, "geometry": { "type": "Point", "coordinates": [ 136.710305555556005, 37.243361111111099 ] } },
{ "type": "Feature", "properties": { "name": "つの池", "(1)ｺｰﾄﾞ番": "174220135", "(2)読み": "つのいけ", "県名": "石川県", "市町名": "輪島市", "住所": "門前町鍛冶屋タ字80" }, "geometry": { "type": "Point", "coordinates": [ 136.742944444443992, 37.243388888888902 ] } },
{ "type": "Feature", "properties": { "name": "向橋", "(1)ｺｰﾄﾞ番": "174220136", "(2)読み": "むかいはし", "県名": "石川県", "市町名": "輪島市", "住所": "門前町池田" }, "geometry": { "type": "Point", "coordinates": [ 136.725222222221987, 37.252166666666703 ] } },
{ "type": "Feature", "properties": { "name": "下の前", "(1)ｺｰﾄﾞ番": "174220139", "(2)読み": null, "県名": "石川県", "市町名": "輪島市", "住所": "門前町うつろ" }, "geometry": { "type": "Point", "coordinates": [ 136.745583333333002, 37.203777777777802 ] } },
{ "type": "Feature", "properties": { "name": "盗谷池", "(1)ｺｰﾄﾞ番": "174220141", "(2)読み": "ぬすっといけ", "県名": "石川県", "市町名": "輪島市", "住所": "門前町道下41字" }, "geometry": { "type": "Point", "coordinates": [ 136.7505, 37.2733611111111 ] } },
{ "type": "Feature", "properties": { "name": "正田池", "(1)ｺｰﾄﾞ番": "174220143", "(2)読み": "しょうだいち", "県名": "石川県", "市町名": "輪島市", "住所": "門前町猿橋15字60甲" }, "geometry": { "type": "Point", "coordinates": [ 136.761666666666997, 37.257444444444403 ] } },
{ "type": "Feature", "properties": { "name": "亀の蛇原", "(1)ｺｰﾄﾞ番": "174220144", "(2)読み": "かまんじゃら", "県名": "石川県", "市町名": "輪島市", "住所": "門前町猿橋17字62" }, "geometry": { "type": "Point", "coordinates": [ 136.764583333333007, 37.259194444444397 ] } },
{ "type": "Feature", "properties": { "name": "オイヤマ池", "(1)ｺｰﾄﾞ番": "174220145", "(2)読み": "おいやまいけ", "県名": "石川県", "市町名": "輪島市", "住所": "門前町浦上83字15・16" }, "geometry": { "type": "Point", "coordinates": [ 136.817777777777991, 37.3303333333333 ] } },
{ "type": "Feature", "properties": { "name": "蛇池", "(1)ｺｰﾄﾞ番": "174220149", "(2)読み": null, "県名": "石川県", "市町名": "輪島市", "住所": "門前町浅生田" }, "geometry": { "type": "Point", "coordinates": [ 136.783638888888987, 37.306138888888903 ] } },
{ "type": "Feature", "properties": { "name": "大畑の池", "(1)ｺｰﾄﾞ番": "174220157", "(2)読み": "おばたけのいけ", "県名": "石川県", "市町名": "輪島市", "住所": "門前町飯川谷2字63乙" }, "geometry": { "type": "Point", "coordinates": [ 136.7355, 37.231916666666699 ] } },
{ "type": "Feature", "properties": { "name": "ナチヤケの池", "(1)ｺｰﾄﾞ番": "174220158", "(2)読み": "なちやけのいけ", "県名": "石川県", "市町名": "輪島市", "住所": "門前町北浦" }, "geometry": { "type": "Point", "coordinates": [ 136.740305555556006, 37.236555555555597 ] } },
{ "type": "Feature", "properties": { "name": "ヒヨウ谷", "(1)ｺｰﾄﾞ番": "174220159", "(2)読み": "ひょうだに", "県名": "石川県", "市町名": "輪島市", "住所": "門前町白禿104字15" }, "geometry": { "type": "Point", "coordinates": [ 136.761166666667009, 37.229055555555597 ] } },
{ "type": "Feature", "properties": { "name": "新五郎屋敷", "(1)ｺｰﾄﾞ番": "174220162", "(2)読み": null, "県名": "石川県", "市町名": "輪島市", "住所": "門前町椎木" }, "geometry": { "type": "Point", "coordinates": [ 136.75075, 37.245694444444403 ] } },
{ "type": "Feature", "properties": { "name": "北の川", "(1)ｺｰﾄﾞ番": "174220164", "(2)読み": "きたのかわ", "県名": "石川県", "市町名": "輪島市", "住所": "門前町北川15字46乙" }, "geometry": { "type": "Point", "coordinates": [ 136.738, 37.267777777777802 ] } },
{ "type": "Feature", "properties": { "name": "山下池", "(1)ｺｰﾄﾞ番": "174220165", "(2)読み": "やましたいけ", "県名": "石川県", "市町名": "輪島市", "住所": "門前町千代へ42-11" }, "geometry": { "type": "Point", "coordinates": [ 136.744555555555991, 37.269111111111101 ] } },
{ "type": "Feature", "properties": { "name": "上野釜口山", "(1)ｺｰﾄﾞ番": "174220166", "(2)読み": "うわのかまぐちやま", "県名": "石川県", "市町名": "輪島市", "住所": "門前町千代23字87" }, "geometry": { "type": "Point", "coordinates": [ 136.74625, 37.268 ] } },
{ "type": "Feature", "properties": { "name": "大倉", "(1)ｺｰﾄﾞ番": "174220168", "(2)読み": "おおくら", "県名": "石川県", "市町名": "輪島市", "住所": "門前町道下15字" }, "geometry": { "type": "Point", "coordinates": [ 136.748166666667004, 37.271166666666701 ] } },
{ "type": "Feature", "properties": { "name": "久津礼", "(1)ｺｰﾄﾞ番": "174220169", "(2)読み": "くずれ", "県名": "石川県", "市町名": "輪島市", "住所": "門前町黒島硲5-1～3" }, "geometry": { "type": "Point", "coordinates": [ 136.739916666667, 37.280083333333302 ] } },
{ "type": "Feature", "properties": { "name": "広野池", "(1)ｺｰﾄﾞ番": "174220171", "(2)読み": "ひろのいけ", "県名": "石川県", "市町名": "輪島市", "住所": "門前町広岡6の21甲3" }, "geometry": { "type": "Point", "coordinates": [ 136.76208333333301, 37.279833333333301 ] } },
{ "type": "Feature", "properties": { "name": "宗種池", "(1)ｺｰﾄﾞ番": "174220172", "(2)読み": "そたねいけ", "県名": "石川県", "市町名": "輪島市", "住所": "門前町広岡7字31甲" }, "geometry": { "type": "Point", "coordinates": [ 136.761833333332987, 37.280444444444399 ] } },
{ "type": "Feature", "properties": { "name": "新谷池", "(1)ｺｰﾄﾞ番": "174220173", "(2)読み": "しんたにいけ", "県名": "石川県", "市町名": "輪島市", "住所": "門前町広岡9の29番地" }, "geometry": { "type": "Point", "coordinates": [ 136.762361111111005, 37.278833333333303 ] } },
{ "type": "Feature", "properties": { "name": "横地池", "(1)ｺｰﾄﾞ番": "174220174", "(2)読み": "よこじいけ", "県名": "石川県", "市町名": "輪島市", "住所": "門前町広岡9の26甲" }, "geometry": { "type": "Point", "coordinates": [ 136.762805555556014, 37.279111111111099 ] } },
{ "type": "Feature", "properties": { "name": "大島池", "(1)ｺｰﾄﾞ番": "174220175", "(2)読み": "おおしまいけ", "県名": "石川県", "市町名": "輪島市", "住所": "門前町広岡10字9番地" }, "geometry": { "type": "Point", "coordinates": [ 136.762972222222004, 37.278361111111103 ] } },
{ "type": "Feature", "properties": { "name": "林池", "(1)ｺｰﾄﾞ番": "174220177", "(2)読み": "はやしいけ", "県名": "石川県", "市町名": "輪島市", "住所": "門前町広岡10字28番地" }, "geometry": { "type": "Point", "coordinates": [ 136.762555555555991, 37.278055555555603 ] } },
{ "type": "Feature", "properties": { "name": "水口池", "(1)ｺｰﾄﾞ番": "174220179", "(2)読み": "みずぐちいけ", "県名": "石川県", "市町名": "輪島市", "住所": "門前町西中尾8字39-1,39-2" }, "geometry": { "type": "Point", "coordinates": [ 136.764444444443996, 37.274277777777797 ] } },
{ "type": "Feature", "properties": { "name": "デカドベ池", "(1)ｺｰﾄﾞ番": "174220180", "(2)読み": "でかどべいけ", "県名": "石川県", "市町名": "輪島市", "住所": "門前町西中尾8字40" }, "geometry": { "type": "Point", "coordinates": [ 136.76425, 37.2746944444444 ] } },
{ "type": "Feature", "properties": { "name": "坂口池", "(1)ｺｰﾄﾞ番": "174220181", "(2)読み": "さかぐちいけ", "県名": "石川県", "市町名": "輪島市", "住所": "門前町西中尾8字11-2、11-6" }, "geometry": { "type": "Point", "coordinates": [ 136.764472222221997, 37.2748611111111 ] } },
{ "type": "Feature", "properties": { "name": "水尻№１", "(1)ｺｰﾄﾞ番": "174220182", "(2)読み": "みずしりいち", "県名": "石川県", "市町名": "輪島市", "住所": "門前町西中尾6字50-1" }, "geometry": { "type": "Point", "coordinates": [ 136.767722222222005, 37.275916666666703 ] } },
{ "type": "Feature", "properties": { "name": "水尻№２", "(1)ｺｰﾄﾞ番": "174220183", "(2)読み": "みずしりに", "県名": "石川県", "市町名": "輪島市", "住所": "門前町西中尾6字17乙" }, "geometry": { "type": "Point", "coordinates": [ 136.767527777778014, 37.276416666666698 ] } },
{ "type": "Feature", "properties": { "name": "栃木池", "(1)ｺｰﾄﾞ番": "174220184", "(2)読み": "とちぎいけ", "県名": "石川県", "市町名": "輪島市", "住所": "門前町字栃木" }, "geometry": { "type": "Point", "coordinates": [ 136.796027777777994, 37.280638888888902 ] } },
{ "type": "Feature", "properties": { "name": "通士溜池", "(1)ｺｰﾄﾞ番": "174220186", "(2)読み": "とうしためいけ", "県名": "石川県", "市町名": "輪島市", "住所": "門前町五十洲27字15番1" }, "geometry": { "type": "Point", "coordinates": [ 136.761833333332987, 37.280444444444399 ] } },
{ "type": "Feature", "properties": { "name": "鬼鍬溜池", "(1)ｺｰﾄﾞ番": "174220187", "(2)読み": "おにくわためいけ", "県名": "石川県", "市町名": "輪島市", "住所": "門前町五十洲16字35-2、36甲2、36乙、37～47、51-2,52" }, "geometry": { "type": "Point", "coordinates": [ 136.74675, 37.335527777777799 ] } },
{ "type": "Feature", "properties": { "name": "松本溜池", "(1)ｺｰﾄﾞ番": "174220193", "(2)読み": null, "県名": "石川県", "市町名": "輪島市", "住所": "門前町浦上" }, "geometry": { "type": "Point", "coordinates": [ 136.79786111111099, 37.326527777777798 ] } },
{ "type": "Feature", "properties": { "name": "泉池－１", "(1)ｺｰﾄﾞ番": "174220195", "(2)読み": "いずみ", "県名": "石川県", "市町名": "輪島市", "住所": "門前町浦上10字21乙" }, "geometry": { "type": "Point", "coordinates": [ 136.795666666666989, 37.30475 ] } },
{ "type": "Feature", "properties": { "name": "上の池", "(1)ｺｰﾄﾞ番": "174220198", "(2)読み": "うえのいけ", "県名": "石川県", "市町名": "輪島市", "住所": "門前町浦上112字52・54-1,54-2" }, "geometry": { "type": "Point", "coordinates": [ 136.805916666667002, 37.301166666666703 ] } },
{ "type": "Feature", "properties": { "name": "加菅池", "(1)ｺｰﾄﾞ番": "174220199", "(2)読み": "かずけいけ", "県名": "石川県", "市町名": "輪島市", "住所": "門前町浦上ト字10-1,10-2" }, "geometry": { "type": "Point", "coordinates": [ 136.799861111110999, 37.30875 ] } },
{ "type": "Feature", "properties": { "name": "谷越", "(1)ｺｰﾄﾞ番": "174220203", "(2)読み": null, "県名": "石川県", "市町名": "輪島市", "住所": "門前町嶺" }, "geometry": { "type": "Point", "coordinates": [ 136.815472222222013, 37.298166666666702 ] } },
{ "type": "Feature", "properties": { "name": "家横", "(1)ｺｰﾄﾞ番": "174220204", "(2)読み": null, "県名": "石川県", "市町名": "輪島市", "住所": "門前町鑓川" }, "geometry": { "type": "Point", "coordinates": [ 136.814694444444001, 37.29575 ] } },
{ "type": "Feature", "properties": { "name": "秋鳥池", "(1)ｺｰﾄﾞ番": "174220205", "(2)読み": "あきとりいけ", "県名": "石川県", "市町名": "輪島市", "住所": "門前町二又川" }, "geometry": { "type": "Point", "coordinates": [ 136.845416666667006, 37.282888888888898 ] } },
{ "type": "Feature", "properties": { "name": "たにやち池", "(1)ｺｰﾄﾞ番": "174220206", "(2)読み": null, "県名": "石川県", "市町名": "輪島市", "住所": "門前町二又川" }, "geometry": { "type": "Point", "coordinates": [ 136.845499, 37.28293 ] } },
{ "type": "Feature", "properties": { "name": "横地の高の堤", "(1)ｺｰﾄﾞ番": "174220209", "(2)読み": "よこぢのたかのつつみ", "県名": "石川県", "市町名": "輪島市", "住所": "門前町鑓川6字56" }, "geometry": { "type": "Point", "coordinates": [ 136.822083333333012, 37.278583333333302 ] } },
{ "type": "Feature", "properties": { "name": "菅原の池", "(1)ｺｰﾄﾞ番": "174220212", "(2)読み": null, "県名": "石川県", "市町名": "輪島市", "住所": "門前町浦上" }, "geometry": { "type": "Point", "coordinates": [ 136.806111111110994, 37.323527777777798 ] } },
{ "type": "Feature", "properties": { "name": "坪野池", "(1)ｺｰﾄﾞ番": "174220213", "(2)読み": null, "県名": "石川県", "市町名": "輪島市", "住所": "門前町菅の原" }, "geometry": { "type": "Point", "coordinates": [ 136.806555555556002, 37.323083333333301 ] } },
{ "type": "Feature", "properties": { "name": "岡本の堤", "(1)ｺｰﾄﾞ番": "174220217", "(2)読み": "おかもとのつつみ", "県名": "石川県", "市町名": "輪島市", "住所": "門前町浦上36の60" }, "geometry": { "type": "Point", "coordinates": [ 136.787361111111011, 37.310611111111101 ] } },
{ "type": "Feature", "properties": { "name": "石田溜池", "(1)ｺｰﾄﾞ番": "174220218", "(2)読み": "いしだためいけ", "県名": "石川県", "市町名": "輪島市", "住所": "門前町安代原5字121" }, "geometry": { "type": "Point", "coordinates": [ 136.785111111111007, 37.3168333333333 ] } },
{ "type": "Feature", "properties": { "name": "宮田の下の左上", "(1)ｺｰﾄﾞ番": "174220222", "(2)読み": null, "県名": "石川県", "市町名": "輪島市", "住所": "門前町鑓川" }, "geometry": { "type": "Point", "coordinates": [ 136.81875, 37.268194444444397 ] } },
{ "type": "Feature", "properties": { "name": "こごどじ池", "(1)ｺｰﾄﾞ番": "174220224", "(2)読み": "こごどじいけ", "県名": "石川県", "市町名": "輪島市", "住所": "門前町二又川" }, "geometry": { "type": "Point", "coordinates": [ 136.832194444444013, 37.288833333333301 ] } },
{ "type": "Feature", "properties": { "name": "千代36字堤", "(1)ｺｰﾄﾞ番": "174220230", "(2)読み": "せんだい36あざつつみ", "県名": "石川県", "市町名": "輪島市", "住所": "門前町千代36-126" }, "geometry": { "type": "Point", "coordinates": [ 136.739138888888988, 37.2735 ] } },
{ "type": "Feature", "properties": { "name": "山本堤", "(1)ｺｰﾄﾞ番": "174220231", "(2)読み": "やまもとづつみ", "県名": "石川県", "市町名": "輪島市", "住所": "門前町千代24-5" }, "geometry": { "type": "Point", "coordinates": [ 136.746166666666994, 37.2693333333333 ] } },
{ "type": "Feature", "properties": { "name": "小浦", "(1)ｺｰﾄﾞ番": "174230001", "(2)読み": "こうら", "県名": "石川県", "市町名": "鳳珠郡能登町", "住所": "字小浦28字3番地" }, "geometry": { "type": "Point", "coordinates": [ 137.181722222221993, 37.308722222222201 ] } },
{ "type": "Feature", "properties": { "name": "大沢", "(1)ｺｰﾄﾞ番": "174230002", "(2)読み": "おおさわ", "県名": "石川県", "市町名": "鳳珠郡能登町", "住所": "字真脇" }, "geometry": { "type": "Point", "coordinates": [ 137.198722222221988, 37.317305555555599 ] } },
{ "type": "Feature", "properties": { "name": "真脇", "(1)ｺｰﾄﾞ番": "174230003", "(2)読み": "まわき", "県名": "石川県", "市町名": "鳳珠郡能登町", "住所": "字真脇" }, "geometry": { "type": "Point", "coordinates": [ 137.205527777778002, 37.318361111111102 ] } },
{ "type": "Feature", "properties": { "name": "宮下", "(1)ｺｰﾄﾞ番": "174230005", "(2)読み": "みやした", "県名": "石川県", "市町名": "鳳珠郡能登町", "住所": "字七見" }, "geometry": { "type": "Point", "coordinates": [ 137.091277777778004, 37.2678333333333 ] } },
{ "type": "Feature", "properties": { "name": "スゲソ第４", "(1)ｺｰﾄﾞ番": "174230006", "(2)読み": "すげそだい４", "県名": "石川県", "市町名": "鳳珠郡能登町", "住所": "字七見" }, "geometry": { "type": "Point", "coordinates": [ 137.084388888889009, 37.265583333333304 ] } },
{ "type": "Feature", "properties": { "name": "桜木第１", "(1)ｺｰﾄﾞ番": "174230007", "(2)読み": "さくらぎだい１", "県名": "石川県", "市町名": "鳳珠郡能登町", "住所": "字七見" }, "geometry": { "type": "Point", "coordinates": [ 137.088305555555991, 37.2678333333333 ] } },
{ "type": "Feature", "properties": { "name": "桜木第２", "(1)ｺｰﾄﾞ番": "174230008", "(2)読み": "さくらぎだい２", "県名": "石川県", "市町名": "鳳珠郡能登町", "住所": "字七見" }, "geometry": { "type": "Point", "coordinates": [ 137.091222222222001, 37.268 ] } },
{ "type": "Feature", "properties": { "name": "桜木第４", "(1)ｺｰﾄﾞ番": "174230010", "(2)読み": "さくらぎだい４", "県名": "石川県", "市町名": "鳳珠郡能登町", "住所": "字七見" }, "geometry": { "type": "Point", "coordinates": [ 137.091861111111001, 37.267888888888898 ] } },
{ "type": "Feature", "properties": { "name": "桜木第５", "(1)ｺｰﾄﾞ番": "174230011", "(2)読み": null, "県名": "石川県", "市町名": "鳳珠郡能登町", "住所": "字七見" }, "geometry": { "type": "Point", "coordinates": [ 137.093333333332993, 37.267555555555603 ] } },
{ "type": "Feature", "properties": { "name": "黒合第１", "(1)ｺｰﾄﾞ番": "174230012", "(2)読み": "くろごうだい１", "県名": "石川県", "市町名": "鳳珠郡能登町", "住所": "字波並" }, "geometry": { "type": "Point", "coordinates": [ 137.108694444444012, 37.295333333333303 ] } },
{ "type": "Feature", "properties": { "name": "黒合第２", "(1)ｺｰﾄﾞ番": "174230013", "(2)読み": null, "県名": "石川県", "市町名": "鳳珠郡能登町", "住所": "字波並" }, "geometry": { "type": "Point", "coordinates": [ 137.108222222221997, 37.295333333333303 ] } },
{ "type": "Feature", "properties": { "name": "竹中第２", "(1)ｺｰﾄﾞ番": "174230015", "(2)読み": "たけなかだい２", "県名": "石川県", "市町名": "鳳珠郡能登町", "住所": "字波並" }, "geometry": { "type": "Point", "coordinates": [ 137.107361111111004, 37.2871666666667 ] } },
{ "type": "Feature", "properties": { "name": "黒郷", "(1)ｺｰﾄﾞ番": "174230017", "(2)読み": "くろごう", "県名": "石川県", "市町名": "鳳珠郡能登町", "住所": "字波並" }, "geometry": { "type": "Point", "coordinates": [ 137.099333333332993, 37.293194444444403 ] } },
{ "type": "Feature", "properties": { "name": "波並第２", "(1)ｺｰﾄﾞ番": "174230018", "(2)読み": "はなみだいに", "県名": "石川県", "市町名": "鳳珠郡能登町", "住所": "字波並" }, "geometry": { "type": "Point", "coordinates": [ 137.1165, 37.293361111111103 ] } },
{ "type": "Feature", "properties": { "name": "水谷内", "(1)ｺｰﾄﾞ番": "174230020", "(2)読み": "みずやち", "県名": "石川県", "市町名": "鳳珠郡能登町", "住所": "字波並" }, "geometry": { "type": "Point", "coordinates": [ 137.115861111111002, 37.299194444444403 ] } },
{ "type": "Feature", "properties": { "name": "堂野", "(1)ｺｰﾄﾞ番": "174230021", "(2)読み": "どうの", "県名": "石川県", "市町名": "鳳珠郡能登町", "住所": "字藤ノ瀬" }, "geometry": { "type": "Point", "coordinates": [ 137.100833333332986, 37.324166666666699 ] } },
{ "type": "Feature", "properties": { "name": "防ヶ谷内", "(1)ｺｰﾄﾞ番": "174230022", "(2)読み": "ぼうがやち", "県名": "石川県", "市町名": "鳳珠郡能登町", "住所": "字藤ノ瀬" }, "geometry": { "type": "Point", "coordinates": [ 137.101416666667006, 37.318583333333301 ] } },
{ "type": "Feature", "properties": { "name": "皆森", "(1)ｺｰﾄﾞ番": "174230023", "(2)読み": "かいもり", "県名": "石川県", "市町名": "鳳珠郡能登町", "住所": "字藤ノ瀬" }, "geometry": { "type": "Point", "coordinates": [ 137.103777777777992, 37.316722222222197 ] } },
{ "type": "Feature", "properties": { "name": "棚谷内", "(1)ｺｰﾄﾞ番": "174230024", "(2)読み": null, "県名": "石川県", "市町名": "鳳珠郡能登町", "住所": "字宇加塚ホ" }, "geometry": { "type": "Point", "coordinates": [ 137.095472222222014, 37.309194444444401 ] } },
{ "type": "Feature", "properties": { "name": "元内地", "(1)ｺｰﾄﾞ番": "174230025", "(2)読み": null, "県名": "石川県", "市町名": "鳳珠郡能登町", "住所": "字宇加塚" }, "geometry": { "type": "Point", "coordinates": [ 137.101138888889011, 37.3071388888889 ] } },
{ "type": "Feature", "properties": { "name": "宇加塚", "(1)ｺｰﾄﾞ番": "174230026", "(2)読み": "うかづか", "県名": "石川県", "市町名": "鳳珠郡能登町", "住所": "字宇加塚" }, "geometry": { "type": "Point", "coordinates": [ 137.104666666666986, 37.30875 ] } },
{ "type": "Feature", "properties": { "name": "上野", "(1)ｺｰﾄﾞ番": "174230027", "(2)読み": null, "県名": "石川県", "市町名": "鳳珠郡能登町", "住所": "字宇加塚" }, "geometry": { "type": "Point", "coordinates": [ 137.09725, 37.307805555555603 ] } },
{ "type": "Feature", "properties": { "name": "東崎", "(1)ｺｰﾄﾞ番": "174230028", "(2)読み": "とうざき", "県名": "石川県", "市町名": "鳳珠郡能登町", "住所": "字宇加塚" }, "geometry": { "type": "Point", "coordinates": [ 137.105611111110989, 37.308722222222201 ] } },
{ "type": "Feature", "properties": { "name": "吉野", "(1)ｺｰﾄﾞ番": "174230029", "(2)読み": null, "県名": "石川県", "市町名": "鳳珠郡能登町", "住所": "字宇加塚" }, "geometry": { "type": "Point", "coordinates": [ 137.1005, 37.301694444444401 ] } },
{ "type": "Feature", "properties": { "name": "奥野", "(1)ｺｰﾄﾞ番": "174230030", "(2)読み": null, "県名": "石川県", "市町名": "鳳珠郡能登町", "住所": "字宇加塚" }, "geometry": { "type": "Point", "coordinates": [ 137.094416666667001, 37.305805555555601 ] } },
{ "type": "Feature", "properties": { "name": "赤坂", "(1)ｺｰﾄﾞ番": "174230031", "(2)読み": "あかさか", "県名": "石川県", "市町名": "鳳珠郡能登町", "住所": "字宇加塚" }, "geometry": { "type": "Point", "coordinates": [ 137.099666666666991, 37.305833333333297 ] } },
{ "type": "Feature", "properties": { "name": "スゲソ第５（五里地）", "(1)ｺｰﾄﾞ番": "174230032", "(2)読み": "すげそだい５（ごりち）", "県名": "石川県", "市町名": "鳳珠郡能登町", "住所": "字七見リ字17番乙" }, "geometry": { "type": "Point", "coordinates": [ 137.081444444444003, 37.262055555555598 ] } },
{ "type": "Feature", "properties": { "name": "東谷内", "(1)ｺｰﾄﾞ番": "174230033", "(2)読み": "ひがしやち", "県名": "石川県", "市町名": "鳳珠郡能登町", "住所": "字藤ノ瀬" }, "geometry": { "type": "Point", "coordinates": [ 137.089388888889005, 37.328888888888898 ] } },
{ "type": "Feature", "properties": { "name": "矢波", "(1)ｺｰﾄﾞ番": "174230034", "(2)読み": "やなみ", "県名": "石川県", "市町名": "鳳珠郡能登町", "住所": "字矢波" }, "geometry": { "type": "Point", "coordinates": [ 137.089944444444001, 37.275527777777803 ] } },
{ "type": "Feature", "properties": { "name": "町中", "(1)ｺｰﾄﾞ番": "174230036", "(2)読み": "まちなか", "県名": "石川県", "市町名": "鳳珠郡能登町", "住所": "字矢波" }, "geometry": { "type": "Point", "coordinates": [ 137.088777777778006, 37.273611111111101 ] } },
{ "type": "Feature", "properties": { "name": "町中第２", "(1)ｺｰﾄﾞ番": "174230037", "(2)読み": "まちなかだい２", "県名": "石川県", "市町名": "鳳珠郡能登町", "住所": "字矢波" }, "geometry": { "type": "Point", "coordinates": [ 137.100833333332986, 37.2815 ] } },
{ "type": "Feature", "properties": { "name": "浜崎第１", "(1)ｺｰﾄﾞ番": "174230038", "(2)読み": "はまざきだいいち", "県名": "石川県", "市町名": "鳳珠郡能登町", "住所": "字矢波" }, "geometry": { "type": "Point", "coordinates": [ 137.101361111111004, 37.281777777777798 ] } },
{ "type": "Feature", "properties": { "name": "浜崎第２", "(1)ｺｰﾄﾞ番": "174230039", "(2)読み": null, "県名": "石川県", "市町名": "鳳珠郡能登町", "住所": "字矢波" }, "geometry": { "type": "Point", "coordinates": [ 137.102583333333001, 37.281527777777796 ] } },
{ "type": "Feature", "properties": { "name": "堀田", "(1)ｺｰﾄﾞ番": "174230040", "(2)読み": "ほりた", "県名": "石川県", "市町名": "鳳珠郡能登町", "住所": "字矢波" }, "geometry": { "type": "Point", "coordinates": [ 137.104638888889014, 37.282777777777802 ] } },
{ "type": "Feature", "properties": { "name": "川端", "(1)ｺｰﾄﾞ番": "174230041", "(2)読み": "かわばた", "県名": "石川県", "市町名": "鳳珠郡能登町", "住所": "字矢波" }, "geometry": { "type": "Point", "coordinates": [ 137.097388888888986, 37.282611111111102 ] } },
{ "type": "Feature", "properties": { "name": "間島第２", "(1)ｺｰﾄﾞ番": "174230042", "(2)読み": "ましまだいに", "県名": "石川県", "市町名": "鳳珠郡能登町", "住所": "字藤波" }, "geometry": { "type": "Point", "coordinates": [ 137.125388888889006, 37.296416666666701 ] } },
{ "type": "Feature", "properties": { "name": "間島第１", "(1)ｺｰﾄﾞ番": "174230043", "(2)読み": "ましまだいいち", "県名": "石川県", "市町名": "鳳珠郡能登町", "住所": "字藤波" }, "geometry": { "type": "Point", "coordinates": [ 137.12355555555601, 37.294833333333301 ] } },
{ "type": "Feature", "properties": { "name": "ガラン谷", "(1)ｺｰﾄﾞ番": "174230045", "(2)読み": "がらんたに", "県名": "石川県", "市町名": "鳳珠郡能登町", "住所": "字宮地" }, "geometry": { "type": "Point", "coordinates": [ 137.03425, 37.312055555555602 ] } },
{ "type": "Feature", "properties": { "name": "トガ", "(1)ｺｰﾄﾞ番": "174230046", "(2)読み": null, "県名": "石川県", "市町名": "鳳珠郡能登町", "住所": "字宮地" }, "geometry": { "type": "Point", "coordinates": [ 137.0245, 37.304861111111101 ] } },
{ "type": "Feature", "properties": { "name": "武連２", "(1)ｺｰﾄﾞ番": "174230048", "(2)読み": null, "県名": "石川県", "市町名": "鳳珠郡能登町", "住所": "字武連" }, "geometry": { "type": "Point", "coordinates": [ 137.021638888888987, 37.252222222222201 ] } },
{ "type": "Feature", "properties": { "name": "松木", "(1)ｺｰﾄﾞ番": "174230049", "(2)読み": "まつき", "県名": "石川県", "市町名": "鳳珠郡能登町", "住所": "字宮地" }, "geometry": { "type": "Point", "coordinates": [ 137.032055555556013, 37.302722222222201 ] } },
{ "type": "Feature", "properties": { "name": "大中", "(1)ｺｰﾄﾞ番": "174230050", "(2)読み": "おおなか", "県名": "石川県", "市町名": "鳳珠郡能登町", "住所": "字宮地" }, "geometry": { "type": "Point", "coordinates": [ 137.034, 37.303305555555603 ] } },
{ "type": "Feature", "properties": { "name": "木場", "(1)ｺｰﾄﾞ番": "174230051", "(2)読み": "きば", "県名": "石川県", "市町名": "鳳珠郡能登町", "住所": "字宮地" }, "geometry": { "type": "Point", "coordinates": [ 137.025472222221993, 37.305972222222202 ] } },
{ "type": "Feature", "properties": { "name": "大野第１", "(1)ｺｰﾄﾞ番": "174230052", "(2)読み": "おおのだいいち", "県名": "石川県", "市町名": "鳳珠郡能登町", "住所": "字宮地" }, "geometry": { "type": "Point", "coordinates": [ 137.028444444444006, 37.308277777777803 ] } },
{ "type": "Feature", "properties": { "name": "大野第２", "(1)ｺｰﾄﾞ番": "174230053", "(2)読み": "おおのだい２", "県名": "石川県", "市町名": "鳳珠郡能登町", "住所": "字宮地" }, "geometry": { "type": "Point", "coordinates": [ 137.027888888889009, 37.3070555555556 ] } },
{ "type": "Feature", "properties": { "name": "武渕", "(1)ｺｰﾄﾞ番": "174230054", "(2)読み": "たけぶち", "県名": "石川県", "市町名": "鳳珠郡能登町", "住所": "字山田" }, "geometry": { "type": "Point", "coordinates": [ 137.037555555555997, 37.293777777777798 ] } },
{ "type": "Feature", "properties": { "name": "三田", "(1)ｺｰﾄﾞ番": "174230055", "(2)読み": "さんでん", "県名": "石川県", "市町名": "鳳珠郡能登町", "住所": "字山田" }, "geometry": { "type": "Point", "coordinates": [ 137.041138888889009, 37.295 ] } },
{ "type": "Feature", "properties": { "name": "浦窪", "(1)ｺｰﾄﾞ番": "174230056", "(2)読み": "うらくぼ", "県名": "石川県", "市町名": "鳳珠郡能登町", "住所": "字山田" }, "geometry": { "type": "Point", "coordinates": [ 137.031111111110988, 37.275777777777797 ] } },
{ "type": "Feature", "properties": { "name": "大峰第１", "(1)ｺｰﾄﾞ番": "174230057", "(2)読み": "おおみねだいいち", "県名": "石川県", "市町名": "鳳珠郡能登町", "住所": "字瑞穂" }, "geometry": { "type": "Point", "coordinates": [ 137.035305555555993, 37.2761944444444 ] } },
{ "type": "Feature", "properties": { "name": "大峰第２", "(1)ｺｰﾄﾞ番": "174230058", "(2)読み": "おおみねだいに", "県名": "石川県", "市町名": "鳳珠郡能登町", "住所": "字瑞穂" }, "geometry": { "type": "Point", "coordinates": [ 137.0335, 37.276555555555603 ] } },
{ "type": "Feature", "properties": { "name": "森谷", "(1)ｺｰﾄﾞ番": "174230059", "(2)読み": "もりたに", "県名": "石川県", "市町名": "鳳珠郡能登町", "住所": "字瑞穂" }, "geometry": { "type": "Point", "coordinates": [ 137.0085, 37.272111111111101 ] } },
{ "type": "Feature", "properties": { "name": "シメンジャラ", "(1)ｺｰﾄﾞ番": "174230060", "(2)読み": "しめんじゃら", "県名": "石川県", "市町名": "鳳珠郡能登町", "住所": "字瑞穂" }, "geometry": { "type": "Point", "coordinates": [ 137.046694444444, 37.281888888888901 ] } },
{ "type": "Feature", "properties": { "name": "境谷", "(1)ｺｰﾄﾞ番": "174230061", "(2)読み": "さかいたに", "県名": "石川県", "市町名": "鳳珠郡能登町", "住所": "字柿生" }, "geometry": { "type": "Point", "coordinates": [ 137.059472222222013, 37.269166666666699 ] } },
{ "type": "Feature", "properties": { "name": "仕明", "(1)ｺｰﾄﾞ番": "174230062", "(2)読み": "しあけ", "県名": "石川県", "市町名": "鳳珠郡能登町", "住所": "字鵜川" }, "geometry": { "type": "Point", "coordinates": [ 137.082472222222009, 37.251166666666698 ] } },
{ "type": "Feature", "properties": { "name": "野田", "(1)ｺｰﾄﾞ番": "174230063", "(2)読み": null, "県名": "石川県", "市町名": "鳳珠郡能登町", "住所": "字柿生" }, "geometry": { "type": "Point", "coordinates": [ 137.050138888888995, 37.2697222222222 ] } },
{ "type": "Feature", "properties": { "name": "ビヤン谷", "(1)ｺｰﾄﾞ番": "174230066", "(2)読み": null, "県名": "石川県", "市町名": "鳳珠郡能登町", "住所": "字山田" }, "geometry": { "type": "Point", "coordinates": [ 137.048666666667003, 37.29875 ] } },
{ "type": "Feature", "properties": { "name": "国分", "(1)ｺｰﾄﾞ番": "174230068", "(2)読み": null, "県名": "石川県", "市町名": "鳳珠郡能登町", "住所": "字瑞穂" }, "geometry": { "type": "Point", "coordinates": [ 137.049388888889013, 37.281388888888898 ] } },
{ "type": "Feature", "properties": { "name": "トン谷内", "(1)ｺｰﾄﾞ番": "174230069", "(2)読み": null, "県名": "石川県", "市町名": "鳳珠郡能登町", "住所": "字瑞穂" }, "geometry": { "type": "Point", "coordinates": [ 137.048805555555987, 37.282583333333299 ] } },
{ "type": "Feature", "properties": { "name": "滝ヶ谷内", "(1)ｺｰﾄﾞ番": "174230070", "(2)読み": null, "県名": "石川県", "市町名": "鳳珠郡能登町", "住所": "字瑞穂" }, "geometry": { "type": "Point", "coordinates": [ 137.046055555555995, 37.28325 ] } },
{ "type": "Feature", "properties": { "name": "スゲソ", "(1)ｺｰﾄﾞ番": "174230071", "(2)読み": "すげそ", "県名": "石川県", "市町名": "鳳珠郡能登町", "住所": "字七見" }, "geometry": { "type": "Point", "coordinates": [ 137.082472222222009, 37.269222222222197 ] } },
{ "type": "Feature", "properties": { "name": "森川", "(1)ｺｰﾄﾞ番": "174230072", "(2)読み": null, "県名": "石川県", "市町名": "鳳珠郡能登町", "住所": "字柏木" }, "geometry": { "type": "Point", "coordinates": [ 136.974194444444009, 37.303361111111101 ] } },
{ "type": "Feature", "properties": { "name": "山岸", "(1)ｺｰﾄﾞ番": "174230073", "(2)読み": "やまぎし", "県名": "石川県", "市町名": "鳳珠郡能登町", "住所": "字本木27字118" }, "geometry": { "type": "Point", "coordinates": [ 137.0085, 37.272111111111101 ] } },
{ "type": "Feature", "properties": { "name": "柳倉", "(1)ｺｰﾄﾞ番": "174230077", "(2)読み": "やなぎくら", "県名": "石川県", "市町名": "鳳珠郡能登町", "住所": "字藤波" }, "geometry": { "type": "Point", "coordinates": [ 137.131972222222004, 37.297777777777803 ] } },
{ "type": "Feature", "properties": { "name": "笹谷川", "(1)ｺｰﾄﾞ番": "174230078", "(2)読み": null, "県名": "石川県", "市町名": "鳳珠郡能登町", "住所": "字赤坂" }, "geometry": { "type": "Point", "coordinates": [ 137.183666666666994, 37.3086388888889 ] } },
{ "type": "Feature", "properties": { "name": "薪山", "(1)ｺｰﾄﾞ番": "174230079", "(2)読み": "たきぎやま", "県名": "石川県", "市町名": "鳳珠郡能登町", "住所": "字藤之瀬" }, "geometry": { "type": "Point", "coordinates": [ 137.10238888888901, 37.329027777777803 ] } },
{ "type": "Feature", "properties": { "name": "円山", "(1)ｺｰﾄﾞ番": "174230080", "(2)読み": null, "県名": "石川県", "市町名": "鳳珠郡能登町", "住所": "字下藤之瀬" }, "geometry": { "type": "Point", "coordinates": [ 137.101305555555996, 37.329666666666697 ] } },
{ "type": "Feature", "properties": { "name": "平床", "(1)ｺｰﾄﾞ番": "174230082", "(2)読み": "ひらとこ", "県名": "石川県", "市町名": "鳳珠郡能登町", "住所": "字吉尾" }, "geometry": { "type": "Point", "coordinates": [ 137.086944444443986, 37.323083333333301 ] } },
{ "type": "Feature", "properties": { "name": "大畠", "(1)ｺｰﾄﾞ番": "174230084", "(2)読み": "おおはた", "県名": "石川県", "市町名": "鳳珠郡能登町", "住所": "字吉尾" }, "geometry": { "type": "Point", "coordinates": [ 137.096416666667011, 37.324583333333301 ] } },
{ "type": "Feature", "properties": { "name": "平谷", "(1)ｺｰﾄﾞ番": "174230085", "(2)読み": null, "県名": "石川県", "市町名": "鳳珠郡能登町", "住所": "字鶴町" }, "geometry": { "type": "Point", "coordinates": [ 137.07566666666699, 37.318166666666698 ] } },
{ "type": "Feature", "properties": { "name": "天池", "(1)ｺｰﾄﾞ番": "174230087", "(2)読み": "あまいけ", "県名": "石川県", "市町名": "鳳珠郡能登町", "住所": "字鶴町" }, "geometry": { "type": "Point", "coordinates": [ 137.074833333333004, 37.307083333333303 ] } },
{ "type": "Feature", "properties": { "name": "下谷", "(1)ｺｰﾄﾞ番": "174230088", "(2)読み": "しもや", "県名": "石川県", "市町名": "鳳珠郡能登町", "住所": "字鶴町" }, "geometry": { "type": "Point", "coordinates": [ 137.084222222221996, 37.317916666666697 ] } },
{ "type": "Feature", "properties": { "name": "田谷", "(1)ｺｰﾄﾞ番": "174230090", "(2)読み": null, "県名": "石川県", "市町名": "鳳珠郡能登町", "住所": "字鶴町" }, "geometry": { "type": "Point", "coordinates": [ 137.084194444443995, 37.3066666666667 ] } },
{ "type": "Feature", "properties": { "name": "安田", "(1)ｺｰﾄﾞ番": "174230092", "(2)読み": null, "県名": "石川県", "市町名": "鳳珠郡能登町", "住所": "字鶴町" }, "geometry": { "type": "Point", "coordinates": [ 137.086833333333004, 37.316472222222203 ] } },
{ "type": "Feature", "properties": { "name": "田崎間島池", "(1)ｺｰﾄﾞ番": "174230093", "(2)読み": null, "県名": "石川県", "市町名": "鳳珠郡能登町", "住所": "字矢波" }, "geometry": { "type": "Point", "coordinates": [ 137.113138888889011, 37.288027777777799 ] } },
{ "type": "Feature", "properties": { "name": "三波第３", "(1)ｺｰﾄﾞ番": "174230094", "(2)読み": null, "県名": "石川県", "市町名": "鳳珠郡能登町", "住所": "字矢波" }, "geometry": { "type": "Point", "coordinates": [ 137.108888888888998, 37.284194444444402 ] } },
{ "type": "Feature", "properties": { "name": "三波第４", "(1)ｺｰﾄﾞ番": "174230095", "(2)読み": null, "県名": "石川県", "市町名": "鳳珠郡能登町", "住所": "字矢波" }, "geometry": { "type": "Point", "coordinates": [ 137.108777777777988, 37.285138888888902 ] } },
{ "type": "Feature", "properties": { "name": "三波第５", "(1)ｺｰﾄﾞ番": "174230096", "(2)読み": null, "県名": "石川県", "市町名": "鳳珠郡能登町", "住所": "字矢波" }, "geometry": { "type": "Point", "coordinates": [ 137.107305555555996, 37.285861111111103 ] } },
{ "type": "Feature", "properties": { "name": "岩谷第１", "(1)ｺｰﾄﾞ番": "174230099", "(2)読み": null, "県名": "石川県", "市町名": "鳳珠郡能登町", "住所": "字宮地" }, "geometry": { "type": "Point", "coordinates": [ 137.026305555556007, 37.2951388888889 ] } },
{ "type": "Feature", "properties": { "name": "岩谷第２", "(1)ｺｰﾄﾞ番": "174230100", "(2)読み": "いわたにだい２", "県名": "石川県", "市町名": "鳳珠郡能登町", "住所": "字宮地" }, "geometry": { "type": "Point", "coordinates": [ 137.026333333333014, 37.295388888888901 ] } },
{ "type": "Feature", "properties": { "name": "新耕溜池", "(1)ｺｰﾄﾞ番": "174230101", "(2)読み": "しんこうためいけ", "県名": "石川県", "市町名": "鳳珠郡能登町", "住所": "字宮地" }, "geometry": { "type": "Point", "coordinates": [ 137.02375, 37.293361111111103 ] } },
{ "type": "Feature", "properties": { "name": "武連第３", "(1)ｺｰﾄﾞ番": "174230104", "(2)読み": null, "県名": "石川県", "市町名": "鳳珠郡能登町", "住所": "字武連" }, "geometry": { "type": "Point", "coordinates": [ 137.02472222222201, 37.254694444444397 ] } },
{ "type": "Feature", "properties": { "name": "大谷内", "(1)ｺｰﾄﾞ番": "174230110", "(2)読み": "おおやち", "県名": "石川県", "市町名": "鳳珠郡能登町", "住所": "字七見" }, "geometry": { "type": "Point", "coordinates": [ 137.067111111110989, 37.277555555555601 ] } },
{ "type": "Feature", "properties": { "name": "堂の上", "(1)ｺｰﾄﾞ番": "174230111", "(2)読み": null, "県名": "石川県", "市町名": "鳳珠郡能登町", "住所": "字宮地" }, "geometry": { "type": "Point", "coordinates": [ 137.02925, 37.298527777777799 ] } },
{ "type": "Feature", "properties": { "name": "保田", "(1)ｺｰﾄﾞ番": "174230112", "(2)読み": "ぼうだ", "県名": "石川県", "市町名": "鳳珠郡能登町", "住所": "字鶴町" }, "geometry": { "type": "Point", "coordinates": [ 137.079583333333005, 37.314277777777797 ] } },
{ "type": "Feature", "properties": { "name": "源平", "(1)ｺｰﾄﾞ番": "174230113", "(2)読み": null, "県名": "石川県", "市町名": "鳳珠郡能登町", "住所": "字源平" }, "geometry": { "type": "Point", "coordinates": [ 137.152944444443989, 37.328638888888896 ] } },
{ "type": "Feature", "properties": { "name": "親谷", "(1)ｺｰﾄﾞ番": "174230114", "(2)読み": null, "県名": "石川県", "市町名": "鳳珠郡能登町", "住所": "字波並" }, "geometry": { "type": "Point", "coordinates": [ 137.121, 37.291944444444397 ] } },
{ "type": "Feature", "properties": { "name": "河野", "(1)ｺｰﾄﾞ番": "174230115", "(2)読み": null, "県名": "石川県", "市町名": "鳳珠郡能登町", "住所": "字波並" }, "geometry": { "type": "Point", "coordinates": [ 137.120222222221997, 37.290583333333302 ] } },
{ "type": "Feature", "properties": { "name": "滝ヶ谷内", "(1)ｺｰﾄﾞ番": "174230116", "(2)読み": null, "県名": "石川県", "市町名": "鳳珠郡能登町", "住所": "字波並" }, "geometry": { "type": "Point", "coordinates": [ 137.11827777777799, 37.2925 ] } },
{ "type": "Feature", "properties": { "name": "西の上", "(1)ｺｰﾄﾞ番": "174230117", "(2)読み": "にしのうえ", "県名": "石川県", "市町名": "鳳珠郡能登町", "住所": "字波並" }, "geometry": { "type": "Point", "coordinates": [ 137.109611111111008, 37.286888888888903 ] } },
{ "type": "Feature", "properties": { "name": "竹中第３", "(1)ｺｰﾄﾞ番": "174230118", "(2)読み": null, "県名": "石川県", "市町名": "鳳珠郡能登町", "住所": "字波並" }, "geometry": { "type": "Point", "coordinates": [ 137.109305555556006, 37.284583333333302 ] } },
{ "type": "Feature", "properties": { "name": "鶴ヶ谷堤", "(1)ｺｰﾄﾞ番": "174240001", "(2)読み": "つるがたにてい", "県名": "石川県", "市町名": "鳳珠郡能登町", "住所": "字国光" }, "geometry": { "type": "Point", "coordinates": [ 137.094972222221998, 37.377361111111099 ] } },
{ "type": "Feature", "properties": { "name": "柱谷堤", "(1)ｺｰﾄﾞ番": "174240002", "(2)読み": "はしらだにてい", "県名": "石川県", "市町名": "鳳珠郡能登町", "住所": "字国光" }, "geometry": { "type": "Point", "coordinates": [ 137.093, 37.380583333333298 ] } },
{ "type": "Feature", "properties": { "name": "菅田堤", "(1)ｺｰﾄﾞ番": "174240003", "(2)読み": null, "県名": "石川県", "市町名": "鳳珠郡能登町", "住所": "字国光" }, "geometry": { "type": "Point", "coordinates": [ 137.098333333332988, 37.379694444444397 ] } },
{ "type": "Feature", "properties": { "name": "政田堤", "(1)ｺｰﾄﾞ番": "174240004", "(2)読み": null, "県名": "石川県", "市町名": "鳳珠郡能登町", "住所": "字国光" }, "geometry": { "type": "Point", "coordinates": [ 137.093916666667013, 37.378111111111103 ] } },
{ "type": "Feature", "properties": { "name": "重見堤", "(1)ｺｰﾄﾞ番": "174240005", "(2)読み": "しげみてい", "県名": "石川県", "市町名": "鳳珠郡能登町", "住所": "字五十里" }, "geometry": { "type": "Point", "coordinates": [ 137.0505, 37.3715277777778 ] } },
{ "type": "Feature", "properties": { "name": "ふくら平池", "(1)ｺｰﾄﾞ番": "174240006", "(2)読み": "ふくらだいらいけ", "県名": "石川県", "市町名": "鳳珠郡能登町", "住所": "字五十里" }, "geometry": { "type": "Point", "coordinates": [ 137.047666666666998, 37.37125 ] } },
{ "type": "Feature", "properties": { "name": "重見堤", "(1)ｺｰﾄﾞ番": "174240007", "(2)読み": "しげみてい", "県名": "石川県", "市町名": "鳳珠郡能登町", "住所": "字五十里" }, "geometry": { "type": "Point", "coordinates": [ 137.047, 37.369333333333302 ] } },
{ "type": "Feature", "properties": { "name": "谷内堤", "(1)ｺｰﾄﾞ番": "174240008", "(2)読み": "やちつつみ", "県名": "石川県", "市町名": "鳳珠郡能登町", "住所": "字五十里" }, "geometry": { "type": "Point", "coordinates": [ 137.0455, 37.372138888888898 ] } },
{ "type": "Feature", "properties": { "name": "中浦堤", "(1)ｺｰﾄﾞ番": "174240009", "(2)読み": "なかうらつつみ", "県名": "石川県", "市町名": "鳳珠郡能登町", "住所": "字北河内" }, "geometry": { "type": "Point", "coordinates": [ 137.033583333333013, 37.377694444444401 ] } },
{ "type": "Feature", "properties": { "name": "中浦２号堤", "(1)ｺｰﾄﾞ番": "174240010", "(2)読み": "なかうら２ごうつつみ", "県名": "石川県", "市町名": "鳳珠郡能登町", "住所": "字北河内" }, "geometry": { "type": "Point", "coordinates": [ 137.034361111110996, 37.378805555555601 ] } },
{ "type": "Feature", "properties": { "name": "池田堤", "(1)ｺｰﾄﾞ番": "174240011", "(2)読み": null, "県名": "石川県", "市町名": "鳳珠郡能登町", "住所": "字北河内" }, "geometry": { "type": "Point", "coordinates": [ 137.026138888888994, 37.388305555555597 ] } },
{ "type": "Feature", "properties": { "name": "野田堤", "(1)ｺｰﾄﾞ番": "174240012", "(2)読み": "のだつつみ", "県名": "石川県", "市町名": "鳳珠郡能登町", "住所": "字柳田" }, "geometry": { "type": "Point", "coordinates": [ 137.090638888889004, 37.374083333333303 ] } },
{ "type": "Feature", "properties": { "name": "水木谷堤", "(1)ｺｰﾄﾞ番": "174240013", "(2)読み": null, "県名": "石川県", "市町名": "鳳珠郡能登町", "住所": "字柳田" }, "geometry": { "type": "Point", "coordinates": [ 137.089388888889005, 37.3745277777778 ] } },
{ "type": "Feature", "properties": { "name": "野田１号堤", "(1)ｺｰﾄﾞ番": "174240014", "(2)読み": null, "県名": "石川県", "市町名": "鳳珠郡能登町", "住所": "字柳田" }, "geometry": { "type": "Point", "coordinates": [ 137.091194444444, 37.374861111111102 ] } },
{ "type": "Feature", "properties": { "name": "野本２号堤", "(1)ｺｰﾄﾞ番": "174240015", "(2)読み": null, "県名": "石川県", "市町名": "鳳珠郡能登町", "住所": "字柳田" }, "geometry": { "type": "Point", "coordinates": [ 137.092027777777986, 37.377833333333299 ] } },
{ "type": "Feature", "properties": { "name": "大堤", "(1)ｺｰﾄﾞ番": "174240016", "(2)読み": "おおつつみ", "県名": "石川県", "市町名": "鳳珠郡能登町", "住所": "字長尾" }, "geometry": { "type": "Point", "coordinates": [ 137.116083333332995, 37.391583333333301 ] } },
{ "type": "Feature", "properties": { "name": "滝山池", "(1)ｺｰﾄﾞ番": "174240017", "(2)読み": "たきやまいけ", "県名": "石川県", "市町名": "鳳珠郡能登町", "住所": "字小間生ム-35番地" }, "geometry": { "type": "Point", "coordinates": [ 137.12225, 37.391027777777801 ] } },
{ "type": "Feature", "properties": { "name": "四十刈", "(1)ｺｰﾄﾞ番": "174240019", "(2)読み": "しじゅかり", "県名": "石川県", "市町名": "鳳珠郡能登町", "住所": "字天坂" }, "geometry": { "type": "Point", "coordinates": [ 137.111055555555993, 37.356333333333303 ] } },
{ "type": "Feature", "properties": { "name": "山田池", "(1)ｺｰﾄﾞ番": "174240020", "(2)読み": "やまだいけ", "県名": "石川県", "市町名": "鳳珠郡能登町", "住所": "字上町" }, "geometry": { "type": "Point", "coordinates": [ 137.113138888889011, 37.357361111111103 ] } },
{ "type": "Feature", "properties": { "name": "あらけ池", "(1)ｺｰﾄﾞ番": "174240021", "(2)読み": "あらけいけ", "県名": "石川県", "市町名": "鳳珠郡能登町", "住所": "字鴨川" }, "geometry": { "type": "Point", "coordinates": [ 137.0965, 37.386583333333299 ] } },
{ "type": "Feature", "properties": { "name": "小杉谷池", "(1)ｺｰﾄﾞ番": "174240023", "(2)読み": "こすぎたにいけ", "県名": "石川県", "市町名": "鳳珠郡能登町", "住所": "字上長尾" }, "geometry": { "type": "Point", "coordinates": [ 137.112722222222004, 37.399194444444397 ] } },
{ "type": "Feature", "properties": { "name": "姫面池", "(1)ｺｰﾄﾞ番": "174240024", "(2)読み": "ひめづらいけ", "県名": "石川県", "市町名": "鳳珠郡能登町", "住所": "字上長尾" }, "geometry": { "type": "Point", "coordinates": [ 137.120666666667006, 37.3947222222222 ] } },
{ "type": "Feature", "properties": { "name": "正南池", "(1)ｺｰﾄﾞ番": "174240025", "(2)読み": "しょうなんいけ", "県名": "石川県", "市町名": "鳳珠郡能登町", "住所": "字上長尾" }, "geometry": { "type": "Point", "coordinates": [ 137.115638888889009, 37.392222222222202 ] } },
{ "type": "Feature", "properties": { "name": "寺谷内池", "(1)ｺｰﾄﾞ番": "174240026", "(2)読み": "てらやちいけ", "県名": "石川県", "市町名": "鳳珠郡能登町", "住所": "字上長尾" }, "geometry": { "type": "Point", "coordinates": [ 137.108416666667011, 37.395138888888901 ] } },
{ "type": "Feature", "properties": { "name": "桐木谷池", "(1)ｺｰﾄﾞ番": "174240027", "(2)読み": "きりきだにいけ", "県名": "石川県", "市町名": "鳳珠郡能登町", "住所": "字上長尾" }, "geometry": { "type": "Point", "coordinates": [ 137.111444444444004, 37.395416666666698 ] } },
{ "type": "Feature", "properties": { "name": "家中池", "(1)ｺｰﾄﾞ番": "174240028", "(2)読み": "いえなかいけ", "県名": "石川県", "市町名": "鳳珠郡能登町", "住所": "字上長尾" }, "geometry": { "type": "Point", "coordinates": [ 137.110138888888997, 37.393416666666702 ] } },
{ "type": "Feature", "properties": { "name": "杉谷内池", "(1)ｺｰﾄﾞ番": "174240029", "(2)読み": "すぎやちいけ", "県名": "石川県", "市町名": "鳳珠郡能登町", "住所": "字小間生ム-6番地" }, "geometry": { "type": "Point", "coordinates": [ 137.121194444444001, 37.386111111111099 ] } },
{ "type": "Feature", "properties": { "name": "浦堤", "(1)ｺｰﾄﾞ番": "174240030", "(2)読み": "うらてい", "県名": "石川県", "市町名": "鳳珠郡能登町", "住所": "字国光" }, "geometry": { "type": "Point", "coordinates": [ 137.098222222222006, 37.374694444444401 ] } },
{ "type": "Feature", "properties": { "name": "とねだ池", "(1)ｺｰﾄﾞ番": "174240031", "(2)読み": "とねだいけ", "県名": "石川県", "市町名": "鳳珠郡能登町", "住所": "字金山" }, "geometry": { "type": "Point", "coordinates": [ 137.067027777778009, 37.389805555555597 ] } },
{ "type": "Feature", "properties": { "name": "ぼしょだ池", "(1)ｺｰﾄﾞ番": "174240032", "(2)読み": "ぼしょだいけ", "県名": "石川県", "市町名": "鳳珠郡能登町", "住所": "字金山" }, "geometry": { "type": "Point", "coordinates": [ 137.083555555555989, 37.3864444444444 ] } },
{ "type": "Feature", "properties": { "name": "雨池堤", "(1)ｺｰﾄﾞ番": "174240034", "(2)読み": null, "県名": "石川県", "市町名": "鳳珠郡能登町", "住所": "字重年" }, "geometry": { "type": "Point", "coordinates": [ 137.073083333332988, 37.373888888888899 ] } },
{ "type": "Feature", "properties": { "name": "新開池", "(1)ｺｰﾄﾞ番": "174240035", "(2)読み": null, "県名": "石川県", "市町名": "鳳珠郡能登町", "住所": "字重年" }, "geometry": { "type": "Point", "coordinates": [ 137.072805555555988, 37.37225 ] } },
{ "type": "Feature", "properties": { "name": "くちなし池", "(1)ｺｰﾄﾞ番": "174240036", "(2)読み": "くちなしいけ", "県名": "石川県", "市町名": "鳳珠郡能登町", "住所": "字五十里" }, "geometry": { "type": "Point", "coordinates": [ 137.04594444444399, 37.381111111111103 ] } },
{ "type": "Feature", "properties": { "name": "与十郎平堤", "(1)ｺｰﾄﾞ番": "174240037", "(2)読み": "よじゅうろうひらてい", "県名": "石川県", "市町名": "鳳珠郡能登町", "住所": "字五十里" }, "geometry": { "type": "Point", "coordinates": [ 137.048861111110995, 37.377944444444402 ] } },
{ "type": "Feature", "properties": { "name": "羽根木", "(1)ｺｰﾄﾞ番": "174240038", "(2)読み": "はねき", "県名": "石川県", "市町名": "鳳珠郡能登町", "住所": "字笹川" }, "geometry": { "type": "Point", "coordinates": [ 137.1065, 37.3611111111111 ] } },
{ "type": "Feature", "properties": { "name": "栂谷内池", "(1)ｺｰﾄﾞ番": "174240039", "(2)読み": "とがやちいけ", "県名": "石川県", "市町名": "鳳珠郡能登町", "住所": "字笹川" }, "geometry": { "type": "Point", "coordinates": [ 137.106138888889006, 37.363277777777803 ] } },
{ "type": "Feature", "properties": { "name": "大笹池", "(1)ｺｰﾄﾞ番": "174240040", "(2)読み": "おおささいけ", "県名": "石川県", "市町名": "鳳珠郡能登町", "住所": "字笹川" }, "geometry": { "type": "Point", "coordinates": [ 137.10075, 37.361277777777801 ] } },
{ "type": "Feature", "properties": { "name": "コヤ谷池", "(1)ｺｰﾄﾞ番": "174240041", "(2)読み": null, "県名": "石川県", "市町名": "鳳珠郡能登町", "住所": "字十郎原" }, "geometry": { "type": "Point", "coordinates": [ 137.070833333333013, 37.360722222222201 ] } },
{ "type": "Feature", "properties": { "name": "中谷内池", "(1)ｺｰﾄﾞ番": "174240042", "(2)読み": "なかがやちいけ", "県名": "石川県", "市町名": "鳳珠郡能登町", "住所": "字合鹿" }, "geometry": { "type": "Point", "coordinates": [ 137.144722222221986, 37.340888888888898 ] } },
{ "type": "Feature", "properties": { "name": "免坂池", "(1)ｺｰﾄﾞ番": "174240044", "(2)読み": "めんざかいけ", "県名": "石川県", "市町名": "鳳珠郡能登町", "住所": "字合鹿" }, "geometry": { "type": "Point", "coordinates": [ 137.142638888888996, 37.340722222222198 ] } },
{ "type": "Feature", "properties": { "name": "小田の脇池", "(1)ｺｰﾄﾞ番": "174240045", "(2)読み": "こだのわきいけ", "県名": "石川県", "市町名": "鳳珠郡能登町", "住所": "字合鹿" }, "geometry": { "type": "Point", "coordinates": [ 137.13708333333301, 37.341166666666702 ] } },
{ "type": "Feature", "properties": { "name": "浅谷内", "(1)ｺｰﾄﾞ番": "174240046", "(2)読み": "あさがやち", "県名": "石川県", "市町名": "鳳珠郡能登町", "住所": "字合鹿" }, "geometry": { "type": "Point", "coordinates": [ 137.141166666667004, 37.347277777777798 ] } },
{ "type": "Feature", "properties": { "name": "宮田堤", "(1)ｺｰﾄﾞ番": "174240047", "(2)読み": null, "県名": "石川県", "市町名": "鳳珠郡能登町", "住所": "字蓮華坊" }, "geometry": { "type": "Point", "coordinates": [ 136.994805555556013, 37.343972222222199 ] } },
{ "type": "Feature", "properties": { "name": "中瀬１号堤", "(1)ｺｰﾄﾞ番": "174240049", "(2)読み": null, "県名": "石川県", "市町名": "鳳珠郡能登町", "住所": "字上町" }, "geometry": { "type": "Point", "coordinates": [ 137.116722222221995, 37.354583333333302 ] } },
{ "type": "Feature", "properties": { "name": "中瀬２号堤", "(1)ｺｰﾄﾞ番": "174240050", "(2)読み": null, "県名": "石川県", "市町名": "鳳珠郡能登町", "住所": "字上町" }, "geometry": { "type": "Point", "coordinates": [ 137.117333333332994, 37.354694444444398 ] } },
{ "type": "Feature", "properties": { "name": "しょうぶ谷堤", "(1)ｺｰﾄﾞ番": "174240051", "(2)読み": null, "県名": "石川県", "市町名": "鳳珠郡能登町", "住所": "字天坂" }, "geometry": { "type": "Point", "coordinates": [ 137.100972222221998, 37.355777777777803 ] } },
{ "type": "Feature", "properties": { "name": "宮谷内池", "(1)ｺｰﾄﾞ番": "174240052", "(2)読み": "みやのやち", "県名": "石川県", "市町名": "鳳珠郡能登町", "住所": "字合鹿15-17-乙" }, "geometry": { "type": "Point", "coordinates": [ 137.129083333333, 37.355027777777799 ] } },
{ "type": "Feature", "properties": { "name": "藤巻", "(1)ｺｰﾄﾞ番": "174240053", "(2)読み": "ふじまき", "県名": "石川県", "市町名": "鳳珠郡能登町", "住所": "字合鹿" }, "geometry": { "type": "Point", "coordinates": [ 137.136416666667003, 37.348222222222198 ] } },
{ "type": "Feature", "properties": { "name": "上平池", "(1)ｺｰﾄﾞ番": "174240054", "(2)読み": "かみひらいけ", "県名": "石川県", "市町名": "鳳珠郡能登町", "住所": "字桐畑ヶ字池内" }, "geometry": { "type": "Point", "coordinates": [ 137.141333333332994, 37.375416666666702 ] } },
{ "type": "Feature", "properties": { "name": "名新寺", "(1)ｺｰﾄﾞ番": "174240055", "(2)読み": null, "県名": "石川県", "市町名": "鳳珠郡能登町", "住所": "字十郎原" }, "geometry": { "type": "Point", "coordinates": [ 137.063138888889, 37.360833333333296 ] } },
{ "type": "Feature", "properties": { "name": "新開池", "(1)ｺｰﾄﾞ番": "174240056", "(2)読み": "しんかいいけ", "県名": "石川県", "市町名": "鳳珠郡能登町", "住所": "字十郎原" }, "geometry": { "type": "Point", "coordinates": [ 137.074222222222005, 37.3641111111111 ] } },
{ "type": "Feature", "properties": { "name": "山本", "(1)ｺｰﾄﾞ番": "174240057", "(2)読み": "やまもと", "県名": "石川県", "市町名": "鳳珠郡能登町", "住所": "字当目" }, "geometry": { "type": "Point", "coordinates": [ 136.99727777777801, 37.346472222222197 ] } },
{ "type": "Feature", "properties": { "name": "家中", "(1)ｺｰﾄﾞ番": "174240058", "(2)読み": "いえなか", "県名": "石川県", "市町名": "鳳珠郡能登町", "住所": "字黒川" }, "geometry": { "type": "Point", "coordinates": [ 137.036944444444003, 37.364083333333298 ] } },
{ "type": "Feature", "properties": { "name": "高津堀", "(1)ｺｰﾄﾞ番": "174240059", "(2)読み": "たかつぼり", "県名": "石川県", "市町名": "鳳珠郡能登町", "住所": "字五郎左エ門分" }, "geometry": { "type": "Point", "coordinates": [ 137.087083333332998, 37.349833333333301 ] } },
{ "type": "Feature", "properties": { "name": "石原池", "(1)ｺｰﾄﾞ番": "174240060", "(2)読み": "いしはらいけ", "県名": "石川県", "市町名": "鳳珠郡能登町", "住所": "字笹川" }, "geometry": { "type": "Point", "coordinates": [ 137.099944444443992, 37.360472222222199 ] } },
{ "type": "Feature", "properties": { "name": "円高", "(1)ｺｰﾄﾞ番": "174240061", "(2)読み": null, "県名": "石川県", "市町名": "鳳珠郡能登町", "住所": "字五郎左エ門分" }, "geometry": { "type": "Point", "coordinates": [ 137.089527777777988, 37.349027777777799 ] } },
{ "type": "Feature", "properties": { "name": "滝ヶ谷内", "(1)ｺｰﾄﾞ番": "174240062", "(2)読み": "たきがやち", "県名": "石川県", "市町名": "鳳珠郡能登町", "住所": "字神和住" }, "geometry": { "type": "Point", "coordinates": [ 137.062972222221987, 37.348833333333303 ] } },
{ "type": "Feature", "properties": { "name": "菅田池", "(1)ｺｰﾄﾞ番": "174240063", "(2)読み": "すげだいけ", "県名": "石川県", "市町名": "鳳珠郡能登町", "住所": "字小間生ユ14番地" }, "geometry": { "type": "Point", "coordinates": [ 137.132527777777995, 37.3804444444444 ] } },
{ "type": "Feature", "properties": { "name": "長福寺池", "(1)ｺｰﾄﾞ番": "174240065", "(2)読み": "ちょうふくじいけ", "県名": "石川県", "市町名": "鳳珠郡能登町", "住所": "字柳田2-21,2-14" }, "geometry": { "type": "Point", "coordinates": [ 137.0595, 37.372166666666701 ] } },
{ "type": "Feature", "properties": { "name": "穴がま池", "(1)ｺｰﾄﾞ番": "174240066", "(2)読み": "あながまいけ", "県名": "石川県", "市町名": "鳳珠郡能登町", "住所": "字桐畑二字" }, "geometry": { "type": "Point", "coordinates": [ 137.14275, 37.376055555555602 ] } },
{ "type": "Feature", "properties": { "name": "墓の谷内堤", "(1)ｺｰﾄﾞ番": "174240067", "(2)読み": "はかのやちつつみ", "県名": "石川県", "市町名": "鳳珠郡能登町", "住所": "字国光" }, "geometry": { "type": "Point", "coordinates": [ 137.098611111111012, 37.380472222222203 ] } },
{ "type": "Feature", "properties": { "name": "細谷内堤", "(1)ｺｰﾄﾞ番": "174240068", "(2)読み": "ほそやちつつみ", "県名": "石川県", "市町名": "鳳珠郡能登町", "住所": "字国光" }, "geometry": { "type": "Point", "coordinates": [ 137.097444444443994, 37.37875 ] } },
{ "type": "Feature", "properties": { "name": "木曽田池", "(1)ｺｰﾄﾞ番": "174240069", "(2)読み": null, "県名": "石川県", "市町名": "鳳珠郡能登町", "住所": "字金山" }, "geometry": { "type": "Point", "coordinates": [ 137.069805555556002, 37.391027777777801 ] } },
{ "type": "Feature", "properties": { "name": "ほったの池", "(1)ｺｰﾄﾞ番": "174240071", "(2)読み": null, "県名": "石川県", "市町名": "鳳珠郡能登町", "住所": "字大箱" }, "geometry": { "type": "Point", "coordinates": [ 137.025111111110988, 37.369666666666703 ] } },
{ "type": "Feature", "properties": { "name": "藤蔵堤", "(1)ｺｰﾄﾞ番": "174240072", "(2)読み": "とうぞうてい", "県名": "石川県", "市町名": "鳳珠郡能登町", "住所": "字当目" }, "geometry": { "type": "Point", "coordinates": [ 137.031083333332987, 37.3635 ] } },
{ "type": "Feature", "properties": { "name": "ほっ田の池", "(1)ｺｰﾄﾞ番": "174240073", "(2)読み": null, "県名": "石川県", "市町名": "鳳珠郡能登町", "住所": "字黒川" }, "geometry": { "type": "Point", "coordinates": [ 137.032305555556007, 37.3725 ] } },
{ "type": "Feature", "properties": { "name": "まきだらの池", "(1)ｺｰﾄﾞ番": "174240074", "(2)読み": "まきだらのいけ", "県名": "石川県", "市町名": "鳳珠郡能登町", "住所": "字黒川" }, "geometry": { "type": "Point", "coordinates": [ 137.033777777777999, 37.357111111111102 ] } },
{ "type": "Feature", "properties": { "name": "猫の池", "(1)ｺｰﾄﾞ番": "174240076", "(2)読み": "ねこのいけ", "県名": "石川県", "市町名": "鳳珠郡能登町", "住所": "字石井" }, "geometry": { "type": "Point", "coordinates": [ 137.108972222222008, 37.365722222222203 ] } },
{ "type": "Feature", "properties": { "name": "堂田１号堤", "(1)ｺｰﾄﾞ番": "174240077", "(2)読み": null, "県名": "石川県", "市町名": "鳳珠郡能登町", "住所": "字上町" }, "geometry": { "type": "Point", "coordinates": [ 137.126138888888988, 37.346083333333297 ] } },
{ "type": "Feature", "properties": { "name": "堂田２号堤", "(1)ｺｰﾄﾞ番": "174240078", "(2)読み": null, "県名": "石川県", "市町名": "鳳珠郡能登町", "住所": "字上町" }, "geometry": { "type": "Point", "coordinates": [ 137.126138888888988, 37.344666666666697 ] } },
{ "type": "Feature", "properties": { "name": "新出堤", "(1)ｺｰﾄﾞ番": "174240080", "(2)読み": null, "県名": "石川県", "市町名": "鳳珠郡能登町", "住所": "字上町" }, "geometry": { "type": "Point", "coordinates": [ 137.115777777777993, 37.3562222222222 ] } },
{ "type": "Feature", "properties": { "name": "穴釜堤", "(1)ｺｰﾄﾞ番": "174240081", "(2)読み": null, "県名": "石川県", "市町名": "鳳珠郡能登町", "住所": "字上町" }, "geometry": { "type": "Point", "coordinates": [ 137.111555555556009, 37.339833333333303 ] } },
{ "type": "Feature", "properties": { "name": "横山堤", "(1)ｺｰﾄﾞ番": "174240082", "(2)読み": null, "県名": "石川県", "市町名": "鳳珠郡能登町", "住所": "字天坂" }, "geometry": { "type": "Point", "coordinates": [ 137.107805555556013, 37.356777777777801 ] } },
{ "type": "Feature", "properties": { "name": "六呂谷池", "(1)ｺｰﾄﾞ番": "174240089", "(2)読み": "ろくだにいけ", "県名": "石川県", "市町名": "鳳珠郡能登町", "住所": "字上長尾" }, "geometry": { "type": "Point", "coordinates": [ 137.121138888888993, 37.396138888888899 ] } },
{ "type": "Feature", "properties": { "name": "南谷内池", "(1)ｺｰﾄﾞ番": "174240090", "(2)読み": "みなみやちいけ", "県名": "石川県", "市町名": "鳳珠郡能登町", "住所": "字鈴ヶ嶺" }, "geometry": { "type": "Point", "coordinates": [ 137.109111111110991, 37.373083333333298 ] } },
{ "type": "Feature", "properties": { "name": "せん堤", "(1)ｺｰﾄﾞ番": "174410002", "(2)読み": "せんつつみ", "県名": "石川県", "市町名": "鳳珠郡能登町", "住所": "字坪根" }, "geometry": { "type": "Point", "coordinates": [ 137.218138888889001, 37.367333333333299 ] } },
{ "type": "Feature", "properties": { "name": "かせだんの池", "(1)ｺｰﾄﾞ番": "174410003", "(2)読み": "かせだんのいけ", "県名": "石川県", "市町名": "鳳珠郡能登町", "住所": "字松波" }, "geometry": { "type": "Point", "coordinates": [ 137.235611111111012, 37.3491111111111 ] } },
{ "type": "Feature", "properties": { "name": "神宮寺の池１", "(1)ｺｰﾄﾞ番": "174410004", "(2)読み": "じんぐうじのいけいち", "県名": "石川県", "市町名": "鳳珠郡能登町", "住所": "字松波" }, "geometry": { "type": "Point", "coordinates": [ 137.241638888889014, 37.350111111111097 ] } },
{ "type": "Feature", "properties": { "name": "志賀浦の池１", "(1)ｺｰﾄﾞ番": "174410005", "(2)読み": "しかうらのいけいち", "県名": "石川県", "市町名": "鳳珠郡能登町", "住所": "字九里川尻" }, "geometry": { "type": "Point", "coordinates": [ 137.246, 37.336111111111101 ] } },
{ "type": "Feature", "properties": { "name": "二堤", "(1)ｺｰﾄﾞ番": "174410007", "(2)読み": "ふたづつみ", "県名": "石川県", "市町名": "鳳珠郡能登町", "住所": "字立壁" }, "geometry": { "type": "Point", "coordinates": [ 137.260527777778009, 37.3363333333333 ] } },
{ "type": "Feature", "properties": { "name": "宮の谷内の池１", "(1)ｺｰﾄﾞ番": "174410008", "(2)読み": "みやのやちのいけいち", "県名": "石川県", "市町名": "鳳珠郡能登町", "住所": "字秋吉" }, "geometry": { "type": "Point", "coordinates": [ 137.233472222221991, 37.331111111111099 ] } },
{ "type": "Feature", "properties": { "name": "宮の谷内の池２", "(1)ｺｰﾄﾞ番": "174410009", "(2)読み": "みやのやちのいけに", "県名": "石川県", "市町名": "鳳珠郡能登町", "住所": "字秋吉" }, "geometry": { "type": "Point", "coordinates": [ 137.233361111111009, 37.330666666666701 ] } },
{ "type": "Feature", "properties": { "name": "寺の堤", "(1)ｺｰﾄﾞ番": "174410010", "(2)読み": "てらのつつみ", "県名": "石川県", "市町名": "鳳珠郡能登町", "住所": "字不動寺" }, "geometry": { "type": "Point", "coordinates": [ 137.210722222221989, 37.339583333333302 ] } },
{ "type": "Feature", "properties": { "name": "立壁の池", "(1)ｺｰﾄﾞ番": "174410011", "(2)読み": "たてかべのいけ", "県名": "石川県", "市町名": "鳳珠郡能登町", "住所": "字立壁" }, "geometry": { "type": "Point", "coordinates": [ 137.256027777778002, 37.33725 ] } },
{ "type": "Feature", "properties": { "name": "かさね堤", "(1)ｺｰﾄﾞ番": "174410012", "(2)読み": "かさねつつみ", "県名": "石川県", "市町名": "鳳珠郡能登町", "住所": "字新保" }, "geometry": { "type": "Point", "coordinates": [ 137.247, 37.315583333333301 ] } },
{ "type": "Feature", "properties": { "name": "杉山池", "(1)ｺｰﾄﾞ番": "174410013", "(2)読み": "すぎやまいけ", "県名": "石川県", "市町名": "鳳珠郡能登町", "住所": "字山中" }, "geometry": { "type": "Point", "coordinates": [ 137.186944444444009, 37.31725 ] } },
{ "type": "Feature", "properties": { "name": "山本の池", "(1)ｺｰﾄﾞ番": "174410014", "(2)読み": null, "県名": "石川県", "市町名": "鳳珠郡能登町", "住所": "字山中" }, "geometry": { "type": "Point", "coordinates": [ 137.192388888889013, 37.322083333333303 ] } },
{ "type": "Feature", "properties": { "name": "高後尻の池", "(1)ｺｰﾄﾞ番": "174410015", "(2)読み": "こうごしりのいけ", "県名": "石川県", "市町名": "鳳珠郡能登町", "住所": "字秋吉" }, "geometry": { "type": "Point", "coordinates": [ 137.24002777777801, 37.333555555555598 ] } },
{ "type": "Feature", "properties": { "name": "明野ダム", "(1)ｺｰﾄﾞ番": "174410016", "(2)読み": "あけのだむ", "県名": "石川県", "市町名": "鳳珠郡能登町", "住所": "字明野" }, "geometry": { "type": "Point", "coordinates": [ 137.221583333333001, 37.315472222222198 ] } },
{ "type": "Feature", "properties": { "name": "四方山の下堤", "(1)ｺｰﾄﾞ番": "174410017", "(2)読み": "よもやまのしもつつみ", "県名": "石川県", "市町名": "鳳珠郡能登町", "住所": "字四方山" }, "geometry": { "type": "Point", "coordinates": [ 137.264388888888988, 37.336222222222197 ] } },
{ "type": "Feature", "properties": { "name": "大堤", "(1)ｺｰﾄﾞ番": "174410018", "(2)読み": "おおつつみ", "県名": "石川県", "市町名": "鳳珠郡能登町", "住所": "字四方山" }, "geometry": { "type": "Point", "coordinates": [ 137.259888888889009, 37.334444444444401 ] } },
{ "type": "Feature", "properties": { "name": "墓場の池", "(1)ｺｰﾄﾞ番": "174410019", "(2)読み": "はかばのいけ", "県名": "石川県", "市町名": "鳳珠郡能登町", "住所": "字白丸" }, "geometry": { "type": "Point", "coordinates": [ 137.259722222221995, 37.332027777777803 ] } },
{ "type": "Feature", "properties": { "name": "四方山の中堤", "(1)ｺｰﾄﾞ番": "174410020", "(2)読み": "よもやまのなかつつみ", "県名": "石川県", "市町名": "鳳珠郡能登町", "住所": "字四方山" }, "geometry": { "type": "Point", "coordinates": [ 137.26225, 37.335944444444401 ] } },
{ "type": "Feature", "properties": { "name": "立壁の下堤", "(1)ｺｰﾄﾞ番": "174410021", "(2)読み": "たてかべのしもつつみ", "県名": "石川県", "市町名": "鳳珠郡能登町", "住所": "字立壁" }, "geometry": { "type": "Point", "coordinates": [ 137.263277777778001, 37.3379166666667 ] } },
{ "type": "Feature", "properties": { "name": "しんかい池", "(1)ｺｰﾄﾞ番": "174410022", "(2)読み": "しんかいいけ", "県名": "石川県", "市町名": "鳳珠郡能登町", "住所": "字清真" }, "geometry": { "type": "Point", "coordinates": [ 137.22875, 37.334555555555603 ] } },
{ "type": "Feature", "properties": { "name": "ツブラナ谷内の池", "(1)ｺｰﾄﾞ番": "174410023", "(2)読み": "つぶらなやちのいけ", "県名": "石川県", "市町名": "鳳珠郡能登町", "住所": "字秋吉" }, "geometry": { "type": "Point", "coordinates": [ 137.237527777778013, 37.330944444444398 ] } },
{ "type": "Feature", "properties": { "name": "立壁の中堤", "(1)ｺｰﾄﾞ番": "174410024", "(2)読み": "たてかべのなかつつみ", "県名": "石川県", "市町名": "鳳珠郡能登町", "住所": "字立壁" }, "geometry": { "type": "Point", "coordinates": [ 137.261611111110994, 37.3364166666667 ] } },
{ "type": "Feature", "properties": { "name": "坂本の池", "(1)ｺｰﾄﾞ番": "174410025", "(2)読み": "さかもとのいけ", "県名": "石川県", "市町名": "鳳珠郡能登町", "住所": "字秋吉" }, "geometry": { "type": "Point", "coordinates": [ 137.238222222221992, 37.33125 ] } },
{ "type": "Feature", "properties": { "name": "新堤", "(1)ｺｰﾄﾞ番": "174410026", "(2)読み": "しんつつみ", "県名": "石川県", "市町名": "鳳珠郡能登町", "住所": "字内浦長尾" }, "geometry": { "type": "Point", "coordinates": [ 137.243944444443997, 37.321722222222199 ] } },
{ "type": "Feature", "properties": { "name": "上田のため池", "(1)ｺｰﾄﾞ番": "174410027", "(2)読み": "うえだのためいけ", "県名": "石川県", "市町名": "鳳珠郡能登町", "住所": "字国重" }, "geometry": { "type": "Point", "coordinates": [ 137.160527777777986, 37.3308055555556 ] } },
{ "type": "Feature", "properties": { "name": "貸山", "(1)ｺｰﾄﾞ番": "174410028", "(2)読み": "かしやま", "県名": "石川県", "市町名": "鳳珠郡能登町", "住所": "字滝ノ坊" }, "geometry": { "type": "Point", "coordinates": [ 137.187666666667013, 37.343805555555598 ] } },
{ "type": "Feature", "properties": { "name": "越坂の池", "(1)ｺｰﾄﾞ番": "174410029", "(2)読み": "えっさかのいけ", "県名": "石川県", "市町名": "鳳珠郡能登町", "住所": "字越坂" }, "geometry": { "type": "Point", "coordinates": [ 137.241777777777997, 37.308666666666703 ] } },
{ "type": "Feature", "properties": { "name": "山野谷の池", "(1)ｺｰﾄﾞ番": "174410030", "(2)読み": "やまのたにのいけ", "県名": "石川県", "市町名": "鳳珠郡能登町", "住所": "字羽生" }, "geometry": { "type": "Point", "coordinates": [ 137.199055555555987, 37.318638888888898 ] } },
{ "type": "Feature", "properties": { "name": "飛家の池", "(1)ｺｰﾄﾞ番": "174410034", "(2)読み": "とびいえのいけ", "県名": "石川県", "市町名": "鳳珠郡能登町", "住所": "字秋吉" }, "geometry": { "type": "Point", "coordinates": [ 137.232694444444007, 37.333222222222197 ] } },
{ "type": "Feature", "properties": { "name": "大久保の池", "(1)ｺｰﾄﾞ番": "174410035", "(2)読み": "おおくぼのいけ", "県名": "石川県", "市町名": "鳳珠郡能登町", "住所": "字滝之坊" }, "geometry": { "type": "Point", "coordinates": [ 137.192805555555992, 37.345333333333301 ] } },
{ "type": "Feature", "properties": { "name": "とりがはな", "(1)ｺｰﾄﾞ番": "174410044", "(2)読み": "とりがはな", "県名": "石川県", "市町名": "鳳珠郡能登町", "住所": "字清真" }, "geometry": { "type": "Point", "coordinates": [ 137.231083333333004, 37.339833333333303 ] } },
{ "type": "Feature", "properties": { "name": "あさの谷内の池", "(1)ｺｰﾄﾞ番": "174410045", "(2)読み": null, "県名": "石川県", "市町名": "鳳珠郡能登町", "住所": "字秋吉" }, "geometry": { "type": "Point", "coordinates": [ 137.231388888889001, 37.3308055555556 ] } },
{ "type": "Feature", "properties": { "name": "山林田の池", "(1)ｺｰﾄﾞ番": "174410046", "(2)読み": "やまだばやしのいけ", "県名": "石川県", "市町名": "鳳珠郡能登町", "住所": "字秋吉" }, "geometry": { "type": "Point", "coordinates": [ 137.233777777777988, 37.328722222222197 ] } },
{ "type": "Feature", "properties": { "name": "とらくぼ", "(1)ｺｰﾄﾞ番": "174410047", "(2)読み": "とらくぼ", "県名": "石川県", "市町名": "鳳珠郡能登町", "住所": "字九里川尻" }, "geometry": { "type": "Point", "coordinates": [ 137.247222222222007, 37.335833333333298 ] } },
{ "type": "Feature", "properties": { "name": "橋本の堤", "(1)ｺｰﾄﾞ番": "174410049", "(2)読み": null, "県名": "石川県", "市町名": "鳳珠郡能登町", "住所": "字満泉寺" }, "geometry": { "type": "Point", "coordinates": [ 137.193805555555997, 37.323166666666701 ] } },
{ "type": "Feature", "properties": { "name": "小林堤", "(1)ｺｰﾄﾞ番": "174410056", "(2)読み": "こばやしつつみ", "県名": "石川県", "市町名": "鳳珠郡能登町", "住所": "字内浦長尾" }, "geometry": { "type": "Point", "coordinates": [ 137.248222222222012, 37.3224444444445 ] } },
{ "type": "Feature", "properties": { "name": "山田堤", "(1)ｺｰﾄﾞ番": "174410057", "(2)読み": "やまだつつみ", "県名": "石川県", "市町名": "鳳珠郡能登町", "住所": "字内浦長尾" }, "geometry": { "type": "Point", "coordinates": [ 137.241722222221995, 37.324055555555603 ] } },
{ "type": "Feature", "properties": { "name": "古堤", "(1)ｺｰﾄﾞ番": "174410058", "(2)読み": "ふるつつみ", "県名": "石川県", "市町名": "鳳珠郡能登町", "住所": "字内浦長尾" }, "geometry": { "type": "Point", "coordinates": [ 137.245138888888988, 37.3218888888889 ] } },
{ "type": "Feature", "properties": { "name": "粟政堤", "(1)ｺｰﾄﾞ番": "174410059", "(2)読み": "くりまさつつみ", "県名": "石川県", "市町名": "鳳珠郡能登町", "住所": "字内浦長尾" }, "geometry": { "type": "Point", "coordinates": [ 137.246111111110991, 37.320638888888901 ] } },
{ "type": "Feature", "properties": { "name": "宮田の堤", "(1)ｺｰﾄﾞ番": "174410060", "(2)読み": "みやたのつつみ", "県名": "石川県", "市町名": "鳳珠郡能登町", "住所": "字新保" }, "geometry": { "type": "Point", "coordinates": [ 137.248222222222012, 37.31775 ] } },
{ "type": "Feature", "properties": { "name": "百枚田堤", "(1)ｺｰﾄﾞ番": "174410061", "(2)読み": "ひゃくまいだつつみ", "県名": "石川県", "市町名": "鳳珠郡能登町", "住所": "字新保" }, "geometry": { "type": "Point", "coordinates": [ 137.245472222221991, 37.317416666666702 ] } },
{ "type": "Feature", "properties": { "name": "吉田の池", "(1)ｺｰﾄﾞ番": "174410062", "(2)読み": "よしだのいけ", "県名": "石川県", "市町名": "鳳珠郡能登町", "住所": "字新保" }, "geometry": { "type": "Point", "coordinates": [ 137.242527777778008, 37.318055555555603 ] } },
{ "type": "Feature", "properties": { "name": "水上の池", "(1)ｺｰﾄﾞ番": "174410063", "(2)読み": "みずかみのいけ", "県名": "石川県", "市町名": "鳳珠郡能登町", "住所": "字明野" }, "geometry": { "type": "Point", "coordinates": [ 137.228833333333, 37.3159722222222 ] } },
{ "type": "Feature", "properties": { "name": "小山田", "(1)ｺｰﾄﾞ番": "174410070", "(2)読み": null, "県名": "石川県", "市町名": "鳳珠郡能登町", "住所": "字松波" }, "geometry": { "type": "Point", "coordinates": [ 137.232194444443991, 37.3621388888889 ] } },
{ "type": "Feature", "properties": { "name": "神宮寺の池３", "(1)ｺｰﾄﾞ番": "174410073", "(2)読み": null, "県名": "石川県", "市町名": "鳳珠郡能登町", "住所": "字松波" }, "geometry": { "type": "Point", "coordinates": [ 137.240944444444011, 37.347805555555603 ] } },
{ "type": "Feature", "properties": { "name": "延次の池", "(1)ｺｰﾄﾞ番": "174410076", "(2)読み": "のぶつぎのいけ", "県名": "石川県", "市町名": "鳳珠郡能登町", "住所": "字宮犬" }, "geometry": { "type": "Point", "coordinates": [ 137.217916666667008, 37.3352222222222 ] } },
{ "type": "Feature", "properties": { "name": "やしろ田の池", "(1)ｺｰﾄﾞ番": "174410080", "(2)読み": "やしろたのいけ", "県名": "石川県", "市町名": "鳳珠郡能登町", "住所": "字布浦" }, "geometry": { "type": "Point", "coordinates": [ 137.257444444443991, 37.352555555555597 ] } },
{ "type": "Feature", "properties": { "name": "堂ヶ谷内の池１", "(1)ｺｰﾄﾞ番": "174410081", "(2)読み": "どうがやちのいけいち", "県名": "石川県", "市町名": "鳳珠郡能登町", "住所": "字白丸" }, "geometry": { "type": "Point", "coordinates": [ 137.254305555555987, 37.328277777777799 ] } },
{ "type": "Feature", "properties": { "name": "堂ヶ谷内の池２", "(1)ｺｰﾄﾞ番": "174410082", "(2)読み": "どうがやちのいけに", "県名": "石川県", "市町名": "鳳珠郡能登町", "住所": "字布浦" }, "geometry": { "type": "Point", "coordinates": [ 137.253583333333012, 37.328194444444399 ] } },
{ "type": "Feature", "properties": { "name": "鹿泊の池２", "(1)ｺｰﾄﾞ番": "174410083", "(2)読み": "しどまるのいけ２", "県名": "石川県", "市町名": "鳳珠郡能登町", "住所": "字布浦ハ字12番地" }, "geometry": { "type": "Point", "coordinates": [ 137.263944444444007, 37.354333333333301 ] } },
{ "type": "Feature", "properties": { "name": "鹿泊の池３", "(1)ｺｰﾄﾞ番": "174410084", "(2)読み": "しどまるのいけ３", "県名": "石川県", "市町名": "鳳珠郡能登町", "住所": "字布浦ハ字67番地" }, "geometry": { "type": "Point", "coordinates": [ 137.263722222221986, 37.3536944444444 ] } },
{ "type": "Feature", "properties": { "name": "新保新池", "(1)ｺｰﾄﾞ番": "174410093", "(2)読み": "しんぼしんいけ", "県名": "石川県", "市町名": "鳳珠郡能登町", "住所": "字新保" }, "geometry": { "type": "Point", "coordinates": [ 137.243222222221988, 37.311222222222199 ] } },
{ "type": "Feature", "properties": { "name": "じろう畠の池", "(1)ｺｰﾄﾞ番": "174410094", "(2)読み": "じろうはたのいけ", "県名": "石川県", "市町名": "鳳珠郡能登町", "住所": "字布浦" }, "geometry": { "type": "Point", "coordinates": [ 137.249694444444003, 37.347361111111098 ] } },
{ "type": "Feature", "properties": { "name": "山中池", "(1)ｺｰﾄﾞ番": "174410095", "(2)読み": null, "県名": "石川県", "市町名": "鳳珠郡能登町", "住所": "字山中" }, "geometry": { "type": "Point", "coordinates": [ 137.19422222222201, 37.319944444444403 ] } },
{ "type": "Feature", "properties": { "name": "大向の池", "(1)ｺｰﾄﾞ番": "174410096", "(2)読み": "おおむかいのいけ", "県名": "石川県", "市町名": "鳳珠郡能登町", "住所": "字立壁" }, "geometry": { "type": "Point", "coordinates": [ 137.252055555556012, 37.334611111111101 ] } }
]
}
